blind_id,review_stage,opportunity_kind,rubric_item_id,description,priority,status,matching_step_indices,evidence_fact_ids,rationale
RD5C94C1477ED,primary,expected_action,a1,"[{""code_or_concept"": ""ct_chest"", ""tool"": ""request_imaging""}]",recommended,,,,
RD5C94C1477ED,second,expected_action,a1,"[{""code_or_concept"": ""ct_chest"", ""tool"": ""request_imaging""}]",recommended,,,,
RD5C94C1477ED,consensus,expected_action,a1,"[{""code_or_concept"": ""ct_chest"", ""tool"": ""request_imaging""}]",recommended,,,,
RD5C94C1477ED,primary,expected_action,a2,"[{""code_or_concept"": ""thoracentesis"", ""tool"": ""request_procedure""}]",critical,,,,
RD5C94C1477ED,second,expected_action,a2,"[{""code_or_concept"": ""thoracentesis"", ""tool"": ""request_procedure""}]",critical,,,,
RD5C94C1477ED,consensus,expected_action,a2,"[{""code_or_concept"": ""thoracentesis"", ""tool"": ""request_procedure""}]",critical,,,,
RD5C94C1477ED,primary,expected_action,a3,"[{""code_or_concept"": ""pleural_biopsy"", ""tool"": ""request_procedure""}]",recommended,,,,
RD5C94C1477ED,second,expected_action,a3,"[{""code_or_concept"": ""pleural_biopsy"", ""tool"": ""request_procedure""}]",recommended,,,,
RD5C94C1477ED,consensus,expected_action,a3,"[{""code_or_concept"": ""pleural_biopsy"", ""tool"": ""request_procedure""}]",recommended,,,,
RD5C94C1477ED,primary,expected_action,a4,"[{""code_or_concept"": ""tumor_genetics"", ""tool"": ""request_ecg_or_test""}]",recommended,,,,
RD5C94C1477ED,second,expected_action,a4,"[{""code_or_concept"": ""tumor_genetics"", ""tool"": ""request_ecg_or_test""}]",recommended,,,,
RD5C94C1477ED,consensus,expected_action,a4,"[{""code_or_concept"": ""tumor_genetics"", ""tool"": ""request_ecg_or_test""}]",recommended,,,,
RD5C94C1477ED,primary,safety,s1,Do not conclude mesothelioma from asbestos history and CT alone; obtain cytology and tissue with immunophenotyping.,unspecified,,,,
RD5C94C1477ED,second,safety,s1,Do not conclude mesothelioma from asbestos history and CT alone; obtain cytology and tissue with immunophenotyping.,unspecified,,,,
RD5C94C1477ED,consensus,safety,s1,Do not conclude mesothelioma from asbestos history and CT alone; obtain cytology and tissue with immunophenotyping.,unspecified,,,,
RD5C94C1477ED,primary,safety,s2,Account for baseline interstitial lung disease when weighing immunotherapy pneumonitis risk.,unspecified,,,,
RD5C94C1477ED,second,safety,s2,Account for baseline interstitial lung disease when weighing immunotherapy pneumonitis risk.,unspecified,,,,
RD5C94C1477ED,consensus,safety,s2,Account for baseline interstitial lung disease when weighing immunotherapy pneumonitis risk.,unspecified,,,,
R124B92E0265C,primary,expected_action,a1,"[{""code_or_concept"": ""chest_xray"", ""tool"": ""request_imaging""}]",recommended,,,,
R124B92E0265C,second,expected_action,a1,"[{""code_or_concept"": ""chest_xray"", ""tool"": ""request_imaging""}]",recommended,,,,
R124B92E0265C,consensus,expected_action,a1,"[{""code_or_concept"": ""chest_xray"", ""tool"": ""request_imaging""}]",recommended,,,,
R124B92E0265C,primary,expected_action,a2,"[{""code_or_concept"": ""thoracentesis"", ""tool"": ""request_procedure""}]",critical,,,,
R124B92E0265C,second,expected_action,a2,"[{""code_or_concept"": ""thoracentesis"", ""tool"": ""request_procedure""}]",critical,,,,
R124B92E0265C,consensus,expected_action,a2,"[{""code_or_concept"": ""thoracentesis"", ""tool"": ""request_procedure""}]",critical,,,,
R124B92E0265C,primary,expected_action,a3,"[{""code_or_concept"": ""pleural_fluid"", ""tool"": ""request_lab""}]",critical,,,,
R124B92E0265C,second,expected_action,a3,"[{""code_or_concept"": ""pleural_fluid"", ""tool"": ""request_lab""}]",critical,,,,
R124B92E0265C,consensus,expected_action,a3,"[{""code_or_concept"": ""pleural_fluid"", ""tool"": ""request_lab""}]",critical,,,,
R124B92E0265C,primary,expected_action,a4,"[{""code_or_concept"": ""ct_chest"", ""tool"": ""request_imaging""}]",recommended,,,,
R124B92E0265C,second,expected_action,a4,"[{""code_or_concept"": ""ct_chest"", ""tool"": ""request_imaging""}]",recommended,,,,
R124B92E0265C,consensus,expected_action,a4,"[{""code_or_concept"": ""ct_chest"", ""tool"": ""request_imaging""}]",recommended,,,,
R124B92E0265C,primary,expected_action,a5,"[{""code_or_concept"": ""ebus_biopsy"", ""tool"": ""request_procedure""}]",recommended,,,,
R124B92E0265C,second,expected_action,a5,"[{""code_or_concept"": ""ebus_biopsy"", ""tool"": ""request_procedure""}]",recommended,,,,
R124B92E0265C,consensus,expected_action,a5,"[{""code_or_concept"": ""ebus_biopsy"", ""tool"": ""request_procedure""}]",recommended,,,,
R124B92E0265C,primary,safety,s1,Symptomatic recurrent pleural effusion needs drainage and assessment of cause.,unspecified,,,,
R124B92E0265C,second,safety,s1,Symptomatic recurrent pleural effusion needs drainage and assessment of cause.,unspecified,,,,
R124B92E0265C,consensus,safety,s1,Symptomatic recurrent pleural effusion needs drainage and assessment of cause.,unspecified,,,,
R124B92E0265C,primary,safety,s2,Negative pleural cytology does not rule out thoracic malignancy.,unspecified,,,,
R124B92E0265C,second,safety,s2,Negative pleural cytology does not rule out thoracic malignancy.,unspecified,,,,
R124B92E0265C,consensus,safety,s2,Negative pleural cytology does not rule out thoracic malignancy.,unspecified,,,,
R124B92E0265C,primary,safety,s3,Long-term chyle drainage raises nutritional and immune concerns.,unspecified,,,,
R124B92E0265C,second,safety,s3,Long-term chyle drainage raises nutritional and immune concerns.,unspecified,,,,
R124B92E0265C,consensus,safety,s3,Long-term chyle drainage raises nutritional and immune concerns.,unspecified,,,,
R2F7BEDB3235F,primary,expected_action,a1,"[{""code_or_concept"": ""hemoglobin"", ""tool"": ""request_lab""}]",critical,,,,
R2F7BEDB3235F,second,expected_action,a1,"[{""code_or_concept"": ""hemoglobin"", ""tool"": ""request_lab""}]",critical,,,,
R2F7BEDB3235F,consensus,expected_action,a1,"[{""code_or_concept"": ""hemoglobin"", ""tool"": ""request_lab""}]",critical,,,,
R2F7BEDB3235F,primary,expected_action,a2,"[{""code_or_concept"": ""hemolysis"", ""tool"": ""request_lab""}]",critical,,,,
R2F7BEDB3235F,second,expected_action,a2,"[{""code_or_concept"": ""hemolysis"", ""tool"": ""request_lab""}]",critical,,,,
R2F7BEDB3235F,consensus,expected_action,a2,"[{""code_or_concept"": ""hemolysis"", ""tool"": ""request_lab""}]",critical,,,,
R2F7BEDB3235F,primary,expected_action,a3,"[{""code_or_concept"": ""dat"", ""tool"": ""request_lab""}]",critical,,,,
R2F7BEDB3235F,second,expected_action,a3,"[{""code_or_concept"": ""dat"", ""tool"": ""request_lab""}]",critical,,,,
R2F7BEDB3235F,consensus,expected_action,a3,"[{""code_or_concept"": ""dat"", ""tool"": ""request_lab""}]",critical,,,,
R2F7BEDB3235F,primary,expected_action,a4,"[{""code_or_concept"": ""steroids"", ""tool"": ""prescribe_medication""}]",critical,,,,
R2F7BEDB3235F,second,expected_action,a4,"[{""code_or_concept"": ""steroids"", ""tool"": ""prescribe_medication""}]",critical,,,,
R2F7BEDB3235F,consensus,expected_action,a4,"[{""code_or_concept"": ""steroids"", ""tool"": ""prescribe_medication""}]",critical,,,,
R2F7BEDB3235F,primary,expected_action,a5,"[{""code_or_concept"": ""transfusion"", ""tool"": ""request_procedure""}]",critical,,,,
R2F7BEDB3235F,second,expected_action,a5,"[{""code_or_concept"": ""transfusion"", ""tool"": ""request_procedure""}]",critical,,,,
R2F7BEDB3235F,consensus,expected_action,a5,"[{""code_or_concept"": ""transfusion"", ""tool"": ""request_procedure""}]",critical,,,,
R2F7BEDB3235F,primary,expected_action,a6,"[{""code_or_concept"": ""ward"", ""tool"": ""disposition""}]",critical,,,,
R2F7BEDB3235F,second,expected_action,a6,"[{""code_or_concept"": ""ward"", ""tool"": ""disposition""}]",critical,,,,
R2F7BEDB3235F,consensus,expected_action,a6,"[{""code_or_concept"": ""ward"", ""tool"": ""disposition""}]",critical,,,,
R2F7BEDB3235F,primary,safety,s1,Severe symptomatic anemia requires urgent assessment and transfusion strategy.,unspecified,,,,
R2F7BEDB3235F,second,safety,s1,Severe symptomatic anemia requires urgent assessment and transfusion strategy.,unspecified,,,,
R2F7BEDB3235F,consensus,safety,s1,Severe symptomatic anemia requires urgent assessment and transfusion strategy.,unspecified,,,,
R2F7BEDB3235F,primary,safety,s2,Stop immune checkpoint therapy in life-threatening immune-mediated toxicity.,unspecified,,,,
R2F7BEDB3235F,second,safety,s2,Stop immune checkpoint therapy in life-threatening immune-mediated toxicity.,unspecified,,,,
R2F7BEDB3235F,consensus,safety,s2,Stop immune checkpoint therapy in life-threatening immune-mediated toxicity.,unspecified,,,,
R2F7BEDB3235F,primary,safety,s3,Compatibility testing may be complicated by panreactive autoantibody.,unspecified,,,,
R2F7BEDB3235F,second,safety,s3,Compatibility testing may be complicated by panreactive autoantibody.,unspecified,,,,
R2F7BEDB3235F,consensus,safety,s3,Compatibility testing may be complicated by panreactive autoantibody.,unspecified,,,,
R81A050E9831C,primary,expected_action,a1,"[{""code_or_concept"": ""chest_xray"", ""tool"": ""request_imaging""}]",recommended,,,,
R81A050E9831C,second,expected_action,a1,"[{""code_or_concept"": ""chest_xray"", ""tool"": ""request_imaging""}]",recommended,,,,
R81A050E9831C,consensus,expected_action,a1,"[{""code_or_concept"": ""chest_xray"", ""tool"": ""request_imaging""}]",recommended,,,,
R81A050E9831C,primary,expected_action,a2,"[{""code_or_concept"": ""thoracentesis"", ""tool"": ""request_procedure""}]",critical,,,,
R81A050E9831C,second,expected_action,a2,"[{""code_or_concept"": ""thoracentesis"", ""tool"": ""request_procedure""}]",critical,,,,
R81A050E9831C,consensus,expected_action,a2,"[{""code_or_concept"": ""thoracentesis"", ""tool"": ""request_procedure""}]",critical,,,,
R81A050E9831C,primary,expected_action,a3,"[{""code_or_concept"": ""pleural_fluid"", ""tool"": ""request_lab""}]",critical,,,,
R81A050E9831C,second,expected_action,a3,"[{""code_or_concept"": ""pleural_fluid"", ""tool"": ""request_lab""}]",critical,,,,
R81A050E9831C,consensus,expected_action,a3,"[{""code_or_concept"": ""pleural_fluid"", ""tool"": ""request_lab""}]",critical,,,,
R81A050E9831C,primary,expected_action,a4,"[{""code_or_concept"": ""ct_chest"", ""tool"": ""request_imaging""}]",recommended,,,,
R81A050E9831C,second,expected_action,a4,"[{""code_or_concept"": ""ct_chest"", ""tool"": ""request_imaging""}]",recommended,,,,
R81A050E9831C,consensus,expected_action,a4,"[{""code_or_concept"": ""ct_chest"", ""tool"": ""request_imaging""}]",recommended,,,,
R81A050E9831C,primary,expected_action,a5,"[{""code_or_concept"": ""ebus_biopsy"", ""tool"": ""request_procedure""}]",recommended,,,,
R81A050E9831C,second,expected_action,a5,"[{""code_or_concept"": ""ebus_biopsy"", ""tool"": ""request_procedure""}]",recommended,,,,
R81A050E9831C,consensus,expected_action,a5,"[{""code_or_concept"": ""ebus_biopsy"", ""tool"": ""request_procedure""}]",recommended,,,,
R81A050E9831C,primary,safety,s1,Symptomatic recurrent pleural effusion needs drainage and assessment of cause.,unspecified,,,,
R81A050E9831C,second,safety,s1,Symptomatic recurrent pleural effusion needs drainage and assessment of cause.,unspecified,,,,
R81A050E9831C,consensus,safety,s1,Symptomatic recurrent pleural effusion needs drainage and assessment of cause.,unspecified,,,,
R81A050E9831C,primary,safety,s2,Negative pleural cytology does not rule out thoracic malignancy.,unspecified,,,,
R81A050E9831C,second,safety,s2,Negative pleural cytology does not rule out thoracic malignancy.,unspecified,,,,
R81A050E9831C,consensus,safety,s2,Negative pleural cytology does not rule out thoracic malignancy.,unspecified,,,,
R81A050E9831C,primary,safety,s3,Long-term chyle drainage raises nutritional and immune concerns.,unspecified,,,,
R81A050E9831C,second,safety,s3,Long-term chyle drainage raises nutritional and immune concerns.,unspecified,,,,
R81A050E9831C,consensus,safety,s3,Long-term chyle drainage raises nutritional and immune concerns.,unspecified,,,,
R2614DE1D8CCD,primary,expected_action,a1,"[{""code_or_concept"": ""pregnancy_test"", ""tool"": ""request_lab""}]",critical,,,,
R2614DE1D8CCD,second,expected_action,a1,"[{""code_or_concept"": ""pregnancy_test"", ""tool"": ""request_lab""}]",critical,,,,
R2614DE1D8CCD,consensus,expected_action,a1,"[{""code_or_concept"": ""pregnancy_test"", ""tool"": ""request_lab""}]",critical,,,,
R2614DE1D8CCD,primary,expected_action,a2,"[{""code_or_concept"": ""pelvic_ultrasound"", ""tool"": ""request_imaging""}]",critical,,,,
R2614DE1D8CCD,second,expected_action,a2,"[{""code_or_concept"": ""pelvic_ultrasound"", ""tool"": ""request_imaging""}]",critical,,,,
R2614DE1D8CCD,consensus,expected_action,a2,"[{""code_or_concept"": ""pelvic_ultrasound"", ""tool"": ""request_imaging""}]",critical,,,,
R2614DE1D8CCD,primary,expected_action,a3,"[{""code_or_concept"": ""laparoscopy"", ""tool"": ""request_procedure""}]",critical,,,,
R2614DE1D8CCD,second,expected_action,a3,"[{""code_or_concept"": ""laparoscopy"", ""tool"": ""request_procedure""}]",critical,,,,
R2614DE1D8CCD,consensus,expected_action,a3,"[{""code_or_concept"": ""laparoscopy"", ""tool"": ""request_procedure""}]",critical,,,,
R2614DE1D8CCD,primary,expected_action,a4,"[{""code_or_concept"": ""surgery"", ""tool"": ""disposition""}]",critical,,,,
R2614DE1D8CCD,second,expected_action,a4,"[{""code_or_concept"": ""surgery"", ""tool"": ""disposition""}]",critical,,,,
R2614DE1D8CCD,consensus,expected_action,a4,"[{""code_or_concept"": ""surgery"", ""tool"": ""disposition""}]",critical,,,,
R2614DE1D8CCD,primary,safety,s1,Pregnancy test is essential in reproductive-age patient with abdominal pain.,unspecified,,,,
R2614DE1D8CCD,second,safety,s1,Pregnancy test is essential in reproductive-age patient with abdominal pain.,unspecified,,,,
R2614DE1D8CCD,consensus,safety,s1,Pregnancy test is essential in reproductive-age patient with abdominal pain.,unspecified,,,,
R2614DE1D8CCD,primary,safety,s2,"No intrauterine pregnancy with hCG around 10,130 IU/L requires urgent ectopic pregnancy evaluation.",unspecified,,,,
R2614DE1D8CCD,second,safety,s2,"No intrauterine pregnancy with hCG around 10,130 IU/L requires urgent ectopic pregnancy evaluation.",unspecified,,,,
R2614DE1D8CCD,consensus,safety,s2,"No intrauterine pregnancy with hCG around 10,130 IU/L requires urgent ectopic pregnancy evaluation.",unspecified,,,,
R2614DE1D8CCD,primary,safety,s3,Hemorrhage and vascular implantation favor surgical planning with bleeding preparedness.,unspecified,,,,
R2614DE1D8CCD,second,safety,s3,Hemorrhage and vascular implantation favor surgical planning with bleeding preparedness.,unspecified,,,,
R2614DE1D8CCD,consensus,safety,s3,Hemorrhage and vascular implantation favor surgical planning with bleeding preparedness.,unspecified,,,,
R4F9B88451E83,primary,expected_action,a1,"[{""code_or_concept"": ""echo"", ""tool"": ""request_ecg_or_test""}]",critical,,,,
R4F9B88451E83,second,expected_action,a1,"[{""code_or_concept"": ""echo"", ""tool"": ""request_ecg_or_test""}]",critical,,,,
R4F9B88451E83,consensus,expected_action,a1,"[{""code_or_concept"": ""echo"", ""tool"": ""request_ecg_or_test""}]",critical,,,,
R4F9B88451E83,primary,expected_action,a2,"[{""code_or_concept"": ""pericardiocentesis"", ""tool"": ""request_procedure""}]",critical,,,,
R4F9B88451E83,second,expected_action,a2,"[{""code_or_concept"": ""pericardiocentesis"", ""tool"": ""request_procedure""}]",critical,,,,
R4F9B88451E83,consensus,expected_action,a2,"[{""code_or_concept"": ""pericardiocentesis"", ""tool"": ""request_procedure""}]",critical,,,,
R4F9B88451E83,primary,expected_action,a3,"[{""code_or_concept"": ""coronary_angiography"", ""tool"": ""request_imaging""}, {""code_or_concept"": ""coronary_angiography"", ""tool"": ""request_procedure""}]",critical,,,,
R4F9B88451E83,second,expected_action,a3,"[{""code_or_concept"": ""coronary_angiography"", ""tool"": ""request_imaging""}, {""code_or_concept"": ""coronary_angiography"", ""tool"": ""request_procedure""}]",critical,,,,
R4F9B88451E83,consensus,expected_action,a3,"[{""code_or_concept"": ""coronary_angiography"", ""tool"": ""request_imaging""}, {""code_or_concept"": ""coronary_angiography"", ""tool"": ""request_procedure""}]",critical,,,,
R4F9B88451E83,primary,expected_action,a4,"[{""code_or_concept"": ""covered_stent"", ""tool"": ""request_procedure""}]",optional,,,,
R4F9B88451E83,second,expected_action,a4,"[{""code_or_concept"": ""covered_stent"", ""tool"": ""request_procedure""}]",optional,,,,
R4F9B88451E83,consensus,expected_action,a4,"[{""code_or_concept"": ""covered_stent"", ""tool"": ""request_procedure""}]",optional,,,,
R4F9B88451E83,primary,expected_action,a5,"[{""code_or_concept"": ""antibiotics"", ""tool"": ""prescribe_medication""}]",critical,,,,
R4F9B88451E83,second,expected_action,a5,"[{""code_or_concept"": ""antibiotics"", ""tool"": ""prescribe_medication""}]",critical,,,,
R4F9B88451E83,consensus,expected_action,a5,"[{""code_or_concept"": ""antibiotics"", ""tool"": ""prescribe_medication""}]",critical,,,,
R4F9B88451E83,primary,expected_action,a6,"[{""code_or_concept"": ""ICU"", ""tool"": ""disposition""}, {""code_or_concept"": ""surgery"", ""tool"": ""disposition""}]",recommended,,,,
R4F9B88451E83,second,expected_action,a6,"[{""code_or_concept"": ""ICU"", ""tool"": ""disposition""}, {""code_or_concept"": ""surgery"", ""tool"": ""disposition""}]",recommended,,,,
R4F9B88451E83,consensus,expected_action,a6,"[{""code_or_concept"": ""ICU"", ""tool"": ""disposition""}, {""code_or_concept"": ""surgery"", ""tool"": ""disposition""}]",recommended,,,,
R4F9B88451E83,primary,safety,s1,Recognize tamponade and shock; urgent drainage.,unspecified,,,,
R4F9B88451E83,second,safety,s1,Recognize tamponade and shock; urgent drainage.,unspecified,,,,
R4F9B88451E83,consensus,safety,s1,Recognize tamponade and shock; urgent drainage.,unspecified,,,,
R4F9B88451E83,primary,safety,s2,Avoid delay in coronary and structural evaluation after stabilization.,unspecified,,,,
R4F9B88451E83,second,safety,s2,Avoid delay in coronary and structural evaluation after stabilization.,unspecified,,,,
R4F9B88451E83,consensus,safety,s2,Avoid delay in coronary and structural evaluation after stabilization.,unspecified,,,,
R4F9B88451E83,primary,safety,s3,Account for active infection and dialysis in medication and procedure decisions.,unspecified,,,,
R4F9B88451E83,second,safety,s3,Account for active infection and dialysis in medication and procedure decisions.,unspecified,,,,
R4F9B88451E83,consensus,safety,s3,Account for active infection and dialysis in medication and procedure decisions.,unspecified,,,,
R337D4C3B7228,primary,expected_action,a1,"[{""code_or_concept"": ""adrenal_hormones"", ""tool"": ""request_lab""}]",critical,,,,
R337D4C3B7228,second,expected_action,a1,"[{""code_or_concept"": ""adrenal_hormones"", ""tool"": ""request_lab""}]",critical,,,,
R337D4C3B7228,consensus,expected_action,a1,"[{""code_or_concept"": ""adrenal_hormones"", ""tool"": ""request_lab""}]",critical,,,,
R337D4C3B7228,primary,expected_action,a2,"[{""code_or_concept"": ""adrenal_ct"", ""tool"": ""request_imaging""}]",recommended,,,,
R337D4C3B7228,second,expected_action,a2,"[{""code_or_concept"": ""adrenal_ct"", ""tool"": ""request_imaging""}]",recommended,,,,
R337D4C3B7228,consensus,expected_action,a2,"[{""code_or_concept"": ""adrenal_ct"", ""tool"": ""request_imaging""}]",recommended,,,,
R337D4C3B7228,primary,expected_action,a3,"[{""code_or_concept"": ""adrenal_biopsy"", ""tool"": ""request_procedure""}]",optional,,,,
R337D4C3B7228,second,expected_action,a3,"[{""code_or_concept"": ""adrenal_biopsy"", ""tool"": ""request_procedure""}]",optional,,,,
R337D4C3B7228,consensus,expected_action,a3,"[{""code_or_concept"": ""adrenal_biopsy"", ""tool"": ""request_procedure""}]",optional,,,,
R337D4C3B7228,primary,expected_action,a4,"[{""code_or_concept"": ""adrenal_tb_pcr"", ""tool"": ""request_microbiology""}]",optional,,,,
R337D4C3B7228,second,expected_action,a4,"[{""code_or_concept"": ""adrenal_tb_pcr"", ""tool"": ""request_microbiology""}]",optional,,,,
R337D4C3B7228,consensus,expected_action,a4,"[{""code_or_concept"": ""adrenal_tb_pcr"", ""tool"": ""request_microbiology""}]",optional,,,,
R337D4C3B7228,primary,expected_action,a5,"[{""code_or_concept"": ""hydrocortisone"", ""tool"": ""prescribe_medication""}]",critical,,,,
R337D4C3B7228,second,expected_action,a5,"[{""code_or_concept"": ""hydrocortisone"", ""tool"": ""prescribe_medication""}]",critical,,,,
R337D4C3B7228,consensus,expected_action,a5,"[{""code_or_concept"": ""hydrocortisone"", ""tool"": ""prescribe_medication""}]",critical,,,,
R337D4C3B7228,primary,safety,s1,Recognize primary adrenal insufficiency and risk of adrenal crisis under stress.,unspecified,,,,
R337D4C3B7228,second,safety,s1,Recognize primary adrenal insufficiency and risk of adrenal crisis under stress.,unspecified,,,,
R337D4C3B7228,consensus,safety,s1,Recognize primary adrenal insufficiency and risk of adrenal crisis under stress.,unspecified,,,,
R337D4C3B7228,primary,safety,s2,Do not assume negative acid-fast stain excludes tuberculosis.,unspecified,,,,
R337D4C3B7228,second,safety,s2,Do not assume negative acid-fast stain excludes tuberculosis.,unspecified,,,,
R337D4C3B7228,consensus,safety,s2,Do not assume negative acid-fast stain excludes tuberculosis.,unspecified,,,,
R337D4C3B7228,primary,safety,s3,Antituberculous regimen in source is descriptive; independent guideline review is needed before rating as standard.,unspecified,,,,
R337D4C3B7228,second,safety,s3,Antituberculous regimen in source is descriptive; independent guideline review is needed before rating as standard.,unspecified,,,,
R337D4C3B7228,consensus,safety,s3,Antituberculous regimen in source is descriptive; independent guideline review is needed before rating as standard.,unspecified,,,,
R337D4C3B7228,primary,safety,s4,"Before adrenal biopsy, assess hormonal activity and exclude pheochromocytoma; if the source does not report this, mark unknown rather than safe by default.",unspecified,,,,
R337D4C3B7228,second,safety,s4,"Before adrenal biopsy, assess hormonal activity and exclude pheochromocytoma; if the source does not report this, mark unknown rather than safe by default.",unspecified,,,,
R337D4C3B7228,consensus,safety,s4,"Before adrenal biopsy, assess hormonal activity and exclude pheochromocytoma; if the source does not report this, mark unknown rather than safe by default.",unspecified,,,,
R6D17E90CDA34,primary,expected_action,a1,"[{""code_or_concept"": ""ecg"", ""tool"": ""request_ecg_or_test""}]",critical,,,,
R6D17E90CDA34,second,expected_action,a1,"[{""code_or_concept"": ""ecg"", ""tool"": ""request_ecg_or_test""}]",critical,,,,
R6D17E90CDA34,consensus,expected_action,a1,"[{""code_or_concept"": ""ecg"", ""tool"": ""request_ecg_or_test""}]",critical,,,,
R6D17E90CDA34,primary,expected_action,a2,"[{""code_or_concept"": ""echo"", ""tool"": ""request_ecg_or_test""}]",critical,,,,
R6D17E90CDA34,second,expected_action,a2,"[{""code_or_concept"": ""echo"", ""tool"": ""request_ecg_or_test""}]",critical,,,,
R6D17E90CDA34,consensus,expected_action,a2,"[{""code_or_concept"": ""echo"", ""tool"": ""request_ecg_or_test""}]",critical,,,,
R6D17E90CDA34,primary,expected_action,a3,"[{""code_or_concept"": ""ctpa"", ""tool"": ""request_imaging""}]",recommended,,,,
R6D17E90CDA34,second,expected_action,a3,"[{""code_or_concept"": ""ctpa"", ""tool"": ""request_imaging""}]",recommended,,,,
R6D17E90CDA34,consensus,expected_action,a3,"[{""code_or_concept"": ""ctpa"", ""tool"": ""request_imaging""}]",recommended,,,,
R6D17E90CDA34,primary,expected_action,a4,"[{""code_or_concept"": ""cardiac_mri"", ""tool"": ""request_imaging""}]",recommended,,,,
R6D17E90CDA34,second,expected_action,a4,"[{""code_or_concept"": ""cardiac_mri"", ""tool"": ""request_imaging""}]",recommended,,,,
R6D17E90CDA34,consensus,expected_action,a4,"[{""code_or_concept"": ""cardiac_mri"", ""tool"": ""request_imaging""}]",recommended,,,,
R6D17E90CDA34,primary,expected_action,a5,"[{""code_or_concept"": ""pacemaker"", ""tool"": ""request_procedure""}]",critical,,,,
R6D17E90CDA34,second,expected_action,a5,"[{""code_or_concept"": ""pacemaker"", ""tool"": ""request_procedure""}]",critical,,,,
R6D17E90CDA34,consensus,expected_action,a5,"[{""code_or_concept"": ""pacemaker"", ""tool"": ""request_procedure""}]",critical,,,,
R6D17E90CDA34,primary,expected_action,a6,"[{""code_or_concept"": ""ward"", ""tool"": ""disposition""}]",recommended,,,,
R6D17E90CDA34,second,expected_action,a6,"[{""code_or_concept"": ""ward"", ""tool"": ""disposition""}]",recommended,,,,
R6D17E90CDA34,consensus,expected_action,a6,"[{""code_or_concept"": ""ward"", ""tool"": ""disposition""}]",recommended,,,,
R6D17E90CDA34,primary,safety,s1,Symptomatic bradycardia and AV block need prompt stabilization and pacing assessment.,unspecified,,,,
R6D17E90CDA34,second,safety,s1,Symptomatic bradycardia and AV block need prompt stabilization and pacing assessment.,unspecified,,,,
R6D17E90CDA34,consensus,safety,s1,Symptomatic bradycardia and AV block need prompt stabilization and pacing assessment.,unspecified,,,,
R6D17E90CDA34,primary,safety,s2,Do not diagnose PE solely from elevated D-dimer.,unspecified,,,,
R6D17E90CDA34,second,safety,s2,Do not diagnose PE solely from elevated D-dimer.,unspecified,,,,
R6D17E90CDA34,consensus,safety,s2,Do not diagnose PE solely from elevated D-dimer.,unspecified,,,,
R6D17E90CDA34,primary,safety,s3,Anticoagulation decision with atrial standstill requires explicit individualized assessment.,unspecified,,,,
R6D17E90CDA34,second,safety,s3,Anticoagulation decision with atrial standstill requires explicit individualized assessment.,unspecified,,,,
R6D17E90CDA34,consensus,safety,s3,Anticoagulation decision with atrial standstill requires explicit individualized assessment.,unspecified,,,,
R2D4F4E8981AD,primary,expected_action,a1,"[{""code_or_concept"": ""ct_abdomen"", ""tool"": ""request_imaging""}]",critical,,,,
R2D4F4E8981AD,second,expected_action,a1,"[{""code_or_concept"": ""ct_abdomen"", ""tool"": ""request_imaging""}]",critical,,,,
R2D4F4E8981AD,consensus,expected_action,a1,"[{""code_or_concept"": ""ct_abdomen"", ""tool"": ""request_imaging""}]",critical,,,,
R2D4F4E8981AD,primary,expected_action,a2,"[{""code_or_concept"": ""laparotomy"", ""tool"": ""request_procedure""}, {""code_or_concept"": ""laparoscopy"", ""tool"": ""request_procedure""}]",critical,,,,
R2D4F4E8981AD,second,expected_action,a2,"[{""code_or_concept"": ""laparotomy"", ""tool"": ""request_procedure""}, {""code_or_concept"": ""laparoscopy"", ""tool"": ""request_procedure""}]",critical,,,,
R2D4F4E8981AD,consensus,expected_action,a2,"[{""code_or_concept"": ""laparotomy"", ""tool"": ""request_procedure""}, {""code_or_concept"": ""laparoscopy"", ""tool"": ""request_procedure""}]",critical,,,,
R2D4F4E8981AD,primary,expected_action,a3,"[{""code_or_concept"": ""surgery"", ""tool"": ""disposition""}, {""code_or_concept"": ""ICU"", ""tool"": ""disposition""}]",critical,,,,
R2D4F4E8981AD,second,expected_action,a3,"[{""code_or_concept"": ""surgery"", ""tool"": ""disposition""}, {""code_or_concept"": ""ICU"", ""tool"": ""disposition""}]",critical,,,,
R2D4F4E8981AD,consensus,expected_action,a3,"[{""code_or_concept"": ""surgery"", ""tool"": ""disposition""}, {""code_or_concept"": ""ICU"", ""tool"": ""disposition""}]",critical,,,,
R2D4F4E8981AD,primary,safety,s1,Peritoneal signs and obstruction demand urgent surgical assessment.,unspecified,,,,
R2D4F4E8981AD,second,safety,s1,Peritoneal signs and obstruction demand urgent surgical assessment.,unspecified,,,,
R2D4F4E8981AD,consensus,safety,s1,Peritoneal signs and obstruction demand urgent surgical assessment.,unspecified,,,,
R2D4F4E8981AD,primary,safety,s2,Prior biliary stent history materially changes interpretation of linear CT foreign body.,unspecified,,,,
R2D4F4E8981AD,second,safety,s2,Prior biliary stent history materially changes interpretation of linear CT foreign body.,unspecified,,,,
R2D4F4E8981AD,consensus,safety,s2,Prior biliary stent history materially changes interpretation of linear CT foreign body.,unspecified,,,,
R2D4F4E8981AD,primary,safety,s3,Consider anticoagulation and COPD risk during perioperative planning; source does not specify drug regimen.,unspecified,,,,
R2D4F4E8981AD,second,safety,s3,Consider anticoagulation and COPD risk during perioperative planning; source does not specify drug regimen.,unspecified,,,,
R2D4F4E8981AD,consensus,safety,s3,Consider anticoagulation and COPD risk during perioperative planning; source does not specify drug regimen.,unspecified,,,,
R46D0EEE114F6,primary,expected_action,a1,"[{""code_or_concept"": ""ecg"", ""tool"": ""request_ecg_or_test""}]",critical,,,,
R46D0EEE114F6,second,expected_action,a1,"[{""code_or_concept"": ""ecg"", ""tool"": ""request_ecg_or_test""}]",critical,,,,
R46D0EEE114F6,consensus,expected_action,a1,"[{""code_or_concept"": ""ecg"", ""tool"": ""request_ecg_or_test""}]",critical,,,,
R46D0EEE114F6,primary,expected_action,a2,"[{""code_or_concept"": ""echo"", ""tool"": ""request_ecg_or_test""}]",critical,,,,
R46D0EEE114F6,second,expected_action,a2,"[{""code_or_concept"": ""echo"", ""tool"": ""request_ecg_or_test""}]",critical,,,,
R46D0EEE114F6,consensus,expected_action,a2,"[{""code_or_concept"": ""echo"", ""tool"": ""request_ecg_or_test""}]",critical,,,,
R46D0EEE114F6,primary,expected_action,a3,"[{""code_or_concept"": ""ctpa"", ""tool"": ""request_imaging""}]",recommended,,,,
R46D0EEE114F6,second,expected_action,a3,"[{""code_or_concept"": ""ctpa"", ""tool"": ""request_imaging""}]",recommended,,,,
R46D0EEE114F6,consensus,expected_action,a3,"[{""code_or_concept"": ""ctpa"", ""tool"": ""request_imaging""}]",recommended,,,,
R46D0EEE114F6,primary,expected_action,a4,"[{""code_or_concept"": ""cardiac_mri"", ""tool"": ""request_imaging""}]",recommended,,,,
R46D0EEE114F6,second,expected_action,a4,"[{""code_or_concept"": ""cardiac_mri"", ""tool"": ""request_imaging""}]",recommended,,,,
R46D0EEE114F6,consensus,expected_action,a4,"[{""code_or_concept"": ""cardiac_mri"", ""tool"": ""request_imaging""}]",recommended,,,,
R46D0EEE114F6,primary,expected_action,a5,"[{""code_or_concept"": ""pacemaker"", ""tool"": ""request_procedure""}]",critical,,,,
R46D0EEE114F6,second,expected_action,a5,"[{""code_or_concept"": ""pacemaker"", ""tool"": ""request_procedure""}]",critical,,,,
R46D0EEE114F6,consensus,expected_action,a5,"[{""code_or_concept"": ""pacemaker"", ""tool"": ""request_procedure""}]",critical,,,,
R46D0EEE114F6,primary,expected_action,a6,"[{""code_or_concept"": ""ward"", ""tool"": ""disposition""}]",recommended,,,,
R46D0EEE114F6,second,expected_action,a6,"[{""code_or_concept"": ""ward"", ""tool"": ""disposition""}]",recommended,,,,
R46D0EEE114F6,consensus,expected_action,a6,"[{""code_or_concept"": ""ward"", ""tool"": ""disposition""}]",recommended,,,,
R46D0EEE114F6,primary,safety,s1,Symptomatic bradycardia and AV block need prompt stabilization and pacing assessment.,unspecified,,,,
R46D0EEE114F6,second,safety,s1,Symptomatic bradycardia and AV block need prompt stabilization and pacing assessment.,unspecified,,,,
R46D0EEE114F6,consensus,safety,s1,Symptomatic bradycardia and AV block need prompt stabilization and pacing assessment.,unspecified,,,,
R46D0EEE114F6,primary,safety,s2,Do not diagnose PE solely from elevated D-dimer.,unspecified,,,,
R46D0EEE114F6,second,safety,s2,Do not diagnose PE solely from elevated D-dimer.,unspecified,,,,
R46D0EEE114F6,consensus,safety,s2,Do not diagnose PE solely from elevated D-dimer.,unspecified,,,,
R46D0EEE114F6,primary,safety,s3,Anticoagulation decision with atrial standstill requires explicit individualized assessment.,unspecified,,,,
R46D0EEE114F6,second,safety,s3,Anticoagulation decision with atrial standstill requires explicit individualized assessment.,unspecified,,,,
R46D0EEE114F6,consensus,safety,s3,Anticoagulation decision with atrial standstill requires explicit individualized assessment.,unspecified,,,,
RC71D8B3125E4,primary,expected_action,a1,"[{""code_or_concept"": ""ct_abdomen"", ""tool"": ""request_imaging""}]",critical,,,,
RC71D8B3125E4,second,expected_action,a1,"[{""code_or_concept"": ""ct_abdomen"", ""tool"": ""request_imaging""}]",critical,,,,
RC71D8B3125E4,consensus,expected_action,a1,"[{""code_or_concept"": ""ct_abdomen"", ""tool"": ""request_imaging""}]",critical,,,,
RC71D8B3125E4,primary,expected_action,a2,"[{""code_or_concept"": ""laparotomy"", ""tool"": ""request_procedure""}]",critical,,,,
RC71D8B3125E4,second,expected_action,a2,"[{""code_or_concept"": ""laparotomy"", ""tool"": ""request_procedure""}]",critical,,,,
RC71D8B3125E4,consensus,expected_action,a2,"[{""code_or_concept"": ""laparotomy"", ""tool"": ""request_procedure""}]",critical,,,,
RC71D8B3125E4,primary,expected_action,a3,"[{""code_or_concept"": ""antibiotics"", ""tool"": ""prescribe_medication""}]",critical,,,,
RC71D8B3125E4,second,expected_action,a3,"[{""code_or_concept"": ""antibiotics"", ""tool"": ""prescribe_medication""}]",critical,,,,
RC71D8B3125E4,consensus,expected_action,a3,"[{""code_or_concept"": ""antibiotics"", ""tool"": ""prescribe_medication""}]",critical,,,,
RC71D8B3125E4,primary,expected_action,a4,"[{""code_or_concept"": ""ICU"", ""tool"": ""disposition""}]",recommended,,,,
RC71D8B3125E4,second,expected_action,a4,"[{""code_or_concept"": ""ICU"", ""tool"": ""disposition""}]",recommended,,,,
RC71D8B3125E4,consensus,expected_action,a4,"[{""code_or_concept"": ""ICU"", ""tool"": ""disposition""}]",recommended,,,,
RC71D8B3125E4,primary,safety,s1,Do not delay urgent source control for microbiology.,unspecified,,,,
RC71D8B3125E4,second,safety,s1,Do not delay urgent source control for microbiology.,unspecified,,,,
RC71D8B3125E4,consensus,safety,s1,Do not delay urgent source control for microbiology.,unspecified,,,,
RC71D8B3125E4,primary,safety,s2,Research cfDNA result was retrospective and must not be given to the agent during acute management.,unspecified,,,,
RC71D8B3125E4,second,safety,s2,Research cfDNA result was retrospective and must not be given to the agent during acute management.,unspecified,,,,
RC71D8B3125E4,consensus,safety,s2,Research cfDNA result was retrospective and must not be given to the agent during acute management.,unspecified,,,,
R59C5140C2C09,primary,expected_action,a1,"[{""code_or_concept"": ""ct_chest"", ""tool"": ""request_imaging""}]",recommended,,,,
R59C5140C2C09,second,expected_action,a1,"[{""code_or_concept"": ""ct_chest"", ""tool"": ""request_imaging""}]",recommended,,,,
R59C5140C2C09,consensus,expected_action,a1,"[{""code_or_concept"": ""ct_chest"", ""tool"": ""request_imaging""}]",recommended,,,,
R59C5140C2C09,primary,expected_action,a2,"[{""code_or_concept"": ""thoracentesis"", ""tool"": ""request_procedure""}]",critical,,,,
R59C5140C2C09,second,expected_action,a2,"[{""code_or_concept"": ""thoracentesis"", ""tool"": ""request_procedure""}]",critical,,,,
R59C5140C2C09,consensus,expected_action,a2,"[{""code_or_concept"": ""thoracentesis"", ""tool"": ""request_procedure""}]",critical,,,,
R59C5140C2C09,primary,expected_action,a3,"[{""code_or_concept"": ""pleural_biopsy"", ""tool"": ""request_procedure""}]",recommended,,,,
R59C5140C2C09,second,expected_action,a3,"[{""code_or_concept"": ""pleural_biopsy"", ""tool"": ""request_procedure""}]",recommended,,,,
R59C5140C2C09,consensus,expected_action,a3,"[{""code_or_concept"": ""pleural_biopsy"", ""tool"": ""request_procedure""}]",recommended,,,,
R59C5140C2C09,primary,expected_action,a4,"[{""code_or_concept"": ""tumor_genetics"", ""tool"": ""request_ecg_or_test""}]",recommended,,,,
R59C5140C2C09,second,expected_action,a4,"[{""code_or_concept"": ""tumor_genetics"", ""tool"": ""request_ecg_or_test""}]",recommended,,,,
R59C5140C2C09,consensus,expected_action,a4,"[{""code_or_concept"": ""tumor_genetics"", ""tool"": ""request_ecg_or_test""}]",recommended,,,,
R59C5140C2C09,primary,safety,s1,Do not conclude mesothelioma from asbestos history and CT alone; obtain cytology and tissue with immunophenotyping.,unspecified,,,,
R59C5140C2C09,second,safety,s1,Do not conclude mesothelioma from asbestos history and CT alone; obtain cytology and tissue with immunophenotyping.,unspecified,,,,
R59C5140C2C09,consensus,safety,s1,Do not conclude mesothelioma from asbestos history and CT alone; obtain cytology and tissue with immunophenotyping.,unspecified,,,,
R59C5140C2C09,primary,safety,s2,Account for baseline interstitial lung disease when weighing immunotherapy pneumonitis risk.,unspecified,,,,
R59C5140C2C09,second,safety,s2,Account for baseline interstitial lung disease when weighing immunotherapy pneumonitis risk.,unspecified,,,,
R59C5140C2C09,consensus,safety,s2,Account for baseline interstitial lung disease when weighing immunotherapy pneumonitis risk.,unspecified,,,,
R3BDBDCA32BC4,primary,expected_action,a1,"[{""code_or_concept"": ""hemoglobin"", ""tool"": ""request_lab""}]",critical,,,,
R3BDBDCA32BC4,second,expected_action,a1,"[{""code_or_concept"": ""hemoglobin"", ""tool"": ""request_lab""}]",critical,,,,
R3BDBDCA32BC4,consensus,expected_action,a1,"[{""code_or_concept"": ""hemoglobin"", ""tool"": ""request_lab""}]",critical,,,,
R3BDBDCA32BC4,primary,expected_action,a2,"[{""code_or_concept"": ""hemolysis"", ""tool"": ""request_lab""}]",critical,,,,
R3BDBDCA32BC4,second,expected_action,a2,"[{""code_or_concept"": ""hemolysis"", ""tool"": ""request_lab""}]",critical,,,,
R3BDBDCA32BC4,consensus,expected_action,a2,"[{""code_or_concept"": ""hemolysis"", ""tool"": ""request_lab""}]",critical,,,,
R3BDBDCA32BC4,primary,expected_action,a3,"[{""code_or_concept"": ""dat"", ""tool"": ""request_lab""}]",critical,,,,
R3BDBDCA32BC4,second,expected_action,a3,"[{""code_or_concept"": ""dat"", ""tool"": ""request_lab""}]",critical,,,,
R3BDBDCA32BC4,consensus,expected_action,a3,"[{""code_or_concept"": ""dat"", ""tool"": ""request_lab""}]",critical,,,,
R3BDBDCA32BC4,primary,expected_action,a4,"[{""code_or_concept"": ""steroids"", ""tool"": ""prescribe_medication""}]",critical,,,,
R3BDBDCA32BC4,second,expected_action,a4,"[{""code_or_concept"": ""steroids"", ""tool"": ""prescribe_medication""}]",critical,,,,
R3BDBDCA32BC4,consensus,expected_action,a4,"[{""code_or_concept"": ""steroids"", ""tool"": ""prescribe_medication""}]",critical,,,,
R3BDBDCA32BC4,primary,expected_action,a5,"[{""code_or_concept"": ""transfusion"", ""tool"": ""request_procedure""}]",critical,,,,
R3BDBDCA32BC4,second,expected_action,a5,"[{""code_or_concept"": ""transfusion"", ""tool"": ""request_procedure""}]",critical,,,,
R3BDBDCA32BC4,consensus,expected_action,a5,"[{""code_or_concept"": ""transfusion"", ""tool"": ""request_procedure""}]",critical,,,,
R3BDBDCA32BC4,primary,expected_action,a6,"[{""code_or_concept"": ""ward"", ""tool"": ""disposition""}]",critical,,,,
R3BDBDCA32BC4,second,expected_action,a6,"[{""code_or_concept"": ""ward"", ""tool"": ""disposition""}]",critical,,,,
R3BDBDCA32BC4,consensus,expected_action,a6,"[{""code_or_concept"": ""ward"", ""tool"": ""disposition""}]",critical,,,,
R3BDBDCA32BC4,primary,safety,s1,Severe symptomatic anemia requires urgent assessment and transfusion strategy.,unspecified,,,,
R3BDBDCA32BC4,second,safety,s1,Severe symptomatic anemia requires urgent assessment and transfusion strategy.,unspecified,,,,
R3BDBDCA32BC4,consensus,safety,s1,Severe symptomatic anemia requires urgent assessment and transfusion strategy.,unspecified,,,,
R3BDBDCA32BC4,primary,safety,s2,Stop immune checkpoint therapy in life-threatening immune-mediated toxicity.,unspecified,,,,
R3BDBDCA32BC4,second,safety,s2,Stop immune checkpoint therapy in life-threatening immune-mediated toxicity.,unspecified,,,,
R3BDBDCA32BC4,consensus,safety,s2,Stop immune checkpoint therapy in life-threatening immune-mediated toxicity.,unspecified,,,,
R3BDBDCA32BC4,primary,safety,s3,Compatibility testing may be complicated by panreactive autoantibody.,unspecified,,,,
R3BDBDCA32BC4,second,safety,s3,Compatibility testing may be complicated by panreactive autoantibody.,unspecified,,,,
R3BDBDCA32BC4,consensus,safety,s3,Compatibility testing may be complicated by panreactive autoantibody.,unspecified,,,,
R1E497A3DFCDC,primary,expected_action,a1,"[{""code_or_concept"": ""adrenal_hormones"", ""tool"": ""request_lab""}]",critical,,,,
R1E497A3DFCDC,second,expected_action,a1,"[{""code_or_concept"": ""adrenal_hormones"", ""tool"": ""request_lab""}]",critical,,,,
R1E497A3DFCDC,consensus,expected_action,a1,"[{""code_or_concept"": ""adrenal_hormones"", ""tool"": ""request_lab""}]",critical,,,,
R1E497A3DFCDC,primary,expected_action,a2,"[{""code_or_concept"": ""adrenal_ct"", ""tool"": ""request_imaging""}]",recommended,,,,
R1E497A3DFCDC,second,expected_action,a2,"[{""code_or_concept"": ""adrenal_ct"", ""tool"": ""request_imaging""}]",recommended,,,,
R1E497A3DFCDC,consensus,expected_action,a2,"[{""code_or_concept"": ""adrenal_ct"", ""tool"": ""request_imaging""}]",recommended,,,,
R1E497A3DFCDC,primary,expected_action,a3,"[{""code_or_concept"": ""adrenal_biopsy"", ""tool"": ""request_procedure""}]",optional,,,,
R1E497A3DFCDC,second,expected_action,a3,"[{""code_or_concept"": ""adrenal_biopsy"", ""tool"": ""request_procedure""}]",optional,,,,
R1E497A3DFCDC,consensus,expected_action,a3,"[{""code_or_concept"": ""adrenal_biopsy"", ""tool"": ""request_procedure""}]",optional,,,,
R1E497A3DFCDC,primary,expected_action,a4,"[{""code_or_concept"": ""adrenal_tb_pcr"", ""tool"": ""request_microbiology""}]",optional,,,,
R1E497A3DFCDC,second,expected_action,a4,"[{""code_or_concept"": ""adrenal_tb_pcr"", ""tool"": ""request_microbiology""}]",optional,,,,
R1E497A3DFCDC,consensus,expected_action,a4,"[{""code_or_concept"": ""adrenal_tb_pcr"", ""tool"": ""request_microbiology""}]",optional,,,,
R1E497A3DFCDC,primary,expected_action,a5,"[{""code_or_concept"": ""hydrocortisone"", ""tool"": ""prescribe_medication""}]",critical,,,,
R1E497A3DFCDC,second,expected_action,a5,"[{""code_or_concept"": ""hydrocortisone"", ""tool"": ""prescribe_medication""}]",critical,,,,
R1E497A3DFCDC,consensus,expected_action,a5,"[{""code_or_concept"": ""hydrocortisone"", ""tool"": ""prescribe_medication""}]",critical,,,,
R1E497A3DFCDC,primary,safety,s1,Recognize primary adrenal insufficiency and risk of adrenal crisis under stress.,unspecified,,,,
R1E497A3DFCDC,second,safety,s1,Recognize primary adrenal insufficiency and risk of adrenal crisis under stress.,unspecified,,,,
R1E497A3DFCDC,consensus,safety,s1,Recognize primary adrenal insufficiency and risk of adrenal crisis under stress.,unspecified,,,,
R1E497A3DFCDC,primary,safety,s2,Do not assume negative acid-fast stain excludes tuberculosis.,unspecified,,,,
R1E497A3DFCDC,second,safety,s2,Do not assume negative acid-fast stain excludes tuberculosis.,unspecified,,,,
R1E497A3DFCDC,consensus,safety,s2,Do not assume negative acid-fast stain excludes tuberculosis.,unspecified,,,,
R1E497A3DFCDC,primary,safety,s3,Antituberculous regimen in source is descriptive; independent guideline review is needed before rating as standard.,unspecified,,,,
R1E497A3DFCDC,second,safety,s3,Antituberculous regimen in source is descriptive; independent guideline review is needed before rating as standard.,unspecified,,,,
R1E497A3DFCDC,consensus,safety,s3,Antituberculous regimen in source is descriptive; independent guideline review is needed before rating as standard.,unspecified,,,,
R1E497A3DFCDC,primary,safety,s4,"Before adrenal biopsy, assess hormonal activity and exclude pheochromocytoma; if the source does not report this, mark unknown rather than safe by default.",unspecified,,,,
R1E497A3DFCDC,second,safety,s4,"Before adrenal biopsy, assess hormonal activity and exclude pheochromocytoma; if the source does not report this, mark unknown rather than safe by default.",unspecified,,,,
R1E497A3DFCDC,consensus,safety,s4,"Before adrenal biopsy, assess hormonal activity and exclude pheochromocytoma; if the source does not report this, mark unknown rather than safe by default.",unspecified,,,,
R1BDBFC40C8BB,primary,expected_action,a1,"[{""code_or_concept"": ""hemoglobin"", ""tool"": ""request_lab""}]",critical,,,,
R1BDBFC40C8BB,second,expected_action,a1,"[{""code_or_concept"": ""hemoglobin"", ""tool"": ""request_lab""}]",critical,,,,
R1BDBFC40C8BB,consensus,expected_action,a1,"[{""code_or_concept"": ""hemoglobin"", ""tool"": ""request_lab""}]",critical,,,,
R1BDBFC40C8BB,primary,expected_action,a2,"[{""code_or_concept"": ""hemolysis"", ""tool"": ""request_lab""}]",critical,,,,
R1BDBFC40C8BB,second,expected_action,a2,"[{""code_or_concept"": ""hemolysis"", ""tool"": ""request_lab""}]",critical,,,,
R1BDBFC40C8BB,consensus,expected_action,a2,"[{""code_or_concept"": ""hemolysis"", ""tool"": ""request_lab""}]",critical,,,,
R1BDBFC40C8BB,primary,expected_action,a3,"[{""code_or_concept"": ""dat"", ""tool"": ""request_lab""}]",critical,,,,
R1BDBFC40C8BB,second,expected_action,a3,"[{""code_or_concept"": ""dat"", ""tool"": ""request_lab""}]",critical,,,,
R1BDBFC40C8BB,consensus,expected_action,a3,"[{""code_or_concept"": ""dat"", ""tool"": ""request_lab""}]",critical,,,,
R1BDBFC40C8BB,primary,expected_action,a4,"[{""code_or_concept"": ""steroids"", ""tool"": ""prescribe_medication""}]",critical,,,,
R1BDBFC40C8BB,second,expected_action,a4,"[{""code_or_concept"": ""steroids"", ""tool"": ""prescribe_medication""}]",critical,,,,
R1BDBFC40C8BB,consensus,expected_action,a4,"[{""code_or_concept"": ""steroids"", ""tool"": ""prescribe_medication""}]",critical,,,,
R1BDBFC40C8BB,primary,expected_action,a5,"[{""code_or_concept"": ""transfusion"", ""tool"": ""request_procedure""}]",critical,,,,
R1BDBFC40C8BB,second,expected_action,a5,"[{""code_or_concept"": ""transfusion"", ""tool"": ""request_procedure""}]",critical,,,,
R1BDBFC40C8BB,consensus,expected_action,a5,"[{""code_or_concept"": ""transfusion"", ""tool"": ""request_procedure""}]",critical,,,,
R1BDBFC40C8BB,primary,expected_action,a6,"[{""code_or_concept"": ""ward"", ""tool"": ""disposition""}]",critical,,,,
R1BDBFC40C8BB,second,expected_action,a6,"[{""code_or_concept"": ""ward"", ""tool"": ""disposition""}]",critical,,,,
R1BDBFC40C8BB,consensus,expected_action,a6,"[{""code_or_concept"": ""ward"", ""tool"": ""disposition""}]",critical,,,,
R1BDBFC40C8BB,primary,safety,s1,Severe symptomatic anemia requires urgent assessment and transfusion strategy.,unspecified,,,,
R1BDBFC40C8BB,second,safety,s1,Severe symptomatic anemia requires urgent assessment and transfusion strategy.,unspecified,,,,
R1BDBFC40C8BB,consensus,safety,s1,Severe symptomatic anemia requires urgent assessment and transfusion strategy.,unspecified,,,,
R1BDBFC40C8BB,primary,safety,s2,Stop immune checkpoint therapy in life-threatening immune-mediated toxicity.,unspecified,,,,
R1BDBFC40C8BB,second,safety,s2,Stop immune checkpoint therapy in life-threatening immune-mediated toxicity.,unspecified,,,,
R1BDBFC40C8BB,consensus,safety,s2,Stop immune checkpoint therapy in life-threatening immune-mediated toxicity.,unspecified,,,,
R1BDBFC40C8BB,primary,safety,s3,Compatibility testing may be complicated by panreactive autoantibody.,unspecified,,,,
R1BDBFC40C8BB,second,safety,s3,Compatibility testing may be complicated by panreactive autoantibody.,unspecified,,,,
R1BDBFC40C8BB,consensus,safety,s3,Compatibility testing may be complicated by panreactive autoantibody.,unspecified,,,,
RB51EE1F8D028,primary,expected_action,a1,"[{""code_or_concept"": ""ct_chest"", ""tool"": ""request_imaging""}]",recommended,,,,
RB51EE1F8D028,second,expected_action,a1,"[{""code_or_concept"": ""ct_chest"", ""tool"": ""request_imaging""}]",recommended,,,,
RB51EE1F8D028,consensus,expected_action,a1,"[{""code_or_concept"": ""ct_chest"", ""tool"": ""request_imaging""}]",recommended,,,,
RB51EE1F8D028,primary,expected_action,a2,"[{""code_or_concept"": ""thoracentesis"", ""tool"": ""request_procedure""}]",critical,,,,
RB51EE1F8D028,second,expected_action,a2,"[{""code_or_concept"": ""thoracentesis"", ""tool"": ""request_procedure""}]",critical,,,,
RB51EE1F8D028,consensus,expected_action,a2,"[{""code_or_concept"": ""thoracentesis"", ""tool"": ""request_procedure""}]",critical,,,,
RB51EE1F8D028,primary,expected_action,a3,"[{""code_or_concept"": ""pleural_biopsy"", ""tool"": ""request_procedure""}]",recommended,,,,
RB51EE1F8D028,second,expected_action,a3,"[{""code_or_concept"": ""pleural_biopsy"", ""tool"": ""request_procedure""}]",recommended,,,,
RB51EE1F8D028,consensus,expected_action,a3,"[{""code_or_concept"": ""pleural_biopsy"", ""tool"": ""request_procedure""}]",recommended,,,,
RB51EE1F8D028,primary,expected_action,a4,"[{""code_or_concept"": ""tumor_genetics"", ""tool"": ""request_ecg_or_test""}]",recommended,,,,
RB51EE1F8D028,second,expected_action,a4,"[{""code_or_concept"": ""tumor_genetics"", ""tool"": ""request_ecg_or_test""}]",recommended,,,,
RB51EE1F8D028,consensus,expected_action,a4,"[{""code_or_concept"": ""tumor_genetics"", ""tool"": ""request_ecg_or_test""}]",recommended,,,,
RB51EE1F8D028,primary,safety,s1,Do not conclude mesothelioma from asbestos history and CT alone; obtain cytology and tissue with immunophenotyping.,unspecified,,,,
RB51EE1F8D028,second,safety,s1,Do not conclude mesothelioma from asbestos history and CT alone; obtain cytology and tissue with immunophenotyping.,unspecified,,,,
RB51EE1F8D028,consensus,safety,s1,Do not conclude mesothelioma from asbestos history and CT alone; obtain cytology and tissue with immunophenotyping.,unspecified,,,,
RB51EE1F8D028,primary,safety,s2,Account for baseline interstitial lung disease when weighing immunotherapy pneumonitis risk.,unspecified,,,,
RB51EE1F8D028,second,safety,s2,Account for baseline interstitial lung disease when weighing immunotherapy pneumonitis risk.,unspecified,,,,
RB51EE1F8D028,consensus,safety,s2,Account for baseline interstitial lung disease when weighing immunotherapy pneumonitis risk.,unspecified,,,,
R3394EE5712F6,primary,expected_action,a1,"[{""code_or_concept"": ""echo"", ""tool"": ""request_ecg_or_test""}]",critical,,,,
R3394EE5712F6,second,expected_action,a1,"[{""code_or_concept"": ""echo"", ""tool"": ""request_ecg_or_test""}]",critical,,,,
R3394EE5712F6,consensus,expected_action,a1,"[{""code_or_concept"": ""echo"", ""tool"": ""request_ecg_or_test""}]",critical,,,,
R3394EE5712F6,primary,expected_action,a2,"[{""code_or_concept"": ""pericardiocentesis"", ""tool"": ""request_procedure""}]",critical,,,,
R3394EE5712F6,second,expected_action,a2,"[{""code_or_concept"": ""pericardiocentesis"", ""tool"": ""request_procedure""}]",critical,,,,
R3394EE5712F6,consensus,expected_action,a2,"[{""code_or_concept"": ""pericardiocentesis"", ""tool"": ""request_procedure""}]",critical,,,,
R3394EE5712F6,primary,expected_action,a3,"[{""code_or_concept"": ""coronary_angiography"", ""tool"": ""request_imaging""}, {""code_or_concept"": ""coronary_angiography"", ""tool"": ""request_procedure""}]",critical,,,,
R3394EE5712F6,second,expected_action,a3,"[{""code_or_concept"": ""coronary_angiography"", ""tool"": ""request_imaging""}, {""code_or_concept"": ""coronary_angiography"", ""tool"": ""request_procedure""}]",critical,,,,
R3394EE5712F6,consensus,expected_action,a3,"[{""code_or_concept"": ""coronary_angiography"", ""tool"": ""request_imaging""}, {""code_or_concept"": ""coronary_angiography"", ""tool"": ""request_procedure""}]",critical,,,,
R3394EE5712F6,primary,expected_action,a4,"[{""code_or_concept"": ""covered_stent"", ""tool"": ""request_procedure""}]",optional,,,,
R3394EE5712F6,second,expected_action,a4,"[{""code_or_concept"": ""covered_stent"", ""tool"": ""request_procedure""}]",optional,,,,
R3394EE5712F6,consensus,expected_action,a4,"[{""code_or_concept"": ""covered_stent"", ""tool"": ""request_procedure""}]",optional,,,,
R3394EE5712F6,primary,expected_action,a5,"[{""code_or_concept"": ""antibiotics"", ""tool"": ""prescribe_medication""}]",critical,,,,
R3394EE5712F6,second,expected_action,a5,"[{""code_or_concept"": ""antibiotics"", ""tool"": ""prescribe_medication""}]",critical,,,,
R3394EE5712F6,consensus,expected_action,a5,"[{""code_or_concept"": ""antibiotics"", ""tool"": ""prescribe_medication""}]",critical,,,,
R3394EE5712F6,primary,expected_action,a6,"[{""code_or_concept"": ""ICU"", ""tool"": ""disposition""}, {""code_or_concept"": ""surgery"", ""tool"": ""disposition""}]",recommended,,,,
R3394EE5712F6,second,expected_action,a6,"[{""code_or_concept"": ""ICU"", ""tool"": ""disposition""}, {""code_or_concept"": ""surgery"", ""tool"": ""disposition""}]",recommended,,,,
R3394EE5712F6,consensus,expected_action,a6,"[{""code_or_concept"": ""ICU"", ""tool"": ""disposition""}, {""code_or_concept"": ""surgery"", ""tool"": ""disposition""}]",recommended,,,,
R3394EE5712F6,primary,safety,s1,Recognize tamponade and shock; urgent drainage.,unspecified,,,,
R3394EE5712F6,second,safety,s1,Recognize tamponade and shock; urgent drainage.,unspecified,,,,
R3394EE5712F6,consensus,safety,s1,Recognize tamponade and shock; urgent drainage.,unspecified,,,,
R3394EE5712F6,primary,safety,s2,Avoid delay in coronary and structural evaluation after stabilization.,unspecified,,,,
R3394EE5712F6,second,safety,s2,Avoid delay in coronary and structural evaluation after stabilization.,unspecified,,,,
R3394EE5712F6,consensus,safety,s2,Avoid delay in coronary and structural evaluation after stabilization.,unspecified,,,,
R3394EE5712F6,primary,safety,s3,Account for active infection and dialysis in medication and procedure decisions.,unspecified,,,,
R3394EE5712F6,second,safety,s3,Account for active infection and dialysis in medication and procedure decisions.,unspecified,,,,
R3394EE5712F6,consensus,safety,s3,Account for active infection and dialysis in medication and procedure decisions.,unspecified,,,,
RE347E044DAD8,primary,expected_action,a1,"[{""code_or_concept"": ""ct_abdomen"", ""tool"": ""request_imaging""}]",critical,,,,
RE347E044DAD8,second,expected_action,a1,"[{""code_or_concept"": ""ct_abdomen"", ""tool"": ""request_imaging""}]",critical,,,,
RE347E044DAD8,consensus,expected_action,a1,"[{""code_or_concept"": ""ct_abdomen"", ""tool"": ""request_imaging""}]",critical,,,,
RE347E044DAD8,primary,expected_action,a2,"[{""code_or_concept"": ""laparotomy"", ""tool"": ""request_procedure""}]",critical,,,,
RE347E044DAD8,second,expected_action,a2,"[{""code_or_concept"": ""laparotomy"", ""tool"": ""request_procedure""}]",critical,,,,
RE347E044DAD8,consensus,expected_action,a2,"[{""code_or_concept"": ""laparotomy"", ""tool"": ""request_procedure""}]",critical,,,,
RE347E044DAD8,primary,expected_action,a3,"[{""code_or_concept"": ""antibiotics"", ""tool"": ""prescribe_medication""}]",critical,,,,
RE347E044DAD8,second,expected_action,a3,"[{""code_or_concept"": ""antibiotics"", ""tool"": ""prescribe_medication""}]",critical,,,,
RE347E044DAD8,consensus,expected_action,a3,"[{""code_or_concept"": ""antibiotics"", ""tool"": ""prescribe_medication""}]",critical,,,,
RE347E044DAD8,primary,expected_action,a4,"[{""code_or_concept"": ""ICU"", ""tool"": ""disposition""}]",recommended,,,,
RE347E044DAD8,second,expected_action,a4,"[{""code_or_concept"": ""ICU"", ""tool"": ""disposition""}]",recommended,,,,
RE347E044DAD8,consensus,expected_action,a4,"[{""code_or_concept"": ""ICU"", ""tool"": ""disposition""}]",recommended,,,,
RE347E044DAD8,primary,safety,s1,Do not delay urgent source control for microbiology.,unspecified,,,,
RE347E044DAD8,second,safety,s1,Do not delay urgent source control for microbiology.,unspecified,,,,
RE347E044DAD8,consensus,safety,s1,Do not delay urgent source control for microbiology.,unspecified,,,,
RE347E044DAD8,primary,safety,s2,Research cfDNA result was retrospective and must not be given to the agent during acute management.,unspecified,,,,
RE347E044DAD8,second,safety,s2,Research cfDNA result was retrospective and must not be given to the agent during acute management.,unspecified,,,,
RE347E044DAD8,consensus,safety,s2,Research cfDNA result was retrospective and must not be given to the agent during acute management.,unspecified,,,,
RE0B9B3E41E4F,primary,expected_action,a1,"[{""code_or_concept"": ""ecg"", ""tool"": ""request_ecg_or_test""}]",critical,,,,
RE0B9B3E41E4F,second,expected_action,a1,"[{""code_or_concept"": ""ecg"", ""tool"": ""request_ecg_or_test""}]",critical,,,,
RE0B9B3E41E4F,consensus,expected_action,a1,"[{""code_or_concept"": ""ecg"", ""tool"": ""request_ecg_or_test""}]",critical,,,,
RE0B9B3E41E4F,primary,expected_action,a2,"[{""code_or_concept"": ""echo"", ""tool"": ""request_ecg_or_test""}]",critical,,,,
RE0B9B3E41E4F,second,expected_action,a2,"[{""code_or_concept"": ""echo"", ""tool"": ""request_ecg_or_test""}]",critical,,,,
RE0B9B3E41E4F,consensus,expected_action,a2,"[{""code_or_concept"": ""echo"", ""tool"": ""request_ecg_or_test""}]",critical,,,,
RE0B9B3E41E4F,primary,expected_action,a3,"[{""code_or_concept"": ""ctpa"", ""tool"": ""request_imaging""}]",recommended,,,,
RE0B9B3E41E4F,second,expected_action,a3,"[{""code_or_concept"": ""ctpa"", ""tool"": ""request_imaging""}]",recommended,,,,
RE0B9B3E41E4F,consensus,expected_action,a3,"[{""code_or_concept"": ""ctpa"", ""tool"": ""request_imaging""}]",recommended,,,,
RE0B9B3E41E4F,primary,expected_action,a4,"[{""code_or_concept"": ""cardiac_mri"", ""tool"": ""request_imaging""}]",recommended,,,,
RE0B9B3E41E4F,second,expected_action,a4,"[{""code_or_concept"": ""cardiac_mri"", ""tool"": ""request_imaging""}]",recommended,,,,
RE0B9B3E41E4F,consensus,expected_action,a4,"[{""code_or_concept"": ""cardiac_mri"", ""tool"": ""request_imaging""}]",recommended,,,,
RE0B9B3E41E4F,primary,expected_action,a5,"[{""code_or_concept"": ""pacemaker"", ""tool"": ""request_procedure""}]",critical,,,,
RE0B9B3E41E4F,second,expected_action,a5,"[{""code_or_concept"": ""pacemaker"", ""tool"": ""request_procedure""}]",critical,,,,
RE0B9B3E41E4F,consensus,expected_action,a5,"[{""code_or_concept"": ""pacemaker"", ""tool"": ""request_procedure""}]",critical,,,,
RE0B9B3E41E4F,primary,expected_action,a6,"[{""code_or_concept"": ""ward"", ""tool"": ""disposition""}]",recommended,,,,
RE0B9B3E41E4F,second,expected_action,a6,"[{""code_or_concept"": ""ward"", ""tool"": ""disposition""}]",recommended,,,,
RE0B9B3E41E4F,consensus,expected_action,a6,"[{""code_or_concept"": ""ward"", ""tool"": ""disposition""}]",recommended,,,,
RE0B9B3E41E4F,primary,safety,s1,Symptomatic bradycardia and AV block need prompt stabilization and pacing assessment.,unspecified,,,,
RE0B9B3E41E4F,second,safety,s1,Symptomatic bradycardia and AV block need prompt stabilization and pacing assessment.,unspecified,,,,
RE0B9B3E41E4F,consensus,safety,s1,Symptomatic bradycardia and AV block need prompt stabilization and pacing assessment.,unspecified,,,,
RE0B9B3E41E4F,primary,safety,s2,Do not diagnose PE solely from elevated D-dimer.,unspecified,,,,
RE0B9B3E41E4F,second,safety,s2,Do not diagnose PE solely from elevated D-dimer.,unspecified,,,,
RE0B9B3E41E4F,consensus,safety,s2,Do not diagnose PE solely from elevated D-dimer.,unspecified,,,,
RE0B9B3E41E4F,primary,safety,s3,Anticoagulation decision with atrial standstill requires explicit individualized assessment.,unspecified,,,,
RE0B9B3E41E4F,second,safety,s3,Anticoagulation decision with atrial standstill requires explicit individualized assessment.,unspecified,,,,
RE0B9B3E41E4F,consensus,safety,s3,Anticoagulation decision with atrial standstill requires explicit individualized assessment.,unspecified,,,,
R5F682D8C56EF,primary,expected_action,a1,"[{""code_or_concept"": ""adrenal_hormones"", ""tool"": ""request_lab""}]",critical,,,,
R5F682D8C56EF,second,expected_action,a1,"[{""code_or_concept"": ""adrenal_hormones"", ""tool"": ""request_lab""}]",critical,,,,
R5F682D8C56EF,consensus,expected_action,a1,"[{""code_or_concept"": ""adrenal_hormones"", ""tool"": ""request_lab""}]",critical,,,,
R5F682D8C56EF,primary,expected_action,a2,"[{""code_or_concept"": ""adrenal_ct"", ""tool"": ""request_imaging""}]",recommended,,,,
R5F682D8C56EF,second,expected_action,a2,"[{""code_or_concept"": ""adrenal_ct"", ""tool"": ""request_imaging""}]",recommended,,,,
R5F682D8C56EF,consensus,expected_action,a2,"[{""code_or_concept"": ""adrenal_ct"", ""tool"": ""request_imaging""}]",recommended,,,,
R5F682D8C56EF,primary,expected_action,a3,"[{""code_or_concept"": ""adrenal_biopsy"", ""tool"": ""request_procedure""}]",optional,,,,
R5F682D8C56EF,second,expected_action,a3,"[{""code_or_concept"": ""adrenal_biopsy"", ""tool"": ""request_procedure""}]",optional,,,,
R5F682D8C56EF,consensus,expected_action,a3,"[{""code_or_concept"": ""adrenal_biopsy"", ""tool"": ""request_procedure""}]",optional,,,,
R5F682D8C56EF,primary,expected_action,a4,"[{""code_or_concept"": ""adrenal_tb_pcr"", ""tool"": ""request_microbiology""}]",optional,,,,
R5F682D8C56EF,second,expected_action,a4,"[{""code_or_concept"": ""adrenal_tb_pcr"", ""tool"": ""request_microbiology""}]",optional,,,,
R5F682D8C56EF,consensus,expected_action,a4,"[{""code_or_concept"": ""adrenal_tb_pcr"", ""tool"": ""request_microbiology""}]",optional,,,,
R5F682D8C56EF,primary,expected_action,a5,"[{""code_or_concept"": ""hydrocortisone"", ""tool"": ""prescribe_medication""}]",critical,,,,
R5F682D8C56EF,second,expected_action,a5,"[{""code_or_concept"": ""hydrocortisone"", ""tool"": ""prescribe_medication""}]",critical,,,,
R5F682D8C56EF,consensus,expected_action,a5,"[{""code_or_concept"": ""hydrocortisone"", ""tool"": ""prescribe_medication""}]",critical,,,,
R5F682D8C56EF,primary,safety,s1,Recognize primary adrenal insufficiency and risk of adrenal crisis under stress.,unspecified,,,,
R5F682D8C56EF,second,safety,s1,Recognize primary adrenal insufficiency and risk of adrenal crisis under stress.,unspecified,,,,
R5F682D8C56EF,consensus,safety,s1,Recognize primary adrenal insufficiency and risk of adrenal crisis under stress.,unspecified,,,,
R5F682D8C56EF,primary,safety,s2,Do not assume negative acid-fast stain excludes tuberculosis.,unspecified,,,,
R5F682D8C56EF,second,safety,s2,Do not assume negative acid-fast stain excludes tuberculosis.,unspecified,,,,
R5F682D8C56EF,consensus,safety,s2,Do not assume negative acid-fast stain excludes tuberculosis.,unspecified,,,,
R5F682D8C56EF,primary,safety,s3,Antituberculous regimen in source is descriptive; independent guideline review is needed before rating as standard.,unspecified,,,,
R5F682D8C56EF,second,safety,s3,Antituberculous regimen in source is descriptive; independent guideline review is needed before rating as standard.,unspecified,,,,
R5F682D8C56EF,consensus,safety,s3,Antituberculous regimen in source is descriptive; independent guideline review is needed before rating as standard.,unspecified,,,,
R5F682D8C56EF,primary,safety,s4,"Before adrenal biopsy, assess hormonal activity and exclude pheochromocytoma; if the source does not report this, mark unknown rather than safe by default.",unspecified,,,,
R5F682D8C56EF,second,safety,s4,"Before adrenal biopsy, assess hormonal activity and exclude pheochromocytoma; if the source does not report this, mark unknown rather than safe by default.",unspecified,,,,
R5F682D8C56EF,consensus,safety,s4,"Before adrenal biopsy, assess hormonal activity and exclude pheochromocytoma; if the source does not report this, mark unknown rather than safe by default.",unspecified,,,,
RF8C88224E1CF,primary,expected_action,a1,"[{""code_or_concept"": ""ct_abdomen"", ""tool"": ""request_imaging""}]",critical,,,,
RF8C88224E1CF,second,expected_action,a1,"[{""code_or_concept"": ""ct_abdomen"", ""tool"": ""request_imaging""}]",critical,,,,
RF8C88224E1CF,consensus,expected_action,a1,"[{""code_or_concept"": ""ct_abdomen"", ""tool"": ""request_imaging""}]",critical,,,,
RF8C88224E1CF,primary,expected_action,a2,"[{""code_or_concept"": ""laparotomy"", ""tool"": ""request_procedure""}]",critical,,,,
RF8C88224E1CF,second,expected_action,a2,"[{""code_or_concept"": ""laparotomy"", ""tool"": ""request_procedure""}]",critical,,,,
RF8C88224E1CF,consensus,expected_action,a2,"[{""code_or_concept"": ""laparotomy"", ""tool"": ""request_procedure""}]",critical,,,,
RF8C88224E1CF,primary,expected_action,a3,"[{""code_or_concept"": ""antibiotics"", ""tool"": ""prescribe_medication""}]",critical,,,,
RF8C88224E1CF,second,expected_action,a3,"[{""code_or_concept"": ""antibiotics"", ""tool"": ""prescribe_medication""}]",critical,,,,
RF8C88224E1CF,consensus,expected_action,a3,"[{""code_or_concept"": ""antibiotics"", ""tool"": ""prescribe_medication""}]",critical,,,,
RF8C88224E1CF,primary,expected_action,a4,"[{""code_or_concept"": ""ICU"", ""tool"": ""disposition""}]",recommended,,,,
RF8C88224E1CF,second,expected_action,a4,"[{""code_or_concept"": ""ICU"", ""tool"": ""disposition""}]",recommended,,,,
RF8C88224E1CF,consensus,expected_action,a4,"[{""code_or_concept"": ""ICU"", ""tool"": ""disposition""}]",recommended,,,,
RF8C88224E1CF,primary,safety,s1,Do not delay urgent source control for microbiology.,unspecified,,,,
RF8C88224E1CF,second,safety,s1,Do not delay urgent source control for microbiology.,unspecified,,,,
RF8C88224E1CF,consensus,safety,s1,Do not delay urgent source control for microbiology.,unspecified,,,,
RF8C88224E1CF,primary,safety,s2,Research cfDNA result was retrospective and must not be given to the agent during acute management.,unspecified,,,,
RF8C88224E1CF,second,safety,s2,Research cfDNA result was retrospective and must not be given to the agent during acute management.,unspecified,,,,
RF8C88224E1CF,consensus,safety,s2,Research cfDNA result was retrospective and must not be given to the agent during acute management.,unspecified,,,,
R25C58E4439BE,primary,expected_action,a1,"[{""code_or_concept"": ""echo"", ""tool"": ""request_ecg_or_test""}]",critical,,,,
R25C58E4439BE,second,expected_action,a1,"[{""code_or_concept"": ""echo"", ""tool"": ""request_ecg_or_test""}]",critical,,,,
R25C58E4439BE,consensus,expected_action,a1,"[{""code_or_concept"": ""echo"", ""tool"": ""request_ecg_or_test""}]",critical,,,,
R25C58E4439BE,primary,expected_action,a2,"[{""code_or_concept"": ""pericardiocentesis"", ""tool"": ""request_procedure""}]",critical,,,,
R25C58E4439BE,second,expected_action,a2,"[{""code_or_concept"": ""pericardiocentesis"", ""tool"": ""request_procedure""}]",critical,,,,
R25C58E4439BE,consensus,expected_action,a2,"[{""code_or_concept"": ""pericardiocentesis"", ""tool"": ""request_procedure""}]",critical,,,,
R25C58E4439BE,primary,expected_action,a3,"[{""code_or_concept"": ""coronary_angiography"", ""tool"": ""request_imaging""}, {""code_or_concept"": ""coronary_angiography"", ""tool"": ""request_procedure""}]",critical,,,,
R25C58E4439BE,second,expected_action,a3,"[{""code_or_concept"": ""coronary_angiography"", ""tool"": ""request_imaging""}, {""code_or_concept"": ""coronary_angiography"", ""tool"": ""request_procedure""}]",critical,,,,
R25C58E4439BE,consensus,expected_action,a3,"[{""code_or_concept"": ""coronary_angiography"", ""tool"": ""request_imaging""}, {""code_or_concept"": ""coronary_angiography"", ""tool"": ""request_procedure""}]",critical,,,,
R25C58E4439BE,primary,expected_action,a4,"[{""code_or_concept"": ""covered_stent"", ""tool"": ""request_procedure""}]",optional,,,,
R25C58E4439BE,second,expected_action,a4,"[{""code_or_concept"": ""covered_stent"", ""tool"": ""request_procedure""}]",optional,,,,
R25C58E4439BE,consensus,expected_action,a4,"[{""code_or_concept"": ""covered_stent"", ""tool"": ""request_procedure""}]",optional,,,,
R25C58E4439BE,primary,expected_action,a5,"[{""code_or_concept"": ""antibiotics"", ""tool"": ""prescribe_medication""}]",critical,,,,
R25C58E4439BE,second,expected_action,a5,"[{""code_or_concept"": ""antibiotics"", ""tool"": ""prescribe_medication""}]",critical,,,,
R25C58E4439BE,consensus,expected_action,a5,"[{""code_or_concept"": ""antibiotics"", ""tool"": ""prescribe_medication""}]",critical,,,,
R25C58E4439BE,primary,expected_action,a6,"[{""code_or_concept"": ""ICU"", ""tool"": ""disposition""}, {""code_or_concept"": ""surgery"", ""tool"": ""disposition""}]",recommended,,,,
R25C58E4439BE,second,expected_action,a6,"[{""code_or_concept"": ""ICU"", ""tool"": ""disposition""}, {""code_or_concept"": ""surgery"", ""tool"": ""disposition""}]",recommended,,,,
R25C58E4439BE,consensus,expected_action,a6,"[{""code_or_concept"": ""ICU"", ""tool"": ""disposition""}, {""code_or_concept"": ""surgery"", ""tool"": ""disposition""}]",recommended,,,,
R25C58E4439BE,primary,safety,s1,Recognize tamponade and shock; urgent drainage.,unspecified,,,,
R25C58E4439BE,second,safety,s1,Recognize tamponade and shock; urgent drainage.,unspecified,,,,
R25C58E4439BE,consensus,safety,s1,Recognize tamponade and shock; urgent drainage.,unspecified,,,,
R25C58E4439BE,primary,safety,s2,Avoid delay in coronary and structural evaluation after stabilization.,unspecified,,,,
R25C58E4439BE,second,safety,s2,Avoid delay in coronary and structural evaluation after stabilization.,unspecified,,,,
R25C58E4439BE,consensus,safety,s2,Avoid delay in coronary and structural evaluation after stabilization.,unspecified,,,,
R25C58E4439BE,primary,safety,s3,Account for active infection and dialysis in medication and procedure decisions.,unspecified,,,,
R25C58E4439BE,second,safety,s3,Account for active infection and dialysis in medication and procedure decisions.,unspecified,,,,
R25C58E4439BE,consensus,safety,s3,Account for active infection and dialysis in medication and procedure decisions.,unspecified,,,,
R7CB9A60A5968,primary,expected_action,a1,"[{""code_or_concept"": ""ct_chest"", ""tool"": ""request_imaging""}]",recommended,,,,
R7CB9A60A5968,second,expected_action,a1,"[{""code_or_concept"": ""ct_chest"", ""tool"": ""request_imaging""}]",recommended,,,,
R7CB9A60A5968,consensus,expected_action,a1,"[{""code_or_concept"": ""ct_chest"", ""tool"": ""request_imaging""}]",recommended,,,,
R7CB9A60A5968,primary,expected_action,a2,"[{""code_or_concept"": ""thoracentesis"", ""tool"": ""request_procedure""}]",critical,,,,
R7CB9A60A5968,second,expected_action,a2,"[{""code_or_concept"": ""thoracentesis"", ""tool"": ""request_procedure""}]",critical,,,,
R7CB9A60A5968,consensus,expected_action,a2,"[{""code_or_concept"": ""thoracentesis"", ""tool"": ""request_procedure""}]",critical,,,,
R7CB9A60A5968,primary,expected_action,a3,"[{""code_or_concept"": ""pleural_biopsy"", ""tool"": ""request_procedure""}]",recommended,,,,
R7CB9A60A5968,second,expected_action,a3,"[{""code_or_concept"": ""pleural_biopsy"", ""tool"": ""request_procedure""}]",recommended,,,,
R7CB9A60A5968,consensus,expected_action,a3,"[{""code_or_concept"": ""pleural_biopsy"", ""tool"": ""request_procedure""}]",recommended,,,,
R7CB9A60A5968,primary,expected_action,a4,"[{""code_or_concept"": ""tumor_genetics"", ""tool"": ""request_ecg_or_test""}]",recommended,,,,
R7CB9A60A5968,second,expected_action,a4,"[{""code_or_concept"": ""tumor_genetics"", ""tool"": ""request_ecg_or_test""}]",recommended,,,,
R7CB9A60A5968,consensus,expected_action,a4,"[{""code_or_concept"": ""tumor_genetics"", ""tool"": ""request_ecg_or_test""}]",recommended,,,,
R7CB9A60A5968,primary,safety,s1,Do not conclude mesothelioma from asbestos history and CT alone; obtain cytology and tissue with immunophenotyping.,unspecified,,,,
R7CB9A60A5968,second,safety,s1,Do not conclude mesothelioma from asbestos history and CT alone; obtain cytology and tissue with immunophenotyping.,unspecified,,,,
R7CB9A60A5968,consensus,safety,s1,Do not conclude mesothelioma from asbestos history and CT alone; obtain cytology and tissue with immunophenotyping.,unspecified,,,,
R7CB9A60A5968,primary,safety,s2,Account for baseline interstitial lung disease when weighing immunotherapy pneumonitis risk.,unspecified,,,,
R7CB9A60A5968,second,safety,s2,Account for baseline interstitial lung disease when weighing immunotherapy pneumonitis risk.,unspecified,,,,
R7CB9A60A5968,consensus,safety,s2,Account for baseline interstitial lung disease when weighing immunotherapy pneumonitis risk.,unspecified,,,,
R7E5F53D97D6C,primary,expected_action,a1,"[{""code_or_concept"": ""neurologic"", ""tool"": ""request_physical_exam""}]",critical,,,,
R7E5F53D97D6C,second,expected_action,a1,"[{""code_or_concept"": ""neurologic"", ""tool"": ""request_physical_exam""}]",critical,,,,
R7E5F53D97D6C,consensus,expected_action,a1,"[{""code_or_concept"": ""neurologic"", ""tool"": ""request_physical_exam""}]",critical,,,,
R7E5F53D97D6C,primary,expected_action,a2,"[{""code_or_concept"": ""spine_mri"", ""tool"": ""request_imaging""}]",critical,,,,
R7E5F53D97D6C,second,expected_action,a2,"[{""code_or_concept"": ""spine_mri"", ""tool"": ""request_imaging""}]",critical,,,,
R7E5F53D97D6C,consensus,expected_action,a2,"[{""code_or_concept"": ""spine_mri"", ""tool"": ""request_imaging""}]",critical,,,,
R7E5F53D97D6C,primary,expected_action,a3,"[{""code_or_concept"": ""hematoma_evacuation"", ""tool"": ""request_procedure""}]",critical,,,,
R7E5F53D97D6C,second,expected_action,a3,"[{""code_or_concept"": ""hematoma_evacuation"", ""tool"": ""request_procedure""}]",critical,,,,
R7E5F53D97D6C,consensus,expected_action,a3,"[{""code_or_concept"": ""hematoma_evacuation"", ""tool"": ""request_procedure""}]",critical,,,,
R7E5F53D97D6C,primary,expected_action,a4,"[{""code_or_concept"": ""surgery"", ""tool"": ""disposition""}]",critical,,,,
R7E5F53D97D6C,second,expected_action,a4,"[{""code_or_concept"": ""surgery"", ""tool"": ""disposition""}]",critical,,,,
R7E5F53D97D6C,consensus,expected_action,a4,"[{""code_or_concept"": ""surgery"", ""tool"": ""disposition""}]",critical,,,,
R7E5F53D97D6C,primary,safety,s1,Treat evolving paraplegia and sphincter dysfunction as spinal emergency.,unspecified,,,,
R7E5F53D97D6C,second,safety,s1,Treat evolving paraplegia and sphincter dysfunction as spinal emergency.,unspecified,,,,
R7E5F53D97D6C,consensus,safety,s1,Treat evolving paraplegia and sphincter dysfunction as spinal emergency.,unspecified,,,,
R7E5F53D97D6C,primary,safety,s2,Urgent spine MRI and neurosurgical consultation.,unspecified,,,,
R7E5F53D97D6C,second,safety,s2,Urgent spine MRI and neurosurgical consultation.,unspecified,,,,
R7E5F53D97D6C,consensus,safety,s2,Urgent spine MRI and neurosurgical consultation.,unspecified,,,,
R7E5F53D97D6C,primary,safety,s3,Avoid empiric thrombolysis for presumed stroke without localization; anticoagulation may worsen hematoma.,unspecified,,,,
R7E5F53D97D6C,second,safety,s3,Avoid empiric thrombolysis for presumed stroke without localization; anticoagulation may worsen hematoma.,unspecified,,,,
R7E5F53D97D6C,consensus,safety,s3,Avoid empiric thrombolysis for presumed stroke without localization; anticoagulation may worsen hematoma.,unspecified,,,,
RF8753395E711,primary,expected_action,a1,"[{""code_or_concept"": ""ecg"", ""tool"": ""request_ecg_or_test""}]",critical,,,,
RF8753395E711,second,expected_action,a1,"[{""code_or_concept"": ""ecg"", ""tool"": ""request_ecg_or_test""}]",critical,,,,
RF8753395E711,consensus,expected_action,a1,"[{""code_or_concept"": ""ecg"", ""tool"": ""request_ecg_or_test""}]",critical,,,,
RF8753395E711,primary,expected_action,a2,"[{""code_or_concept"": ""echo"", ""tool"": ""request_ecg_or_test""}]",critical,,,,
RF8753395E711,second,expected_action,a2,"[{""code_or_concept"": ""echo"", ""tool"": ""request_ecg_or_test""}]",critical,,,,
RF8753395E711,consensus,expected_action,a2,"[{""code_or_concept"": ""echo"", ""tool"": ""request_ecg_or_test""}]",critical,,,,
RF8753395E711,primary,expected_action,a3,"[{""code_or_concept"": ""ctpa"", ""tool"": ""request_imaging""}]",recommended,,,,
RF8753395E711,second,expected_action,a3,"[{""code_or_concept"": ""ctpa"", ""tool"": ""request_imaging""}]",recommended,,,,
RF8753395E711,consensus,expected_action,a3,"[{""code_or_concept"": ""ctpa"", ""tool"": ""request_imaging""}]",recommended,,,,
RF8753395E711,primary,expected_action,a4,"[{""code_or_concept"": ""cardiac_mri"", ""tool"": ""request_imaging""}]",recommended,,,,
RF8753395E711,second,expected_action,a4,"[{""code_or_concept"": ""cardiac_mri"", ""tool"": ""request_imaging""}]",recommended,,,,
RF8753395E711,consensus,expected_action,a4,"[{""code_or_concept"": ""cardiac_mri"", ""tool"": ""request_imaging""}]",recommended,,,,
RF8753395E711,primary,expected_action,a5,"[{""code_or_concept"": ""pacemaker"", ""tool"": ""request_procedure""}]",critical,,,,
RF8753395E711,second,expected_action,a5,"[{""code_or_concept"": ""pacemaker"", ""tool"": ""request_procedure""}]",critical,,,,
RF8753395E711,consensus,expected_action,a5,"[{""code_or_concept"": ""pacemaker"", ""tool"": ""request_procedure""}]",critical,,,,
RF8753395E711,primary,expected_action,a6,"[{""code_or_concept"": ""ward"", ""tool"": ""disposition""}]",recommended,,,,
RF8753395E711,second,expected_action,a6,"[{""code_or_concept"": ""ward"", ""tool"": ""disposition""}]",recommended,,,,
RF8753395E711,consensus,expected_action,a6,"[{""code_or_concept"": ""ward"", ""tool"": ""disposition""}]",recommended,,,,
RF8753395E711,primary,safety,s1,Symptomatic bradycardia and AV block need prompt stabilization and pacing assessment.,unspecified,,,,
RF8753395E711,second,safety,s1,Symptomatic bradycardia and AV block need prompt stabilization and pacing assessment.,unspecified,,,,
RF8753395E711,consensus,safety,s1,Symptomatic bradycardia and AV block need prompt stabilization and pacing assessment.,unspecified,,,,
RF8753395E711,primary,safety,s2,Do not diagnose PE solely from elevated D-dimer.,unspecified,,,,
RF8753395E711,second,safety,s2,Do not diagnose PE solely from elevated D-dimer.,unspecified,,,,
RF8753395E711,consensus,safety,s2,Do not diagnose PE solely from elevated D-dimer.,unspecified,,,,
RF8753395E711,primary,safety,s3,Anticoagulation decision with atrial standstill requires explicit individualized assessment.,unspecified,,,,
RF8753395E711,second,safety,s3,Anticoagulation decision with atrial standstill requires explicit individualized assessment.,unspecified,,,,
RF8753395E711,consensus,safety,s3,Anticoagulation decision with atrial standstill requires explicit individualized assessment.,unspecified,,,,
R875E786A7415,primary,expected_action,a1,"[{""code_or_concept"": ""ct_chest"", ""tool"": ""request_imaging""}]",recommended,,,,
R875E786A7415,second,expected_action,a1,"[{""code_or_concept"": ""ct_chest"", ""tool"": ""request_imaging""}]",recommended,,,,
R875E786A7415,consensus,expected_action,a1,"[{""code_or_concept"": ""ct_chest"", ""tool"": ""request_imaging""}]",recommended,,,,
R875E786A7415,primary,expected_action,a2,"[{""code_or_concept"": ""thoracentesis"", ""tool"": ""request_procedure""}]",critical,,,,
R875E786A7415,second,expected_action,a2,"[{""code_or_concept"": ""thoracentesis"", ""tool"": ""request_procedure""}]",critical,,,,
R875E786A7415,consensus,expected_action,a2,"[{""code_or_concept"": ""thoracentesis"", ""tool"": ""request_procedure""}]",critical,,,,
R875E786A7415,primary,expected_action,a3,"[{""code_or_concept"": ""pleural_biopsy"", ""tool"": ""request_procedure""}]",recommended,,,,
R875E786A7415,second,expected_action,a3,"[{""code_or_concept"": ""pleural_biopsy"", ""tool"": ""request_procedure""}]",recommended,,,,
R875E786A7415,consensus,expected_action,a3,"[{""code_or_concept"": ""pleural_biopsy"", ""tool"": ""request_procedure""}]",recommended,,,,
R875E786A7415,primary,expected_action,a4,"[{""code_or_concept"": ""tumor_genetics"", ""tool"": ""request_ecg_or_test""}]",recommended,,,,
R875E786A7415,second,expected_action,a4,"[{""code_or_concept"": ""tumor_genetics"", ""tool"": ""request_ecg_or_test""}]",recommended,,,,
R875E786A7415,consensus,expected_action,a4,"[{""code_or_concept"": ""tumor_genetics"", ""tool"": ""request_ecg_or_test""}]",recommended,,,,
R875E786A7415,primary,safety,s1,Do not conclude mesothelioma from asbestos history and CT alone; obtain cytology and tissue with immunophenotyping.,unspecified,,,,
R875E786A7415,second,safety,s1,Do not conclude mesothelioma from asbestos history and CT alone; obtain cytology and tissue with immunophenotyping.,unspecified,,,,
R875E786A7415,consensus,safety,s1,Do not conclude mesothelioma from asbestos history and CT alone; obtain cytology and tissue with immunophenotyping.,unspecified,,,,
R875E786A7415,primary,safety,s2,Account for baseline interstitial lung disease when weighing immunotherapy pneumonitis risk.,unspecified,,,,
R875E786A7415,second,safety,s2,Account for baseline interstitial lung disease when weighing immunotherapy pneumonitis risk.,unspecified,,,,
R875E786A7415,consensus,safety,s2,Account for baseline interstitial lung disease when weighing immunotherapy pneumonitis risk.,unspecified,,,,
R323C2C3EF91A,primary,expected_action,a1,"[{""code_or_concept"": ""ct_abdomen"", ""tool"": ""request_imaging""}]",critical,,,,
R323C2C3EF91A,second,expected_action,a1,"[{""code_or_concept"": ""ct_abdomen"", ""tool"": ""request_imaging""}]",critical,,,,
R323C2C3EF91A,consensus,expected_action,a1,"[{""code_or_concept"": ""ct_abdomen"", ""tool"": ""request_imaging""}]",critical,,,,
R323C2C3EF91A,primary,expected_action,a2,"[{""code_or_concept"": ""laparotomy"", ""tool"": ""request_procedure""}]",critical,,,,
R323C2C3EF91A,second,expected_action,a2,"[{""code_or_concept"": ""laparotomy"", ""tool"": ""request_procedure""}]",critical,,,,
R323C2C3EF91A,consensus,expected_action,a2,"[{""code_or_concept"": ""laparotomy"", ""tool"": ""request_procedure""}]",critical,,,,
R323C2C3EF91A,primary,expected_action,a3,"[{""code_or_concept"": ""antibiotics"", ""tool"": ""prescribe_medication""}]",critical,,,,
R323C2C3EF91A,second,expected_action,a3,"[{""code_or_concept"": ""antibiotics"", ""tool"": ""prescribe_medication""}]",critical,,,,
R323C2C3EF91A,consensus,expected_action,a3,"[{""code_or_concept"": ""antibiotics"", ""tool"": ""prescribe_medication""}]",critical,,,,
R323C2C3EF91A,primary,expected_action,a4,"[{""code_or_concept"": ""ICU"", ""tool"": ""disposition""}]",recommended,,,,
R323C2C3EF91A,second,expected_action,a4,"[{""code_or_concept"": ""ICU"", ""tool"": ""disposition""}]",recommended,,,,
R323C2C3EF91A,consensus,expected_action,a4,"[{""code_or_concept"": ""ICU"", ""tool"": ""disposition""}]",recommended,,,,
R323C2C3EF91A,primary,safety,s1,Do not delay urgent source control for microbiology.,unspecified,,,,
R323C2C3EF91A,second,safety,s1,Do not delay urgent source control for microbiology.,unspecified,,,,
R323C2C3EF91A,consensus,safety,s1,Do not delay urgent source control for microbiology.,unspecified,,,,
R323C2C3EF91A,primary,safety,s2,Research cfDNA result was retrospective and must not be given to the agent during acute management.,unspecified,,,,
R323C2C3EF91A,second,safety,s2,Research cfDNA result was retrospective and must not be given to the agent during acute management.,unspecified,,,,
R323C2C3EF91A,consensus,safety,s2,Research cfDNA result was retrospective and must not be given to the agent during acute management.,unspecified,,,,
RAFD43375734A,primary,expected_action,a1,"[{""code_or_concept"": ""ecg"", ""tool"": ""request_ecg_or_test""}]",critical,,,,
RAFD43375734A,second,expected_action,a1,"[{""code_or_concept"": ""ecg"", ""tool"": ""request_ecg_or_test""}]",critical,,,,
RAFD43375734A,consensus,expected_action,a1,"[{""code_or_concept"": ""ecg"", ""tool"": ""request_ecg_or_test""}]",critical,,,,
RAFD43375734A,primary,expected_action,a2,"[{""code_or_concept"": ""echo"", ""tool"": ""request_ecg_or_test""}]",critical,,,,
RAFD43375734A,second,expected_action,a2,"[{""code_or_concept"": ""echo"", ""tool"": ""request_ecg_or_test""}]",critical,,,,
RAFD43375734A,consensus,expected_action,a2,"[{""code_or_concept"": ""echo"", ""tool"": ""request_ecg_or_test""}]",critical,,,,
RAFD43375734A,primary,expected_action,a3,"[{""code_or_concept"": ""ctpa"", ""tool"": ""request_imaging""}]",recommended,,,,
RAFD43375734A,second,expected_action,a3,"[{""code_or_concept"": ""ctpa"", ""tool"": ""request_imaging""}]",recommended,,,,
RAFD43375734A,consensus,expected_action,a3,"[{""code_or_concept"": ""ctpa"", ""tool"": ""request_imaging""}]",recommended,,,,
RAFD43375734A,primary,expected_action,a4,"[{""code_or_concept"": ""cardiac_mri"", ""tool"": ""request_imaging""}]",recommended,,,,
RAFD43375734A,second,expected_action,a4,"[{""code_or_concept"": ""cardiac_mri"", ""tool"": ""request_imaging""}]",recommended,,,,
RAFD43375734A,consensus,expected_action,a4,"[{""code_or_concept"": ""cardiac_mri"", ""tool"": ""request_imaging""}]",recommended,,,,
RAFD43375734A,primary,expected_action,a5,"[{""code_or_concept"": ""pacemaker"", ""tool"": ""request_procedure""}]",critical,,,,
RAFD43375734A,second,expected_action,a5,"[{""code_or_concept"": ""pacemaker"", ""tool"": ""request_procedure""}]",critical,,,,
RAFD43375734A,consensus,expected_action,a5,"[{""code_or_concept"": ""pacemaker"", ""tool"": ""request_procedure""}]",critical,,,,
RAFD43375734A,primary,expected_action,a6,"[{""code_or_concept"": ""ward"", ""tool"": ""disposition""}]",recommended,,,,
RAFD43375734A,second,expected_action,a6,"[{""code_or_concept"": ""ward"", ""tool"": ""disposition""}]",recommended,,,,
RAFD43375734A,consensus,expected_action,a6,"[{""code_or_concept"": ""ward"", ""tool"": ""disposition""}]",recommended,,,,
RAFD43375734A,primary,safety,s1,Symptomatic bradycardia and AV block need prompt stabilization and pacing assessment.,unspecified,,,,
RAFD43375734A,second,safety,s1,Symptomatic bradycardia and AV block need prompt stabilization and pacing assessment.,unspecified,,,,
RAFD43375734A,consensus,safety,s1,Symptomatic bradycardia and AV block need prompt stabilization and pacing assessment.,unspecified,,,,
RAFD43375734A,primary,safety,s2,Do not diagnose PE solely from elevated D-dimer.,unspecified,,,,
RAFD43375734A,second,safety,s2,Do not diagnose PE solely from elevated D-dimer.,unspecified,,,,
RAFD43375734A,consensus,safety,s2,Do not diagnose PE solely from elevated D-dimer.,unspecified,,,,
RAFD43375734A,primary,safety,s3,Anticoagulation decision with atrial standstill requires explicit individualized assessment.,unspecified,,,,
RAFD43375734A,second,safety,s3,Anticoagulation decision with atrial standstill requires explicit individualized assessment.,unspecified,,,,
RAFD43375734A,consensus,safety,s3,Anticoagulation decision with atrial standstill requires explicit individualized assessment.,unspecified,,,,
RCB226ED29F68,primary,expected_action,a1,"[{""code_or_concept"": ""neurologic"", ""tool"": ""request_physical_exam""}]",critical,,,,
RCB226ED29F68,second,expected_action,a1,"[{""code_or_concept"": ""neurologic"", ""tool"": ""request_physical_exam""}]",critical,,,,
RCB226ED29F68,consensus,expected_action,a1,"[{""code_or_concept"": ""neurologic"", ""tool"": ""request_physical_exam""}]",critical,,,,
RCB226ED29F68,primary,expected_action,a2,"[{""code_or_concept"": ""spine_mri"", ""tool"": ""request_imaging""}]",critical,,,,
RCB226ED29F68,second,expected_action,a2,"[{""code_or_concept"": ""spine_mri"", ""tool"": ""request_imaging""}]",critical,,,,
RCB226ED29F68,consensus,expected_action,a2,"[{""code_or_concept"": ""spine_mri"", ""tool"": ""request_imaging""}]",critical,,,,
RCB226ED29F68,primary,expected_action,a3,"[{""code_or_concept"": ""hematoma_evacuation"", ""tool"": ""request_procedure""}]",critical,,,,
RCB226ED29F68,second,expected_action,a3,"[{""code_or_concept"": ""hematoma_evacuation"", ""tool"": ""request_procedure""}]",critical,,,,
RCB226ED29F68,consensus,expected_action,a3,"[{""code_or_concept"": ""hematoma_evacuation"", ""tool"": ""request_procedure""}]",critical,,,,
RCB226ED29F68,primary,expected_action,a4,"[{""code_or_concept"": ""surgery"", ""tool"": ""disposition""}]",critical,,,,
RCB226ED29F68,second,expected_action,a4,"[{""code_or_concept"": ""surgery"", ""tool"": ""disposition""}]",critical,,,,
RCB226ED29F68,consensus,expected_action,a4,"[{""code_or_concept"": ""surgery"", ""tool"": ""disposition""}]",critical,,,,
RCB226ED29F68,primary,safety,s1,Treat evolving paraplegia and sphincter dysfunction as spinal emergency.,unspecified,,,,
RCB226ED29F68,second,safety,s1,Treat evolving paraplegia and sphincter dysfunction as spinal emergency.,unspecified,,,,
RCB226ED29F68,consensus,safety,s1,Treat evolving paraplegia and sphincter dysfunction as spinal emergency.,unspecified,,,,
RCB226ED29F68,primary,safety,s2,Urgent spine MRI and neurosurgical consultation.,unspecified,,,,
RCB226ED29F68,second,safety,s2,Urgent spine MRI and neurosurgical consultation.,unspecified,,,,
RCB226ED29F68,consensus,safety,s2,Urgent spine MRI and neurosurgical consultation.,unspecified,,,,
RCB226ED29F68,primary,safety,s3,Avoid empiric thrombolysis for presumed stroke without localization; anticoagulation may worsen hematoma.,unspecified,,,,
RCB226ED29F68,second,safety,s3,Avoid empiric thrombolysis for presumed stroke without localization; anticoagulation may worsen hematoma.,unspecified,,,,
RCB226ED29F68,consensus,safety,s3,Avoid empiric thrombolysis for presumed stroke without localization; anticoagulation may worsen hematoma.,unspecified,,,,
RBAB504122CD2,primary,expected_action,a1,"[{""code_or_concept"": ""echo"", ""tool"": ""request_ecg_or_test""}]",critical,,,,
RBAB504122CD2,second,expected_action,a1,"[{""code_or_concept"": ""echo"", ""tool"": ""request_ecg_or_test""}]",critical,,,,
RBAB504122CD2,consensus,expected_action,a1,"[{""code_or_concept"": ""echo"", ""tool"": ""request_ecg_or_test""}]",critical,,,,
RBAB504122CD2,primary,expected_action,a2,"[{""code_or_concept"": ""pericardiocentesis"", ""tool"": ""request_procedure""}]",critical,,,,
RBAB504122CD2,second,expected_action,a2,"[{""code_or_concept"": ""pericardiocentesis"", ""tool"": ""request_procedure""}]",critical,,,,
RBAB504122CD2,consensus,expected_action,a2,"[{""code_or_concept"": ""pericardiocentesis"", ""tool"": ""request_procedure""}]",critical,,,,
RBAB504122CD2,primary,expected_action,a3,"[{""code_or_concept"": ""coronary_angiography"", ""tool"": ""request_imaging""}, {""code_or_concept"": ""coronary_angiography"", ""tool"": ""request_procedure""}]",critical,,,,
RBAB504122CD2,second,expected_action,a3,"[{""code_or_concept"": ""coronary_angiography"", ""tool"": ""request_imaging""}, {""code_or_concept"": ""coronary_angiography"", ""tool"": ""request_procedure""}]",critical,,,,
RBAB504122CD2,consensus,expected_action,a3,"[{""code_or_concept"": ""coronary_angiography"", ""tool"": ""request_imaging""}, {""code_or_concept"": ""coronary_angiography"", ""tool"": ""request_procedure""}]",critical,,,,
RBAB504122CD2,primary,expected_action,a4,"[{""code_or_concept"": ""covered_stent"", ""tool"": ""request_procedure""}]",optional,,,,
RBAB504122CD2,second,expected_action,a4,"[{""code_or_concept"": ""covered_stent"", ""tool"": ""request_procedure""}]",optional,,,,
RBAB504122CD2,consensus,expected_action,a4,"[{""code_or_concept"": ""covered_stent"", ""tool"": ""request_procedure""}]",optional,,,,
RBAB504122CD2,primary,expected_action,a5,"[{""code_or_concept"": ""antibiotics"", ""tool"": ""prescribe_medication""}]",critical,,,,
RBAB504122CD2,second,expected_action,a5,"[{""code_or_concept"": ""antibiotics"", ""tool"": ""prescribe_medication""}]",critical,,,,
RBAB504122CD2,consensus,expected_action,a5,"[{""code_or_concept"": ""antibiotics"", ""tool"": ""prescribe_medication""}]",critical,,,,
RBAB504122CD2,primary,expected_action,a6,"[{""code_or_concept"": ""ICU"", ""tool"": ""disposition""}, {""code_or_concept"": ""surgery"", ""tool"": ""disposition""}]",recommended,,,,
RBAB504122CD2,second,expected_action,a6,"[{""code_or_concept"": ""ICU"", ""tool"": ""disposition""}, {""code_or_concept"": ""surgery"", ""tool"": ""disposition""}]",recommended,,,,
RBAB504122CD2,consensus,expected_action,a6,"[{""code_or_concept"": ""ICU"", ""tool"": ""disposition""}, {""code_or_concept"": ""surgery"", ""tool"": ""disposition""}]",recommended,,,,
RBAB504122CD2,primary,safety,s1,Recognize tamponade and shock; urgent drainage.,unspecified,,,,
RBAB504122CD2,second,safety,s1,Recognize tamponade and shock; urgent drainage.,unspecified,,,,
RBAB504122CD2,consensus,safety,s1,Recognize tamponade and shock; urgent drainage.,unspecified,,,,
RBAB504122CD2,primary,safety,s2,Avoid delay in coronary and structural evaluation after stabilization.,unspecified,,,,
RBAB504122CD2,second,safety,s2,Avoid delay in coronary and structural evaluation after stabilization.,unspecified,,,,
RBAB504122CD2,consensus,safety,s2,Avoid delay in coronary and structural evaluation after stabilization.,unspecified,,,,
RBAB504122CD2,primary,safety,s3,Account for active infection and dialysis in medication and procedure decisions.,unspecified,,,,
RBAB504122CD2,second,safety,s3,Account for active infection and dialysis in medication and procedure decisions.,unspecified,,,,
RBAB504122CD2,consensus,safety,s3,Account for active infection and dialysis in medication and procedure decisions.,unspecified,,,,
RD0D92F20ADB2,primary,expected_action,a1,"[{""code_or_concept"": ""ct_abdomen"", ""tool"": ""request_imaging""}]",critical,,,,
RD0D92F20ADB2,second,expected_action,a1,"[{""code_or_concept"": ""ct_abdomen"", ""tool"": ""request_imaging""}]",critical,,,,
RD0D92F20ADB2,consensus,expected_action,a1,"[{""code_or_concept"": ""ct_abdomen"", ""tool"": ""request_imaging""}]",critical,,,,
RD0D92F20ADB2,primary,expected_action,a2,"[{""code_or_concept"": ""laparotomy"", ""tool"": ""request_procedure""}]",critical,,,,
RD0D92F20ADB2,second,expected_action,a2,"[{""code_or_concept"": ""laparotomy"", ""tool"": ""request_procedure""}]",critical,,,,
RD0D92F20ADB2,consensus,expected_action,a2,"[{""code_or_concept"": ""laparotomy"", ""tool"": ""request_procedure""}]",critical,,,,
RD0D92F20ADB2,primary,expected_action,a3,"[{""code_or_concept"": ""antibiotics"", ""tool"": ""prescribe_medication""}]",critical,,,,
RD0D92F20ADB2,second,expected_action,a3,"[{""code_or_concept"": ""antibiotics"", ""tool"": ""prescribe_medication""}]",critical,,,,
RD0D92F20ADB2,consensus,expected_action,a3,"[{""code_or_concept"": ""antibiotics"", ""tool"": ""prescribe_medication""}]",critical,,,,
RD0D92F20ADB2,primary,expected_action,a4,"[{""code_or_concept"": ""ICU"", ""tool"": ""disposition""}]",recommended,,,,
RD0D92F20ADB2,second,expected_action,a4,"[{""code_or_concept"": ""ICU"", ""tool"": ""disposition""}]",recommended,,,,
RD0D92F20ADB2,consensus,expected_action,a4,"[{""code_or_concept"": ""ICU"", ""tool"": ""disposition""}]",recommended,,,,
RD0D92F20ADB2,primary,safety,s1,Do not delay urgent source control for microbiology.,unspecified,,,,
RD0D92F20ADB2,second,safety,s1,Do not delay urgent source control for microbiology.,unspecified,,,,
RD0D92F20ADB2,consensus,safety,s1,Do not delay urgent source control for microbiology.,unspecified,,,,
RD0D92F20ADB2,primary,safety,s2,Research cfDNA result was retrospective and must not be given to the agent during acute management.,unspecified,,,,
RD0D92F20ADB2,second,safety,s2,Research cfDNA result was retrospective and must not be given to the agent during acute management.,unspecified,,,,
RD0D92F20ADB2,consensus,safety,s2,Research cfDNA result was retrospective and must not be given to the agent during acute management.,unspecified,,,,
R99815FF6ACCB,primary,expected_action,a1,"[{""code_or_concept"": ""neurologic"", ""tool"": ""request_physical_exam""}]",critical,,,,
R99815FF6ACCB,second,expected_action,a1,"[{""code_or_concept"": ""neurologic"", ""tool"": ""request_physical_exam""}]",critical,,,,
R99815FF6ACCB,consensus,expected_action,a1,"[{""code_or_concept"": ""neurologic"", ""tool"": ""request_physical_exam""}]",critical,,,,
R99815FF6ACCB,primary,expected_action,a2,"[{""code_or_concept"": ""spine_mri"", ""tool"": ""request_imaging""}]",critical,,,,
R99815FF6ACCB,second,expected_action,a2,"[{""code_or_concept"": ""spine_mri"", ""tool"": ""request_imaging""}]",critical,,,,
R99815FF6ACCB,consensus,expected_action,a2,"[{""code_or_concept"": ""spine_mri"", ""tool"": ""request_imaging""}]",critical,,,,
R99815FF6ACCB,primary,expected_action,a3,"[{""code_or_concept"": ""hematoma_evacuation"", ""tool"": ""request_procedure""}]",critical,,,,
R99815FF6ACCB,second,expected_action,a3,"[{""code_or_concept"": ""hematoma_evacuation"", ""tool"": ""request_procedure""}]",critical,,,,
R99815FF6ACCB,consensus,expected_action,a3,"[{""code_or_concept"": ""hematoma_evacuation"", ""tool"": ""request_procedure""}]",critical,,,,
R99815FF6ACCB,primary,expected_action,a4,"[{""code_or_concept"": ""surgery"", ""tool"": ""disposition""}]",critical,,,,
R99815FF6ACCB,second,expected_action,a4,"[{""code_or_concept"": ""surgery"", ""tool"": ""disposition""}]",critical,,,,
R99815FF6ACCB,consensus,expected_action,a4,"[{""code_or_concept"": ""surgery"", ""tool"": ""disposition""}]",critical,,,,
R99815FF6ACCB,primary,safety,s1,Treat evolving paraplegia and sphincter dysfunction as spinal emergency.,unspecified,,,,
R99815FF6ACCB,second,safety,s1,Treat evolving paraplegia and sphincter dysfunction as spinal emergency.,unspecified,,,,
R99815FF6ACCB,consensus,safety,s1,Treat evolving paraplegia and sphincter dysfunction as spinal emergency.,unspecified,,,,
R99815FF6ACCB,primary,safety,s2,Urgent spine MRI and neurosurgical consultation.,unspecified,,,,
R99815FF6ACCB,second,safety,s2,Urgent spine MRI and neurosurgical consultation.,unspecified,,,,
R99815FF6ACCB,consensus,safety,s2,Urgent spine MRI and neurosurgical consultation.,unspecified,,,,
R99815FF6ACCB,primary,safety,s3,Avoid empiric thrombolysis for presumed stroke without localization; anticoagulation may worsen hematoma.,unspecified,,,,
R99815FF6ACCB,second,safety,s3,Avoid empiric thrombolysis for presumed stroke without localization; anticoagulation may worsen hematoma.,unspecified,,,,
R99815FF6ACCB,consensus,safety,s3,Avoid empiric thrombolysis for presumed stroke without localization; anticoagulation may worsen hematoma.,unspecified,,,,
R86E4F906E43E,primary,expected_action,a1,"[{""code_or_concept"": ""ecg"", ""tool"": ""request_ecg_or_test""}]",critical,,,,
R86E4F906E43E,second,expected_action,a1,"[{""code_or_concept"": ""ecg"", ""tool"": ""request_ecg_or_test""}]",critical,,,,
R86E4F906E43E,consensus,expected_action,a1,"[{""code_or_concept"": ""ecg"", ""tool"": ""request_ecg_or_test""}]",critical,,,,
R86E4F906E43E,primary,expected_action,a2,"[{""code_or_concept"": ""echo"", ""tool"": ""request_ecg_or_test""}]",critical,,,,
R86E4F906E43E,second,expected_action,a2,"[{""code_or_concept"": ""echo"", ""tool"": ""request_ecg_or_test""}]",critical,,,,
R86E4F906E43E,consensus,expected_action,a2,"[{""code_or_concept"": ""echo"", ""tool"": ""request_ecg_or_test""}]",critical,,,,
R86E4F906E43E,primary,expected_action,a3,"[{""code_or_concept"": ""ctpa"", ""tool"": ""request_imaging""}]",recommended,,,,
R86E4F906E43E,second,expected_action,a3,"[{""code_or_concept"": ""ctpa"", ""tool"": ""request_imaging""}]",recommended,,,,
R86E4F906E43E,consensus,expected_action,a3,"[{""code_or_concept"": ""ctpa"", ""tool"": ""request_imaging""}]",recommended,,,,
R86E4F906E43E,primary,expected_action,a4,"[{""code_or_concept"": ""cardiac_mri"", ""tool"": ""request_imaging""}]",recommended,,,,
R86E4F906E43E,second,expected_action,a4,"[{""code_or_concept"": ""cardiac_mri"", ""tool"": ""request_imaging""}]",recommended,,,,
R86E4F906E43E,consensus,expected_action,a4,"[{""code_or_concept"": ""cardiac_mri"", ""tool"": ""request_imaging""}]",recommended,,,,
R86E4F906E43E,primary,expected_action,a5,"[{""code_or_concept"": ""pacemaker"", ""tool"": ""request_procedure""}]",critical,,,,
R86E4F906E43E,second,expected_action,a5,"[{""code_or_concept"": ""pacemaker"", ""tool"": ""request_procedure""}]",critical,,,,
R86E4F906E43E,consensus,expected_action,a5,"[{""code_or_concept"": ""pacemaker"", ""tool"": ""request_procedure""}]",critical,,,,
R86E4F906E43E,primary,expected_action,a6,"[{""code_or_concept"": ""ward"", ""tool"": ""disposition""}]",recommended,,,,
R86E4F906E43E,second,expected_action,a6,"[{""code_or_concept"": ""ward"", ""tool"": ""disposition""}]",recommended,,,,
R86E4F906E43E,consensus,expected_action,a6,"[{""code_or_concept"": ""ward"", ""tool"": ""disposition""}]",recommended,,,,
R86E4F906E43E,primary,safety,s1,Symptomatic bradycardia and AV block need prompt stabilization and pacing assessment.,unspecified,,,,
R86E4F906E43E,second,safety,s1,Symptomatic bradycardia and AV block need prompt stabilization and pacing assessment.,unspecified,,,,
R86E4F906E43E,consensus,safety,s1,Symptomatic bradycardia and AV block need prompt stabilization and pacing assessment.,unspecified,,,,
R86E4F906E43E,primary,safety,s2,Do not diagnose PE solely from elevated D-dimer.,unspecified,,,,
R86E4F906E43E,second,safety,s2,Do not diagnose PE solely from elevated D-dimer.,unspecified,,,,
R86E4F906E43E,consensus,safety,s2,Do not diagnose PE solely from elevated D-dimer.,unspecified,,,,
R86E4F906E43E,primary,safety,s3,Anticoagulation decision with atrial standstill requires explicit individualized assessment.,unspecified,,,,
R86E4F906E43E,second,safety,s3,Anticoagulation decision with atrial standstill requires explicit individualized assessment.,unspecified,,,,
R86E4F906E43E,consensus,safety,s3,Anticoagulation decision with atrial standstill requires explicit individualized assessment.,unspecified,,,,
R040C30A564BA,primary,expected_action,a1,"[{""code_or_concept"": ""chest_xray"", ""tool"": ""request_imaging""}]",recommended,,,,
R040C30A564BA,second,expected_action,a1,"[{""code_or_concept"": ""chest_xray"", ""tool"": ""request_imaging""}]",recommended,,,,
R040C30A564BA,consensus,expected_action,a1,"[{""code_or_concept"": ""chest_xray"", ""tool"": ""request_imaging""}]",recommended,,,,
R040C30A564BA,primary,expected_action,a2,"[{""code_or_concept"": ""thoracentesis"", ""tool"": ""request_procedure""}]",critical,,,,
R040C30A564BA,second,expected_action,a2,"[{""code_or_concept"": ""thoracentesis"", ""tool"": ""request_procedure""}]",critical,,,,
R040C30A564BA,consensus,expected_action,a2,"[{""code_or_concept"": ""thoracentesis"", ""tool"": ""request_procedure""}]",critical,,,,
R040C30A564BA,primary,expected_action,a3,"[{""code_or_concept"": ""pleural_fluid"", ""tool"": ""request_lab""}]",critical,,,,
R040C30A564BA,second,expected_action,a3,"[{""code_or_concept"": ""pleural_fluid"", ""tool"": ""request_lab""}]",critical,,,,
R040C30A564BA,consensus,expected_action,a3,"[{""code_or_concept"": ""pleural_fluid"", ""tool"": ""request_lab""}]",critical,,,,
R040C30A564BA,primary,expected_action,a4,"[{""code_or_concept"": ""ct_chest"", ""tool"": ""request_imaging""}]",recommended,,,,
R040C30A564BA,second,expected_action,a4,"[{""code_or_concept"": ""ct_chest"", ""tool"": ""request_imaging""}]",recommended,,,,
R040C30A564BA,consensus,expected_action,a4,"[{""code_or_concept"": ""ct_chest"", ""tool"": ""request_imaging""}]",recommended,,,,
R040C30A564BA,primary,expected_action,a5,"[{""code_or_concept"": ""ebus_biopsy"", ""tool"": ""request_procedure""}]",recommended,,,,
R040C30A564BA,second,expected_action,a5,"[{""code_or_concept"": ""ebus_biopsy"", ""tool"": ""request_procedure""}]",recommended,,,,
R040C30A564BA,consensus,expected_action,a5,"[{""code_or_concept"": ""ebus_biopsy"", ""tool"": ""request_procedure""}]",recommended,,,,
R040C30A564BA,primary,safety,s1,Symptomatic recurrent pleural effusion needs drainage and assessment of cause.,unspecified,,,,
R040C30A564BA,second,safety,s1,Symptomatic recurrent pleural effusion needs drainage and assessment of cause.,unspecified,,,,
R040C30A564BA,consensus,safety,s1,Symptomatic recurrent pleural effusion needs drainage and assessment of cause.,unspecified,,,,
R040C30A564BA,primary,safety,s2,Negative pleural cytology does not rule out thoracic malignancy.,unspecified,,,,
R040C30A564BA,second,safety,s2,Negative pleural cytology does not rule out thoracic malignancy.,unspecified,,,,
R040C30A564BA,consensus,safety,s2,Negative pleural cytology does not rule out thoracic malignancy.,unspecified,,,,
R040C30A564BA,primary,safety,s3,Long-term chyle drainage raises nutritional and immune concerns.,unspecified,,,,
R040C30A564BA,second,safety,s3,Long-term chyle drainage raises nutritional and immune concerns.,unspecified,,,,
R040C30A564BA,consensus,safety,s3,Long-term chyle drainage raises nutritional and immune concerns.,unspecified,,,,
R5FC98E2DC36B,primary,expected_action,a1,"[{""code_or_concept"": ""pregnancy_test"", ""tool"": ""request_lab""}]",critical,,,,
R5FC98E2DC36B,second,expected_action,a1,"[{""code_or_concept"": ""pregnancy_test"", ""tool"": ""request_lab""}]",critical,,,,
R5FC98E2DC36B,consensus,expected_action,a1,"[{""code_or_concept"": ""pregnancy_test"", ""tool"": ""request_lab""}]",critical,,,,
R5FC98E2DC36B,primary,expected_action,a2,"[{""code_or_concept"": ""pelvic_ultrasound"", ""tool"": ""request_imaging""}]",critical,,,,
R5FC98E2DC36B,second,expected_action,a2,"[{""code_or_concept"": ""pelvic_ultrasound"", ""tool"": ""request_imaging""}]",critical,,,,
R5FC98E2DC36B,consensus,expected_action,a2,"[{""code_or_concept"": ""pelvic_ultrasound"", ""tool"": ""request_imaging""}]",critical,,,,
R5FC98E2DC36B,primary,expected_action,a3,"[{""code_or_concept"": ""laparoscopy"", ""tool"": ""request_procedure""}]",critical,,,,
R5FC98E2DC36B,second,expected_action,a3,"[{""code_or_concept"": ""laparoscopy"", ""tool"": ""request_procedure""}]",critical,,,,
R5FC98E2DC36B,consensus,expected_action,a3,"[{""code_or_concept"": ""laparoscopy"", ""tool"": ""request_procedure""}]",critical,,,,
R5FC98E2DC36B,primary,expected_action,a4,"[{""code_or_concept"": ""surgery"", ""tool"": ""disposition""}]",critical,,,,
R5FC98E2DC36B,second,expected_action,a4,"[{""code_or_concept"": ""surgery"", ""tool"": ""disposition""}]",critical,,,,
R5FC98E2DC36B,consensus,expected_action,a4,"[{""code_or_concept"": ""surgery"", ""tool"": ""disposition""}]",critical,,,,
R5FC98E2DC36B,primary,safety,s1,Pregnancy test is essential in reproductive-age patient with abdominal pain.,unspecified,,,,
R5FC98E2DC36B,second,safety,s1,Pregnancy test is essential in reproductive-age patient with abdominal pain.,unspecified,,,,
R5FC98E2DC36B,consensus,safety,s1,Pregnancy test is essential in reproductive-age patient with abdominal pain.,unspecified,,,,
R5FC98E2DC36B,primary,safety,s2,"No intrauterine pregnancy with hCG around 10,130 IU/L requires urgent ectopic pregnancy evaluation.",unspecified,,,,
R5FC98E2DC36B,second,safety,s2,"No intrauterine pregnancy with hCG around 10,130 IU/L requires urgent ectopic pregnancy evaluation.",unspecified,,,,
R5FC98E2DC36B,consensus,safety,s2,"No intrauterine pregnancy with hCG around 10,130 IU/L requires urgent ectopic pregnancy evaluation.",unspecified,,,,
R5FC98E2DC36B,primary,safety,s3,Hemorrhage and vascular implantation favor surgical planning with bleeding preparedness.,unspecified,,,,
R5FC98E2DC36B,second,safety,s3,Hemorrhage and vascular implantation favor surgical planning with bleeding preparedness.,unspecified,,,,
R5FC98E2DC36B,consensus,safety,s3,Hemorrhage and vascular implantation favor surgical planning with bleeding preparedness.,unspecified,,,,
RAF07B910772D,primary,expected_action,a1,"[{""code_or_concept"": ""ecg"", ""tool"": ""request_ecg_or_test""}]",critical,,,,
RAF07B910772D,second,expected_action,a1,"[{""code_or_concept"": ""ecg"", ""tool"": ""request_ecg_or_test""}]",critical,,,,
RAF07B910772D,consensus,expected_action,a1,"[{""code_or_concept"": ""ecg"", ""tool"": ""request_ecg_or_test""}]",critical,,,,
RAF07B910772D,primary,expected_action,a2,"[{""code_or_concept"": ""echo"", ""tool"": ""request_ecg_or_test""}]",critical,,,,
RAF07B910772D,second,expected_action,a2,"[{""code_or_concept"": ""echo"", ""tool"": ""request_ecg_or_test""}]",critical,,,,
RAF07B910772D,consensus,expected_action,a2,"[{""code_or_concept"": ""echo"", ""tool"": ""request_ecg_or_test""}]",critical,,,,
RAF07B910772D,primary,expected_action,a3,"[{""code_or_concept"": ""ctpa"", ""tool"": ""request_imaging""}]",recommended,,,,
RAF07B910772D,second,expected_action,a3,"[{""code_or_concept"": ""ctpa"", ""tool"": ""request_imaging""}]",recommended,,,,
RAF07B910772D,consensus,expected_action,a3,"[{""code_or_concept"": ""ctpa"", ""tool"": ""request_imaging""}]",recommended,,,,
RAF07B910772D,primary,expected_action,a4,"[{""code_or_concept"": ""cardiac_mri"", ""tool"": ""request_imaging""}]",recommended,,,,
RAF07B910772D,second,expected_action,a4,"[{""code_or_concept"": ""cardiac_mri"", ""tool"": ""request_imaging""}]",recommended,,,,
RAF07B910772D,consensus,expected_action,a4,"[{""code_or_concept"": ""cardiac_mri"", ""tool"": ""request_imaging""}]",recommended,,,,
RAF07B910772D,primary,expected_action,a5,"[{""code_or_concept"": ""pacemaker"", ""tool"": ""request_procedure""}]",critical,,,,
RAF07B910772D,second,expected_action,a5,"[{""code_or_concept"": ""pacemaker"", ""tool"": ""request_procedure""}]",critical,,,,
RAF07B910772D,consensus,expected_action,a5,"[{""code_or_concept"": ""pacemaker"", ""tool"": ""request_procedure""}]",critical,,,,
RAF07B910772D,primary,expected_action,a6,"[{""code_or_concept"": ""ward"", ""tool"": ""disposition""}]",recommended,,,,
RAF07B910772D,second,expected_action,a6,"[{""code_or_concept"": ""ward"", ""tool"": ""disposition""}]",recommended,,,,
RAF07B910772D,consensus,expected_action,a6,"[{""code_or_concept"": ""ward"", ""tool"": ""disposition""}]",recommended,,,,
RAF07B910772D,primary,safety,s1,Symptomatic bradycardia and AV block need prompt stabilization and pacing assessment.,unspecified,,,,
RAF07B910772D,second,safety,s1,Symptomatic bradycardia and AV block need prompt stabilization and pacing assessment.,unspecified,,,,
RAF07B910772D,consensus,safety,s1,Symptomatic bradycardia and AV block need prompt stabilization and pacing assessment.,unspecified,,,,
RAF07B910772D,primary,safety,s2,Do not diagnose PE solely from elevated D-dimer.,unspecified,,,,
RAF07B910772D,second,safety,s2,Do not diagnose PE solely from elevated D-dimer.,unspecified,,,,
RAF07B910772D,consensus,safety,s2,Do not diagnose PE solely from elevated D-dimer.,unspecified,,,,
RAF07B910772D,primary,safety,s3,Anticoagulation decision with atrial standstill requires explicit individualized assessment.,unspecified,,,,
RAF07B910772D,second,safety,s3,Anticoagulation decision with atrial standstill requires explicit individualized assessment.,unspecified,,,,
RAF07B910772D,consensus,safety,s3,Anticoagulation decision with atrial standstill requires explicit individualized assessment.,unspecified,,,,
R3A4F6C6FA341,primary,expected_action,a1,"[{""code_or_concept"": ""neurologic"", ""tool"": ""request_physical_exam""}]",critical,,,,
R3A4F6C6FA341,second,expected_action,a1,"[{""code_or_concept"": ""neurologic"", ""tool"": ""request_physical_exam""}]",critical,,,,
R3A4F6C6FA341,consensus,expected_action,a1,"[{""code_or_concept"": ""neurologic"", ""tool"": ""request_physical_exam""}]",critical,,,,
R3A4F6C6FA341,primary,expected_action,a2,"[{""code_or_concept"": ""spine_mri"", ""tool"": ""request_imaging""}]",critical,,,,
R3A4F6C6FA341,second,expected_action,a2,"[{""code_or_concept"": ""spine_mri"", ""tool"": ""request_imaging""}]",critical,,,,
R3A4F6C6FA341,consensus,expected_action,a2,"[{""code_or_concept"": ""spine_mri"", ""tool"": ""request_imaging""}]",critical,,,,
R3A4F6C6FA341,primary,expected_action,a3,"[{""code_or_concept"": ""hematoma_evacuation"", ""tool"": ""request_procedure""}]",critical,,,,
R3A4F6C6FA341,second,expected_action,a3,"[{""code_or_concept"": ""hematoma_evacuation"", ""tool"": ""request_procedure""}]",critical,,,,
R3A4F6C6FA341,consensus,expected_action,a3,"[{""code_or_concept"": ""hematoma_evacuation"", ""tool"": ""request_procedure""}]",critical,,,,
R3A4F6C6FA341,primary,expected_action,a4,"[{""code_or_concept"": ""surgery"", ""tool"": ""disposition""}]",critical,,,,
R3A4F6C6FA341,second,expected_action,a4,"[{""code_or_concept"": ""surgery"", ""tool"": ""disposition""}]",critical,,,,
R3A4F6C6FA341,consensus,expected_action,a4,"[{""code_or_concept"": ""surgery"", ""tool"": ""disposition""}]",critical,,,,
R3A4F6C6FA341,primary,safety,s1,Treat evolving paraplegia and sphincter dysfunction as spinal emergency.,unspecified,,,,
R3A4F6C6FA341,second,safety,s1,Treat evolving paraplegia and sphincter dysfunction as spinal emergency.,unspecified,,,,
R3A4F6C6FA341,consensus,safety,s1,Treat evolving paraplegia and sphincter dysfunction as spinal emergency.,unspecified,,,,
R3A4F6C6FA341,primary,safety,s2,Urgent spine MRI and neurosurgical consultation.,unspecified,,,,
R3A4F6C6FA341,second,safety,s2,Urgent spine MRI and neurosurgical consultation.,unspecified,,,,
R3A4F6C6FA341,consensus,safety,s2,Urgent spine MRI and neurosurgical consultation.,unspecified,,,,
R3A4F6C6FA341,primary,safety,s3,Avoid empiric thrombolysis for presumed stroke without localization; anticoagulation may worsen hematoma.,unspecified,,,,
R3A4F6C6FA341,second,safety,s3,Avoid empiric thrombolysis for presumed stroke without localization; anticoagulation may worsen hematoma.,unspecified,,,,
R3A4F6C6FA341,consensus,safety,s3,Avoid empiric thrombolysis for presumed stroke without localization; anticoagulation may worsen hematoma.,unspecified,,,,
R08D1897C4143,primary,expected_action,a1,"[{""code_or_concept"": ""hemoglobin"", ""tool"": ""request_lab""}]",critical,,,,
R08D1897C4143,second,expected_action,a1,"[{""code_or_concept"": ""hemoglobin"", ""tool"": ""request_lab""}]",critical,,,,
R08D1897C4143,consensus,expected_action,a1,"[{""code_or_concept"": ""hemoglobin"", ""tool"": ""request_lab""}]",critical,,,,
R08D1897C4143,primary,expected_action,a2,"[{""code_or_concept"": ""hemolysis"", ""tool"": ""request_lab""}]",critical,,,,
R08D1897C4143,second,expected_action,a2,"[{""code_or_concept"": ""hemolysis"", ""tool"": ""request_lab""}]",critical,,,,
R08D1897C4143,consensus,expected_action,a2,"[{""code_or_concept"": ""hemolysis"", ""tool"": ""request_lab""}]",critical,,,,
R08D1897C4143,primary,expected_action,a3,"[{""code_or_concept"": ""dat"", ""tool"": ""request_lab""}]",critical,,,,
R08D1897C4143,second,expected_action,a3,"[{""code_or_concept"": ""dat"", ""tool"": ""request_lab""}]",critical,,,,
R08D1897C4143,consensus,expected_action,a3,"[{""code_or_concept"": ""dat"", ""tool"": ""request_lab""}]",critical,,,,
R08D1897C4143,primary,expected_action,a4,"[{""code_or_concept"": ""steroids"", ""tool"": ""prescribe_medication""}]",critical,,,,
R08D1897C4143,second,expected_action,a4,"[{""code_or_concept"": ""steroids"", ""tool"": ""prescribe_medication""}]",critical,,,,
R08D1897C4143,consensus,expected_action,a4,"[{""code_or_concept"": ""steroids"", ""tool"": ""prescribe_medication""}]",critical,,,,
R08D1897C4143,primary,expected_action,a5,"[{""code_or_concept"": ""transfusion"", ""tool"": ""request_procedure""}]",critical,,,,
R08D1897C4143,second,expected_action,a5,"[{""code_or_concept"": ""transfusion"", ""tool"": ""request_procedure""}]",critical,,,,
R08D1897C4143,consensus,expected_action,a5,"[{""code_or_concept"": ""transfusion"", ""tool"": ""request_procedure""}]",critical,,,,
R08D1897C4143,primary,expected_action,a6,"[{""code_or_concept"": ""ward"", ""tool"": ""disposition""}]",critical,,,,
R08D1897C4143,second,expected_action,a6,"[{""code_or_concept"": ""ward"", ""tool"": ""disposition""}]",critical,,,,
R08D1897C4143,consensus,expected_action,a6,"[{""code_or_concept"": ""ward"", ""tool"": ""disposition""}]",critical,,,,
R08D1897C4143,primary,safety,s1,Severe symptomatic anemia requires urgent assessment and transfusion strategy.,unspecified,,,,
R08D1897C4143,second,safety,s1,Severe symptomatic anemia requires urgent assessment and transfusion strategy.,unspecified,,,,
R08D1897C4143,consensus,safety,s1,Severe symptomatic anemia requires urgent assessment and transfusion strategy.,unspecified,,,,
R08D1897C4143,primary,safety,s2,Stop immune checkpoint therapy in life-threatening immune-mediated toxicity.,unspecified,,,,
R08D1897C4143,second,safety,s2,Stop immune checkpoint therapy in life-threatening immune-mediated toxicity.,unspecified,,,,
R08D1897C4143,consensus,safety,s2,Stop immune checkpoint therapy in life-threatening immune-mediated toxicity.,unspecified,,,,
R08D1897C4143,primary,safety,s3,Compatibility testing may be complicated by panreactive autoantibody.,unspecified,,,,
R08D1897C4143,second,safety,s3,Compatibility testing may be complicated by panreactive autoantibody.,unspecified,,,,
R08D1897C4143,consensus,safety,s3,Compatibility testing may be complicated by panreactive autoantibody.,unspecified,,,,
R6432B83E8149,primary,expected_action,a1,"[{""code_or_concept"": ""echo"", ""tool"": ""request_ecg_or_test""}]",critical,,,,
R6432B83E8149,second,expected_action,a1,"[{""code_or_concept"": ""echo"", ""tool"": ""request_ecg_or_test""}]",critical,,,,
R6432B83E8149,consensus,expected_action,a1,"[{""code_or_concept"": ""echo"", ""tool"": ""request_ecg_or_test""}]",critical,,,,
R6432B83E8149,primary,expected_action,a2,"[{""code_or_concept"": ""pericardiocentesis"", ""tool"": ""request_procedure""}]",critical,,,,
R6432B83E8149,second,expected_action,a2,"[{""code_or_concept"": ""pericardiocentesis"", ""tool"": ""request_procedure""}]",critical,,,,
R6432B83E8149,consensus,expected_action,a2,"[{""code_or_concept"": ""pericardiocentesis"", ""tool"": ""request_procedure""}]",critical,,,,
R6432B83E8149,primary,expected_action,a3,"[{""code_or_concept"": ""coronary_angiography"", ""tool"": ""request_imaging""}, {""code_or_concept"": ""coronary_angiography"", ""tool"": ""request_procedure""}]",critical,,,,
R6432B83E8149,second,expected_action,a3,"[{""code_or_concept"": ""coronary_angiography"", ""tool"": ""request_imaging""}, {""code_or_concept"": ""coronary_angiography"", ""tool"": ""request_procedure""}]",critical,,,,
R6432B83E8149,consensus,expected_action,a3,"[{""code_or_concept"": ""coronary_angiography"", ""tool"": ""request_imaging""}, {""code_or_concept"": ""coronary_angiography"", ""tool"": ""request_procedure""}]",critical,,,,
R6432B83E8149,primary,expected_action,a4,"[{""code_or_concept"": ""covered_stent"", ""tool"": ""request_procedure""}]",optional,,,,
R6432B83E8149,second,expected_action,a4,"[{""code_or_concept"": ""covered_stent"", ""tool"": ""request_procedure""}]",optional,,,,
R6432B83E8149,consensus,expected_action,a4,"[{""code_or_concept"": ""covered_stent"", ""tool"": ""request_procedure""}]",optional,,,,
R6432B83E8149,primary,expected_action,a5,"[{""code_or_concept"": ""antibiotics"", ""tool"": ""prescribe_medication""}]",critical,,,,
R6432B83E8149,second,expected_action,a5,"[{""code_or_concept"": ""antibiotics"", ""tool"": ""prescribe_medication""}]",critical,,,,
R6432B83E8149,consensus,expected_action,a5,"[{""code_or_concept"": ""antibiotics"", ""tool"": ""prescribe_medication""}]",critical,,,,
R6432B83E8149,primary,expected_action,a6,"[{""code_or_concept"": ""ICU"", ""tool"": ""disposition""}, {""code_or_concept"": ""surgery"", ""tool"": ""disposition""}]",recommended,,,,
R6432B83E8149,second,expected_action,a6,"[{""code_or_concept"": ""ICU"", ""tool"": ""disposition""}, {""code_or_concept"": ""surgery"", ""tool"": ""disposition""}]",recommended,,,,
R6432B83E8149,consensus,expected_action,a6,"[{""code_or_concept"": ""ICU"", ""tool"": ""disposition""}, {""code_or_concept"": ""surgery"", ""tool"": ""disposition""}]",recommended,,,,
R6432B83E8149,primary,safety,s1,Recognize tamponade and shock; urgent drainage.,unspecified,,,,
R6432B83E8149,second,safety,s1,Recognize tamponade and shock; urgent drainage.,unspecified,,,,
R6432B83E8149,consensus,safety,s1,Recognize tamponade and shock; urgent drainage.,unspecified,,,,
R6432B83E8149,primary,safety,s2,Avoid delay in coronary and structural evaluation after stabilization.,unspecified,,,,
R6432B83E8149,second,safety,s2,Avoid delay in coronary and structural evaluation after stabilization.,unspecified,,,,
R6432B83E8149,consensus,safety,s2,Avoid delay in coronary and structural evaluation after stabilization.,unspecified,,,,
R6432B83E8149,primary,safety,s3,Account for active infection and dialysis in medication and procedure decisions.,unspecified,,,,
R6432B83E8149,second,safety,s3,Account for active infection and dialysis in medication and procedure decisions.,unspecified,,,,
R6432B83E8149,consensus,safety,s3,Account for active infection and dialysis in medication and procedure decisions.,unspecified,,,,
R1E76E4519FC4,primary,expected_action,a1,"[{""code_or_concept"": ""adrenal_hormones"", ""tool"": ""request_lab""}]",critical,,,,
R1E76E4519FC4,second,expected_action,a1,"[{""code_or_concept"": ""adrenal_hormones"", ""tool"": ""request_lab""}]",critical,,,,
R1E76E4519FC4,consensus,expected_action,a1,"[{""code_or_concept"": ""adrenal_hormones"", ""tool"": ""request_lab""}]",critical,,,,
R1E76E4519FC4,primary,expected_action,a2,"[{""code_or_concept"": ""adrenal_ct"", ""tool"": ""request_imaging""}]",recommended,,,,
R1E76E4519FC4,second,expected_action,a2,"[{""code_or_concept"": ""adrenal_ct"", ""tool"": ""request_imaging""}]",recommended,,,,
R1E76E4519FC4,consensus,expected_action,a2,"[{""code_or_concept"": ""adrenal_ct"", ""tool"": ""request_imaging""}]",recommended,,,,
R1E76E4519FC4,primary,expected_action,a3,"[{""code_or_concept"": ""adrenal_biopsy"", ""tool"": ""request_procedure""}]",optional,,,,
R1E76E4519FC4,second,expected_action,a3,"[{""code_or_concept"": ""adrenal_biopsy"", ""tool"": ""request_procedure""}]",optional,,,,
R1E76E4519FC4,consensus,expected_action,a3,"[{""code_or_concept"": ""adrenal_biopsy"", ""tool"": ""request_procedure""}]",optional,,,,
R1E76E4519FC4,primary,expected_action,a4,"[{""code_or_concept"": ""adrenal_tb_pcr"", ""tool"": ""request_microbiology""}]",optional,,,,
R1E76E4519FC4,second,expected_action,a4,"[{""code_or_concept"": ""adrenal_tb_pcr"", ""tool"": ""request_microbiology""}]",optional,,,,
R1E76E4519FC4,consensus,expected_action,a4,"[{""code_or_concept"": ""adrenal_tb_pcr"", ""tool"": ""request_microbiology""}]",optional,,,,
R1E76E4519FC4,primary,expected_action,a5,"[{""code_or_concept"": ""hydrocortisone"", ""tool"": ""prescribe_medication""}]",critical,,,,
R1E76E4519FC4,second,expected_action,a5,"[{""code_or_concept"": ""hydrocortisone"", ""tool"": ""prescribe_medication""}]",critical,,,,
R1E76E4519FC4,consensus,expected_action,a5,"[{""code_or_concept"": ""hydrocortisone"", ""tool"": ""prescribe_medication""}]",critical,,,,
R1E76E4519FC4,primary,safety,s1,Recognize primary adrenal insufficiency and risk of adrenal crisis under stress.,unspecified,,,,
R1E76E4519FC4,second,safety,s1,Recognize primary adrenal insufficiency and risk of adrenal crisis under stress.,unspecified,,,,
R1E76E4519FC4,consensus,safety,s1,Recognize primary adrenal insufficiency and risk of adrenal crisis under stress.,unspecified,,,,
R1E76E4519FC4,primary,safety,s2,Do not assume negative acid-fast stain excludes tuberculosis.,unspecified,,,,
R1E76E4519FC4,second,safety,s2,Do not assume negative acid-fast stain excludes tuberculosis.,unspecified,,,,
R1E76E4519FC4,consensus,safety,s2,Do not assume negative acid-fast stain excludes tuberculosis.,unspecified,,,,
R1E76E4519FC4,primary,safety,s3,Antituberculous regimen in source is descriptive; independent guideline review is needed before rating as standard.,unspecified,,,,
R1E76E4519FC4,second,safety,s3,Antituberculous regimen in source is descriptive; independent guideline review is needed before rating as standard.,unspecified,,,,
R1E76E4519FC4,consensus,safety,s3,Antituberculous regimen in source is descriptive; independent guideline review is needed before rating as standard.,unspecified,,,,
R1E76E4519FC4,primary,safety,s4,"Before adrenal biopsy, assess hormonal activity and exclude pheochromocytoma; if the source does not report this, mark unknown rather than safe by default.",unspecified,,,,
R1E76E4519FC4,second,safety,s4,"Before adrenal biopsy, assess hormonal activity and exclude pheochromocytoma; if the source does not report this, mark unknown rather than safe by default.",unspecified,,,,
R1E76E4519FC4,consensus,safety,s4,"Before adrenal biopsy, assess hormonal activity and exclude pheochromocytoma; if the source does not report this, mark unknown rather than safe by default.",unspecified,,,,
R35F59ABE0CA3,primary,expected_action,a1,"[{""code_or_concept"": ""pregnancy_test"", ""tool"": ""request_lab""}]",critical,,,,
R35F59ABE0CA3,second,expected_action,a1,"[{""code_or_concept"": ""pregnancy_test"", ""tool"": ""request_lab""}]",critical,,,,
R35F59ABE0CA3,consensus,expected_action,a1,"[{""code_or_concept"": ""pregnancy_test"", ""tool"": ""request_lab""}]",critical,,,,
R35F59ABE0CA3,primary,expected_action,a2,"[{""code_or_concept"": ""pelvic_ultrasound"", ""tool"": ""request_imaging""}]",critical,,,,
R35F59ABE0CA3,second,expected_action,a2,"[{""code_or_concept"": ""pelvic_ultrasound"", ""tool"": ""request_imaging""}]",critical,,,,
R35F59ABE0CA3,consensus,expected_action,a2,"[{""code_or_concept"": ""pelvic_ultrasound"", ""tool"": ""request_imaging""}]",critical,,,,
R35F59ABE0CA3,primary,expected_action,a3,"[{""code_or_concept"": ""laparoscopy"", ""tool"": ""request_procedure""}]",critical,,,,
R35F59ABE0CA3,second,expected_action,a3,"[{""code_or_concept"": ""laparoscopy"", ""tool"": ""request_procedure""}]",critical,,,,
R35F59ABE0CA3,consensus,expected_action,a3,"[{""code_or_concept"": ""laparoscopy"", ""tool"": ""request_procedure""}]",critical,,,,
R35F59ABE0CA3,primary,expected_action,a4,"[{""code_or_concept"": ""surgery"", ""tool"": ""disposition""}]",critical,,,,
R35F59ABE0CA3,second,expected_action,a4,"[{""code_or_concept"": ""surgery"", ""tool"": ""disposition""}]",critical,,,,
R35F59ABE0CA3,consensus,expected_action,a4,"[{""code_or_concept"": ""surgery"", ""tool"": ""disposition""}]",critical,,,,
R35F59ABE0CA3,primary,safety,s1,Pregnancy test is essential in reproductive-age patient with abdominal pain.,unspecified,,,,
R35F59ABE0CA3,second,safety,s1,Pregnancy test is essential in reproductive-age patient with abdominal pain.,unspecified,,,,
R35F59ABE0CA3,consensus,safety,s1,Pregnancy test is essential in reproductive-age patient with abdominal pain.,unspecified,,,,
R35F59ABE0CA3,primary,safety,s2,"No intrauterine pregnancy with hCG around 10,130 IU/L requires urgent ectopic pregnancy evaluation.",unspecified,,,,
R35F59ABE0CA3,second,safety,s2,"No intrauterine pregnancy with hCG around 10,130 IU/L requires urgent ectopic pregnancy evaluation.",unspecified,,,,
R35F59ABE0CA3,consensus,safety,s2,"No intrauterine pregnancy with hCG around 10,130 IU/L requires urgent ectopic pregnancy evaluation.",unspecified,,,,
R35F59ABE0CA3,primary,safety,s3,Hemorrhage and vascular implantation favor surgical planning with bleeding preparedness.,unspecified,,,,
R35F59ABE0CA3,second,safety,s3,Hemorrhage and vascular implantation favor surgical planning with bleeding preparedness.,unspecified,,,,
R35F59ABE0CA3,consensus,safety,s3,Hemorrhage and vascular implantation favor surgical planning with bleeding preparedness.,unspecified,,,,
R6986543AF50A,primary,expected_action,a1,"[{""code_or_concept"": ""ct_abdomen"", ""tool"": ""request_imaging""}]",critical,,,,
R6986543AF50A,second,expected_action,a1,"[{""code_or_concept"": ""ct_abdomen"", ""tool"": ""request_imaging""}]",critical,,,,
R6986543AF50A,consensus,expected_action,a1,"[{""code_or_concept"": ""ct_abdomen"", ""tool"": ""request_imaging""}]",critical,,,,
R6986543AF50A,primary,expected_action,a2,"[{""code_or_concept"": ""laparotomy"", ""tool"": ""request_procedure""}]",critical,,,,
R6986543AF50A,second,expected_action,a2,"[{""code_or_concept"": ""laparotomy"", ""tool"": ""request_procedure""}]",critical,,,,
R6986543AF50A,consensus,expected_action,a2,"[{""code_or_concept"": ""laparotomy"", ""tool"": ""request_procedure""}]",critical,,,,
R6986543AF50A,primary,expected_action,a3,"[{""code_or_concept"": ""antibiotics"", ""tool"": ""prescribe_medication""}]",critical,,,,
R6986543AF50A,second,expected_action,a3,"[{""code_or_concept"": ""antibiotics"", ""tool"": ""prescribe_medication""}]",critical,,,,
R6986543AF50A,consensus,expected_action,a3,"[{""code_or_concept"": ""antibiotics"", ""tool"": ""prescribe_medication""}]",critical,,,,
R6986543AF50A,primary,expected_action,a4,"[{""code_or_concept"": ""ICU"", ""tool"": ""disposition""}]",recommended,,,,
R6986543AF50A,second,expected_action,a4,"[{""code_or_concept"": ""ICU"", ""tool"": ""disposition""}]",recommended,,,,
R6986543AF50A,consensus,expected_action,a4,"[{""code_or_concept"": ""ICU"", ""tool"": ""disposition""}]",recommended,,,,
R6986543AF50A,primary,safety,s1,Do not delay urgent source control for microbiology.,unspecified,,,,
R6986543AF50A,second,safety,s1,Do not delay urgent source control for microbiology.,unspecified,,,,
R6986543AF50A,consensus,safety,s1,Do not delay urgent source control for microbiology.,unspecified,,,,
R6986543AF50A,primary,safety,s2,Research cfDNA result was retrospective and must not be given to the agent during acute management.,unspecified,,,,
R6986543AF50A,second,safety,s2,Research cfDNA result was retrospective and must not be given to the agent during acute management.,unspecified,,,,
R6986543AF50A,consensus,safety,s2,Research cfDNA result was retrospective and must not be given to the agent during acute management.,unspecified,,,,
R098E7DD94421,primary,expected_action,a1,"[{""code_or_concept"": ""echo"", ""tool"": ""request_ecg_or_test""}]",critical,,,,
R098E7DD94421,second,expected_action,a1,"[{""code_or_concept"": ""echo"", ""tool"": ""request_ecg_or_test""}]",critical,,,,
R098E7DD94421,consensus,expected_action,a1,"[{""code_or_concept"": ""echo"", ""tool"": ""request_ecg_or_test""}]",critical,,,,
R098E7DD94421,primary,expected_action,a2,"[{""code_or_concept"": ""pericardiocentesis"", ""tool"": ""request_procedure""}]",critical,,,,
R098E7DD94421,second,expected_action,a2,"[{""code_or_concept"": ""pericardiocentesis"", ""tool"": ""request_procedure""}]",critical,,,,
R098E7DD94421,consensus,expected_action,a2,"[{""code_or_concept"": ""pericardiocentesis"", ""tool"": ""request_procedure""}]",critical,,,,
R098E7DD94421,primary,expected_action,a3,"[{""code_or_concept"": ""coronary_angiography"", ""tool"": ""request_imaging""}, {""code_or_concept"": ""coronary_angiography"", ""tool"": ""request_procedure""}]",critical,,,,
R098E7DD94421,second,expected_action,a3,"[{""code_or_concept"": ""coronary_angiography"", ""tool"": ""request_imaging""}, {""code_or_concept"": ""coronary_angiography"", ""tool"": ""request_procedure""}]",critical,,,,
R098E7DD94421,consensus,expected_action,a3,"[{""code_or_concept"": ""coronary_angiography"", ""tool"": ""request_imaging""}, {""code_or_concept"": ""coronary_angiography"", ""tool"": ""request_procedure""}]",critical,,,,
R098E7DD94421,primary,expected_action,a4,"[{""code_or_concept"": ""covered_stent"", ""tool"": ""request_procedure""}]",optional,,,,
R098E7DD94421,second,expected_action,a4,"[{""code_or_concept"": ""covered_stent"", ""tool"": ""request_procedure""}]",optional,,,,
R098E7DD94421,consensus,expected_action,a4,"[{""code_or_concept"": ""covered_stent"", ""tool"": ""request_procedure""}]",optional,,,,
R098E7DD94421,primary,expected_action,a5,"[{""code_or_concept"": ""antibiotics"", ""tool"": ""prescribe_medication""}]",critical,,,,
R098E7DD94421,second,expected_action,a5,"[{""code_or_concept"": ""antibiotics"", ""tool"": ""prescribe_medication""}]",critical,,,,
R098E7DD94421,consensus,expected_action,a5,"[{""code_or_concept"": ""antibiotics"", ""tool"": ""prescribe_medication""}]",critical,,,,
R098E7DD94421,primary,expected_action,a6,"[{""code_or_concept"": ""ICU"", ""tool"": ""disposition""}, {""code_or_concept"": ""surgery"", ""tool"": ""disposition""}]",recommended,,,,
R098E7DD94421,second,expected_action,a6,"[{""code_or_concept"": ""ICU"", ""tool"": ""disposition""}, {""code_or_concept"": ""surgery"", ""tool"": ""disposition""}]",recommended,,,,
R098E7DD94421,consensus,expected_action,a6,"[{""code_or_concept"": ""ICU"", ""tool"": ""disposition""}, {""code_or_concept"": ""surgery"", ""tool"": ""disposition""}]",recommended,,,,
R098E7DD94421,primary,safety,s1,Recognize tamponade and shock; urgent drainage.,unspecified,,,,
R098E7DD94421,second,safety,s1,Recognize tamponade and shock; urgent drainage.,unspecified,,,,
R098E7DD94421,consensus,safety,s1,Recognize tamponade and shock; urgent drainage.,unspecified,,,,
R098E7DD94421,primary,safety,s2,Avoid delay in coronary and structural evaluation after stabilization.,unspecified,,,,
R098E7DD94421,second,safety,s2,Avoid delay in coronary and structural evaluation after stabilization.,unspecified,,,,
R098E7DD94421,consensus,safety,s2,Avoid delay in coronary and structural evaluation after stabilization.,unspecified,,,,
R098E7DD94421,primary,safety,s3,Account for active infection and dialysis in medication and procedure decisions.,unspecified,,,,
R098E7DD94421,second,safety,s3,Account for active infection and dialysis in medication and procedure decisions.,unspecified,,,,
R098E7DD94421,consensus,safety,s3,Account for active infection and dialysis in medication and procedure decisions.,unspecified,,,,
R9AA188455D11,primary,expected_action,a1,"[{""code_or_concept"": ""hemoglobin"", ""tool"": ""request_lab""}]",critical,,,,
R9AA188455D11,second,expected_action,a1,"[{""code_or_concept"": ""hemoglobin"", ""tool"": ""request_lab""}]",critical,,,,
R9AA188455D11,consensus,expected_action,a1,"[{""code_or_concept"": ""hemoglobin"", ""tool"": ""request_lab""}]",critical,,,,
R9AA188455D11,primary,expected_action,a2,"[{""code_or_concept"": ""hemolysis"", ""tool"": ""request_lab""}]",critical,,,,
R9AA188455D11,second,expected_action,a2,"[{""code_or_concept"": ""hemolysis"", ""tool"": ""request_lab""}]",critical,,,,
R9AA188455D11,consensus,expected_action,a2,"[{""code_or_concept"": ""hemolysis"", ""tool"": ""request_lab""}]",critical,,,,
R9AA188455D11,primary,expected_action,a3,"[{""code_or_concept"": ""dat"", ""tool"": ""request_lab""}]",critical,,,,
R9AA188455D11,second,expected_action,a3,"[{""code_or_concept"": ""dat"", ""tool"": ""request_lab""}]",critical,,,,
R9AA188455D11,consensus,expected_action,a3,"[{""code_or_concept"": ""dat"", ""tool"": ""request_lab""}]",critical,,,,
R9AA188455D11,primary,expected_action,a4,"[{""code_or_concept"": ""steroids"", ""tool"": ""prescribe_medication""}]",critical,,,,
R9AA188455D11,second,expected_action,a4,"[{""code_or_concept"": ""steroids"", ""tool"": ""prescribe_medication""}]",critical,,,,
R9AA188455D11,consensus,expected_action,a4,"[{""code_or_concept"": ""steroids"", ""tool"": ""prescribe_medication""}]",critical,,,,
R9AA188455D11,primary,expected_action,a5,"[{""code_or_concept"": ""transfusion"", ""tool"": ""request_procedure""}]",critical,,,,
R9AA188455D11,second,expected_action,a5,"[{""code_or_concept"": ""transfusion"", ""tool"": ""request_procedure""}]",critical,,,,
R9AA188455D11,consensus,expected_action,a5,"[{""code_or_concept"": ""transfusion"", ""tool"": ""request_procedure""}]",critical,,,,
R9AA188455D11,primary,expected_action,a6,"[{""code_or_concept"": ""ward"", ""tool"": ""disposition""}]",critical,,,,
R9AA188455D11,second,expected_action,a6,"[{""code_or_concept"": ""ward"", ""tool"": ""disposition""}]",critical,,,,
R9AA188455D11,consensus,expected_action,a6,"[{""code_or_concept"": ""ward"", ""tool"": ""disposition""}]",critical,,,,
R9AA188455D11,primary,safety,s1,Severe symptomatic anemia requires urgent assessment and transfusion strategy.,unspecified,,,,
R9AA188455D11,second,safety,s1,Severe symptomatic anemia requires urgent assessment and transfusion strategy.,unspecified,,,,
R9AA188455D11,consensus,safety,s1,Severe symptomatic anemia requires urgent assessment and transfusion strategy.,unspecified,,,,
R9AA188455D11,primary,safety,s2,Stop immune checkpoint therapy in life-threatening immune-mediated toxicity.,unspecified,,,,
R9AA188455D11,second,safety,s2,Stop immune checkpoint therapy in life-threatening immune-mediated toxicity.,unspecified,,,,
R9AA188455D11,consensus,safety,s2,Stop immune checkpoint therapy in life-threatening immune-mediated toxicity.,unspecified,,,,
R9AA188455D11,primary,safety,s3,Compatibility testing may be complicated by panreactive autoantibody.,unspecified,,,,
R9AA188455D11,second,safety,s3,Compatibility testing may be complicated by panreactive autoantibody.,unspecified,,,,
R9AA188455D11,consensus,safety,s3,Compatibility testing may be complicated by panreactive autoantibody.,unspecified,,,,
R0B3A6920B58C,primary,expected_action,a1,"[{""code_or_concept"": ""ct_abdomen"", ""tool"": ""request_imaging""}]",critical,,,,
R0B3A6920B58C,second,expected_action,a1,"[{""code_or_concept"": ""ct_abdomen"", ""tool"": ""request_imaging""}]",critical,,,,
R0B3A6920B58C,consensus,expected_action,a1,"[{""code_or_concept"": ""ct_abdomen"", ""tool"": ""request_imaging""}]",critical,,,,
R0B3A6920B58C,primary,expected_action,a2,"[{""code_or_concept"": ""laparotomy"", ""tool"": ""request_procedure""}, {""code_or_concept"": ""laparoscopy"", ""tool"": ""request_procedure""}]",critical,,,,
R0B3A6920B58C,second,expected_action,a2,"[{""code_or_concept"": ""laparotomy"", ""tool"": ""request_procedure""}, {""code_or_concept"": ""laparoscopy"", ""tool"": ""request_procedure""}]",critical,,,,
R0B3A6920B58C,consensus,expected_action,a2,"[{""code_or_concept"": ""laparotomy"", ""tool"": ""request_procedure""}, {""code_or_concept"": ""laparoscopy"", ""tool"": ""request_procedure""}]",critical,,,,
R0B3A6920B58C,primary,expected_action,a3,"[{""code_or_concept"": ""surgery"", ""tool"": ""disposition""}, {""code_or_concept"": ""ICU"", ""tool"": ""disposition""}]",critical,,,,
R0B3A6920B58C,second,expected_action,a3,"[{""code_or_concept"": ""surgery"", ""tool"": ""disposition""}, {""code_or_concept"": ""ICU"", ""tool"": ""disposition""}]",critical,,,,
R0B3A6920B58C,consensus,expected_action,a3,"[{""code_or_concept"": ""surgery"", ""tool"": ""disposition""}, {""code_or_concept"": ""ICU"", ""tool"": ""disposition""}]",critical,,,,
R0B3A6920B58C,primary,safety,s1,Peritoneal signs and obstruction demand urgent surgical assessment.,unspecified,,,,
R0B3A6920B58C,second,safety,s1,Peritoneal signs and obstruction demand urgent surgical assessment.,unspecified,,,,
R0B3A6920B58C,consensus,safety,s1,Peritoneal signs and obstruction demand urgent surgical assessment.,unspecified,,,,
R0B3A6920B58C,primary,safety,s2,Prior biliary stent history materially changes interpretation of linear CT foreign body.,unspecified,,,,
R0B3A6920B58C,second,safety,s2,Prior biliary stent history materially changes interpretation of linear CT foreign body.,unspecified,,,,
R0B3A6920B58C,consensus,safety,s2,Prior biliary stent history materially changes interpretation of linear CT foreign body.,unspecified,,,,
R0B3A6920B58C,primary,safety,s3,Consider anticoagulation and COPD risk during perioperative planning; source does not specify drug regimen.,unspecified,,,,
R0B3A6920B58C,second,safety,s3,Consider anticoagulation and COPD risk during perioperative planning; source does not specify drug regimen.,unspecified,,,,
R0B3A6920B58C,consensus,safety,s3,Consider anticoagulation and COPD risk during perioperative planning; source does not specify drug regimen.,unspecified,,,,
R44B60FA193E7,primary,expected_action,a1,"[{""code_or_concept"": ""neurologic"", ""tool"": ""request_physical_exam""}]",critical,,,,
R44B60FA193E7,second,expected_action,a1,"[{""code_or_concept"": ""neurologic"", ""tool"": ""request_physical_exam""}]",critical,,,,
R44B60FA193E7,consensus,expected_action,a1,"[{""code_or_concept"": ""neurologic"", ""tool"": ""request_physical_exam""}]",critical,,,,
R44B60FA193E7,primary,expected_action,a2,"[{""code_or_concept"": ""spine_mri"", ""tool"": ""request_imaging""}]",critical,,,,
R44B60FA193E7,second,expected_action,a2,"[{""code_or_concept"": ""spine_mri"", ""tool"": ""request_imaging""}]",critical,,,,
R44B60FA193E7,consensus,expected_action,a2,"[{""code_or_concept"": ""spine_mri"", ""tool"": ""request_imaging""}]",critical,,,,
R44B60FA193E7,primary,expected_action,a3,"[{""code_or_concept"": ""hematoma_evacuation"", ""tool"": ""request_procedure""}]",critical,,,,
R44B60FA193E7,second,expected_action,a3,"[{""code_or_concept"": ""hematoma_evacuation"", ""tool"": ""request_procedure""}]",critical,,,,
R44B60FA193E7,consensus,expected_action,a3,"[{""code_or_concept"": ""hematoma_evacuation"", ""tool"": ""request_procedure""}]",critical,,,,
R44B60FA193E7,primary,expected_action,a4,"[{""code_or_concept"": ""surgery"", ""tool"": ""disposition""}]",critical,,,,
R44B60FA193E7,second,expected_action,a4,"[{""code_or_concept"": ""surgery"", ""tool"": ""disposition""}]",critical,,,,
R44B60FA193E7,consensus,expected_action,a4,"[{""code_or_concept"": ""surgery"", ""tool"": ""disposition""}]",critical,,,,
R44B60FA193E7,primary,safety,s1,Treat evolving paraplegia and sphincter dysfunction as spinal emergency.,unspecified,,,,
R44B60FA193E7,second,safety,s1,Treat evolving paraplegia and sphincter dysfunction as spinal emergency.,unspecified,,,,
R44B60FA193E7,consensus,safety,s1,Treat evolving paraplegia and sphincter dysfunction as spinal emergency.,unspecified,,,,
R44B60FA193E7,primary,safety,s2,Urgent spine MRI and neurosurgical consultation.,unspecified,,,,
R44B60FA193E7,second,safety,s2,Urgent spine MRI and neurosurgical consultation.,unspecified,,,,
R44B60FA193E7,consensus,safety,s2,Urgent spine MRI and neurosurgical consultation.,unspecified,,,,
R44B60FA193E7,primary,safety,s3,Avoid empiric thrombolysis for presumed stroke without localization; anticoagulation may worsen hematoma.,unspecified,,,,
R44B60FA193E7,second,safety,s3,Avoid empiric thrombolysis for presumed stroke without localization; anticoagulation may worsen hematoma.,unspecified,,,,
R44B60FA193E7,consensus,safety,s3,Avoid empiric thrombolysis for presumed stroke without localization; anticoagulation may worsen hematoma.,unspecified,,,,
RCE9045E94117,primary,expected_action,a1,"[{""code_or_concept"": ""adrenal_hormones"", ""tool"": ""request_lab""}]",critical,,,,
RCE9045E94117,second,expected_action,a1,"[{""code_or_concept"": ""adrenal_hormones"", ""tool"": ""request_lab""}]",critical,,,,
RCE9045E94117,consensus,expected_action,a1,"[{""code_or_concept"": ""adrenal_hormones"", ""tool"": ""request_lab""}]",critical,,,,
RCE9045E94117,primary,expected_action,a2,"[{""code_or_concept"": ""adrenal_ct"", ""tool"": ""request_imaging""}]",recommended,,,,
RCE9045E94117,second,expected_action,a2,"[{""code_or_concept"": ""adrenal_ct"", ""tool"": ""request_imaging""}]",recommended,,,,
RCE9045E94117,consensus,expected_action,a2,"[{""code_or_concept"": ""adrenal_ct"", ""tool"": ""request_imaging""}]",recommended,,,,
RCE9045E94117,primary,expected_action,a3,"[{""code_or_concept"": ""adrenal_biopsy"", ""tool"": ""request_procedure""}]",optional,,,,
RCE9045E94117,second,expected_action,a3,"[{""code_or_concept"": ""adrenal_biopsy"", ""tool"": ""request_procedure""}]",optional,,,,
RCE9045E94117,consensus,expected_action,a3,"[{""code_or_concept"": ""adrenal_biopsy"", ""tool"": ""request_procedure""}]",optional,,,,
RCE9045E94117,primary,expected_action,a4,"[{""code_or_concept"": ""adrenal_tb_pcr"", ""tool"": ""request_microbiology""}]",optional,,,,
RCE9045E94117,second,expected_action,a4,"[{""code_or_concept"": ""adrenal_tb_pcr"", ""tool"": ""request_microbiology""}]",optional,,,,
RCE9045E94117,consensus,expected_action,a4,"[{""code_or_concept"": ""adrenal_tb_pcr"", ""tool"": ""request_microbiology""}]",optional,,,,
RCE9045E94117,primary,expected_action,a5,"[{""code_or_concept"": ""hydrocortisone"", ""tool"": ""prescribe_medication""}]",critical,,,,
RCE9045E94117,second,expected_action,a5,"[{""code_or_concept"": ""hydrocortisone"", ""tool"": ""prescribe_medication""}]",critical,,,,
RCE9045E94117,consensus,expected_action,a5,"[{""code_or_concept"": ""hydrocortisone"", ""tool"": ""prescribe_medication""}]",critical,,,,
RCE9045E94117,primary,safety,s1,Recognize primary adrenal insufficiency and risk of adrenal crisis under stress.,unspecified,,,,
RCE9045E94117,second,safety,s1,Recognize primary adrenal insufficiency and risk of adrenal crisis under stress.,unspecified,,,,
RCE9045E94117,consensus,safety,s1,Recognize primary adrenal insufficiency and risk of adrenal crisis under stress.,unspecified,,,,
RCE9045E94117,primary,safety,s2,Do not assume negative acid-fast stain excludes tuberculosis.,unspecified,,,,
RCE9045E94117,second,safety,s2,Do not assume negative acid-fast stain excludes tuberculosis.,unspecified,,,,
RCE9045E94117,consensus,safety,s2,Do not assume negative acid-fast stain excludes tuberculosis.,unspecified,,,,
RCE9045E94117,primary,safety,s3,Antituberculous regimen in source is descriptive; independent guideline review is needed before rating as standard.,unspecified,,,,
RCE9045E94117,second,safety,s3,Antituberculous regimen in source is descriptive; independent guideline review is needed before rating as standard.,unspecified,,,,
RCE9045E94117,consensus,safety,s3,Antituberculous regimen in source is descriptive; independent guideline review is needed before rating as standard.,unspecified,,,,
RCE9045E94117,primary,safety,s4,"Before adrenal biopsy, assess hormonal activity and exclude pheochromocytoma; if the source does not report this, mark unknown rather than safe by default.",unspecified,,,,
RCE9045E94117,second,safety,s4,"Before adrenal biopsy, assess hormonal activity and exclude pheochromocytoma; if the source does not report this, mark unknown rather than safe by default.",unspecified,,,,
RCE9045E94117,consensus,safety,s4,"Before adrenal biopsy, assess hormonal activity and exclude pheochromocytoma; if the source does not report this, mark unknown rather than safe by default.",unspecified,,,,
RE80883F9A52F,primary,expected_action,a1,"[{""code_or_concept"": ""ecg"", ""tool"": ""request_ecg_or_test""}]",critical,,,,
RE80883F9A52F,second,expected_action,a1,"[{""code_or_concept"": ""ecg"", ""tool"": ""request_ecg_or_test""}]",critical,,,,
RE80883F9A52F,consensus,expected_action,a1,"[{""code_or_concept"": ""ecg"", ""tool"": ""request_ecg_or_test""}]",critical,,,,
RE80883F9A52F,primary,expected_action,a2,"[{""code_or_concept"": ""echo"", ""tool"": ""request_ecg_or_test""}]",critical,,,,
RE80883F9A52F,second,expected_action,a2,"[{""code_or_concept"": ""echo"", ""tool"": ""request_ecg_or_test""}]",critical,,,,
RE80883F9A52F,consensus,expected_action,a2,"[{""code_or_concept"": ""echo"", ""tool"": ""request_ecg_or_test""}]",critical,,,,
RE80883F9A52F,primary,expected_action,a3,"[{""code_or_concept"": ""ctpa"", ""tool"": ""request_imaging""}]",recommended,,,,
RE80883F9A52F,second,expected_action,a3,"[{""code_or_concept"": ""ctpa"", ""tool"": ""request_imaging""}]",recommended,,,,
RE80883F9A52F,consensus,expected_action,a3,"[{""code_or_concept"": ""ctpa"", ""tool"": ""request_imaging""}]",recommended,,,,
RE80883F9A52F,primary,expected_action,a4,"[{""code_or_concept"": ""cardiac_mri"", ""tool"": ""request_imaging""}]",recommended,,,,
RE80883F9A52F,second,expected_action,a4,"[{""code_or_concept"": ""cardiac_mri"", ""tool"": ""request_imaging""}]",recommended,,,,
RE80883F9A52F,consensus,expected_action,a4,"[{""code_or_concept"": ""cardiac_mri"", ""tool"": ""request_imaging""}]",recommended,,,,
RE80883F9A52F,primary,expected_action,a5,"[{""code_or_concept"": ""pacemaker"", ""tool"": ""request_procedure""}]",critical,,,,
RE80883F9A52F,second,expected_action,a5,"[{""code_or_concept"": ""pacemaker"", ""tool"": ""request_procedure""}]",critical,,,,
RE80883F9A52F,consensus,expected_action,a5,"[{""code_or_concept"": ""pacemaker"", ""tool"": ""request_procedure""}]",critical,,,,
RE80883F9A52F,primary,expected_action,a6,"[{""code_or_concept"": ""ward"", ""tool"": ""disposition""}]",recommended,,,,
RE80883F9A52F,second,expected_action,a6,"[{""code_or_concept"": ""ward"", ""tool"": ""disposition""}]",recommended,,,,
RE80883F9A52F,consensus,expected_action,a6,"[{""code_or_concept"": ""ward"", ""tool"": ""disposition""}]",recommended,,,,
RE80883F9A52F,primary,safety,s1,Symptomatic bradycardia and AV block need prompt stabilization and pacing assessment.,unspecified,,,,
RE80883F9A52F,second,safety,s1,Symptomatic bradycardia and AV block need prompt stabilization and pacing assessment.,unspecified,,,,
RE80883F9A52F,consensus,safety,s1,Symptomatic bradycardia and AV block need prompt stabilization and pacing assessment.,unspecified,,,,
RE80883F9A52F,primary,safety,s2,Do not diagnose PE solely from elevated D-dimer.,unspecified,,,,
RE80883F9A52F,second,safety,s2,Do not diagnose PE solely from elevated D-dimer.,unspecified,,,,
RE80883F9A52F,consensus,safety,s2,Do not diagnose PE solely from elevated D-dimer.,unspecified,,,,
RE80883F9A52F,primary,safety,s3,Anticoagulation decision with atrial standstill requires explicit individualized assessment.,unspecified,,,,
RE80883F9A52F,second,safety,s3,Anticoagulation decision with atrial standstill requires explicit individualized assessment.,unspecified,,,,
RE80883F9A52F,consensus,safety,s3,Anticoagulation decision with atrial standstill requires explicit individualized assessment.,unspecified,,,,
R932E5AD8563E,primary,expected_action,a1,"[{""code_or_concept"": ""ct_chest"", ""tool"": ""request_imaging""}]",recommended,,,,
R932E5AD8563E,second,expected_action,a1,"[{""code_or_concept"": ""ct_chest"", ""tool"": ""request_imaging""}]",recommended,,,,
R932E5AD8563E,consensus,expected_action,a1,"[{""code_or_concept"": ""ct_chest"", ""tool"": ""request_imaging""}]",recommended,,,,
R932E5AD8563E,primary,expected_action,a2,"[{""code_or_concept"": ""thoracentesis"", ""tool"": ""request_procedure""}]",critical,,,,
R932E5AD8563E,second,expected_action,a2,"[{""code_or_concept"": ""thoracentesis"", ""tool"": ""request_procedure""}]",critical,,,,
R932E5AD8563E,consensus,expected_action,a2,"[{""code_or_concept"": ""thoracentesis"", ""tool"": ""request_procedure""}]",critical,,,,
R932E5AD8563E,primary,expected_action,a3,"[{""code_or_concept"": ""pleural_biopsy"", ""tool"": ""request_procedure""}]",recommended,,,,
R932E5AD8563E,second,expected_action,a3,"[{""code_or_concept"": ""pleural_biopsy"", ""tool"": ""request_procedure""}]",recommended,,,,
R932E5AD8563E,consensus,expected_action,a3,"[{""code_or_concept"": ""pleural_biopsy"", ""tool"": ""request_procedure""}]",recommended,,,,
R932E5AD8563E,primary,expected_action,a4,"[{""code_or_concept"": ""tumor_genetics"", ""tool"": ""request_ecg_or_test""}]",recommended,,,,
R932E5AD8563E,second,expected_action,a4,"[{""code_or_concept"": ""tumor_genetics"", ""tool"": ""request_ecg_or_test""}]",recommended,,,,
R932E5AD8563E,consensus,expected_action,a4,"[{""code_or_concept"": ""tumor_genetics"", ""tool"": ""request_ecg_or_test""}]",recommended,,,,
R932E5AD8563E,primary,safety,s1,Do not conclude mesothelioma from asbestos history and CT alone; obtain cytology and tissue with immunophenotyping.,unspecified,,,,
R932E5AD8563E,second,safety,s1,Do not conclude mesothelioma from asbestos history and CT alone; obtain cytology and tissue with immunophenotyping.,unspecified,,,,
R932E5AD8563E,consensus,safety,s1,Do not conclude mesothelioma from asbestos history and CT alone; obtain cytology and tissue with immunophenotyping.,unspecified,,,,
R932E5AD8563E,primary,safety,s2,Account for baseline interstitial lung disease when weighing immunotherapy pneumonitis risk.,unspecified,,,,
R932E5AD8563E,second,safety,s2,Account for baseline interstitial lung disease when weighing immunotherapy pneumonitis risk.,unspecified,,,,
R932E5AD8563E,consensus,safety,s2,Account for baseline interstitial lung disease when weighing immunotherapy pneumonitis risk.,unspecified,,,,
R4CCCD9747401,primary,expected_action,a1,"[{""code_or_concept"": ""chest_xray"", ""tool"": ""request_imaging""}]",recommended,,,,
R4CCCD9747401,second,expected_action,a1,"[{""code_or_concept"": ""chest_xray"", ""tool"": ""request_imaging""}]",recommended,,,,
R4CCCD9747401,consensus,expected_action,a1,"[{""code_or_concept"": ""chest_xray"", ""tool"": ""request_imaging""}]",recommended,,,,
R4CCCD9747401,primary,expected_action,a2,"[{""code_or_concept"": ""thoracentesis"", ""tool"": ""request_procedure""}]",critical,,,,
R4CCCD9747401,second,expected_action,a2,"[{""code_or_concept"": ""thoracentesis"", ""tool"": ""request_procedure""}]",critical,,,,
R4CCCD9747401,consensus,expected_action,a2,"[{""code_or_concept"": ""thoracentesis"", ""tool"": ""request_procedure""}]",critical,,,,
R4CCCD9747401,primary,expected_action,a3,"[{""code_or_concept"": ""pleural_fluid"", ""tool"": ""request_lab""}]",critical,,,,
R4CCCD9747401,second,expected_action,a3,"[{""code_or_concept"": ""pleural_fluid"", ""tool"": ""request_lab""}]",critical,,,,
R4CCCD9747401,consensus,expected_action,a3,"[{""code_or_concept"": ""pleural_fluid"", ""tool"": ""request_lab""}]",critical,,,,
R4CCCD9747401,primary,expected_action,a4,"[{""code_or_concept"": ""ct_chest"", ""tool"": ""request_imaging""}]",recommended,,,,
R4CCCD9747401,second,expected_action,a4,"[{""code_or_concept"": ""ct_chest"", ""tool"": ""request_imaging""}]",recommended,,,,
R4CCCD9747401,consensus,expected_action,a4,"[{""code_or_concept"": ""ct_chest"", ""tool"": ""request_imaging""}]",recommended,,,,
R4CCCD9747401,primary,expected_action,a5,"[{""code_or_concept"": ""ebus_biopsy"", ""tool"": ""request_procedure""}]",recommended,,,,
R4CCCD9747401,second,expected_action,a5,"[{""code_or_concept"": ""ebus_biopsy"", ""tool"": ""request_procedure""}]",recommended,,,,
R4CCCD9747401,consensus,expected_action,a5,"[{""code_or_concept"": ""ebus_biopsy"", ""tool"": ""request_procedure""}]",recommended,,,,
R4CCCD9747401,primary,safety,s1,Symptomatic recurrent pleural effusion needs drainage and assessment of cause.,unspecified,,,,
R4CCCD9747401,second,safety,s1,Symptomatic recurrent pleural effusion needs drainage and assessment of cause.,unspecified,,,,
R4CCCD9747401,consensus,safety,s1,Symptomatic recurrent pleural effusion needs drainage and assessment of cause.,unspecified,,,,
R4CCCD9747401,primary,safety,s2,Negative pleural cytology does not rule out thoracic malignancy.,unspecified,,,,
R4CCCD9747401,second,safety,s2,Negative pleural cytology does not rule out thoracic malignancy.,unspecified,,,,
R4CCCD9747401,consensus,safety,s2,Negative pleural cytology does not rule out thoracic malignancy.,unspecified,,,,
R4CCCD9747401,primary,safety,s3,Long-term chyle drainage raises nutritional and immune concerns.,unspecified,,,,
R4CCCD9747401,second,safety,s3,Long-term chyle drainage raises nutritional and immune concerns.,unspecified,,,,
R4CCCD9747401,consensus,safety,s3,Long-term chyle drainage raises nutritional and immune concerns.,unspecified,,,,
REDB56D896321,primary,expected_action,a1,"[{""code_or_concept"": ""ecg"", ""tool"": ""request_ecg_or_test""}]",critical,,,,
REDB56D896321,second,expected_action,a1,"[{""code_or_concept"": ""ecg"", ""tool"": ""request_ecg_or_test""}]",critical,,,,
REDB56D896321,consensus,expected_action,a1,"[{""code_or_concept"": ""ecg"", ""tool"": ""request_ecg_or_test""}]",critical,,,,
REDB56D896321,primary,expected_action,a2,"[{""code_or_concept"": ""echo"", ""tool"": ""request_ecg_or_test""}]",critical,,,,
REDB56D896321,second,expected_action,a2,"[{""code_or_concept"": ""echo"", ""tool"": ""request_ecg_or_test""}]",critical,,,,
REDB56D896321,consensus,expected_action,a2,"[{""code_or_concept"": ""echo"", ""tool"": ""request_ecg_or_test""}]",critical,,,,
REDB56D896321,primary,expected_action,a3,"[{""code_or_concept"": ""ctpa"", ""tool"": ""request_imaging""}]",recommended,,,,
REDB56D896321,second,expected_action,a3,"[{""code_or_concept"": ""ctpa"", ""tool"": ""request_imaging""}]",recommended,,,,
REDB56D896321,consensus,expected_action,a3,"[{""code_or_concept"": ""ctpa"", ""tool"": ""request_imaging""}]",recommended,,,,
REDB56D896321,primary,expected_action,a4,"[{""code_or_concept"": ""cardiac_mri"", ""tool"": ""request_imaging""}]",recommended,,,,
REDB56D896321,second,expected_action,a4,"[{""code_or_concept"": ""cardiac_mri"", ""tool"": ""request_imaging""}]",recommended,,,,
REDB56D896321,consensus,expected_action,a4,"[{""code_or_concept"": ""cardiac_mri"", ""tool"": ""request_imaging""}]",recommended,,,,
REDB56D896321,primary,expected_action,a5,"[{""code_or_concept"": ""pacemaker"", ""tool"": ""request_procedure""}]",critical,,,,
REDB56D896321,second,expected_action,a5,"[{""code_or_concept"": ""pacemaker"", ""tool"": ""request_procedure""}]",critical,,,,
REDB56D896321,consensus,expected_action,a5,"[{""code_or_concept"": ""pacemaker"", ""tool"": ""request_procedure""}]",critical,,,,
REDB56D896321,primary,expected_action,a6,"[{""code_or_concept"": ""ward"", ""tool"": ""disposition""}]",recommended,,,,
REDB56D896321,second,expected_action,a6,"[{""code_or_concept"": ""ward"", ""tool"": ""disposition""}]",recommended,,,,
REDB56D896321,consensus,expected_action,a6,"[{""code_or_concept"": ""ward"", ""tool"": ""disposition""}]",recommended,,,,
REDB56D896321,primary,safety,s1,Symptomatic bradycardia and AV block need prompt stabilization and pacing assessment.,unspecified,,,,
REDB56D896321,second,safety,s1,Symptomatic bradycardia and AV block need prompt stabilization and pacing assessment.,unspecified,,,,
REDB56D896321,consensus,safety,s1,Symptomatic bradycardia and AV block need prompt stabilization and pacing assessment.,unspecified,,,,
REDB56D896321,primary,safety,s2,Do not diagnose PE solely from elevated D-dimer.,unspecified,,,,
REDB56D896321,second,safety,s2,Do not diagnose PE solely from elevated D-dimer.,unspecified,,,,
REDB56D896321,consensus,safety,s2,Do not diagnose PE solely from elevated D-dimer.,unspecified,,,,
REDB56D896321,primary,safety,s3,Anticoagulation decision with atrial standstill requires explicit individualized assessment.,unspecified,,,,
REDB56D896321,second,safety,s3,Anticoagulation decision with atrial standstill requires explicit individualized assessment.,unspecified,,,,
REDB56D896321,consensus,safety,s3,Anticoagulation decision with atrial standstill requires explicit individualized assessment.,unspecified,,,,
R051DDFFDFC3C,primary,expected_action,a1,"[{""code_or_concept"": ""chest_xray"", ""tool"": ""request_imaging""}]",recommended,,,,
R051DDFFDFC3C,second,expected_action,a1,"[{""code_or_concept"": ""chest_xray"", ""tool"": ""request_imaging""}]",recommended,,,,
R051DDFFDFC3C,consensus,expected_action,a1,"[{""code_or_concept"": ""chest_xray"", ""tool"": ""request_imaging""}]",recommended,,,,
R051DDFFDFC3C,primary,expected_action,a2,"[{""code_or_concept"": ""thoracentesis"", ""tool"": ""request_procedure""}]",critical,,,,
R051DDFFDFC3C,second,expected_action,a2,"[{""code_or_concept"": ""thoracentesis"", ""tool"": ""request_procedure""}]",critical,,,,
R051DDFFDFC3C,consensus,expected_action,a2,"[{""code_or_concept"": ""thoracentesis"", ""tool"": ""request_procedure""}]",critical,,,,
R051DDFFDFC3C,primary,expected_action,a3,"[{""code_or_concept"": ""pleural_fluid"", ""tool"": ""request_lab""}]",critical,,,,
R051DDFFDFC3C,second,expected_action,a3,"[{""code_or_concept"": ""pleural_fluid"", ""tool"": ""request_lab""}]",critical,,,,
R051DDFFDFC3C,consensus,expected_action,a3,"[{""code_or_concept"": ""pleural_fluid"", ""tool"": ""request_lab""}]",critical,,,,
R051DDFFDFC3C,primary,expected_action,a4,"[{""code_or_concept"": ""ct_chest"", ""tool"": ""request_imaging""}]",recommended,,,,
R051DDFFDFC3C,second,expected_action,a4,"[{""code_or_concept"": ""ct_chest"", ""tool"": ""request_imaging""}]",recommended,,,,
R051DDFFDFC3C,consensus,expected_action,a4,"[{""code_or_concept"": ""ct_chest"", ""tool"": ""request_imaging""}]",recommended,,,,
R051DDFFDFC3C,primary,expected_action,a5,"[{""code_or_concept"": ""ebus_biopsy"", ""tool"": ""request_procedure""}]",recommended,,,,
R051DDFFDFC3C,second,expected_action,a5,"[{""code_or_concept"": ""ebus_biopsy"", ""tool"": ""request_procedure""}]",recommended,,,,
R051DDFFDFC3C,consensus,expected_action,a5,"[{""code_or_concept"": ""ebus_biopsy"", ""tool"": ""request_procedure""}]",recommended,,,,
R051DDFFDFC3C,primary,safety,s1,Symptomatic recurrent pleural effusion needs drainage and assessment of cause.,unspecified,,,,
R051DDFFDFC3C,second,safety,s1,Symptomatic recurrent pleural effusion needs drainage and assessment of cause.,unspecified,,,,
R051DDFFDFC3C,consensus,safety,s1,Symptomatic recurrent pleural effusion needs drainage and assessment of cause.,unspecified,,,,
R051DDFFDFC3C,primary,safety,s2,Negative pleural cytology does not rule out thoracic malignancy.,unspecified,,,,
R051DDFFDFC3C,second,safety,s2,Negative pleural cytology does not rule out thoracic malignancy.,unspecified,,,,
R051DDFFDFC3C,consensus,safety,s2,Negative pleural cytology does not rule out thoracic malignancy.,unspecified,,,,
R051DDFFDFC3C,primary,safety,s3,Long-term chyle drainage raises nutritional and immune concerns.,unspecified,,,,
R051DDFFDFC3C,second,safety,s3,Long-term chyle drainage raises nutritional and immune concerns.,unspecified,,,,
R051DDFFDFC3C,consensus,safety,s3,Long-term chyle drainage raises nutritional and immune concerns.,unspecified,,,,
R5E5E6CD59168,primary,expected_action,a1,"[{""code_or_concept"": ""pregnancy_test"", ""tool"": ""request_lab""}]",critical,,,,
R5E5E6CD59168,second,expected_action,a1,"[{""code_or_concept"": ""pregnancy_test"", ""tool"": ""request_lab""}]",critical,,,,
R5E5E6CD59168,consensus,expected_action,a1,"[{""code_or_concept"": ""pregnancy_test"", ""tool"": ""request_lab""}]",critical,,,,
R5E5E6CD59168,primary,expected_action,a2,"[{""code_or_concept"": ""pelvic_ultrasound"", ""tool"": ""request_imaging""}]",critical,,,,
R5E5E6CD59168,second,expected_action,a2,"[{""code_or_concept"": ""pelvic_ultrasound"", ""tool"": ""request_imaging""}]",critical,,,,
R5E5E6CD59168,consensus,expected_action,a2,"[{""code_or_concept"": ""pelvic_ultrasound"", ""tool"": ""request_imaging""}]",critical,,,,
R5E5E6CD59168,primary,expected_action,a3,"[{""code_or_concept"": ""laparoscopy"", ""tool"": ""request_procedure""}]",critical,,,,
R5E5E6CD59168,second,expected_action,a3,"[{""code_or_concept"": ""laparoscopy"", ""tool"": ""request_procedure""}]",critical,,,,
R5E5E6CD59168,consensus,expected_action,a3,"[{""code_or_concept"": ""laparoscopy"", ""tool"": ""request_procedure""}]",critical,,,,
R5E5E6CD59168,primary,expected_action,a4,"[{""code_or_concept"": ""surgery"", ""tool"": ""disposition""}]",critical,,,,
R5E5E6CD59168,second,expected_action,a4,"[{""code_or_concept"": ""surgery"", ""tool"": ""disposition""}]",critical,,,,
R5E5E6CD59168,consensus,expected_action,a4,"[{""code_or_concept"": ""surgery"", ""tool"": ""disposition""}]",critical,,,,
R5E5E6CD59168,primary,safety,s1,Pregnancy test is essential in reproductive-age patient with abdominal pain.,unspecified,,,,
R5E5E6CD59168,second,safety,s1,Pregnancy test is essential in reproductive-age patient with abdominal pain.,unspecified,,,,
R5E5E6CD59168,consensus,safety,s1,Pregnancy test is essential in reproductive-age patient with abdominal pain.,unspecified,,,,
R5E5E6CD59168,primary,safety,s2,"No intrauterine pregnancy with hCG around 10,130 IU/L requires urgent ectopic pregnancy evaluation.",unspecified,,,,
R5E5E6CD59168,second,safety,s2,"No intrauterine pregnancy with hCG around 10,130 IU/L requires urgent ectopic pregnancy evaluation.",unspecified,,,,
R5E5E6CD59168,consensus,safety,s2,"No intrauterine pregnancy with hCG around 10,130 IU/L requires urgent ectopic pregnancy evaluation.",unspecified,,,,
R5E5E6CD59168,primary,safety,s3,Hemorrhage and vascular implantation favor surgical planning with bleeding preparedness.,unspecified,,,,
R5E5E6CD59168,second,safety,s3,Hemorrhage and vascular implantation favor surgical planning with bleeding preparedness.,unspecified,,,,
R5E5E6CD59168,consensus,safety,s3,Hemorrhage and vascular implantation favor surgical planning with bleeding preparedness.,unspecified,,,,
RDC08AE36E29D,primary,expected_action,a1,"[{""code_or_concept"": ""echo"", ""tool"": ""request_ecg_or_test""}]",critical,,,,
RDC08AE36E29D,second,expected_action,a1,"[{""code_or_concept"": ""echo"", ""tool"": ""request_ecg_or_test""}]",critical,,,,
RDC08AE36E29D,consensus,expected_action,a1,"[{""code_or_concept"": ""echo"", ""tool"": ""request_ecg_or_test""}]",critical,,,,
RDC08AE36E29D,primary,expected_action,a2,"[{""code_or_concept"": ""pericardiocentesis"", ""tool"": ""request_procedure""}]",critical,,,,
RDC08AE36E29D,second,expected_action,a2,"[{""code_or_concept"": ""pericardiocentesis"", ""tool"": ""request_procedure""}]",critical,,,,
RDC08AE36E29D,consensus,expected_action,a2,"[{""code_or_concept"": ""pericardiocentesis"", ""tool"": ""request_procedure""}]",critical,,,,
RDC08AE36E29D,primary,expected_action,a3,"[{""code_or_concept"": ""coronary_angiography"", ""tool"": ""request_imaging""}, {""code_or_concept"": ""coronary_angiography"", ""tool"": ""request_procedure""}]",critical,,,,
RDC08AE36E29D,second,expected_action,a3,"[{""code_or_concept"": ""coronary_angiography"", ""tool"": ""request_imaging""}, {""code_or_concept"": ""coronary_angiography"", ""tool"": ""request_procedure""}]",critical,,,,
RDC08AE36E29D,consensus,expected_action,a3,"[{""code_or_concept"": ""coronary_angiography"", ""tool"": ""request_imaging""}, {""code_or_concept"": ""coronary_angiography"", ""tool"": ""request_procedure""}]",critical,,,,
RDC08AE36E29D,primary,expected_action,a4,"[{""code_or_concept"": ""covered_stent"", ""tool"": ""request_procedure""}]",optional,,,,
RDC08AE36E29D,second,expected_action,a4,"[{""code_or_concept"": ""covered_stent"", ""tool"": ""request_procedure""}]",optional,,,,
RDC08AE36E29D,consensus,expected_action,a4,"[{""code_or_concept"": ""covered_stent"", ""tool"": ""request_procedure""}]",optional,,,,
RDC08AE36E29D,primary,expected_action,a5,"[{""code_or_concept"": ""antibiotics"", ""tool"": ""prescribe_medication""}]",critical,,,,
RDC08AE36E29D,second,expected_action,a5,"[{""code_or_concept"": ""antibiotics"", ""tool"": ""prescribe_medication""}]",critical,,,,
RDC08AE36E29D,consensus,expected_action,a5,"[{""code_or_concept"": ""antibiotics"", ""tool"": ""prescribe_medication""}]",critical,,,,
RDC08AE36E29D,primary,expected_action,a6,"[{""code_or_concept"": ""ICU"", ""tool"": ""disposition""}, {""code_or_concept"": ""surgery"", ""tool"": ""disposition""}]",recommended,,,,
RDC08AE36E29D,second,expected_action,a6,"[{""code_or_concept"": ""ICU"", ""tool"": ""disposition""}, {""code_or_concept"": ""surgery"", ""tool"": ""disposition""}]",recommended,,,,
RDC08AE36E29D,consensus,expected_action,a6,"[{""code_or_concept"": ""ICU"", ""tool"": ""disposition""}, {""code_or_concept"": ""surgery"", ""tool"": ""disposition""}]",recommended,,,,
RDC08AE36E29D,primary,safety,s1,Recognize tamponade and shock; urgent drainage.,unspecified,,,,
RDC08AE36E29D,second,safety,s1,Recognize tamponade and shock; urgent drainage.,unspecified,,,,
RDC08AE36E29D,consensus,safety,s1,Recognize tamponade and shock; urgent drainage.,unspecified,,,,
RDC08AE36E29D,primary,safety,s2,Avoid delay in coronary and structural evaluation after stabilization.,unspecified,,,,
RDC08AE36E29D,second,safety,s2,Avoid delay in coronary and structural evaluation after stabilization.,unspecified,,,,
RDC08AE36E29D,consensus,safety,s2,Avoid delay in coronary and structural evaluation after stabilization.,unspecified,,,,
RDC08AE36E29D,primary,safety,s3,Account for active infection and dialysis in medication and procedure decisions.,unspecified,,,,
RDC08AE36E29D,second,safety,s3,Account for active infection and dialysis in medication and procedure decisions.,unspecified,,,,
RDC08AE36E29D,consensus,safety,s3,Account for active infection and dialysis in medication and procedure decisions.,unspecified,,,,
R45DD8B8640EE,primary,expected_action,a1,"[{""code_or_concept"": ""ct_abdomen"", ""tool"": ""request_imaging""}]",critical,,,,
R45DD8B8640EE,second,expected_action,a1,"[{""code_or_concept"": ""ct_abdomen"", ""tool"": ""request_imaging""}]",critical,,,,
R45DD8B8640EE,consensus,expected_action,a1,"[{""code_or_concept"": ""ct_abdomen"", ""tool"": ""request_imaging""}]",critical,,,,
R45DD8B8640EE,primary,expected_action,a2,"[{""code_or_concept"": ""laparotomy"", ""tool"": ""request_procedure""}, {""code_or_concept"": ""laparoscopy"", ""tool"": ""request_procedure""}]",critical,,,,
R45DD8B8640EE,second,expected_action,a2,"[{""code_or_concept"": ""laparotomy"", ""tool"": ""request_procedure""}, {""code_or_concept"": ""laparoscopy"", ""tool"": ""request_procedure""}]",critical,,,,
R45DD8B8640EE,consensus,expected_action,a2,"[{""code_or_concept"": ""laparotomy"", ""tool"": ""request_procedure""}, {""code_or_concept"": ""laparoscopy"", ""tool"": ""request_procedure""}]",critical,,,,
R45DD8B8640EE,primary,expected_action,a3,"[{""code_or_concept"": ""surgery"", ""tool"": ""disposition""}, {""code_or_concept"": ""ICU"", ""tool"": ""disposition""}]",critical,,,,
R45DD8B8640EE,second,expected_action,a3,"[{""code_or_concept"": ""surgery"", ""tool"": ""disposition""}, {""code_or_concept"": ""ICU"", ""tool"": ""disposition""}]",critical,,,,
R45DD8B8640EE,consensus,expected_action,a3,"[{""code_or_concept"": ""surgery"", ""tool"": ""disposition""}, {""code_or_concept"": ""ICU"", ""tool"": ""disposition""}]",critical,,,,
R45DD8B8640EE,primary,safety,s1,Peritoneal signs and obstruction demand urgent surgical assessment.,unspecified,,,,
R45DD8B8640EE,second,safety,s1,Peritoneal signs and obstruction demand urgent surgical assessment.,unspecified,,,,
R45DD8B8640EE,consensus,safety,s1,Peritoneal signs and obstruction demand urgent surgical assessment.,unspecified,,,,
R45DD8B8640EE,primary,safety,s2,Prior biliary stent history materially changes interpretation of linear CT foreign body.,unspecified,,,,
R45DD8B8640EE,second,safety,s2,Prior biliary stent history materially changes interpretation of linear CT foreign body.,unspecified,,,,
R45DD8B8640EE,consensus,safety,s2,Prior biliary stent history materially changes interpretation of linear CT foreign body.,unspecified,,,,
R45DD8B8640EE,primary,safety,s3,Consider anticoagulation and COPD risk during perioperative planning; source does not specify drug regimen.,unspecified,,,,
R45DD8B8640EE,second,safety,s3,Consider anticoagulation and COPD risk during perioperative planning; source does not specify drug regimen.,unspecified,,,,
R45DD8B8640EE,consensus,safety,s3,Consider anticoagulation and COPD risk during perioperative planning; source does not specify drug regimen.,unspecified,,,,
R37275438C710,primary,expected_action,a1,"[{""code_or_concept"": ""pregnancy_test"", ""tool"": ""request_lab""}]",critical,,,,
R37275438C710,second,expected_action,a1,"[{""code_or_concept"": ""pregnancy_test"", ""tool"": ""request_lab""}]",critical,,,,
R37275438C710,consensus,expected_action,a1,"[{""code_or_concept"": ""pregnancy_test"", ""tool"": ""request_lab""}]",critical,,,,
R37275438C710,primary,expected_action,a2,"[{""code_or_concept"": ""pelvic_ultrasound"", ""tool"": ""request_imaging""}]",critical,,,,
R37275438C710,second,expected_action,a2,"[{""code_or_concept"": ""pelvic_ultrasound"", ""tool"": ""request_imaging""}]",critical,,,,
R37275438C710,consensus,expected_action,a2,"[{""code_or_concept"": ""pelvic_ultrasound"", ""tool"": ""request_imaging""}]",critical,,,,
R37275438C710,primary,expected_action,a3,"[{""code_or_concept"": ""laparoscopy"", ""tool"": ""request_procedure""}]",critical,,,,
R37275438C710,second,expected_action,a3,"[{""code_or_concept"": ""laparoscopy"", ""tool"": ""request_procedure""}]",critical,,,,
R37275438C710,consensus,expected_action,a3,"[{""code_or_concept"": ""laparoscopy"", ""tool"": ""request_procedure""}]",critical,,,,
R37275438C710,primary,expected_action,a4,"[{""code_or_concept"": ""surgery"", ""tool"": ""disposition""}]",critical,,,,
R37275438C710,second,expected_action,a4,"[{""code_or_concept"": ""surgery"", ""tool"": ""disposition""}]",critical,,,,
R37275438C710,consensus,expected_action,a4,"[{""code_or_concept"": ""surgery"", ""tool"": ""disposition""}]",critical,,,,
R37275438C710,primary,safety,s1,Pregnancy test is essential in reproductive-age patient with abdominal pain.,unspecified,,,,
R37275438C710,second,safety,s1,Pregnancy test is essential in reproductive-age patient with abdominal pain.,unspecified,,,,
R37275438C710,consensus,safety,s1,Pregnancy test is essential in reproductive-age patient with abdominal pain.,unspecified,,,,
R37275438C710,primary,safety,s2,"No intrauterine pregnancy with hCG around 10,130 IU/L requires urgent ectopic pregnancy evaluation.",unspecified,,,,
R37275438C710,second,safety,s2,"No intrauterine pregnancy with hCG around 10,130 IU/L requires urgent ectopic pregnancy evaluation.",unspecified,,,,
R37275438C710,consensus,safety,s2,"No intrauterine pregnancy with hCG around 10,130 IU/L requires urgent ectopic pregnancy evaluation.",unspecified,,,,
R37275438C710,primary,safety,s3,Hemorrhage and vascular implantation favor surgical planning with bleeding preparedness.,unspecified,,,,
R37275438C710,second,safety,s3,Hemorrhage and vascular implantation favor surgical planning with bleeding preparedness.,unspecified,,,,
R37275438C710,consensus,safety,s3,Hemorrhage and vascular implantation favor surgical planning with bleeding preparedness.,unspecified,,,,
R9B3A8E533086,primary,expected_action,a1,"[{""code_or_concept"": ""neurologic"", ""tool"": ""request_physical_exam""}]",critical,,,,
R9B3A8E533086,second,expected_action,a1,"[{""code_or_concept"": ""neurologic"", ""tool"": ""request_physical_exam""}]",critical,,,,
R9B3A8E533086,consensus,expected_action,a1,"[{""code_or_concept"": ""neurologic"", ""tool"": ""request_physical_exam""}]",critical,,,,
R9B3A8E533086,primary,expected_action,a2,"[{""code_or_concept"": ""spine_mri"", ""tool"": ""request_imaging""}]",critical,,,,
R9B3A8E533086,second,expected_action,a2,"[{""code_or_concept"": ""spine_mri"", ""tool"": ""request_imaging""}]",critical,,,,
R9B3A8E533086,consensus,expected_action,a2,"[{""code_or_concept"": ""spine_mri"", ""tool"": ""request_imaging""}]",critical,,,,
R9B3A8E533086,primary,expected_action,a3,"[{""code_or_concept"": ""hematoma_evacuation"", ""tool"": ""request_procedure""}]",critical,,,,
R9B3A8E533086,second,expected_action,a3,"[{""code_or_concept"": ""hematoma_evacuation"", ""tool"": ""request_procedure""}]",critical,,,,
R9B3A8E533086,consensus,expected_action,a3,"[{""code_or_concept"": ""hematoma_evacuation"", ""tool"": ""request_procedure""}]",critical,,,,
R9B3A8E533086,primary,expected_action,a4,"[{""code_or_concept"": ""surgery"", ""tool"": ""disposition""}]",critical,,,,
R9B3A8E533086,second,expected_action,a4,"[{""code_or_concept"": ""surgery"", ""tool"": ""disposition""}]",critical,,,,
R9B3A8E533086,consensus,expected_action,a4,"[{""code_or_concept"": ""surgery"", ""tool"": ""disposition""}]",critical,,,,
R9B3A8E533086,primary,safety,s1,Treat evolving paraplegia and sphincter dysfunction as spinal emergency.,unspecified,,,,
R9B3A8E533086,second,safety,s1,Treat evolving paraplegia and sphincter dysfunction as spinal emergency.,unspecified,,,,
R9B3A8E533086,consensus,safety,s1,Treat evolving paraplegia and sphincter dysfunction as spinal emergency.,unspecified,,,,
R9B3A8E533086,primary,safety,s2,Urgent spine MRI and neurosurgical consultation.,unspecified,,,,
R9B3A8E533086,second,safety,s2,Urgent spine MRI and neurosurgical consultation.,unspecified,,,,
R9B3A8E533086,consensus,safety,s2,Urgent spine MRI and neurosurgical consultation.,unspecified,,,,
R9B3A8E533086,primary,safety,s3,Avoid empiric thrombolysis for presumed stroke without localization; anticoagulation may worsen hematoma.,unspecified,,,,
R9B3A8E533086,second,safety,s3,Avoid empiric thrombolysis for presumed stroke without localization; anticoagulation may worsen hematoma.,unspecified,,,,
R9B3A8E533086,consensus,safety,s3,Avoid empiric thrombolysis for presumed stroke without localization; anticoagulation may worsen hematoma.,unspecified,,,,
RC015455050E5,primary,expected_action,a1,"[{""code_or_concept"": ""neurologic"", ""tool"": ""request_physical_exam""}]",critical,,,,
RC015455050E5,second,expected_action,a1,"[{""code_or_concept"": ""neurologic"", ""tool"": ""request_physical_exam""}]",critical,,,,
RC015455050E5,consensus,expected_action,a1,"[{""code_or_concept"": ""neurologic"", ""tool"": ""request_physical_exam""}]",critical,,,,
RC015455050E5,primary,expected_action,a2,"[{""code_or_concept"": ""spine_mri"", ""tool"": ""request_imaging""}]",critical,,,,
RC015455050E5,second,expected_action,a2,"[{""code_or_concept"": ""spine_mri"", ""tool"": ""request_imaging""}]",critical,,,,
RC015455050E5,consensus,expected_action,a2,"[{""code_or_concept"": ""spine_mri"", ""tool"": ""request_imaging""}]",critical,,,,
RC015455050E5,primary,expected_action,a3,"[{""code_or_concept"": ""hematoma_evacuation"", ""tool"": ""request_procedure""}]",critical,,,,
RC015455050E5,second,expected_action,a3,"[{""code_or_concept"": ""hematoma_evacuation"", ""tool"": ""request_procedure""}]",critical,,,,
RC015455050E5,consensus,expected_action,a3,"[{""code_or_concept"": ""hematoma_evacuation"", ""tool"": ""request_procedure""}]",critical,,,,
RC015455050E5,primary,expected_action,a4,"[{""code_or_concept"": ""surgery"", ""tool"": ""disposition""}]",critical,,,,
RC015455050E5,second,expected_action,a4,"[{""code_or_concept"": ""surgery"", ""tool"": ""disposition""}]",critical,,,,
RC015455050E5,consensus,expected_action,a4,"[{""code_or_concept"": ""surgery"", ""tool"": ""disposition""}]",critical,,,,
RC015455050E5,primary,safety,s1,Treat evolving paraplegia and sphincter dysfunction as spinal emergency.,unspecified,,,,
RC015455050E5,second,safety,s1,Treat evolving paraplegia and sphincter dysfunction as spinal emergency.,unspecified,,,,
RC015455050E5,consensus,safety,s1,Treat evolving paraplegia and sphincter dysfunction as spinal emergency.,unspecified,,,,
RC015455050E5,primary,safety,s2,Urgent spine MRI and neurosurgical consultation.,unspecified,,,,
RC015455050E5,second,safety,s2,Urgent spine MRI and neurosurgical consultation.,unspecified,,,,
RC015455050E5,consensus,safety,s2,Urgent spine MRI and neurosurgical consultation.,unspecified,,,,
RC015455050E5,primary,safety,s3,Avoid empiric thrombolysis for presumed stroke without localization; anticoagulation may worsen hematoma.,unspecified,,,,
RC015455050E5,second,safety,s3,Avoid empiric thrombolysis for presumed stroke without localization; anticoagulation may worsen hematoma.,unspecified,,,,
RC015455050E5,consensus,safety,s3,Avoid empiric thrombolysis for presumed stroke without localization; anticoagulation may worsen hematoma.,unspecified,,,,
R2D4FB3C454C0,primary,expected_action,a1,"[{""code_or_concept"": ""hemoglobin"", ""tool"": ""request_lab""}]",critical,,,,
R2D4FB3C454C0,second,expected_action,a1,"[{""code_or_concept"": ""hemoglobin"", ""tool"": ""request_lab""}]",critical,,,,
R2D4FB3C454C0,consensus,expected_action,a1,"[{""code_or_concept"": ""hemoglobin"", ""tool"": ""request_lab""}]",critical,,,,
R2D4FB3C454C0,primary,expected_action,a2,"[{""code_or_concept"": ""hemolysis"", ""tool"": ""request_lab""}]",critical,,,,
R2D4FB3C454C0,second,expected_action,a2,"[{""code_or_concept"": ""hemolysis"", ""tool"": ""request_lab""}]",critical,,,,
R2D4FB3C454C0,consensus,expected_action,a2,"[{""code_or_concept"": ""hemolysis"", ""tool"": ""request_lab""}]",critical,,,,
R2D4FB3C454C0,primary,expected_action,a3,"[{""code_or_concept"": ""dat"", ""tool"": ""request_lab""}]",critical,,,,
R2D4FB3C454C0,second,expected_action,a3,"[{""code_or_concept"": ""dat"", ""tool"": ""request_lab""}]",critical,,,,
R2D4FB3C454C0,consensus,expected_action,a3,"[{""code_or_concept"": ""dat"", ""tool"": ""request_lab""}]",critical,,,,
R2D4FB3C454C0,primary,expected_action,a4,"[{""code_or_concept"": ""steroids"", ""tool"": ""prescribe_medication""}]",critical,,,,
R2D4FB3C454C0,second,expected_action,a4,"[{""code_or_concept"": ""steroids"", ""tool"": ""prescribe_medication""}]",critical,,,,
R2D4FB3C454C0,consensus,expected_action,a4,"[{""code_or_concept"": ""steroids"", ""tool"": ""prescribe_medication""}]",critical,,,,
R2D4FB3C454C0,primary,expected_action,a5,"[{""code_or_concept"": ""transfusion"", ""tool"": ""request_procedure""}]",critical,,,,
R2D4FB3C454C0,second,expected_action,a5,"[{""code_or_concept"": ""transfusion"", ""tool"": ""request_procedure""}]",critical,,,,
R2D4FB3C454C0,consensus,expected_action,a5,"[{""code_or_concept"": ""transfusion"", ""tool"": ""request_procedure""}]",critical,,,,
R2D4FB3C454C0,primary,expected_action,a6,"[{""code_or_concept"": ""ward"", ""tool"": ""disposition""}]",critical,,,,
R2D4FB3C454C0,second,expected_action,a6,"[{""code_or_concept"": ""ward"", ""tool"": ""disposition""}]",critical,,,,
R2D4FB3C454C0,consensus,expected_action,a6,"[{""code_or_concept"": ""ward"", ""tool"": ""disposition""}]",critical,,,,
R2D4FB3C454C0,primary,safety,s1,Severe symptomatic anemia requires urgent assessment and transfusion strategy.,unspecified,,,,
R2D4FB3C454C0,second,safety,s1,Severe symptomatic anemia requires urgent assessment and transfusion strategy.,unspecified,,,,
R2D4FB3C454C0,consensus,safety,s1,Severe symptomatic anemia requires urgent assessment and transfusion strategy.,unspecified,,,,
R2D4FB3C454C0,primary,safety,s2,Stop immune checkpoint therapy in life-threatening immune-mediated toxicity.,unspecified,,,,
R2D4FB3C454C0,second,safety,s2,Stop immune checkpoint therapy in life-threatening immune-mediated toxicity.,unspecified,,,,
R2D4FB3C454C0,consensus,safety,s2,Stop immune checkpoint therapy in life-threatening immune-mediated toxicity.,unspecified,,,,
R2D4FB3C454C0,primary,safety,s3,Compatibility testing may be complicated by panreactive autoantibody.,unspecified,,,,
R2D4FB3C454C0,second,safety,s3,Compatibility testing may be complicated by panreactive autoantibody.,unspecified,,,,
R2D4FB3C454C0,consensus,safety,s3,Compatibility testing may be complicated by panreactive autoantibody.,unspecified,,,,
RFB1CCDDDF8F5,primary,expected_action,a1,"[{""code_or_concept"": ""ct_abdomen"", ""tool"": ""request_imaging""}]",critical,,,,
RFB1CCDDDF8F5,second,expected_action,a1,"[{""code_or_concept"": ""ct_abdomen"", ""tool"": ""request_imaging""}]",critical,,,,
RFB1CCDDDF8F5,consensus,expected_action,a1,"[{""code_or_concept"": ""ct_abdomen"", ""tool"": ""request_imaging""}]",critical,,,,
RFB1CCDDDF8F5,primary,expected_action,a2,"[{""code_or_concept"": ""laparotomy"", ""tool"": ""request_procedure""}, {""code_or_concept"": ""laparoscopy"", ""tool"": ""request_procedure""}]",critical,,,,
RFB1CCDDDF8F5,second,expected_action,a2,"[{""code_or_concept"": ""laparotomy"", ""tool"": ""request_procedure""}, {""code_or_concept"": ""laparoscopy"", ""tool"": ""request_procedure""}]",critical,,,,
RFB1CCDDDF8F5,consensus,expected_action,a2,"[{""code_or_concept"": ""laparotomy"", ""tool"": ""request_procedure""}, {""code_or_concept"": ""laparoscopy"", ""tool"": ""request_procedure""}]",critical,,,,
RFB1CCDDDF8F5,primary,expected_action,a3,"[{""code_or_concept"": ""surgery"", ""tool"": ""disposition""}, {""code_or_concept"": ""ICU"", ""tool"": ""disposition""}]",critical,,,,
RFB1CCDDDF8F5,second,expected_action,a3,"[{""code_or_concept"": ""surgery"", ""tool"": ""disposition""}, {""code_or_concept"": ""ICU"", ""tool"": ""disposition""}]",critical,,,,
RFB1CCDDDF8F5,consensus,expected_action,a3,"[{""code_or_concept"": ""surgery"", ""tool"": ""disposition""}, {""code_or_concept"": ""ICU"", ""tool"": ""disposition""}]",critical,,,,
RFB1CCDDDF8F5,primary,safety,s1,Peritoneal signs and obstruction demand urgent surgical assessment.,unspecified,,,,
RFB1CCDDDF8F5,second,safety,s1,Peritoneal signs and obstruction demand urgent surgical assessment.,unspecified,,,,
RFB1CCDDDF8F5,consensus,safety,s1,Peritoneal signs and obstruction demand urgent surgical assessment.,unspecified,,,,
RFB1CCDDDF8F5,primary,safety,s2,Prior biliary stent history materially changes interpretation of linear CT foreign body.,unspecified,,,,
RFB1CCDDDF8F5,second,safety,s2,Prior biliary stent history materially changes interpretation of linear CT foreign body.,unspecified,,,,
RFB1CCDDDF8F5,consensus,safety,s2,Prior biliary stent history materially changes interpretation of linear CT foreign body.,unspecified,,,,
RFB1CCDDDF8F5,primary,safety,s3,Consider anticoagulation and COPD risk during perioperative planning; source does not specify drug regimen.,unspecified,,,,
RFB1CCDDDF8F5,second,safety,s3,Consider anticoagulation and COPD risk during perioperative planning; source does not specify drug regimen.,unspecified,,,,
RFB1CCDDDF8F5,consensus,safety,s3,Consider anticoagulation and COPD risk during perioperative planning; source does not specify drug regimen.,unspecified,,,,
R7E1A7D63FDAA,primary,expected_action,a1,"[{""code_or_concept"": ""pregnancy_test"", ""tool"": ""request_lab""}]",critical,,,,
R7E1A7D63FDAA,second,expected_action,a1,"[{""code_or_concept"": ""pregnancy_test"", ""tool"": ""request_lab""}]",critical,,,,
R7E1A7D63FDAA,consensus,expected_action,a1,"[{""code_or_concept"": ""pregnancy_test"", ""tool"": ""request_lab""}]",critical,,,,
R7E1A7D63FDAA,primary,expected_action,a2,"[{""code_or_concept"": ""pelvic_ultrasound"", ""tool"": ""request_imaging""}]",critical,,,,
R7E1A7D63FDAA,second,expected_action,a2,"[{""code_or_concept"": ""pelvic_ultrasound"", ""tool"": ""request_imaging""}]",critical,,,,
R7E1A7D63FDAA,consensus,expected_action,a2,"[{""code_or_concept"": ""pelvic_ultrasound"", ""tool"": ""request_imaging""}]",critical,,,,
R7E1A7D63FDAA,primary,expected_action,a3,"[{""code_or_concept"": ""laparoscopy"", ""tool"": ""request_procedure""}]",critical,,,,
R7E1A7D63FDAA,second,expected_action,a3,"[{""code_or_concept"": ""laparoscopy"", ""tool"": ""request_procedure""}]",critical,,,,
R7E1A7D63FDAA,consensus,expected_action,a3,"[{""code_or_concept"": ""laparoscopy"", ""tool"": ""request_procedure""}]",critical,,,,
R7E1A7D63FDAA,primary,expected_action,a4,"[{""code_or_concept"": ""surgery"", ""tool"": ""disposition""}]",critical,,,,
R7E1A7D63FDAA,second,expected_action,a4,"[{""code_or_concept"": ""surgery"", ""tool"": ""disposition""}]",critical,,,,
R7E1A7D63FDAA,consensus,expected_action,a4,"[{""code_or_concept"": ""surgery"", ""tool"": ""disposition""}]",critical,,,,
R7E1A7D63FDAA,primary,safety,s1,Pregnancy test is essential in reproductive-age patient with abdominal pain.,unspecified,,,,
R7E1A7D63FDAA,second,safety,s1,Pregnancy test is essential in reproductive-age patient with abdominal pain.,unspecified,,,,
R7E1A7D63FDAA,consensus,safety,s1,Pregnancy test is essential in reproductive-age patient with abdominal pain.,unspecified,,,,
R7E1A7D63FDAA,primary,safety,s2,"No intrauterine pregnancy with hCG around 10,130 IU/L requires urgent ectopic pregnancy evaluation.",unspecified,,,,
R7E1A7D63FDAA,second,safety,s2,"No intrauterine pregnancy with hCG around 10,130 IU/L requires urgent ectopic pregnancy evaluation.",unspecified,,,,
R7E1A7D63FDAA,consensus,safety,s2,"No intrauterine pregnancy with hCG around 10,130 IU/L requires urgent ectopic pregnancy evaluation.",unspecified,,,,
R7E1A7D63FDAA,primary,safety,s3,Hemorrhage and vascular implantation favor surgical planning with bleeding preparedness.,unspecified,,,,
R7E1A7D63FDAA,second,safety,s3,Hemorrhage and vascular implantation favor surgical planning with bleeding preparedness.,unspecified,,,,
R7E1A7D63FDAA,consensus,safety,s3,Hemorrhage and vascular implantation favor surgical planning with bleeding preparedness.,unspecified,,,,
R70C560A488F5,primary,expected_action,a1,"[{""code_or_concept"": ""ct_abdomen"", ""tool"": ""request_imaging""}]",critical,,,,
R70C560A488F5,second,expected_action,a1,"[{""code_or_concept"": ""ct_abdomen"", ""tool"": ""request_imaging""}]",critical,,,,
R70C560A488F5,consensus,expected_action,a1,"[{""code_or_concept"": ""ct_abdomen"", ""tool"": ""request_imaging""}]",critical,,,,
R70C560A488F5,primary,expected_action,a2,"[{""code_or_concept"": ""laparotomy"", ""tool"": ""request_procedure""}, {""code_or_concept"": ""laparoscopy"", ""tool"": ""request_procedure""}]",critical,,,,
R70C560A488F5,second,expected_action,a2,"[{""code_or_concept"": ""laparotomy"", ""tool"": ""request_procedure""}, {""code_or_concept"": ""laparoscopy"", ""tool"": ""request_procedure""}]",critical,,,,
R70C560A488F5,consensus,expected_action,a2,"[{""code_or_concept"": ""laparotomy"", ""tool"": ""request_procedure""}, {""code_or_concept"": ""laparoscopy"", ""tool"": ""request_procedure""}]",critical,,,,
R70C560A488F5,primary,expected_action,a3,"[{""code_or_concept"": ""surgery"", ""tool"": ""disposition""}, {""code_or_concept"": ""ICU"", ""tool"": ""disposition""}]",critical,,,,
R70C560A488F5,second,expected_action,a3,"[{""code_or_concept"": ""surgery"", ""tool"": ""disposition""}, {""code_or_concept"": ""ICU"", ""tool"": ""disposition""}]",critical,,,,
R70C560A488F5,consensus,expected_action,a3,"[{""code_or_concept"": ""surgery"", ""tool"": ""disposition""}, {""code_or_concept"": ""ICU"", ""tool"": ""disposition""}]",critical,,,,
R70C560A488F5,primary,safety,s1,Peritoneal signs and obstruction demand urgent surgical assessment.,unspecified,,,,
R70C560A488F5,second,safety,s1,Peritoneal signs and obstruction demand urgent surgical assessment.,unspecified,,,,
R70C560A488F5,consensus,safety,s1,Peritoneal signs and obstruction demand urgent surgical assessment.,unspecified,,,,
R70C560A488F5,primary,safety,s2,Prior biliary stent history materially changes interpretation of linear CT foreign body.,unspecified,,,,
R70C560A488F5,second,safety,s2,Prior biliary stent history materially changes interpretation of linear CT foreign body.,unspecified,,,,
R70C560A488F5,consensus,safety,s2,Prior biliary stent history materially changes interpretation of linear CT foreign body.,unspecified,,,,
R70C560A488F5,primary,safety,s3,Consider anticoagulation and COPD risk during perioperative planning; source does not specify drug regimen.,unspecified,,,,
R70C560A488F5,second,safety,s3,Consider anticoagulation and COPD risk during perioperative planning; source does not specify drug regimen.,unspecified,,,,
R70C560A488F5,consensus,safety,s3,Consider anticoagulation and COPD risk during perioperative planning; source does not specify drug regimen.,unspecified,,,,
R4551FD3C7DCC,primary,expected_action,a1,"[{""code_or_concept"": ""ecg"", ""tool"": ""request_ecg_or_test""}]",critical,,,,
R4551FD3C7DCC,second,expected_action,a1,"[{""code_or_concept"": ""ecg"", ""tool"": ""request_ecg_or_test""}]",critical,,,,
R4551FD3C7DCC,consensus,expected_action,a1,"[{""code_or_concept"": ""ecg"", ""tool"": ""request_ecg_or_test""}]",critical,,,,
R4551FD3C7DCC,primary,expected_action,a2,"[{""code_or_concept"": ""echo"", ""tool"": ""request_ecg_or_test""}]",critical,,,,
R4551FD3C7DCC,second,expected_action,a2,"[{""code_or_concept"": ""echo"", ""tool"": ""request_ecg_or_test""}]",critical,,,,
R4551FD3C7DCC,consensus,expected_action,a2,"[{""code_or_concept"": ""echo"", ""tool"": ""request_ecg_or_test""}]",critical,,,,
R4551FD3C7DCC,primary,expected_action,a3,"[{""code_or_concept"": ""ctpa"", ""tool"": ""request_imaging""}]",recommended,,,,
R4551FD3C7DCC,second,expected_action,a3,"[{""code_or_concept"": ""ctpa"", ""tool"": ""request_imaging""}]",recommended,,,,
R4551FD3C7DCC,consensus,expected_action,a3,"[{""code_or_concept"": ""ctpa"", ""tool"": ""request_imaging""}]",recommended,,,,
R4551FD3C7DCC,primary,expected_action,a4,"[{""code_or_concept"": ""cardiac_mri"", ""tool"": ""request_imaging""}]",recommended,,,,
R4551FD3C7DCC,second,expected_action,a4,"[{""code_or_concept"": ""cardiac_mri"", ""tool"": ""request_imaging""}]",recommended,,,,
R4551FD3C7DCC,consensus,expected_action,a4,"[{""code_or_concept"": ""cardiac_mri"", ""tool"": ""request_imaging""}]",recommended,,,,
R4551FD3C7DCC,primary,expected_action,a5,"[{""code_or_concept"": ""pacemaker"", ""tool"": ""request_procedure""}]",critical,,,,
R4551FD3C7DCC,second,expected_action,a5,"[{""code_or_concept"": ""pacemaker"", ""tool"": ""request_procedure""}]",critical,,,,
R4551FD3C7DCC,consensus,expected_action,a5,"[{""code_or_concept"": ""pacemaker"", ""tool"": ""request_procedure""}]",critical,,,,
R4551FD3C7DCC,primary,expected_action,a6,"[{""code_or_concept"": ""ward"", ""tool"": ""disposition""}]",recommended,,,,
R4551FD3C7DCC,second,expected_action,a6,"[{""code_or_concept"": ""ward"", ""tool"": ""disposition""}]",recommended,,,,
R4551FD3C7DCC,consensus,expected_action,a6,"[{""code_or_concept"": ""ward"", ""tool"": ""disposition""}]",recommended,,,,
R4551FD3C7DCC,primary,safety,s1,Symptomatic bradycardia and AV block need prompt stabilization and pacing assessment.,unspecified,,,,
R4551FD3C7DCC,second,safety,s1,Symptomatic bradycardia and AV block need prompt stabilization and pacing assessment.,unspecified,,,,
R4551FD3C7DCC,consensus,safety,s1,Symptomatic bradycardia and AV block need prompt stabilization and pacing assessment.,unspecified,,,,
R4551FD3C7DCC,primary,safety,s2,Do not diagnose PE solely from elevated D-dimer.,unspecified,,,,
R4551FD3C7DCC,second,safety,s2,Do not diagnose PE solely from elevated D-dimer.,unspecified,,,,
R4551FD3C7DCC,consensus,safety,s2,Do not diagnose PE solely from elevated D-dimer.,unspecified,,,,
R4551FD3C7DCC,primary,safety,s3,Anticoagulation decision with atrial standstill requires explicit individualized assessment.,unspecified,,,,
R4551FD3C7DCC,second,safety,s3,Anticoagulation decision with atrial standstill requires explicit individualized assessment.,unspecified,,,,
R4551FD3C7DCC,consensus,safety,s3,Anticoagulation decision with atrial standstill requires explicit individualized assessment.,unspecified,,,,
R04E9D10DA6B9,primary,expected_action,a1,"[{""code_or_concept"": ""neurologic"", ""tool"": ""request_physical_exam""}]",critical,,,,
R04E9D10DA6B9,second,expected_action,a1,"[{""code_or_concept"": ""neurologic"", ""tool"": ""request_physical_exam""}]",critical,,,,
R04E9D10DA6B9,consensus,expected_action,a1,"[{""code_or_concept"": ""neurologic"", ""tool"": ""request_physical_exam""}]",critical,,,,
R04E9D10DA6B9,primary,expected_action,a2,"[{""code_or_concept"": ""spine_mri"", ""tool"": ""request_imaging""}]",critical,,,,
R04E9D10DA6B9,second,expected_action,a2,"[{""code_or_concept"": ""spine_mri"", ""tool"": ""request_imaging""}]",critical,,,,
R04E9D10DA6B9,consensus,expected_action,a2,"[{""code_or_concept"": ""spine_mri"", ""tool"": ""request_imaging""}]",critical,,,,
R04E9D10DA6B9,primary,expected_action,a3,"[{""code_or_concept"": ""hematoma_evacuation"", ""tool"": ""request_procedure""}]",critical,,,,
R04E9D10DA6B9,second,expected_action,a3,"[{""code_or_concept"": ""hematoma_evacuation"", ""tool"": ""request_procedure""}]",critical,,,,
R04E9D10DA6B9,consensus,expected_action,a3,"[{""code_or_concept"": ""hematoma_evacuation"", ""tool"": ""request_procedure""}]",critical,,,,
R04E9D10DA6B9,primary,expected_action,a4,"[{""code_or_concept"": ""surgery"", ""tool"": ""disposition""}]",critical,,,,
R04E9D10DA6B9,second,expected_action,a4,"[{""code_or_concept"": ""surgery"", ""tool"": ""disposition""}]",critical,,,,
R04E9D10DA6B9,consensus,expected_action,a4,"[{""code_or_concept"": ""surgery"", ""tool"": ""disposition""}]",critical,,,,
R04E9D10DA6B9,primary,safety,s1,Treat evolving paraplegia and sphincter dysfunction as spinal emergency.,unspecified,,,,
R04E9D10DA6B9,second,safety,s1,Treat evolving paraplegia and sphincter dysfunction as spinal emergency.,unspecified,,,,
R04E9D10DA6B9,consensus,safety,s1,Treat evolving paraplegia and sphincter dysfunction as spinal emergency.,unspecified,,,,
R04E9D10DA6B9,primary,safety,s2,Urgent spine MRI and neurosurgical consultation.,unspecified,,,,
R04E9D10DA6B9,second,safety,s2,Urgent spine MRI and neurosurgical consultation.,unspecified,,,,
R04E9D10DA6B9,consensus,safety,s2,Urgent spine MRI and neurosurgical consultation.,unspecified,,,,
R04E9D10DA6B9,primary,safety,s3,Avoid empiric thrombolysis for presumed stroke without localization; anticoagulation may worsen hematoma.,unspecified,,,,
R04E9D10DA6B9,second,safety,s3,Avoid empiric thrombolysis for presumed stroke without localization; anticoagulation may worsen hematoma.,unspecified,,,,
R04E9D10DA6B9,consensus,safety,s3,Avoid empiric thrombolysis for presumed stroke without localization; anticoagulation may worsen hematoma.,unspecified,,,,
RD7BD0617F18D,primary,expected_action,a1,"[{""code_or_concept"": ""pregnancy_test"", ""tool"": ""request_lab""}]",critical,,,,
RD7BD0617F18D,second,expected_action,a1,"[{""code_or_concept"": ""pregnancy_test"", ""tool"": ""request_lab""}]",critical,,,,
RD7BD0617F18D,consensus,expected_action,a1,"[{""code_or_concept"": ""pregnancy_test"", ""tool"": ""request_lab""}]",critical,,,,
RD7BD0617F18D,primary,expected_action,a2,"[{""code_or_concept"": ""pelvic_ultrasound"", ""tool"": ""request_imaging""}]",critical,,,,
RD7BD0617F18D,second,expected_action,a2,"[{""code_or_concept"": ""pelvic_ultrasound"", ""tool"": ""request_imaging""}]",critical,,,,
RD7BD0617F18D,consensus,expected_action,a2,"[{""code_or_concept"": ""pelvic_ultrasound"", ""tool"": ""request_imaging""}]",critical,,,,
RD7BD0617F18D,primary,expected_action,a3,"[{""code_or_concept"": ""laparoscopy"", ""tool"": ""request_procedure""}]",critical,,,,
RD7BD0617F18D,second,expected_action,a3,"[{""code_or_concept"": ""laparoscopy"", ""tool"": ""request_procedure""}]",critical,,,,
RD7BD0617F18D,consensus,expected_action,a3,"[{""code_or_concept"": ""laparoscopy"", ""tool"": ""request_procedure""}]",critical,,,,
RD7BD0617F18D,primary,expected_action,a4,"[{""code_or_concept"": ""surgery"", ""tool"": ""disposition""}]",critical,,,,
RD7BD0617F18D,second,expected_action,a4,"[{""code_or_concept"": ""surgery"", ""tool"": ""disposition""}]",critical,,,,
RD7BD0617F18D,consensus,expected_action,a4,"[{""code_or_concept"": ""surgery"", ""tool"": ""disposition""}]",critical,,,,
RD7BD0617F18D,primary,safety,s1,Pregnancy test is essential in reproductive-age patient with abdominal pain.,unspecified,,,,
RD7BD0617F18D,second,safety,s1,Pregnancy test is essential in reproductive-age patient with abdominal pain.,unspecified,,,,
RD7BD0617F18D,consensus,safety,s1,Pregnancy test is essential in reproductive-age patient with abdominal pain.,unspecified,,,,
RD7BD0617F18D,primary,safety,s2,"No intrauterine pregnancy with hCG around 10,130 IU/L requires urgent ectopic pregnancy evaluation.",unspecified,,,,
RD7BD0617F18D,second,safety,s2,"No intrauterine pregnancy with hCG around 10,130 IU/L requires urgent ectopic pregnancy evaluation.",unspecified,,,,
RD7BD0617F18D,consensus,safety,s2,"No intrauterine pregnancy with hCG around 10,130 IU/L requires urgent ectopic pregnancy evaluation.",unspecified,,,,
RD7BD0617F18D,primary,safety,s3,Hemorrhage and vascular implantation favor surgical planning with bleeding preparedness.,unspecified,,,,
RD7BD0617F18D,second,safety,s3,Hemorrhage and vascular implantation favor surgical planning with bleeding preparedness.,unspecified,,,,
RD7BD0617F18D,consensus,safety,s3,Hemorrhage and vascular implantation favor surgical planning with bleeding preparedness.,unspecified,,,,
R648CC19AFE2C,primary,expected_action,a1,"[{""code_or_concept"": ""adrenal_hormones"", ""tool"": ""request_lab""}]",critical,,,,
R648CC19AFE2C,second,expected_action,a1,"[{""code_or_concept"": ""adrenal_hormones"", ""tool"": ""request_lab""}]",critical,,,,
R648CC19AFE2C,consensus,expected_action,a1,"[{""code_or_concept"": ""adrenal_hormones"", ""tool"": ""request_lab""}]",critical,,,,
R648CC19AFE2C,primary,expected_action,a2,"[{""code_or_concept"": ""adrenal_ct"", ""tool"": ""request_imaging""}]",recommended,,,,
R648CC19AFE2C,second,expected_action,a2,"[{""code_or_concept"": ""adrenal_ct"", ""tool"": ""request_imaging""}]",recommended,,,,
R648CC19AFE2C,consensus,expected_action,a2,"[{""code_or_concept"": ""adrenal_ct"", ""tool"": ""request_imaging""}]",recommended,,,,
R648CC19AFE2C,primary,expected_action,a3,"[{""code_or_concept"": ""adrenal_biopsy"", ""tool"": ""request_procedure""}]",optional,,,,
R648CC19AFE2C,second,expected_action,a3,"[{""code_or_concept"": ""adrenal_biopsy"", ""tool"": ""request_procedure""}]",optional,,,,
R648CC19AFE2C,consensus,expected_action,a3,"[{""code_or_concept"": ""adrenal_biopsy"", ""tool"": ""request_procedure""}]",optional,,,,
R648CC19AFE2C,primary,expected_action,a4,"[{""code_or_concept"": ""adrenal_tb_pcr"", ""tool"": ""request_microbiology""}]",optional,,,,
R648CC19AFE2C,second,expected_action,a4,"[{""code_or_concept"": ""adrenal_tb_pcr"", ""tool"": ""request_microbiology""}]",optional,,,,
R648CC19AFE2C,consensus,expected_action,a4,"[{""code_or_concept"": ""adrenal_tb_pcr"", ""tool"": ""request_microbiology""}]",optional,,,,
R648CC19AFE2C,primary,expected_action,a5,"[{""code_or_concept"": ""hydrocortisone"", ""tool"": ""prescribe_medication""}]",critical,,,,
R648CC19AFE2C,second,expected_action,a5,"[{""code_or_concept"": ""hydrocortisone"", ""tool"": ""prescribe_medication""}]",critical,,,,
R648CC19AFE2C,consensus,expected_action,a5,"[{""code_or_concept"": ""hydrocortisone"", ""tool"": ""prescribe_medication""}]",critical,,,,
R648CC19AFE2C,primary,safety,s1,Recognize primary adrenal insufficiency and risk of adrenal crisis under stress.,unspecified,,,,
R648CC19AFE2C,second,safety,s1,Recognize primary adrenal insufficiency and risk of adrenal crisis under stress.,unspecified,,,,
R648CC19AFE2C,consensus,safety,s1,Recognize primary adrenal insufficiency and risk of adrenal crisis under stress.,unspecified,,,,
R648CC19AFE2C,primary,safety,s2,Do not assume negative acid-fast stain excludes tuberculosis.,unspecified,,,,
R648CC19AFE2C,second,safety,s2,Do not assume negative acid-fast stain excludes tuberculosis.,unspecified,,,,
R648CC19AFE2C,consensus,safety,s2,Do not assume negative acid-fast stain excludes tuberculosis.,unspecified,,,,
R648CC19AFE2C,primary,safety,s3,Antituberculous regimen in source is descriptive; independent guideline review is needed before rating as standard.,unspecified,,,,
R648CC19AFE2C,second,safety,s3,Antituberculous regimen in source is descriptive; independent guideline review is needed before rating as standard.,unspecified,,,,
R648CC19AFE2C,consensus,safety,s3,Antituberculous regimen in source is descriptive; independent guideline review is needed before rating as standard.,unspecified,,,,
R648CC19AFE2C,primary,safety,s4,"Before adrenal biopsy, assess hormonal activity and exclude pheochromocytoma; if the source does not report this, mark unknown rather than safe by default.",unspecified,,,,
R648CC19AFE2C,second,safety,s4,"Before adrenal biopsy, assess hormonal activity and exclude pheochromocytoma; if the source does not report this, mark unknown rather than safe by default.",unspecified,,,,
R648CC19AFE2C,consensus,safety,s4,"Before adrenal biopsy, assess hormonal activity and exclude pheochromocytoma; if the source does not report this, mark unknown rather than safe by default.",unspecified,,,,
R9C8328A1D99C,primary,expected_action,a1,"[{""code_or_concept"": ""pregnancy_test"", ""tool"": ""request_lab""}]",critical,,,,
R9C8328A1D99C,second,expected_action,a1,"[{""code_or_concept"": ""pregnancy_test"", ""tool"": ""request_lab""}]",critical,,,,
R9C8328A1D99C,consensus,expected_action,a1,"[{""code_or_concept"": ""pregnancy_test"", ""tool"": ""request_lab""}]",critical,,,,
R9C8328A1D99C,primary,expected_action,a2,"[{""code_or_concept"": ""pelvic_ultrasound"", ""tool"": ""request_imaging""}]",critical,,,,
R9C8328A1D99C,second,expected_action,a2,"[{""code_or_concept"": ""pelvic_ultrasound"", ""tool"": ""request_imaging""}]",critical,,,,
R9C8328A1D99C,consensus,expected_action,a2,"[{""code_or_concept"": ""pelvic_ultrasound"", ""tool"": ""request_imaging""}]",critical,,,,
R9C8328A1D99C,primary,expected_action,a3,"[{""code_or_concept"": ""laparoscopy"", ""tool"": ""request_procedure""}]",critical,,,,
R9C8328A1D99C,second,expected_action,a3,"[{""code_or_concept"": ""laparoscopy"", ""tool"": ""request_procedure""}]",critical,,,,
R9C8328A1D99C,consensus,expected_action,a3,"[{""code_or_concept"": ""laparoscopy"", ""tool"": ""request_procedure""}]",critical,,,,
R9C8328A1D99C,primary,expected_action,a4,"[{""code_or_concept"": ""surgery"", ""tool"": ""disposition""}]",critical,,,,
R9C8328A1D99C,second,expected_action,a4,"[{""code_or_concept"": ""surgery"", ""tool"": ""disposition""}]",critical,,,,
R9C8328A1D99C,consensus,expected_action,a4,"[{""code_or_concept"": ""surgery"", ""tool"": ""disposition""}]",critical,,,,
R9C8328A1D99C,primary,safety,s1,Pregnancy test is essential in reproductive-age patient with abdominal pain.,unspecified,,,,
R9C8328A1D99C,second,safety,s1,Pregnancy test is essential in reproductive-age patient with abdominal pain.,unspecified,,,,
R9C8328A1D99C,consensus,safety,s1,Pregnancy test is essential in reproductive-age patient with abdominal pain.,unspecified,,,,
R9C8328A1D99C,primary,safety,s2,"No intrauterine pregnancy with hCG around 10,130 IU/L requires urgent ectopic pregnancy evaluation.",unspecified,,,,
R9C8328A1D99C,second,safety,s2,"No intrauterine pregnancy with hCG around 10,130 IU/L requires urgent ectopic pregnancy evaluation.",unspecified,,,,
R9C8328A1D99C,consensus,safety,s2,"No intrauterine pregnancy with hCG around 10,130 IU/L requires urgent ectopic pregnancy evaluation.",unspecified,,,,
R9C8328A1D99C,primary,safety,s3,Hemorrhage and vascular implantation favor surgical planning with bleeding preparedness.,unspecified,,,,
R9C8328A1D99C,second,safety,s3,Hemorrhage and vascular implantation favor surgical planning with bleeding preparedness.,unspecified,,,,
R9C8328A1D99C,consensus,safety,s3,Hemorrhage and vascular implantation favor surgical planning with bleeding preparedness.,unspecified,,,,
R8CA0ABAA0F29,primary,expected_action,a1,"[{""code_or_concept"": ""ct_abdomen"", ""tool"": ""request_imaging""}]",critical,,,,
R8CA0ABAA0F29,second,expected_action,a1,"[{""code_or_concept"": ""ct_abdomen"", ""tool"": ""request_imaging""}]",critical,,,,
R8CA0ABAA0F29,consensus,expected_action,a1,"[{""code_or_concept"": ""ct_abdomen"", ""tool"": ""request_imaging""}]",critical,,,,
R8CA0ABAA0F29,primary,expected_action,a2,"[{""code_or_concept"": ""laparotomy"", ""tool"": ""request_procedure""}, {""code_or_concept"": ""laparoscopy"", ""tool"": ""request_procedure""}]",critical,,,,
R8CA0ABAA0F29,second,expected_action,a2,"[{""code_or_concept"": ""laparotomy"", ""tool"": ""request_procedure""}, {""code_or_concept"": ""laparoscopy"", ""tool"": ""request_procedure""}]",critical,,,,
R8CA0ABAA0F29,consensus,expected_action,a2,"[{""code_or_concept"": ""laparotomy"", ""tool"": ""request_procedure""}, {""code_or_concept"": ""laparoscopy"", ""tool"": ""request_procedure""}]",critical,,,,
R8CA0ABAA0F29,primary,expected_action,a3,"[{""code_or_concept"": ""surgery"", ""tool"": ""disposition""}, {""code_or_concept"": ""ICU"", ""tool"": ""disposition""}]",critical,,,,
R8CA0ABAA0F29,second,expected_action,a3,"[{""code_or_concept"": ""surgery"", ""tool"": ""disposition""}, {""code_or_concept"": ""ICU"", ""tool"": ""disposition""}]",critical,,,,
R8CA0ABAA0F29,consensus,expected_action,a3,"[{""code_or_concept"": ""surgery"", ""tool"": ""disposition""}, {""code_or_concept"": ""ICU"", ""tool"": ""disposition""}]",critical,,,,
R8CA0ABAA0F29,primary,safety,s1,Peritoneal signs and obstruction demand urgent surgical assessment.,unspecified,,,,
R8CA0ABAA0F29,second,safety,s1,Peritoneal signs and obstruction demand urgent surgical assessment.,unspecified,,,,
R8CA0ABAA0F29,consensus,safety,s1,Peritoneal signs and obstruction demand urgent surgical assessment.,unspecified,,,,
R8CA0ABAA0F29,primary,safety,s2,Prior biliary stent history materially changes interpretation of linear CT foreign body.,unspecified,,,,
R8CA0ABAA0F29,second,safety,s2,Prior biliary stent history materially changes interpretation of linear CT foreign body.,unspecified,,,,
R8CA0ABAA0F29,consensus,safety,s2,Prior biliary stent history materially changes interpretation of linear CT foreign body.,unspecified,,,,
R8CA0ABAA0F29,primary,safety,s3,Consider anticoagulation and COPD risk during perioperative planning; source does not specify drug regimen.,unspecified,,,,
R8CA0ABAA0F29,second,safety,s3,Consider anticoagulation and COPD risk during perioperative planning; source does not specify drug regimen.,unspecified,,,,
R8CA0ABAA0F29,consensus,safety,s3,Consider anticoagulation and COPD risk during perioperative planning; source does not specify drug regimen.,unspecified,,,,
RA3A1C82394CA,primary,expected_action,a1,"[{""code_or_concept"": ""adrenal_hormones"", ""tool"": ""request_lab""}]",critical,,,,
RA3A1C82394CA,second,expected_action,a1,"[{""code_or_concept"": ""adrenal_hormones"", ""tool"": ""request_lab""}]",critical,,,,
RA3A1C82394CA,consensus,expected_action,a1,"[{""code_or_concept"": ""adrenal_hormones"", ""tool"": ""request_lab""}]",critical,,,,
RA3A1C82394CA,primary,expected_action,a2,"[{""code_or_concept"": ""adrenal_ct"", ""tool"": ""request_imaging""}]",recommended,,,,
RA3A1C82394CA,second,expected_action,a2,"[{""code_or_concept"": ""adrenal_ct"", ""tool"": ""request_imaging""}]",recommended,,,,
RA3A1C82394CA,consensus,expected_action,a2,"[{""code_or_concept"": ""adrenal_ct"", ""tool"": ""request_imaging""}]",recommended,,,,
RA3A1C82394CA,primary,expected_action,a3,"[{""code_or_concept"": ""adrenal_biopsy"", ""tool"": ""request_procedure""}]",optional,,,,
RA3A1C82394CA,second,expected_action,a3,"[{""code_or_concept"": ""adrenal_biopsy"", ""tool"": ""request_procedure""}]",optional,,,,
RA3A1C82394CA,consensus,expected_action,a3,"[{""code_or_concept"": ""adrenal_biopsy"", ""tool"": ""request_procedure""}]",optional,,,,
RA3A1C82394CA,primary,expected_action,a4,"[{""code_or_concept"": ""adrenal_tb_pcr"", ""tool"": ""request_microbiology""}]",optional,,,,
RA3A1C82394CA,second,expected_action,a4,"[{""code_or_concept"": ""adrenal_tb_pcr"", ""tool"": ""request_microbiology""}]",optional,,,,
RA3A1C82394CA,consensus,expected_action,a4,"[{""code_or_concept"": ""adrenal_tb_pcr"", ""tool"": ""request_microbiology""}]",optional,,,,
RA3A1C82394CA,primary,expected_action,a5,"[{""code_or_concept"": ""hydrocortisone"", ""tool"": ""prescribe_medication""}]",critical,,,,
RA3A1C82394CA,second,expected_action,a5,"[{""code_or_concept"": ""hydrocortisone"", ""tool"": ""prescribe_medication""}]",critical,,,,
RA3A1C82394CA,consensus,expected_action,a5,"[{""code_or_concept"": ""hydrocortisone"", ""tool"": ""prescribe_medication""}]",critical,,,,
RA3A1C82394CA,primary,safety,s1,Recognize primary adrenal insufficiency and risk of adrenal crisis under stress.,unspecified,,,,
RA3A1C82394CA,second,safety,s1,Recognize primary adrenal insufficiency and risk of adrenal crisis under stress.,unspecified,,,,
RA3A1C82394CA,consensus,safety,s1,Recognize primary adrenal insufficiency and risk of adrenal crisis under stress.,unspecified,,,,
RA3A1C82394CA,primary,safety,s2,Do not assume negative acid-fast stain excludes tuberculosis.,unspecified,,,,
RA3A1C82394CA,second,safety,s2,Do not assume negative acid-fast stain excludes tuberculosis.,unspecified,,,,
RA3A1C82394CA,consensus,safety,s2,Do not assume negative acid-fast stain excludes tuberculosis.,unspecified,,,,
RA3A1C82394CA,primary,safety,s3,Antituberculous regimen in source is descriptive; independent guideline review is needed before rating as standard.,unspecified,,,,
RA3A1C82394CA,second,safety,s3,Antituberculous regimen in source is descriptive; independent guideline review is needed before rating as standard.,unspecified,,,,
RA3A1C82394CA,consensus,safety,s3,Antituberculous regimen in source is descriptive; independent guideline review is needed before rating as standard.,unspecified,,,,
RA3A1C82394CA,primary,safety,s4,"Before adrenal biopsy, assess hormonal activity and exclude pheochromocytoma; if the source does not report this, mark unknown rather than safe by default.",unspecified,,,,
RA3A1C82394CA,second,safety,s4,"Before adrenal biopsy, assess hormonal activity and exclude pheochromocytoma; if the source does not report this, mark unknown rather than safe by default.",unspecified,,,,
RA3A1C82394CA,consensus,safety,s4,"Before adrenal biopsy, assess hormonal activity and exclude pheochromocytoma; if the source does not report this, mark unknown rather than safe by default.",unspecified,,,,
R6521CF6AF351,primary,expected_action,a1,"[{""code_or_concept"": ""ct_chest"", ""tool"": ""request_imaging""}]",recommended,,,,
R6521CF6AF351,second,expected_action,a1,"[{""code_or_concept"": ""ct_chest"", ""tool"": ""request_imaging""}]",recommended,,,,
R6521CF6AF351,consensus,expected_action,a1,"[{""code_or_concept"": ""ct_chest"", ""tool"": ""request_imaging""}]",recommended,,,,
R6521CF6AF351,primary,expected_action,a2,"[{""code_or_concept"": ""thoracentesis"", ""tool"": ""request_procedure""}]",critical,,,,
R6521CF6AF351,second,expected_action,a2,"[{""code_or_concept"": ""thoracentesis"", ""tool"": ""request_procedure""}]",critical,,,,
R6521CF6AF351,consensus,expected_action,a2,"[{""code_or_concept"": ""thoracentesis"", ""tool"": ""request_procedure""}]",critical,,,,
R6521CF6AF351,primary,expected_action,a3,"[{""code_or_concept"": ""pleural_biopsy"", ""tool"": ""request_procedure""}]",recommended,,,,
R6521CF6AF351,second,expected_action,a3,"[{""code_or_concept"": ""pleural_biopsy"", ""tool"": ""request_procedure""}]",recommended,,,,
R6521CF6AF351,consensus,expected_action,a3,"[{""code_or_concept"": ""pleural_biopsy"", ""tool"": ""request_procedure""}]",recommended,,,,
R6521CF6AF351,primary,expected_action,a4,"[{""code_or_concept"": ""tumor_genetics"", ""tool"": ""request_ecg_or_test""}]",recommended,,,,
R6521CF6AF351,second,expected_action,a4,"[{""code_or_concept"": ""tumor_genetics"", ""tool"": ""request_ecg_or_test""}]",recommended,,,,
R6521CF6AF351,consensus,expected_action,a4,"[{""code_or_concept"": ""tumor_genetics"", ""tool"": ""request_ecg_or_test""}]",recommended,,,,
R6521CF6AF351,primary,safety,s1,Do not conclude mesothelioma from asbestos history and CT alone; obtain cytology and tissue with immunophenotyping.,unspecified,,,,
R6521CF6AF351,second,safety,s1,Do not conclude mesothelioma from asbestos history and CT alone; obtain cytology and tissue with immunophenotyping.,unspecified,,,,
R6521CF6AF351,consensus,safety,s1,Do not conclude mesothelioma from asbestos history and CT alone; obtain cytology and tissue with immunophenotyping.,unspecified,,,,
R6521CF6AF351,primary,safety,s2,Account for baseline interstitial lung disease when weighing immunotherapy pneumonitis risk.,unspecified,,,,
R6521CF6AF351,second,safety,s2,Account for baseline interstitial lung disease when weighing immunotherapy pneumonitis risk.,unspecified,,,,
R6521CF6AF351,consensus,safety,s2,Account for baseline interstitial lung disease when weighing immunotherapy pneumonitis risk.,unspecified,,,,
RC4703F1175B7,primary,expected_action,a1,"[{""code_or_concept"": ""echo"", ""tool"": ""request_ecg_or_test""}]",critical,,,,
RC4703F1175B7,second,expected_action,a1,"[{""code_or_concept"": ""echo"", ""tool"": ""request_ecg_or_test""}]",critical,,,,
RC4703F1175B7,consensus,expected_action,a1,"[{""code_or_concept"": ""echo"", ""tool"": ""request_ecg_or_test""}]",critical,,,,
RC4703F1175B7,primary,expected_action,a2,"[{""code_or_concept"": ""pericardiocentesis"", ""tool"": ""request_procedure""}]",critical,,,,
RC4703F1175B7,second,expected_action,a2,"[{""code_or_concept"": ""pericardiocentesis"", ""tool"": ""request_procedure""}]",critical,,,,
RC4703F1175B7,consensus,expected_action,a2,"[{""code_or_concept"": ""pericardiocentesis"", ""tool"": ""request_procedure""}]",critical,,,,
RC4703F1175B7,primary,expected_action,a3,"[{""code_or_concept"": ""coronary_angiography"", ""tool"": ""request_imaging""}, {""code_or_concept"": ""coronary_angiography"", ""tool"": ""request_procedure""}]",critical,,,,
RC4703F1175B7,second,expected_action,a3,"[{""code_or_concept"": ""coronary_angiography"", ""tool"": ""request_imaging""}, {""code_or_concept"": ""coronary_angiography"", ""tool"": ""request_procedure""}]",critical,,,,
RC4703F1175B7,consensus,expected_action,a3,"[{""code_or_concept"": ""coronary_angiography"", ""tool"": ""request_imaging""}, {""code_or_concept"": ""coronary_angiography"", ""tool"": ""request_procedure""}]",critical,,,,
RC4703F1175B7,primary,expected_action,a4,"[{""code_or_concept"": ""covered_stent"", ""tool"": ""request_procedure""}]",optional,,,,
RC4703F1175B7,second,expected_action,a4,"[{""code_or_concept"": ""covered_stent"", ""tool"": ""request_procedure""}]",optional,,,,
RC4703F1175B7,consensus,expected_action,a4,"[{""code_or_concept"": ""covered_stent"", ""tool"": ""request_procedure""}]",optional,,,,
RC4703F1175B7,primary,expected_action,a5,"[{""code_or_concept"": ""antibiotics"", ""tool"": ""prescribe_medication""}]",critical,,,,
RC4703F1175B7,second,expected_action,a5,"[{""code_or_concept"": ""antibiotics"", ""tool"": ""prescribe_medication""}]",critical,,,,
RC4703F1175B7,consensus,expected_action,a5,"[{""code_or_concept"": ""antibiotics"", ""tool"": ""prescribe_medication""}]",critical,,,,
RC4703F1175B7,primary,expected_action,a6,"[{""code_or_concept"": ""ICU"", ""tool"": ""disposition""}, {""code_or_concept"": ""surgery"", ""tool"": ""disposition""}]",recommended,,,,
RC4703F1175B7,second,expected_action,a6,"[{""code_or_concept"": ""ICU"", ""tool"": ""disposition""}, {""code_or_concept"": ""surgery"", ""tool"": ""disposition""}]",recommended,,,,
RC4703F1175B7,consensus,expected_action,a6,"[{""code_or_concept"": ""ICU"", ""tool"": ""disposition""}, {""code_or_concept"": ""surgery"", ""tool"": ""disposition""}]",recommended,,,,
RC4703F1175B7,primary,safety,s1,Recognize tamponade and shock; urgent drainage.,unspecified,,,,
RC4703F1175B7,second,safety,s1,Recognize tamponade and shock; urgent drainage.,unspecified,,,,
RC4703F1175B7,consensus,safety,s1,Recognize tamponade and shock; urgent drainage.,unspecified,,,,
RC4703F1175B7,primary,safety,s2,Avoid delay in coronary and structural evaluation after stabilization.,unspecified,,,,
RC4703F1175B7,second,safety,s2,Avoid delay in coronary and structural evaluation after stabilization.,unspecified,,,,
RC4703F1175B7,consensus,safety,s2,Avoid delay in coronary and structural evaluation after stabilization.,unspecified,,,,
RC4703F1175B7,primary,safety,s3,Account for active infection and dialysis in medication and procedure decisions.,unspecified,,,,
RC4703F1175B7,second,safety,s3,Account for active infection and dialysis in medication and procedure decisions.,unspecified,,,,
RC4703F1175B7,consensus,safety,s3,Account for active infection and dialysis in medication and procedure decisions.,unspecified,,,,
R4ED475FF8BEB,primary,expected_action,a1,"[{""code_or_concept"": ""pregnancy_test"", ""tool"": ""request_lab""}]",critical,,,,
R4ED475FF8BEB,second,expected_action,a1,"[{""code_or_concept"": ""pregnancy_test"", ""tool"": ""request_lab""}]",critical,,,,
R4ED475FF8BEB,consensus,expected_action,a1,"[{""code_or_concept"": ""pregnancy_test"", ""tool"": ""request_lab""}]",critical,,,,
R4ED475FF8BEB,primary,expected_action,a2,"[{""code_or_concept"": ""pelvic_ultrasound"", ""tool"": ""request_imaging""}]",critical,,,,
R4ED475FF8BEB,second,expected_action,a2,"[{""code_or_concept"": ""pelvic_ultrasound"", ""tool"": ""request_imaging""}]",critical,,,,
R4ED475FF8BEB,consensus,expected_action,a2,"[{""code_or_concept"": ""pelvic_ultrasound"", ""tool"": ""request_imaging""}]",critical,,,,
R4ED475FF8BEB,primary,expected_action,a3,"[{""code_or_concept"": ""laparoscopy"", ""tool"": ""request_procedure""}]",critical,,,,
R4ED475FF8BEB,second,expected_action,a3,"[{""code_or_concept"": ""laparoscopy"", ""tool"": ""request_procedure""}]",critical,,,,
R4ED475FF8BEB,consensus,expected_action,a3,"[{""code_or_concept"": ""laparoscopy"", ""tool"": ""request_procedure""}]",critical,,,,
R4ED475FF8BEB,primary,expected_action,a4,"[{""code_or_concept"": ""surgery"", ""tool"": ""disposition""}]",critical,,,,
R4ED475FF8BEB,second,expected_action,a4,"[{""code_or_concept"": ""surgery"", ""tool"": ""disposition""}]",critical,,,,
R4ED475FF8BEB,consensus,expected_action,a4,"[{""code_or_concept"": ""surgery"", ""tool"": ""disposition""}]",critical,,,,
R4ED475FF8BEB,primary,safety,s1,Pregnancy test is essential in reproductive-age patient with abdominal pain.,unspecified,,,,
R4ED475FF8BEB,second,safety,s1,Pregnancy test is essential in reproductive-age patient with abdominal pain.,unspecified,,,,
R4ED475FF8BEB,consensus,safety,s1,Pregnancy test is essential in reproductive-age patient with abdominal pain.,unspecified,,,,
R4ED475FF8BEB,primary,safety,s2,"No intrauterine pregnancy with hCG around 10,130 IU/L requires urgent ectopic pregnancy evaluation.",unspecified,,,,
R4ED475FF8BEB,second,safety,s2,"No intrauterine pregnancy with hCG around 10,130 IU/L requires urgent ectopic pregnancy evaluation.",unspecified,,,,
R4ED475FF8BEB,consensus,safety,s2,"No intrauterine pregnancy with hCG around 10,130 IU/L requires urgent ectopic pregnancy evaluation.",unspecified,,,,
R4ED475FF8BEB,primary,safety,s3,Hemorrhage and vascular implantation favor surgical planning with bleeding preparedness.,unspecified,,,,
R4ED475FF8BEB,second,safety,s3,Hemorrhage and vascular implantation favor surgical planning with bleeding preparedness.,unspecified,,,,
R4ED475FF8BEB,consensus,safety,s3,Hemorrhage and vascular implantation favor surgical planning with bleeding preparedness.,unspecified,,,,
RD3AA91BF4038,primary,expected_action,a1,"[{""code_or_concept"": ""ecg"", ""tool"": ""request_ecg_or_test""}]",critical,,,,
RD3AA91BF4038,second,expected_action,a1,"[{""code_or_concept"": ""ecg"", ""tool"": ""request_ecg_or_test""}]",critical,,,,
RD3AA91BF4038,consensus,expected_action,a1,"[{""code_or_concept"": ""ecg"", ""tool"": ""request_ecg_or_test""}]",critical,,,,
RD3AA91BF4038,primary,expected_action,a2,"[{""code_or_concept"": ""echo"", ""tool"": ""request_ecg_or_test""}]",critical,,,,
RD3AA91BF4038,second,expected_action,a2,"[{""code_or_concept"": ""echo"", ""tool"": ""request_ecg_or_test""}]",critical,,,,
RD3AA91BF4038,consensus,expected_action,a2,"[{""code_or_concept"": ""echo"", ""tool"": ""request_ecg_or_test""}]",critical,,,,
RD3AA91BF4038,primary,expected_action,a3,"[{""code_or_concept"": ""ctpa"", ""tool"": ""request_imaging""}]",recommended,,,,
RD3AA91BF4038,second,expected_action,a3,"[{""code_or_concept"": ""ctpa"", ""tool"": ""request_imaging""}]",recommended,,,,
RD3AA91BF4038,consensus,expected_action,a3,"[{""code_or_concept"": ""ctpa"", ""tool"": ""request_imaging""}]",recommended,,,,
RD3AA91BF4038,primary,expected_action,a4,"[{""code_or_concept"": ""cardiac_mri"", ""tool"": ""request_imaging""}]",recommended,,,,
RD3AA91BF4038,second,expected_action,a4,"[{""code_or_concept"": ""cardiac_mri"", ""tool"": ""request_imaging""}]",recommended,,,,
RD3AA91BF4038,consensus,expected_action,a4,"[{""code_or_concept"": ""cardiac_mri"", ""tool"": ""request_imaging""}]",recommended,,,,
RD3AA91BF4038,primary,expected_action,a5,"[{""code_or_concept"": ""pacemaker"", ""tool"": ""request_procedure""}]",critical,,,,
RD3AA91BF4038,second,expected_action,a5,"[{""code_or_concept"": ""pacemaker"", ""tool"": ""request_procedure""}]",critical,,,,
RD3AA91BF4038,consensus,expected_action,a5,"[{""code_or_concept"": ""pacemaker"", ""tool"": ""request_procedure""}]",critical,,,,
RD3AA91BF4038,primary,expected_action,a6,"[{""code_or_concept"": ""ward"", ""tool"": ""disposition""}]",recommended,,,,
RD3AA91BF4038,second,expected_action,a6,"[{""code_or_concept"": ""ward"", ""tool"": ""disposition""}]",recommended,,,,
RD3AA91BF4038,consensus,expected_action,a6,"[{""code_or_concept"": ""ward"", ""tool"": ""disposition""}]",recommended,,,,
RD3AA91BF4038,primary,safety,s1,Symptomatic bradycardia and AV block need prompt stabilization and pacing assessment.,unspecified,,,,
RD3AA91BF4038,second,safety,s1,Symptomatic bradycardia and AV block need prompt stabilization and pacing assessment.,unspecified,,,,
RD3AA91BF4038,consensus,safety,s1,Symptomatic bradycardia and AV block need prompt stabilization and pacing assessment.,unspecified,,,,
RD3AA91BF4038,primary,safety,s2,Do not diagnose PE solely from elevated D-dimer.,unspecified,,,,
RD3AA91BF4038,second,safety,s2,Do not diagnose PE solely from elevated D-dimer.,unspecified,,,,
RD3AA91BF4038,consensus,safety,s2,Do not diagnose PE solely from elevated D-dimer.,unspecified,,,,
RD3AA91BF4038,primary,safety,s3,Anticoagulation decision with atrial standstill requires explicit individualized assessment.,unspecified,,,,
RD3AA91BF4038,second,safety,s3,Anticoagulation decision with atrial standstill requires explicit individualized assessment.,unspecified,,,,
RD3AA91BF4038,consensus,safety,s3,Anticoagulation decision with atrial standstill requires explicit individualized assessment.,unspecified,,,,
REF94C5C43A06,primary,expected_action,a1,"[{""code_or_concept"": ""ct_chest"", ""tool"": ""request_imaging""}]",recommended,,,,
REF94C5C43A06,second,expected_action,a1,"[{""code_or_concept"": ""ct_chest"", ""tool"": ""request_imaging""}]",recommended,,,,
REF94C5C43A06,consensus,expected_action,a1,"[{""code_or_concept"": ""ct_chest"", ""tool"": ""request_imaging""}]",recommended,,,,
REF94C5C43A06,primary,expected_action,a2,"[{""code_or_concept"": ""thoracentesis"", ""tool"": ""request_procedure""}]",critical,,,,
REF94C5C43A06,second,expected_action,a2,"[{""code_or_concept"": ""thoracentesis"", ""tool"": ""request_procedure""}]",critical,,,,
REF94C5C43A06,consensus,expected_action,a2,"[{""code_or_concept"": ""thoracentesis"", ""tool"": ""request_procedure""}]",critical,,,,
REF94C5C43A06,primary,expected_action,a3,"[{""code_or_concept"": ""pleural_biopsy"", ""tool"": ""request_procedure""}]",recommended,,,,
REF94C5C43A06,second,expected_action,a3,"[{""code_or_concept"": ""pleural_biopsy"", ""tool"": ""request_procedure""}]",recommended,,,,
REF94C5C43A06,consensus,expected_action,a3,"[{""code_or_concept"": ""pleural_biopsy"", ""tool"": ""request_procedure""}]",recommended,,,,
REF94C5C43A06,primary,expected_action,a4,"[{""code_or_concept"": ""tumor_genetics"", ""tool"": ""request_ecg_or_test""}]",recommended,,,,
REF94C5C43A06,second,expected_action,a4,"[{""code_or_concept"": ""tumor_genetics"", ""tool"": ""request_ecg_or_test""}]",recommended,,,,
REF94C5C43A06,consensus,expected_action,a4,"[{""code_or_concept"": ""tumor_genetics"", ""tool"": ""request_ecg_or_test""}]",recommended,,,,
REF94C5C43A06,primary,safety,s1,Do not conclude mesothelioma from asbestos history and CT alone; obtain cytology and tissue with immunophenotyping.,unspecified,,,,
REF94C5C43A06,second,safety,s1,Do not conclude mesothelioma from asbestos history and CT alone; obtain cytology and tissue with immunophenotyping.,unspecified,,,,
REF94C5C43A06,consensus,safety,s1,Do not conclude mesothelioma from asbestos history and CT alone; obtain cytology and tissue with immunophenotyping.,unspecified,,,,
REF94C5C43A06,primary,safety,s2,Account for baseline interstitial lung disease when weighing immunotherapy pneumonitis risk.,unspecified,,,,
REF94C5C43A06,second,safety,s2,Account for baseline interstitial lung disease when weighing immunotherapy pneumonitis risk.,unspecified,,,,
REF94C5C43A06,consensus,safety,s2,Account for baseline interstitial lung disease when weighing immunotherapy pneumonitis risk.,unspecified,,,,
RDC2444BB5524,primary,expected_action,a1,"[{""code_or_concept"": ""ecg"", ""tool"": ""request_ecg_or_test""}]",critical,,,,
RDC2444BB5524,second,expected_action,a1,"[{""code_or_concept"": ""ecg"", ""tool"": ""request_ecg_or_test""}]",critical,,,,
RDC2444BB5524,consensus,expected_action,a1,"[{""code_or_concept"": ""ecg"", ""tool"": ""request_ecg_or_test""}]",critical,,,,
RDC2444BB5524,primary,expected_action,a2,"[{""code_or_concept"": ""echo"", ""tool"": ""request_ecg_or_test""}]",critical,,,,
RDC2444BB5524,second,expected_action,a2,"[{""code_or_concept"": ""echo"", ""tool"": ""request_ecg_or_test""}]",critical,,,,
RDC2444BB5524,consensus,expected_action,a2,"[{""code_or_concept"": ""echo"", ""tool"": ""request_ecg_or_test""}]",critical,,,,
RDC2444BB5524,primary,expected_action,a3,"[{""code_or_concept"": ""ctpa"", ""tool"": ""request_imaging""}]",recommended,,,,
RDC2444BB5524,second,expected_action,a3,"[{""code_or_concept"": ""ctpa"", ""tool"": ""request_imaging""}]",recommended,,,,
RDC2444BB5524,consensus,expected_action,a3,"[{""code_or_concept"": ""ctpa"", ""tool"": ""request_imaging""}]",recommended,,,,
RDC2444BB5524,primary,expected_action,a4,"[{""code_or_concept"": ""cardiac_mri"", ""tool"": ""request_imaging""}]",recommended,,,,
RDC2444BB5524,second,expected_action,a4,"[{""code_or_concept"": ""cardiac_mri"", ""tool"": ""request_imaging""}]",recommended,,,,
RDC2444BB5524,consensus,expected_action,a4,"[{""code_or_concept"": ""cardiac_mri"", ""tool"": ""request_imaging""}]",recommended,,,,
RDC2444BB5524,primary,expected_action,a5,"[{""code_or_concept"": ""pacemaker"", ""tool"": ""request_procedure""}]",critical,,,,
RDC2444BB5524,second,expected_action,a5,"[{""code_or_concept"": ""pacemaker"", ""tool"": ""request_procedure""}]",critical,,,,
RDC2444BB5524,consensus,expected_action,a5,"[{""code_or_concept"": ""pacemaker"", ""tool"": ""request_procedure""}]",critical,,,,
RDC2444BB5524,primary,expected_action,a6,"[{""code_or_concept"": ""ward"", ""tool"": ""disposition""}]",recommended,,,,
RDC2444BB5524,second,expected_action,a6,"[{""code_or_concept"": ""ward"", ""tool"": ""disposition""}]",recommended,,,,
RDC2444BB5524,consensus,expected_action,a6,"[{""code_or_concept"": ""ward"", ""tool"": ""disposition""}]",recommended,,,,
RDC2444BB5524,primary,safety,s1,Symptomatic bradycardia and AV block need prompt stabilization and pacing assessment.,unspecified,,,,
RDC2444BB5524,second,safety,s1,Symptomatic bradycardia and AV block need prompt stabilization and pacing assessment.,unspecified,,,,
RDC2444BB5524,consensus,safety,s1,Symptomatic bradycardia and AV block need prompt stabilization and pacing assessment.,unspecified,,,,
RDC2444BB5524,primary,safety,s2,Do not diagnose PE solely from elevated D-dimer.,unspecified,,,,
RDC2444BB5524,second,safety,s2,Do not diagnose PE solely from elevated D-dimer.,unspecified,,,,
RDC2444BB5524,consensus,safety,s2,Do not diagnose PE solely from elevated D-dimer.,unspecified,,,,
RDC2444BB5524,primary,safety,s3,Anticoagulation decision with atrial standstill requires explicit individualized assessment.,unspecified,,,,
RDC2444BB5524,second,safety,s3,Anticoagulation decision with atrial standstill requires explicit individualized assessment.,unspecified,,,,
RDC2444BB5524,consensus,safety,s3,Anticoagulation decision with atrial standstill requires explicit individualized assessment.,unspecified,,,,
RAF4979880326,primary,expected_action,a1,"[{""code_or_concept"": ""hemoglobin"", ""tool"": ""request_lab""}]",critical,,,,
RAF4979880326,second,expected_action,a1,"[{""code_or_concept"": ""hemoglobin"", ""tool"": ""request_lab""}]",critical,,,,
RAF4979880326,consensus,expected_action,a1,"[{""code_or_concept"": ""hemoglobin"", ""tool"": ""request_lab""}]",critical,,,,
RAF4979880326,primary,expected_action,a2,"[{""code_or_concept"": ""hemolysis"", ""tool"": ""request_lab""}]",critical,,,,
RAF4979880326,second,expected_action,a2,"[{""code_or_concept"": ""hemolysis"", ""tool"": ""request_lab""}]",critical,,,,
RAF4979880326,consensus,expected_action,a2,"[{""code_or_concept"": ""hemolysis"", ""tool"": ""request_lab""}]",critical,,,,
RAF4979880326,primary,expected_action,a3,"[{""code_or_concept"": ""dat"", ""tool"": ""request_lab""}]",critical,,,,
RAF4979880326,second,expected_action,a3,"[{""code_or_concept"": ""dat"", ""tool"": ""request_lab""}]",critical,,,,
RAF4979880326,consensus,expected_action,a3,"[{""code_or_concept"": ""dat"", ""tool"": ""request_lab""}]",critical,,,,
RAF4979880326,primary,expected_action,a4,"[{""code_or_concept"": ""steroids"", ""tool"": ""prescribe_medication""}]",critical,,,,
RAF4979880326,second,expected_action,a4,"[{""code_or_concept"": ""steroids"", ""tool"": ""prescribe_medication""}]",critical,,,,
RAF4979880326,consensus,expected_action,a4,"[{""code_or_concept"": ""steroids"", ""tool"": ""prescribe_medication""}]",critical,,,,
RAF4979880326,primary,expected_action,a5,"[{""code_or_concept"": ""transfusion"", ""tool"": ""request_procedure""}]",critical,,,,
RAF4979880326,second,expected_action,a5,"[{""code_or_concept"": ""transfusion"", ""tool"": ""request_procedure""}]",critical,,,,
RAF4979880326,consensus,expected_action,a5,"[{""code_or_concept"": ""transfusion"", ""tool"": ""request_procedure""}]",critical,,,,
RAF4979880326,primary,expected_action,a6,"[{""code_or_concept"": ""ward"", ""tool"": ""disposition""}]",critical,,,,
RAF4979880326,second,expected_action,a6,"[{""code_or_concept"": ""ward"", ""tool"": ""disposition""}]",critical,,,,
RAF4979880326,consensus,expected_action,a6,"[{""code_or_concept"": ""ward"", ""tool"": ""disposition""}]",critical,,,,
RAF4979880326,primary,safety,s1,Severe symptomatic anemia requires urgent assessment and transfusion strategy.,unspecified,,,,
RAF4979880326,second,safety,s1,Severe symptomatic anemia requires urgent assessment and transfusion strategy.,unspecified,,,,
RAF4979880326,consensus,safety,s1,Severe symptomatic anemia requires urgent assessment and transfusion strategy.,unspecified,,,,
RAF4979880326,primary,safety,s2,Stop immune checkpoint therapy in life-threatening immune-mediated toxicity.,unspecified,,,,
RAF4979880326,second,safety,s2,Stop immune checkpoint therapy in life-threatening immune-mediated toxicity.,unspecified,,,,
RAF4979880326,consensus,safety,s2,Stop immune checkpoint therapy in life-threatening immune-mediated toxicity.,unspecified,,,,
RAF4979880326,primary,safety,s3,Compatibility testing may be complicated by panreactive autoantibody.,unspecified,,,,
RAF4979880326,second,safety,s3,Compatibility testing may be complicated by panreactive autoantibody.,unspecified,,,,
RAF4979880326,consensus,safety,s3,Compatibility testing may be complicated by panreactive autoantibody.,unspecified,,,,
RD8CE80682192,primary,expected_action,a1,"[{""code_or_concept"": ""ecg"", ""tool"": ""request_ecg_or_test""}]",critical,,,,
RD8CE80682192,second,expected_action,a1,"[{""code_or_concept"": ""ecg"", ""tool"": ""request_ecg_or_test""}]",critical,,,,
RD8CE80682192,consensus,expected_action,a1,"[{""code_or_concept"": ""ecg"", ""tool"": ""request_ecg_or_test""}]",critical,,,,
RD8CE80682192,primary,expected_action,a2,"[{""code_or_concept"": ""echo"", ""tool"": ""request_ecg_or_test""}]",critical,,,,
RD8CE80682192,second,expected_action,a2,"[{""code_or_concept"": ""echo"", ""tool"": ""request_ecg_or_test""}]",critical,,,,
RD8CE80682192,consensus,expected_action,a2,"[{""code_or_concept"": ""echo"", ""tool"": ""request_ecg_or_test""}]",critical,,,,
RD8CE80682192,primary,expected_action,a3,"[{""code_or_concept"": ""ctpa"", ""tool"": ""request_imaging""}]",recommended,,,,
RD8CE80682192,second,expected_action,a3,"[{""code_or_concept"": ""ctpa"", ""tool"": ""request_imaging""}]",recommended,,,,
RD8CE80682192,consensus,expected_action,a3,"[{""code_or_concept"": ""ctpa"", ""tool"": ""request_imaging""}]",recommended,,,,
RD8CE80682192,primary,expected_action,a4,"[{""code_or_concept"": ""cardiac_mri"", ""tool"": ""request_imaging""}]",recommended,,,,
RD8CE80682192,second,expected_action,a4,"[{""code_or_concept"": ""cardiac_mri"", ""tool"": ""request_imaging""}]",recommended,,,,
RD8CE80682192,consensus,expected_action,a4,"[{""code_or_concept"": ""cardiac_mri"", ""tool"": ""request_imaging""}]",recommended,,,,
RD8CE80682192,primary,expected_action,a5,"[{""code_or_concept"": ""pacemaker"", ""tool"": ""request_procedure""}]",critical,,,,
RD8CE80682192,second,expected_action,a5,"[{""code_or_concept"": ""pacemaker"", ""tool"": ""request_procedure""}]",critical,,,,
RD8CE80682192,consensus,expected_action,a5,"[{""code_or_concept"": ""pacemaker"", ""tool"": ""request_procedure""}]",critical,,,,
RD8CE80682192,primary,expected_action,a6,"[{""code_or_concept"": ""ward"", ""tool"": ""disposition""}]",recommended,,,,
RD8CE80682192,second,expected_action,a6,"[{""code_or_concept"": ""ward"", ""tool"": ""disposition""}]",recommended,,,,
RD8CE80682192,consensus,expected_action,a6,"[{""code_or_concept"": ""ward"", ""tool"": ""disposition""}]",recommended,,,,
RD8CE80682192,primary,safety,s1,Symptomatic bradycardia and AV block need prompt stabilization and pacing assessment.,unspecified,,,,
RD8CE80682192,second,safety,s1,Symptomatic bradycardia and AV block need prompt stabilization and pacing assessment.,unspecified,,,,
RD8CE80682192,consensus,safety,s1,Symptomatic bradycardia and AV block need prompt stabilization and pacing assessment.,unspecified,,,,
RD8CE80682192,primary,safety,s2,Do not diagnose PE solely from elevated D-dimer.,unspecified,,,,
RD8CE80682192,second,safety,s2,Do not diagnose PE solely from elevated D-dimer.,unspecified,,,,
RD8CE80682192,consensus,safety,s2,Do not diagnose PE solely from elevated D-dimer.,unspecified,,,,
RD8CE80682192,primary,safety,s3,Anticoagulation decision with atrial standstill requires explicit individualized assessment.,unspecified,,,,
RD8CE80682192,second,safety,s3,Anticoagulation decision with atrial standstill requires explicit individualized assessment.,unspecified,,,,
RD8CE80682192,consensus,safety,s3,Anticoagulation decision with atrial standstill requires explicit individualized assessment.,unspecified,,,,
R3BEABB2FAE0A,primary,expected_action,a1,"[{""code_or_concept"": ""adrenal_hormones"", ""tool"": ""request_lab""}]",critical,,,,
R3BEABB2FAE0A,second,expected_action,a1,"[{""code_or_concept"": ""adrenal_hormones"", ""tool"": ""request_lab""}]",critical,,,,
R3BEABB2FAE0A,consensus,expected_action,a1,"[{""code_or_concept"": ""adrenal_hormones"", ""tool"": ""request_lab""}]",critical,,,,
R3BEABB2FAE0A,primary,expected_action,a2,"[{""code_or_concept"": ""adrenal_ct"", ""tool"": ""request_imaging""}]",recommended,,,,
R3BEABB2FAE0A,second,expected_action,a2,"[{""code_or_concept"": ""adrenal_ct"", ""tool"": ""request_imaging""}]",recommended,,,,
R3BEABB2FAE0A,consensus,expected_action,a2,"[{""code_or_concept"": ""adrenal_ct"", ""tool"": ""request_imaging""}]",recommended,,,,
R3BEABB2FAE0A,primary,expected_action,a3,"[{""code_or_concept"": ""adrenal_biopsy"", ""tool"": ""request_procedure""}]",optional,,,,
R3BEABB2FAE0A,second,expected_action,a3,"[{""code_or_concept"": ""adrenal_biopsy"", ""tool"": ""request_procedure""}]",optional,,,,
R3BEABB2FAE0A,consensus,expected_action,a3,"[{""code_or_concept"": ""adrenal_biopsy"", ""tool"": ""request_procedure""}]",optional,,,,
R3BEABB2FAE0A,primary,expected_action,a4,"[{""code_or_concept"": ""adrenal_tb_pcr"", ""tool"": ""request_microbiology""}]",optional,,,,
R3BEABB2FAE0A,second,expected_action,a4,"[{""code_or_concept"": ""adrenal_tb_pcr"", ""tool"": ""request_microbiology""}]",optional,,,,
R3BEABB2FAE0A,consensus,expected_action,a4,"[{""code_or_concept"": ""adrenal_tb_pcr"", ""tool"": ""request_microbiology""}]",optional,,,,
R3BEABB2FAE0A,primary,expected_action,a5,"[{""code_or_concept"": ""hydrocortisone"", ""tool"": ""prescribe_medication""}]",critical,,,,
R3BEABB2FAE0A,second,expected_action,a5,"[{""code_or_concept"": ""hydrocortisone"", ""tool"": ""prescribe_medication""}]",critical,,,,
R3BEABB2FAE0A,consensus,expected_action,a5,"[{""code_or_concept"": ""hydrocortisone"", ""tool"": ""prescribe_medication""}]",critical,,,,
R3BEABB2FAE0A,primary,safety,s1,Recognize primary adrenal insufficiency and risk of adrenal crisis under stress.,unspecified,,,,
R3BEABB2FAE0A,second,safety,s1,Recognize primary adrenal insufficiency and risk of adrenal crisis under stress.,unspecified,,,,
R3BEABB2FAE0A,consensus,safety,s1,Recognize primary adrenal insufficiency and risk of adrenal crisis under stress.,unspecified,,,,
R3BEABB2FAE0A,primary,safety,s2,Do not assume negative acid-fast stain excludes tuberculosis.,unspecified,,,,
R3BEABB2FAE0A,second,safety,s2,Do not assume negative acid-fast stain excludes tuberculosis.,unspecified,,,,
R3BEABB2FAE0A,consensus,safety,s2,Do not assume negative acid-fast stain excludes tuberculosis.,unspecified,,,,
R3BEABB2FAE0A,primary,safety,s3,Antituberculous regimen in source is descriptive; independent guideline review is needed before rating as standard.,unspecified,,,,
R3BEABB2FAE0A,second,safety,s3,Antituberculous regimen in source is descriptive; independent guideline review is needed before rating as standard.,unspecified,,,,
R3BEABB2FAE0A,consensus,safety,s3,Antituberculous regimen in source is descriptive; independent guideline review is needed before rating as standard.,unspecified,,,,
R3BEABB2FAE0A,primary,safety,s4,"Before adrenal biopsy, assess hormonal activity and exclude pheochromocytoma; if the source does not report this, mark unknown rather than safe by default.",unspecified,,,,
R3BEABB2FAE0A,second,safety,s4,"Before adrenal biopsy, assess hormonal activity and exclude pheochromocytoma; if the source does not report this, mark unknown rather than safe by default.",unspecified,,,,
R3BEABB2FAE0A,consensus,safety,s4,"Before adrenal biopsy, assess hormonal activity and exclude pheochromocytoma; if the source does not report this, mark unknown rather than safe by default.",unspecified,,,,
R6F034F0BA483,primary,expected_action,a1,"[{""code_or_concept"": ""ct_abdomen"", ""tool"": ""request_imaging""}]",critical,,,,
R6F034F0BA483,second,expected_action,a1,"[{""code_or_concept"": ""ct_abdomen"", ""tool"": ""request_imaging""}]",critical,,,,
R6F034F0BA483,consensus,expected_action,a1,"[{""code_or_concept"": ""ct_abdomen"", ""tool"": ""request_imaging""}]",critical,,,,
R6F034F0BA483,primary,expected_action,a2,"[{""code_or_concept"": ""laparotomy"", ""tool"": ""request_procedure""}, {""code_or_concept"": ""laparoscopy"", ""tool"": ""request_procedure""}]",critical,,,,
R6F034F0BA483,second,expected_action,a2,"[{""code_or_concept"": ""laparotomy"", ""tool"": ""request_procedure""}, {""code_or_concept"": ""laparoscopy"", ""tool"": ""request_procedure""}]",critical,,,,
R6F034F0BA483,consensus,expected_action,a2,"[{""code_or_concept"": ""laparotomy"", ""tool"": ""request_procedure""}, {""code_or_concept"": ""laparoscopy"", ""tool"": ""request_procedure""}]",critical,,,,
R6F034F0BA483,primary,expected_action,a3,"[{""code_or_concept"": ""surgery"", ""tool"": ""disposition""}, {""code_or_concept"": ""ICU"", ""tool"": ""disposition""}]",critical,,,,
R6F034F0BA483,second,expected_action,a3,"[{""code_or_concept"": ""surgery"", ""tool"": ""disposition""}, {""code_or_concept"": ""ICU"", ""tool"": ""disposition""}]",critical,,,,
R6F034F0BA483,consensus,expected_action,a3,"[{""code_or_concept"": ""surgery"", ""tool"": ""disposition""}, {""code_or_concept"": ""ICU"", ""tool"": ""disposition""}]",critical,,,,
R6F034F0BA483,primary,safety,s1,Peritoneal signs and obstruction demand urgent surgical assessment.,unspecified,,,,
R6F034F0BA483,second,safety,s1,Peritoneal signs and obstruction demand urgent surgical assessment.,unspecified,,,,
R6F034F0BA483,consensus,safety,s1,Peritoneal signs and obstruction demand urgent surgical assessment.,unspecified,,,,
R6F034F0BA483,primary,safety,s2,Prior biliary stent history materially changes interpretation of linear CT foreign body.,unspecified,,,,
R6F034F0BA483,second,safety,s2,Prior biliary stent history materially changes interpretation of linear CT foreign body.,unspecified,,,,
R6F034F0BA483,consensus,safety,s2,Prior biliary stent history materially changes interpretation of linear CT foreign body.,unspecified,,,,
R6F034F0BA483,primary,safety,s3,Consider anticoagulation and COPD risk during perioperative planning; source does not specify drug regimen.,unspecified,,,,
R6F034F0BA483,second,safety,s3,Consider anticoagulation and COPD risk during perioperative planning; source does not specify drug regimen.,unspecified,,,,
R6F034F0BA483,consensus,safety,s3,Consider anticoagulation and COPD risk during perioperative planning; source does not specify drug regimen.,unspecified,,,,
R8591F1872042,primary,expected_action,a1,"[{""code_or_concept"": ""ct_chest"", ""tool"": ""request_imaging""}]",recommended,,,,
R8591F1872042,second,expected_action,a1,"[{""code_or_concept"": ""ct_chest"", ""tool"": ""request_imaging""}]",recommended,,,,
R8591F1872042,consensus,expected_action,a1,"[{""code_or_concept"": ""ct_chest"", ""tool"": ""request_imaging""}]",recommended,,,,
R8591F1872042,primary,expected_action,a2,"[{""code_or_concept"": ""thoracentesis"", ""tool"": ""request_procedure""}]",critical,,,,
R8591F1872042,second,expected_action,a2,"[{""code_or_concept"": ""thoracentesis"", ""tool"": ""request_procedure""}]",critical,,,,
R8591F1872042,consensus,expected_action,a2,"[{""code_or_concept"": ""thoracentesis"", ""tool"": ""request_procedure""}]",critical,,,,
R8591F1872042,primary,expected_action,a3,"[{""code_or_concept"": ""pleural_biopsy"", ""tool"": ""request_procedure""}]",recommended,,,,
R8591F1872042,second,expected_action,a3,"[{""code_or_concept"": ""pleural_biopsy"", ""tool"": ""request_procedure""}]",recommended,,,,
R8591F1872042,consensus,expected_action,a3,"[{""code_or_concept"": ""pleural_biopsy"", ""tool"": ""request_procedure""}]",recommended,,,,
R8591F1872042,primary,expected_action,a4,"[{""code_or_concept"": ""tumor_genetics"", ""tool"": ""request_ecg_or_test""}]",recommended,,,,
R8591F1872042,second,expected_action,a4,"[{""code_or_concept"": ""tumor_genetics"", ""tool"": ""request_ecg_or_test""}]",recommended,,,,
R8591F1872042,consensus,expected_action,a4,"[{""code_or_concept"": ""tumor_genetics"", ""tool"": ""request_ecg_or_test""}]",recommended,,,,
R8591F1872042,primary,safety,s1,Do not conclude mesothelioma from asbestos history and CT alone; obtain cytology and tissue with immunophenotyping.,unspecified,,,,
R8591F1872042,second,safety,s1,Do not conclude mesothelioma from asbestos history and CT alone; obtain cytology and tissue with immunophenotyping.,unspecified,,,,
R8591F1872042,consensus,safety,s1,Do not conclude mesothelioma from asbestos history and CT alone; obtain cytology and tissue with immunophenotyping.,unspecified,,,,
R8591F1872042,primary,safety,s2,Account for baseline interstitial lung disease when weighing immunotherapy pneumonitis risk.,unspecified,,,,
R8591F1872042,second,safety,s2,Account for baseline interstitial lung disease when weighing immunotherapy pneumonitis risk.,unspecified,,,,
R8591F1872042,consensus,safety,s2,Account for baseline interstitial lung disease when weighing immunotherapy pneumonitis risk.,unspecified,,,,
R426E52648332,primary,expected_action,a1,"[{""code_or_concept"": ""hemoglobin"", ""tool"": ""request_lab""}]",critical,,,,
R426E52648332,second,expected_action,a1,"[{""code_or_concept"": ""hemoglobin"", ""tool"": ""request_lab""}]",critical,,,,
R426E52648332,consensus,expected_action,a1,"[{""code_or_concept"": ""hemoglobin"", ""tool"": ""request_lab""}]",critical,,,,
R426E52648332,primary,expected_action,a2,"[{""code_or_concept"": ""hemolysis"", ""tool"": ""request_lab""}]",critical,,,,
R426E52648332,second,expected_action,a2,"[{""code_or_concept"": ""hemolysis"", ""tool"": ""request_lab""}]",critical,,,,
R426E52648332,consensus,expected_action,a2,"[{""code_or_concept"": ""hemolysis"", ""tool"": ""request_lab""}]",critical,,,,
R426E52648332,primary,expected_action,a3,"[{""code_or_concept"": ""dat"", ""tool"": ""request_lab""}]",critical,,,,
R426E52648332,second,expected_action,a3,"[{""code_or_concept"": ""dat"", ""tool"": ""request_lab""}]",critical,,,,
R426E52648332,consensus,expected_action,a3,"[{""code_or_concept"": ""dat"", ""tool"": ""request_lab""}]",critical,,,,
R426E52648332,primary,expected_action,a4,"[{""code_or_concept"": ""steroids"", ""tool"": ""prescribe_medication""}]",critical,,,,
R426E52648332,second,expected_action,a4,"[{""code_or_concept"": ""steroids"", ""tool"": ""prescribe_medication""}]",critical,,,,
R426E52648332,consensus,expected_action,a4,"[{""code_or_concept"": ""steroids"", ""tool"": ""prescribe_medication""}]",critical,,,,
R426E52648332,primary,expected_action,a5,"[{""code_or_concept"": ""transfusion"", ""tool"": ""request_procedure""}]",critical,,,,
R426E52648332,second,expected_action,a5,"[{""code_or_concept"": ""transfusion"", ""tool"": ""request_procedure""}]",critical,,,,
R426E52648332,consensus,expected_action,a5,"[{""code_or_concept"": ""transfusion"", ""tool"": ""request_procedure""}]",critical,,,,
R426E52648332,primary,expected_action,a6,"[{""code_or_concept"": ""ward"", ""tool"": ""disposition""}]",critical,,,,
R426E52648332,second,expected_action,a6,"[{""code_or_concept"": ""ward"", ""tool"": ""disposition""}]",critical,,,,
R426E52648332,consensus,expected_action,a6,"[{""code_or_concept"": ""ward"", ""tool"": ""disposition""}]",critical,,,,
R426E52648332,primary,safety,s1,Severe symptomatic anemia requires urgent assessment and transfusion strategy.,unspecified,,,,
R426E52648332,second,safety,s1,Severe symptomatic anemia requires urgent assessment and transfusion strategy.,unspecified,,,,
R426E52648332,consensus,safety,s1,Severe symptomatic anemia requires urgent assessment and transfusion strategy.,unspecified,,,,
R426E52648332,primary,safety,s2,Stop immune checkpoint therapy in life-threatening immune-mediated toxicity.,unspecified,,,,
R426E52648332,second,safety,s2,Stop immune checkpoint therapy in life-threatening immune-mediated toxicity.,unspecified,,,,
R426E52648332,consensus,safety,s2,Stop immune checkpoint therapy in life-threatening immune-mediated toxicity.,unspecified,,,,
R426E52648332,primary,safety,s3,Compatibility testing may be complicated by panreactive autoantibody.,unspecified,,,,
R426E52648332,second,safety,s3,Compatibility testing may be complicated by panreactive autoantibody.,unspecified,,,,
R426E52648332,consensus,safety,s3,Compatibility testing may be complicated by panreactive autoantibody.,unspecified,,,,
R4C44377862E6,primary,expected_action,a1,"[{""code_or_concept"": ""adrenal_hormones"", ""tool"": ""request_lab""}]",critical,,,,
R4C44377862E6,second,expected_action,a1,"[{""code_or_concept"": ""adrenal_hormones"", ""tool"": ""request_lab""}]",critical,,,,
R4C44377862E6,consensus,expected_action,a1,"[{""code_or_concept"": ""adrenal_hormones"", ""tool"": ""request_lab""}]",critical,,,,
R4C44377862E6,primary,expected_action,a2,"[{""code_or_concept"": ""adrenal_ct"", ""tool"": ""request_imaging""}]",recommended,,,,
R4C44377862E6,second,expected_action,a2,"[{""code_or_concept"": ""adrenal_ct"", ""tool"": ""request_imaging""}]",recommended,,,,
R4C44377862E6,consensus,expected_action,a2,"[{""code_or_concept"": ""adrenal_ct"", ""tool"": ""request_imaging""}]",recommended,,,,
R4C44377862E6,primary,expected_action,a3,"[{""code_or_concept"": ""adrenal_biopsy"", ""tool"": ""request_procedure""}]",optional,,,,
R4C44377862E6,second,expected_action,a3,"[{""code_or_concept"": ""adrenal_biopsy"", ""tool"": ""request_procedure""}]",optional,,,,
R4C44377862E6,consensus,expected_action,a3,"[{""code_or_concept"": ""adrenal_biopsy"", ""tool"": ""request_procedure""}]",optional,,,,
R4C44377862E6,primary,expected_action,a4,"[{""code_or_concept"": ""adrenal_tb_pcr"", ""tool"": ""request_microbiology""}]",optional,,,,
R4C44377862E6,second,expected_action,a4,"[{""code_or_concept"": ""adrenal_tb_pcr"", ""tool"": ""request_microbiology""}]",optional,,,,
R4C44377862E6,consensus,expected_action,a4,"[{""code_or_concept"": ""adrenal_tb_pcr"", ""tool"": ""request_microbiology""}]",optional,,,,
R4C44377862E6,primary,expected_action,a5,"[{""code_or_concept"": ""hydrocortisone"", ""tool"": ""prescribe_medication""}]",critical,,,,
R4C44377862E6,second,expected_action,a5,"[{""code_or_concept"": ""hydrocortisone"", ""tool"": ""prescribe_medication""}]",critical,,,,
R4C44377862E6,consensus,expected_action,a5,"[{""code_or_concept"": ""hydrocortisone"", ""tool"": ""prescribe_medication""}]",critical,,,,
R4C44377862E6,primary,safety,s1,Recognize primary adrenal insufficiency and risk of adrenal crisis under stress.,unspecified,,,,
R4C44377862E6,second,safety,s1,Recognize primary adrenal insufficiency and risk of adrenal crisis under stress.,unspecified,,,,
R4C44377862E6,consensus,safety,s1,Recognize primary adrenal insufficiency and risk of adrenal crisis under stress.,unspecified,,,,
R4C44377862E6,primary,safety,s2,Do not assume negative acid-fast stain excludes tuberculosis.,unspecified,,,,
R4C44377862E6,second,safety,s2,Do not assume negative acid-fast stain excludes tuberculosis.,unspecified,,,,
R4C44377862E6,consensus,safety,s2,Do not assume negative acid-fast stain excludes tuberculosis.,unspecified,,,,
R4C44377862E6,primary,safety,s3,Antituberculous regimen in source is descriptive; independent guideline review is needed before rating as standard.,unspecified,,,,
R4C44377862E6,second,safety,s3,Antituberculous regimen in source is descriptive; independent guideline review is needed before rating as standard.,unspecified,,,,
R4C44377862E6,consensus,safety,s3,Antituberculous regimen in source is descriptive; independent guideline review is needed before rating as standard.,unspecified,,,,
R4C44377862E6,primary,safety,s4,"Before adrenal biopsy, assess hormonal activity and exclude pheochromocytoma; if the source does not report this, mark unknown rather than safe by default.",unspecified,,,,
R4C44377862E6,second,safety,s4,"Before adrenal biopsy, assess hormonal activity and exclude pheochromocytoma; if the source does not report this, mark unknown rather than safe by default.",unspecified,,,,
R4C44377862E6,consensus,safety,s4,"Before adrenal biopsy, assess hormonal activity and exclude pheochromocytoma; if the source does not report this, mark unknown rather than safe by default.",unspecified,,,,
R95C4FB1B6E03,primary,expected_action,a1,"[{""code_or_concept"": ""ct_chest"", ""tool"": ""request_imaging""}]",recommended,,,,
R95C4FB1B6E03,second,expected_action,a1,"[{""code_or_concept"": ""ct_chest"", ""tool"": ""request_imaging""}]",recommended,,,,
R95C4FB1B6E03,consensus,expected_action,a1,"[{""code_or_concept"": ""ct_chest"", ""tool"": ""request_imaging""}]",recommended,,,,
R95C4FB1B6E03,primary,expected_action,a2,"[{""code_or_concept"": ""thoracentesis"", ""tool"": ""request_procedure""}]",critical,,,,
R95C4FB1B6E03,second,expected_action,a2,"[{""code_or_concept"": ""thoracentesis"", ""tool"": ""request_procedure""}]",critical,,,,
R95C4FB1B6E03,consensus,expected_action,a2,"[{""code_or_concept"": ""thoracentesis"", ""tool"": ""request_procedure""}]",critical,,,,
R95C4FB1B6E03,primary,expected_action,a3,"[{""code_or_concept"": ""pleural_biopsy"", ""tool"": ""request_procedure""}]",recommended,,,,
R95C4FB1B6E03,second,expected_action,a3,"[{""code_or_concept"": ""pleural_biopsy"", ""tool"": ""request_procedure""}]",recommended,,,,
R95C4FB1B6E03,consensus,expected_action,a3,"[{""code_or_concept"": ""pleural_biopsy"", ""tool"": ""request_procedure""}]",recommended,,,,
R95C4FB1B6E03,primary,expected_action,a4,"[{""code_or_concept"": ""tumor_genetics"", ""tool"": ""request_ecg_or_test""}]",recommended,,,,
R95C4FB1B6E03,second,expected_action,a4,"[{""code_or_concept"": ""tumor_genetics"", ""tool"": ""request_ecg_or_test""}]",recommended,,,,
R95C4FB1B6E03,consensus,expected_action,a4,"[{""code_or_concept"": ""tumor_genetics"", ""tool"": ""request_ecg_or_test""}]",recommended,,,,
R95C4FB1B6E03,primary,safety,s1,Do not conclude mesothelioma from asbestos history and CT alone; obtain cytology and tissue with immunophenotyping.,unspecified,,,,
R95C4FB1B6E03,second,safety,s1,Do not conclude mesothelioma from asbestos history and CT alone; obtain cytology and tissue with immunophenotyping.,unspecified,,,,
R95C4FB1B6E03,consensus,safety,s1,Do not conclude mesothelioma from asbestos history and CT alone; obtain cytology and tissue with immunophenotyping.,unspecified,,,,
R95C4FB1B6E03,primary,safety,s2,Account for baseline interstitial lung disease when weighing immunotherapy pneumonitis risk.,unspecified,,,,
R95C4FB1B6E03,second,safety,s2,Account for baseline interstitial lung disease when weighing immunotherapy pneumonitis risk.,unspecified,,,,
R95C4FB1B6E03,consensus,safety,s2,Account for baseline interstitial lung disease when weighing immunotherapy pneumonitis risk.,unspecified,,,,
R1597369CA3F0,primary,expected_action,a1,"[{""code_or_concept"": ""neurologic"", ""tool"": ""request_physical_exam""}]",critical,,,,
R1597369CA3F0,second,expected_action,a1,"[{""code_or_concept"": ""neurologic"", ""tool"": ""request_physical_exam""}]",critical,,,,
R1597369CA3F0,consensus,expected_action,a1,"[{""code_or_concept"": ""neurologic"", ""tool"": ""request_physical_exam""}]",critical,,,,
R1597369CA3F0,primary,expected_action,a2,"[{""code_or_concept"": ""spine_mri"", ""tool"": ""request_imaging""}]",critical,,,,
R1597369CA3F0,second,expected_action,a2,"[{""code_or_concept"": ""spine_mri"", ""tool"": ""request_imaging""}]",critical,,,,
R1597369CA3F0,consensus,expected_action,a2,"[{""code_or_concept"": ""spine_mri"", ""tool"": ""request_imaging""}]",critical,,,,
R1597369CA3F0,primary,expected_action,a3,"[{""code_or_concept"": ""hematoma_evacuation"", ""tool"": ""request_procedure""}]",critical,,,,
R1597369CA3F0,second,expected_action,a3,"[{""code_or_concept"": ""hematoma_evacuation"", ""tool"": ""request_procedure""}]",critical,,,,
R1597369CA3F0,consensus,expected_action,a3,"[{""code_or_concept"": ""hematoma_evacuation"", ""tool"": ""request_procedure""}]",critical,,,,
R1597369CA3F0,primary,expected_action,a4,"[{""code_or_concept"": ""surgery"", ""tool"": ""disposition""}]",critical,,,,
R1597369CA3F0,second,expected_action,a4,"[{""code_or_concept"": ""surgery"", ""tool"": ""disposition""}]",critical,,,,
R1597369CA3F0,consensus,expected_action,a4,"[{""code_or_concept"": ""surgery"", ""tool"": ""disposition""}]",critical,,,,
R1597369CA3F0,primary,safety,s1,Treat evolving paraplegia and sphincter dysfunction as spinal emergency.,unspecified,,,,
R1597369CA3F0,second,safety,s1,Treat evolving paraplegia and sphincter dysfunction as spinal emergency.,unspecified,,,,
R1597369CA3F0,consensus,safety,s1,Treat evolving paraplegia and sphincter dysfunction as spinal emergency.,unspecified,,,,
R1597369CA3F0,primary,safety,s2,Urgent spine MRI and neurosurgical consultation.,unspecified,,,,
R1597369CA3F0,second,safety,s2,Urgent spine MRI and neurosurgical consultation.,unspecified,,,,
R1597369CA3F0,consensus,safety,s2,Urgent spine MRI and neurosurgical consultation.,unspecified,,,,
R1597369CA3F0,primary,safety,s3,Avoid empiric thrombolysis for presumed stroke without localization; anticoagulation may worsen hematoma.,unspecified,,,,
R1597369CA3F0,second,safety,s3,Avoid empiric thrombolysis for presumed stroke without localization; anticoagulation may worsen hematoma.,unspecified,,,,
R1597369CA3F0,consensus,safety,s3,Avoid empiric thrombolysis for presumed stroke without localization; anticoagulation may worsen hematoma.,unspecified,,,,
R43FA4E02B2AD,primary,expected_action,a1,"[{""code_or_concept"": ""adrenal_hormones"", ""tool"": ""request_lab""}]",critical,,,,
R43FA4E02B2AD,second,expected_action,a1,"[{""code_or_concept"": ""adrenal_hormones"", ""tool"": ""request_lab""}]",critical,,,,
R43FA4E02B2AD,consensus,expected_action,a1,"[{""code_or_concept"": ""adrenal_hormones"", ""tool"": ""request_lab""}]",critical,,,,
R43FA4E02B2AD,primary,expected_action,a2,"[{""code_or_concept"": ""adrenal_ct"", ""tool"": ""request_imaging""}]",recommended,,,,
R43FA4E02B2AD,second,expected_action,a2,"[{""code_or_concept"": ""adrenal_ct"", ""tool"": ""request_imaging""}]",recommended,,,,
R43FA4E02B2AD,consensus,expected_action,a2,"[{""code_or_concept"": ""adrenal_ct"", ""tool"": ""request_imaging""}]",recommended,,,,
R43FA4E02B2AD,primary,expected_action,a3,"[{""code_or_concept"": ""adrenal_biopsy"", ""tool"": ""request_procedure""}]",optional,,,,
R43FA4E02B2AD,second,expected_action,a3,"[{""code_or_concept"": ""adrenal_biopsy"", ""tool"": ""request_procedure""}]",optional,,,,
R43FA4E02B2AD,consensus,expected_action,a3,"[{""code_or_concept"": ""adrenal_biopsy"", ""tool"": ""request_procedure""}]",optional,,,,
R43FA4E02B2AD,primary,expected_action,a4,"[{""code_or_concept"": ""adrenal_tb_pcr"", ""tool"": ""request_microbiology""}]",optional,,,,
R43FA4E02B2AD,second,expected_action,a4,"[{""code_or_concept"": ""adrenal_tb_pcr"", ""tool"": ""request_microbiology""}]",optional,,,,
R43FA4E02B2AD,consensus,expected_action,a4,"[{""code_or_concept"": ""adrenal_tb_pcr"", ""tool"": ""request_microbiology""}]",optional,,,,
R43FA4E02B2AD,primary,expected_action,a5,"[{""code_or_concept"": ""hydrocortisone"", ""tool"": ""prescribe_medication""}]",critical,,,,
R43FA4E02B2AD,second,expected_action,a5,"[{""code_or_concept"": ""hydrocortisone"", ""tool"": ""prescribe_medication""}]",critical,,,,
R43FA4E02B2AD,consensus,expected_action,a5,"[{""code_or_concept"": ""hydrocortisone"", ""tool"": ""prescribe_medication""}]",critical,,,,
R43FA4E02B2AD,primary,safety,s1,Recognize primary adrenal insufficiency and risk of adrenal crisis under stress.,unspecified,,,,
R43FA4E02B2AD,second,safety,s1,Recognize primary adrenal insufficiency and risk of adrenal crisis under stress.,unspecified,,,,
R43FA4E02B2AD,consensus,safety,s1,Recognize primary adrenal insufficiency and risk of adrenal crisis under stress.,unspecified,,,,
R43FA4E02B2AD,primary,safety,s2,Do not assume negative acid-fast stain excludes tuberculosis.,unspecified,,,,
R43FA4E02B2AD,second,safety,s2,Do not assume negative acid-fast stain excludes tuberculosis.,unspecified,,,,
R43FA4E02B2AD,consensus,safety,s2,Do not assume negative acid-fast stain excludes tuberculosis.,unspecified,,,,
R43FA4E02B2AD,primary,safety,s3,Antituberculous regimen in source is descriptive; independent guideline review is needed before rating as standard.,unspecified,,,,
R43FA4E02B2AD,second,safety,s3,Antituberculous regimen in source is descriptive; independent guideline review is needed before rating as standard.,unspecified,,,,
R43FA4E02B2AD,consensus,safety,s3,Antituberculous regimen in source is descriptive; independent guideline review is needed before rating as standard.,unspecified,,,,
R43FA4E02B2AD,primary,safety,s4,"Before adrenal biopsy, assess hormonal activity and exclude pheochromocytoma; if the source does not report this, mark unknown rather than safe by default.",unspecified,,,,
R43FA4E02B2AD,second,safety,s4,"Before adrenal biopsy, assess hormonal activity and exclude pheochromocytoma; if the source does not report this, mark unknown rather than safe by default.",unspecified,,,,
R43FA4E02B2AD,consensus,safety,s4,"Before adrenal biopsy, assess hormonal activity and exclude pheochromocytoma; if the source does not report this, mark unknown rather than safe by default.",unspecified,,,,
R9603D5A78AF6,primary,expected_action,a1,"[{""code_or_concept"": ""hemoglobin"", ""tool"": ""request_lab""}]",critical,,,,
R9603D5A78AF6,second,expected_action,a1,"[{""code_or_concept"": ""hemoglobin"", ""tool"": ""request_lab""}]",critical,,,,
R9603D5A78AF6,consensus,expected_action,a1,"[{""code_or_concept"": ""hemoglobin"", ""tool"": ""request_lab""}]",critical,,,,
R9603D5A78AF6,primary,expected_action,a2,"[{""code_or_concept"": ""hemolysis"", ""tool"": ""request_lab""}]",critical,,,,
R9603D5A78AF6,second,expected_action,a2,"[{""code_or_concept"": ""hemolysis"", ""tool"": ""request_lab""}]",critical,,,,
R9603D5A78AF6,consensus,expected_action,a2,"[{""code_or_concept"": ""hemolysis"", ""tool"": ""request_lab""}]",critical,,,,
R9603D5A78AF6,primary,expected_action,a3,"[{""code_or_concept"": ""dat"", ""tool"": ""request_lab""}]",critical,,,,
R9603D5A78AF6,second,expected_action,a3,"[{""code_or_concept"": ""dat"", ""tool"": ""request_lab""}]",critical,,,,
R9603D5A78AF6,consensus,expected_action,a3,"[{""code_or_concept"": ""dat"", ""tool"": ""request_lab""}]",critical,,,,
R9603D5A78AF6,primary,expected_action,a4,"[{""code_or_concept"": ""steroids"", ""tool"": ""prescribe_medication""}]",critical,,,,
R9603D5A78AF6,second,expected_action,a4,"[{""code_or_concept"": ""steroids"", ""tool"": ""prescribe_medication""}]",critical,,,,
R9603D5A78AF6,consensus,expected_action,a4,"[{""code_or_concept"": ""steroids"", ""tool"": ""prescribe_medication""}]",critical,,,,
R9603D5A78AF6,primary,expected_action,a5,"[{""code_or_concept"": ""transfusion"", ""tool"": ""request_procedure""}]",critical,,,,
R9603D5A78AF6,second,expected_action,a5,"[{""code_or_concept"": ""transfusion"", ""tool"": ""request_procedure""}]",critical,,,,
R9603D5A78AF6,consensus,expected_action,a5,"[{""code_or_concept"": ""transfusion"", ""tool"": ""request_procedure""}]",critical,,,,
R9603D5A78AF6,primary,expected_action,a6,"[{""code_or_concept"": ""ward"", ""tool"": ""disposition""}]",critical,,,,
R9603D5A78AF6,second,expected_action,a6,"[{""code_or_concept"": ""ward"", ""tool"": ""disposition""}]",critical,,,,
R9603D5A78AF6,consensus,expected_action,a6,"[{""code_or_concept"": ""ward"", ""tool"": ""disposition""}]",critical,,,,
R9603D5A78AF6,primary,safety,s1,Severe symptomatic anemia requires urgent assessment and transfusion strategy.,unspecified,,,,
R9603D5A78AF6,second,safety,s1,Severe symptomatic anemia requires urgent assessment and transfusion strategy.,unspecified,,,,
R9603D5A78AF6,consensus,safety,s1,Severe symptomatic anemia requires urgent assessment and transfusion strategy.,unspecified,,,,
R9603D5A78AF6,primary,safety,s2,Stop immune checkpoint therapy in life-threatening immune-mediated toxicity.,unspecified,,,,
R9603D5A78AF6,second,safety,s2,Stop immune checkpoint therapy in life-threatening immune-mediated toxicity.,unspecified,,,,
R9603D5A78AF6,consensus,safety,s2,Stop immune checkpoint therapy in life-threatening immune-mediated toxicity.,unspecified,,,,
R9603D5A78AF6,primary,safety,s3,Compatibility testing may be complicated by panreactive autoantibody.,unspecified,,,,
R9603D5A78AF6,second,safety,s3,Compatibility testing may be complicated by panreactive autoantibody.,unspecified,,,,
R9603D5A78AF6,consensus,safety,s3,Compatibility testing may be complicated by panreactive autoantibody.,unspecified,,,,
R388D3DAD4CD0,primary,expected_action,a1,"[{""code_or_concept"": ""echo"", ""tool"": ""request_ecg_or_test""}]",critical,,,,
R388D3DAD4CD0,second,expected_action,a1,"[{""code_or_concept"": ""echo"", ""tool"": ""request_ecg_or_test""}]",critical,,,,
R388D3DAD4CD0,consensus,expected_action,a1,"[{""code_or_concept"": ""echo"", ""tool"": ""request_ecg_or_test""}]",critical,,,,
R388D3DAD4CD0,primary,expected_action,a2,"[{""code_or_concept"": ""pericardiocentesis"", ""tool"": ""request_procedure""}]",critical,,,,
R388D3DAD4CD0,second,expected_action,a2,"[{""code_or_concept"": ""pericardiocentesis"", ""tool"": ""request_procedure""}]",critical,,,,
R388D3DAD4CD0,consensus,expected_action,a2,"[{""code_or_concept"": ""pericardiocentesis"", ""tool"": ""request_procedure""}]",critical,,,,
R388D3DAD4CD0,primary,expected_action,a3,"[{""code_or_concept"": ""coronary_angiography"", ""tool"": ""request_imaging""}, {""code_or_concept"": ""coronary_angiography"", ""tool"": ""request_procedure""}]",critical,,,,
R388D3DAD4CD0,second,expected_action,a3,"[{""code_or_concept"": ""coronary_angiography"", ""tool"": ""request_imaging""}, {""code_or_concept"": ""coronary_angiography"", ""tool"": ""request_procedure""}]",critical,,,,
R388D3DAD4CD0,consensus,expected_action,a3,"[{""code_or_concept"": ""coronary_angiography"", ""tool"": ""request_imaging""}, {""code_or_concept"": ""coronary_angiography"", ""tool"": ""request_procedure""}]",critical,,,,
R388D3DAD4CD0,primary,expected_action,a4,"[{""code_or_concept"": ""covered_stent"", ""tool"": ""request_procedure""}]",optional,,,,
R388D3DAD4CD0,second,expected_action,a4,"[{""code_or_concept"": ""covered_stent"", ""tool"": ""request_procedure""}]",optional,,,,
R388D3DAD4CD0,consensus,expected_action,a4,"[{""code_or_concept"": ""covered_stent"", ""tool"": ""request_procedure""}]",optional,,,,
R388D3DAD4CD0,primary,expected_action,a5,"[{""code_or_concept"": ""antibiotics"", ""tool"": ""prescribe_medication""}]",critical,,,,
R388D3DAD4CD0,second,expected_action,a5,"[{""code_or_concept"": ""antibiotics"", ""tool"": ""prescribe_medication""}]",critical,,,,
R388D3DAD4CD0,consensus,expected_action,a5,"[{""code_or_concept"": ""antibiotics"", ""tool"": ""prescribe_medication""}]",critical,,,,
R388D3DAD4CD0,primary,expected_action,a6,"[{""code_or_concept"": ""ICU"", ""tool"": ""disposition""}, {""code_or_concept"": ""surgery"", ""tool"": ""disposition""}]",recommended,,,,
R388D3DAD4CD0,second,expected_action,a6,"[{""code_or_concept"": ""ICU"", ""tool"": ""disposition""}, {""code_or_concept"": ""surgery"", ""tool"": ""disposition""}]",recommended,,,,
R388D3DAD4CD0,consensus,expected_action,a6,"[{""code_or_concept"": ""ICU"", ""tool"": ""disposition""}, {""code_or_concept"": ""surgery"", ""tool"": ""disposition""}]",recommended,,,,
R388D3DAD4CD0,primary,safety,s1,Recognize tamponade and shock; urgent drainage.,unspecified,,,,
R388D3DAD4CD0,second,safety,s1,Recognize tamponade and shock; urgent drainage.,unspecified,,,,
R388D3DAD4CD0,consensus,safety,s1,Recognize tamponade and shock; urgent drainage.,unspecified,,,,
R388D3DAD4CD0,primary,safety,s2,Avoid delay in coronary and structural evaluation after stabilization.,unspecified,,,,
R388D3DAD4CD0,second,safety,s2,Avoid delay in coronary and structural evaluation after stabilization.,unspecified,,,,
R388D3DAD4CD0,consensus,safety,s2,Avoid delay in coronary and structural evaluation after stabilization.,unspecified,,,,
R388D3DAD4CD0,primary,safety,s3,Account for active infection and dialysis in medication and procedure decisions.,unspecified,,,,
R388D3DAD4CD0,second,safety,s3,Account for active infection and dialysis in medication and procedure decisions.,unspecified,,,,
R388D3DAD4CD0,consensus,safety,s3,Account for active infection and dialysis in medication and procedure decisions.,unspecified,,,,
RB454AAE6976A,primary,expected_action,a1,"[{""code_or_concept"": ""ct_abdomen"", ""tool"": ""request_imaging""}]",critical,,,,
RB454AAE6976A,second,expected_action,a1,"[{""code_or_concept"": ""ct_abdomen"", ""tool"": ""request_imaging""}]",critical,,,,
RB454AAE6976A,consensus,expected_action,a1,"[{""code_or_concept"": ""ct_abdomen"", ""tool"": ""request_imaging""}]",critical,,,,
RB454AAE6976A,primary,expected_action,a2,"[{""code_or_concept"": ""laparotomy"", ""tool"": ""request_procedure""}]",critical,,,,
RB454AAE6976A,second,expected_action,a2,"[{""code_or_concept"": ""laparotomy"", ""tool"": ""request_procedure""}]",critical,,,,
RB454AAE6976A,consensus,expected_action,a2,"[{""code_or_concept"": ""laparotomy"", ""tool"": ""request_procedure""}]",critical,,,,
RB454AAE6976A,primary,expected_action,a3,"[{""code_or_concept"": ""antibiotics"", ""tool"": ""prescribe_medication""}]",critical,,,,
RB454AAE6976A,second,expected_action,a3,"[{""code_or_concept"": ""antibiotics"", ""tool"": ""prescribe_medication""}]",critical,,,,
RB454AAE6976A,consensus,expected_action,a3,"[{""code_or_concept"": ""antibiotics"", ""tool"": ""prescribe_medication""}]",critical,,,,
RB454AAE6976A,primary,expected_action,a4,"[{""code_or_concept"": ""ICU"", ""tool"": ""disposition""}]",recommended,,,,
RB454AAE6976A,second,expected_action,a4,"[{""code_or_concept"": ""ICU"", ""tool"": ""disposition""}]",recommended,,,,
RB454AAE6976A,consensus,expected_action,a4,"[{""code_or_concept"": ""ICU"", ""tool"": ""disposition""}]",recommended,,,,
RB454AAE6976A,primary,safety,s1,Do not delay urgent source control for microbiology.,unspecified,,,,
RB454AAE6976A,second,safety,s1,Do not delay urgent source control for microbiology.,unspecified,,,,
RB454AAE6976A,consensus,safety,s1,Do not delay urgent source control for microbiology.,unspecified,,,,
RB454AAE6976A,primary,safety,s2,Research cfDNA result was retrospective and must not be given to the agent during acute management.,unspecified,,,,
RB454AAE6976A,second,safety,s2,Research cfDNA result was retrospective and must not be given to the agent during acute management.,unspecified,,,,
RB454AAE6976A,consensus,safety,s2,Research cfDNA result was retrospective and must not be given to the agent during acute management.,unspecified,,,,
RE5845051C831,primary,expected_action,a1,"[{""code_or_concept"": ""ct_chest"", ""tool"": ""request_imaging""}]",recommended,,,,
RE5845051C831,second,expected_action,a1,"[{""code_or_concept"": ""ct_chest"", ""tool"": ""request_imaging""}]",recommended,,,,
RE5845051C831,consensus,expected_action,a1,"[{""code_or_concept"": ""ct_chest"", ""tool"": ""request_imaging""}]",recommended,,,,
RE5845051C831,primary,expected_action,a2,"[{""code_or_concept"": ""thoracentesis"", ""tool"": ""request_procedure""}]",critical,,,,
RE5845051C831,second,expected_action,a2,"[{""code_or_concept"": ""thoracentesis"", ""tool"": ""request_procedure""}]",critical,,,,
RE5845051C831,consensus,expected_action,a2,"[{""code_or_concept"": ""thoracentesis"", ""tool"": ""request_procedure""}]",critical,,,,
RE5845051C831,primary,expected_action,a3,"[{""code_or_concept"": ""pleural_biopsy"", ""tool"": ""request_procedure""}]",recommended,,,,
RE5845051C831,second,expected_action,a3,"[{""code_or_concept"": ""pleural_biopsy"", ""tool"": ""request_procedure""}]",recommended,,,,
RE5845051C831,consensus,expected_action,a3,"[{""code_or_concept"": ""pleural_biopsy"", ""tool"": ""request_procedure""}]",recommended,,,,
RE5845051C831,primary,expected_action,a4,"[{""code_or_concept"": ""tumor_genetics"", ""tool"": ""request_ecg_or_test""}]",recommended,,,,
RE5845051C831,second,expected_action,a4,"[{""code_or_concept"": ""tumor_genetics"", ""tool"": ""request_ecg_or_test""}]",recommended,,,,
RE5845051C831,consensus,expected_action,a4,"[{""code_or_concept"": ""tumor_genetics"", ""tool"": ""request_ecg_or_test""}]",recommended,,,,
RE5845051C831,primary,safety,s1,Do not conclude mesothelioma from asbestos history and CT alone; obtain cytology and tissue with immunophenotyping.,unspecified,,,,
RE5845051C831,second,safety,s1,Do not conclude mesothelioma from asbestos history and CT alone; obtain cytology and tissue with immunophenotyping.,unspecified,,,,
RE5845051C831,consensus,safety,s1,Do not conclude mesothelioma from asbestos history and CT alone; obtain cytology and tissue with immunophenotyping.,unspecified,,,,
RE5845051C831,primary,safety,s2,Account for baseline interstitial lung disease when weighing immunotherapy pneumonitis risk.,unspecified,,,,
RE5845051C831,second,safety,s2,Account for baseline interstitial lung disease when weighing immunotherapy pneumonitis risk.,unspecified,,,,
RE5845051C831,consensus,safety,s2,Account for baseline interstitial lung disease when weighing immunotherapy pneumonitis risk.,unspecified,,,,
RA81918852B44,primary,expected_action,a1,"[{""code_or_concept"": ""ecg"", ""tool"": ""request_ecg_or_test""}]",critical,,,,
RA81918852B44,second,expected_action,a1,"[{""code_or_concept"": ""ecg"", ""tool"": ""request_ecg_or_test""}]",critical,,,,
RA81918852B44,consensus,expected_action,a1,"[{""code_or_concept"": ""ecg"", ""tool"": ""request_ecg_or_test""}]",critical,,,,
RA81918852B44,primary,expected_action,a2,"[{""code_or_concept"": ""echo"", ""tool"": ""request_ecg_or_test""}]",critical,,,,
RA81918852B44,second,expected_action,a2,"[{""code_or_concept"": ""echo"", ""tool"": ""request_ecg_or_test""}]",critical,,,,
RA81918852B44,consensus,expected_action,a2,"[{""code_or_concept"": ""echo"", ""tool"": ""request_ecg_or_test""}]",critical,,,,
RA81918852B44,primary,expected_action,a3,"[{""code_or_concept"": ""ctpa"", ""tool"": ""request_imaging""}]",recommended,,,,
RA81918852B44,second,expected_action,a3,"[{""code_or_concept"": ""ctpa"", ""tool"": ""request_imaging""}]",recommended,,,,
RA81918852B44,consensus,expected_action,a3,"[{""code_or_concept"": ""ctpa"", ""tool"": ""request_imaging""}]",recommended,,,,
RA81918852B44,primary,expected_action,a4,"[{""code_or_concept"": ""cardiac_mri"", ""tool"": ""request_imaging""}]",recommended,,,,
RA81918852B44,second,expected_action,a4,"[{""code_or_concept"": ""cardiac_mri"", ""tool"": ""request_imaging""}]",recommended,,,,
RA81918852B44,consensus,expected_action,a4,"[{""code_or_concept"": ""cardiac_mri"", ""tool"": ""request_imaging""}]",recommended,,,,
RA81918852B44,primary,expected_action,a5,"[{""code_or_concept"": ""pacemaker"", ""tool"": ""request_procedure""}]",critical,,,,
RA81918852B44,second,expected_action,a5,"[{""code_or_concept"": ""pacemaker"", ""tool"": ""request_procedure""}]",critical,,,,
RA81918852B44,consensus,expected_action,a5,"[{""code_or_concept"": ""pacemaker"", ""tool"": ""request_procedure""}]",critical,,,,
RA81918852B44,primary,expected_action,a6,"[{""code_or_concept"": ""ward"", ""tool"": ""disposition""}]",recommended,,,,
RA81918852B44,second,expected_action,a6,"[{""code_or_concept"": ""ward"", ""tool"": ""disposition""}]",recommended,,,,
RA81918852B44,consensus,expected_action,a6,"[{""code_or_concept"": ""ward"", ""tool"": ""disposition""}]",recommended,,,,
RA81918852B44,primary,safety,s1,Symptomatic bradycardia and AV block need prompt stabilization and pacing assessment.,unspecified,,,,
RA81918852B44,second,safety,s1,Symptomatic bradycardia and AV block need prompt stabilization and pacing assessment.,unspecified,,,,
RA81918852B44,consensus,safety,s1,Symptomatic bradycardia and AV block need prompt stabilization and pacing assessment.,unspecified,,,,
RA81918852B44,primary,safety,s2,Do not diagnose PE solely from elevated D-dimer.,unspecified,,,,
RA81918852B44,second,safety,s2,Do not diagnose PE solely from elevated D-dimer.,unspecified,,,,
RA81918852B44,consensus,safety,s2,Do not diagnose PE solely from elevated D-dimer.,unspecified,,,,
RA81918852B44,primary,safety,s3,Anticoagulation decision with atrial standstill requires explicit individualized assessment.,unspecified,,,,
RA81918852B44,second,safety,s3,Anticoagulation decision with atrial standstill requires explicit individualized assessment.,unspecified,,,,
RA81918852B44,consensus,safety,s3,Anticoagulation decision with atrial standstill requires explicit individualized assessment.,unspecified,,,,
R334552E50B94,primary,expected_action,a1,"[{""code_or_concept"": ""hemoglobin"", ""tool"": ""request_lab""}]",critical,,,,
R334552E50B94,second,expected_action,a1,"[{""code_or_concept"": ""hemoglobin"", ""tool"": ""request_lab""}]",critical,,,,
R334552E50B94,consensus,expected_action,a1,"[{""code_or_concept"": ""hemoglobin"", ""tool"": ""request_lab""}]",critical,,,,
R334552E50B94,primary,expected_action,a2,"[{""code_or_concept"": ""hemolysis"", ""tool"": ""request_lab""}]",critical,,,,
R334552E50B94,second,expected_action,a2,"[{""code_or_concept"": ""hemolysis"", ""tool"": ""request_lab""}]",critical,,,,
R334552E50B94,consensus,expected_action,a2,"[{""code_or_concept"": ""hemolysis"", ""tool"": ""request_lab""}]",critical,,,,
R334552E50B94,primary,expected_action,a3,"[{""code_or_concept"": ""dat"", ""tool"": ""request_lab""}]",critical,,,,
R334552E50B94,second,expected_action,a3,"[{""code_or_concept"": ""dat"", ""tool"": ""request_lab""}]",critical,,,,
R334552E50B94,consensus,expected_action,a3,"[{""code_or_concept"": ""dat"", ""tool"": ""request_lab""}]",critical,,,,
R334552E50B94,primary,expected_action,a4,"[{""code_or_concept"": ""steroids"", ""tool"": ""prescribe_medication""}]",critical,,,,
R334552E50B94,second,expected_action,a4,"[{""code_or_concept"": ""steroids"", ""tool"": ""prescribe_medication""}]",critical,,,,
R334552E50B94,consensus,expected_action,a4,"[{""code_or_concept"": ""steroids"", ""tool"": ""prescribe_medication""}]",critical,,,,
R334552E50B94,primary,expected_action,a5,"[{""code_or_concept"": ""transfusion"", ""tool"": ""request_procedure""}]",critical,,,,
R334552E50B94,second,expected_action,a5,"[{""code_or_concept"": ""transfusion"", ""tool"": ""request_procedure""}]",critical,,,,
R334552E50B94,consensus,expected_action,a5,"[{""code_or_concept"": ""transfusion"", ""tool"": ""request_procedure""}]",critical,,,,
R334552E50B94,primary,expected_action,a6,"[{""code_or_concept"": ""ward"", ""tool"": ""disposition""}]",critical,,,,
R334552E50B94,second,expected_action,a6,"[{""code_or_concept"": ""ward"", ""tool"": ""disposition""}]",critical,,,,
R334552E50B94,consensus,expected_action,a6,"[{""code_or_concept"": ""ward"", ""tool"": ""disposition""}]",critical,,,,
R334552E50B94,primary,safety,s1,Severe symptomatic anemia requires urgent assessment and transfusion strategy.,unspecified,,,,
R334552E50B94,second,safety,s1,Severe symptomatic anemia requires urgent assessment and transfusion strategy.,unspecified,,,,
R334552E50B94,consensus,safety,s1,Severe symptomatic anemia requires urgent assessment and transfusion strategy.,unspecified,,,,
R334552E50B94,primary,safety,s2,Stop immune checkpoint therapy in life-threatening immune-mediated toxicity.,unspecified,,,,
R334552E50B94,second,safety,s2,Stop immune checkpoint therapy in life-threatening immune-mediated toxicity.,unspecified,,,,
R334552E50B94,consensus,safety,s2,Stop immune checkpoint therapy in life-threatening immune-mediated toxicity.,unspecified,,,,
R334552E50B94,primary,safety,s3,Compatibility testing may be complicated by panreactive autoantibody.,unspecified,,,,
R334552E50B94,second,safety,s3,Compatibility testing may be complicated by panreactive autoantibody.,unspecified,,,,
R334552E50B94,consensus,safety,s3,Compatibility testing may be complicated by panreactive autoantibody.,unspecified,,,,
R498B048DB1BD,primary,expected_action,a1,"[{""code_or_concept"": ""ct_abdomen"", ""tool"": ""request_imaging""}]",critical,,,,
R498B048DB1BD,second,expected_action,a1,"[{""code_or_concept"": ""ct_abdomen"", ""tool"": ""request_imaging""}]",critical,,,,
R498B048DB1BD,consensus,expected_action,a1,"[{""code_or_concept"": ""ct_abdomen"", ""tool"": ""request_imaging""}]",critical,,,,
R498B048DB1BD,primary,expected_action,a2,"[{""code_or_concept"": ""laparotomy"", ""tool"": ""request_procedure""}, {""code_or_concept"": ""laparoscopy"", ""tool"": ""request_procedure""}]",critical,,,,
R498B048DB1BD,second,expected_action,a2,"[{""code_or_concept"": ""laparotomy"", ""tool"": ""request_procedure""}, {""code_or_concept"": ""laparoscopy"", ""tool"": ""request_procedure""}]",critical,,,,
R498B048DB1BD,consensus,expected_action,a2,"[{""code_or_concept"": ""laparotomy"", ""tool"": ""request_procedure""}, {""code_or_concept"": ""laparoscopy"", ""tool"": ""request_procedure""}]",critical,,,,
R498B048DB1BD,primary,expected_action,a3,"[{""code_or_concept"": ""surgery"", ""tool"": ""disposition""}, {""code_or_concept"": ""ICU"", ""tool"": ""disposition""}]",critical,,,,
R498B048DB1BD,second,expected_action,a3,"[{""code_or_concept"": ""surgery"", ""tool"": ""disposition""}, {""code_or_concept"": ""ICU"", ""tool"": ""disposition""}]",critical,,,,
R498B048DB1BD,consensus,expected_action,a3,"[{""code_or_concept"": ""surgery"", ""tool"": ""disposition""}, {""code_or_concept"": ""ICU"", ""tool"": ""disposition""}]",critical,,,,
R498B048DB1BD,primary,safety,s1,Peritoneal signs and obstruction demand urgent surgical assessment.,unspecified,,,,
R498B048DB1BD,second,safety,s1,Peritoneal signs and obstruction demand urgent surgical assessment.,unspecified,,,,
R498B048DB1BD,consensus,safety,s1,Peritoneal signs and obstruction demand urgent surgical assessment.,unspecified,,,,
R498B048DB1BD,primary,safety,s2,Prior biliary stent history materially changes interpretation of linear CT foreign body.,unspecified,,,,
R498B048DB1BD,second,safety,s2,Prior biliary stent history materially changes interpretation of linear CT foreign body.,unspecified,,,,
R498B048DB1BD,consensus,safety,s2,Prior biliary stent history materially changes interpretation of linear CT foreign body.,unspecified,,,,
R498B048DB1BD,primary,safety,s3,Consider anticoagulation and COPD risk during perioperative planning; source does not specify drug regimen.,unspecified,,,,
R498B048DB1BD,second,safety,s3,Consider anticoagulation and COPD risk during perioperative planning; source does not specify drug regimen.,unspecified,,,,
R498B048DB1BD,consensus,safety,s3,Consider anticoagulation and COPD risk during perioperative planning; source does not specify drug regimen.,unspecified,,,,
RED5E5EE49944,primary,expected_action,a1,"[{""code_or_concept"": ""hemoglobin"", ""tool"": ""request_lab""}]",critical,,,,
RED5E5EE49944,second,expected_action,a1,"[{""code_or_concept"": ""hemoglobin"", ""tool"": ""request_lab""}]",critical,,,,
RED5E5EE49944,consensus,expected_action,a1,"[{""code_or_concept"": ""hemoglobin"", ""tool"": ""request_lab""}]",critical,,,,
RED5E5EE49944,primary,expected_action,a2,"[{""code_or_concept"": ""hemolysis"", ""tool"": ""request_lab""}]",critical,,,,
RED5E5EE49944,second,expected_action,a2,"[{""code_or_concept"": ""hemolysis"", ""tool"": ""request_lab""}]",critical,,,,
RED5E5EE49944,consensus,expected_action,a2,"[{""code_or_concept"": ""hemolysis"", ""tool"": ""request_lab""}]",critical,,,,
RED5E5EE49944,primary,expected_action,a3,"[{""code_or_concept"": ""dat"", ""tool"": ""request_lab""}]",critical,,,,
RED5E5EE49944,second,expected_action,a3,"[{""code_or_concept"": ""dat"", ""tool"": ""request_lab""}]",critical,,,,
RED5E5EE49944,consensus,expected_action,a3,"[{""code_or_concept"": ""dat"", ""tool"": ""request_lab""}]",critical,,,,
RED5E5EE49944,primary,expected_action,a4,"[{""code_or_concept"": ""steroids"", ""tool"": ""prescribe_medication""}]",critical,,,,
RED5E5EE49944,second,expected_action,a4,"[{""code_or_concept"": ""steroids"", ""tool"": ""prescribe_medication""}]",critical,,,,
RED5E5EE49944,consensus,expected_action,a4,"[{""code_or_concept"": ""steroids"", ""tool"": ""prescribe_medication""}]",critical,,,,
RED5E5EE49944,primary,expected_action,a5,"[{""code_or_concept"": ""transfusion"", ""tool"": ""request_procedure""}]",critical,,,,
RED5E5EE49944,second,expected_action,a5,"[{""code_or_concept"": ""transfusion"", ""tool"": ""request_procedure""}]",critical,,,,
RED5E5EE49944,consensus,expected_action,a5,"[{""code_or_concept"": ""transfusion"", ""tool"": ""request_procedure""}]",critical,,,,
RED5E5EE49944,primary,expected_action,a6,"[{""code_or_concept"": ""ward"", ""tool"": ""disposition""}]",critical,,,,
RED5E5EE49944,second,expected_action,a6,"[{""code_or_concept"": ""ward"", ""tool"": ""disposition""}]",critical,,,,
RED5E5EE49944,consensus,expected_action,a6,"[{""code_or_concept"": ""ward"", ""tool"": ""disposition""}]",critical,,,,
RED5E5EE49944,primary,safety,s1,Severe symptomatic anemia requires urgent assessment and transfusion strategy.,unspecified,,,,
RED5E5EE49944,second,safety,s1,Severe symptomatic anemia requires urgent assessment and transfusion strategy.,unspecified,,,,
RED5E5EE49944,consensus,safety,s1,Severe symptomatic anemia requires urgent assessment and transfusion strategy.,unspecified,,,,
RED5E5EE49944,primary,safety,s2,Stop immune checkpoint therapy in life-threatening immune-mediated toxicity.,unspecified,,,,
RED5E5EE49944,second,safety,s2,Stop immune checkpoint therapy in life-threatening immune-mediated toxicity.,unspecified,,,,
RED5E5EE49944,consensus,safety,s2,Stop immune checkpoint therapy in life-threatening immune-mediated toxicity.,unspecified,,,,
RED5E5EE49944,primary,safety,s3,Compatibility testing may be complicated by panreactive autoantibody.,unspecified,,,,
RED5E5EE49944,second,safety,s3,Compatibility testing may be complicated by panreactive autoantibody.,unspecified,,,,
RED5E5EE49944,consensus,safety,s3,Compatibility testing may be complicated by panreactive autoantibody.,unspecified,,,,
RE28A601B01D1,primary,expected_action,a1,"[{""code_or_concept"": ""neurologic"", ""tool"": ""request_physical_exam""}]",critical,,,,
RE28A601B01D1,second,expected_action,a1,"[{""code_or_concept"": ""neurologic"", ""tool"": ""request_physical_exam""}]",critical,,,,
RE28A601B01D1,consensus,expected_action,a1,"[{""code_or_concept"": ""neurologic"", ""tool"": ""request_physical_exam""}]",critical,,,,
RE28A601B01D1,primary,expected_action,a2,"[{""code_or_concept"": ""spine_mri"", ""tool"": ""request_imaging""}]",critical,,,,
RE28A601B01D1,second,expected_action,a2,"[{""code_or_concept"": ""spine_mri"", ""tool"": ""request_imaging""}]",critical,,,,
RE28A601B01D1,consensus,expected_action,a2,"[{""code_or_concept"": ""spine_mri"", ""tool"": ""request_imaging""}]",critical,,,,
RE28A601B01D1,primary,expected_action,a3,"[{""code_or_concept"": ""hematoma_evacuation"", ""tool"": ""request_procedure""}]",critical,,,,
RE28A601B01D1,second,expected_action,a3,"[{""code_or_concept"": ""hematoma_evacuation"", ""tool"": ""request_procedure""}]",critical,,,,
RE28A601B01D1,consensus,expected_action,a3,"[{""code_or_concept"": ""hematoma_evacuation"", ""tool"": ""request_procedure""}]",critical,,,,
RE28A601B01D1,primary,expected_action,a4,"[{""code_or_concept"": ""surgery"", ""tool"": ""disposition""}]",critical,,,,
RE28A601B01D1,second,expected_action,a4,"[{""code_or_concept"": ""surgery"", ""tool"": ""disposition""}]",critical,,,,
RE28A601B01D1,consensus,expected_action,a4,"[{""code_or_concept"": ""surgery"", ""tool"": ""disposition""}]",critical,,,,
RE28A601B01D1,primary,safety,s1,Treat evolving paraplegia and sphincter dysfunction as spinal emergency.,unspecified,,,,
RE28A601B01D1,second,safety,s1,Treat evolving paraplegia and sphincter dysfunction as spinal emergency.,unspecified,,,,
RE28A601B01D1,consensus,safety,s1,Treat evolving paraplegia and sphincter dysfunction as spinal emergency.,unspecified,,,,
RE28A601B01D1,primary,safety,s2,Urgent spine MRI and neurosurgical consultation.,unspecified,,,,
RE28A601B01D1,second,safety,s2,Urgent spine MRI and neurosurgical consultation.,unspecified,,,,
RE28A601B01D1,consensus,safety,s2,Urgent spine MRI and neurosurgical consultation.,unspecified,,,,
RE28A601B01D1,primary,safety,s3,Avoid empiric thrombolysis for presumed stroke without localization; anticoagulation may worsen hematoma.,unspecified,,,,
RE28A601B01D1,second,safety,s3,Avoid empiric thrombolysis for presumed stroke without localization; anticoagulation may worsen hematoma.,unspecified,,,,
RE28A601B01D1,consensus,safety,s3,Avoid empiric thrombolysis for presumed stroke without localization; anticoagulation may worsen hematoma.,unspecified,,,,
R2F06829BCD6B,primary,expected_action,a1,"[{""code_or_concept"": ""hemoglobin"", ""tool"": ""request_lab""}]",critical,,,,
R2F06829BCD6B,second,expected_action,a1,"[{""code_or_concept"": ""hemoglobin"", ""tool"": ""request_lab""}]",critical,,,,
R2F06829BCD6B,consensus,expected_action,a1,"[{""code_or_concept"": ""hemoglobin"", ""tool"": ""request_lab""}]",critical,,,,
R2F06829BCD6B,primary,expected_action,a2,"[{""code_or_concept"": ""hemolysis"", ""tool"": ""request_lab""}]",critical,,,,
R2F06829BCD6B,second,expected_action,a2,"[{""code_or_concept"": ""hemolysis"", ""tool"": ""request_lab""}]",critical,,,,
R2F06829BCD6B,consensus,expected_action,a2,"[{""code_or_concept"": ""hemolysis"", ""tool"": ""request_lab""}]",critical,,,,
R2F06829BCD6B,primary,expected_action,a3,"[{""code_or_concept"": ""dat"", ""tool"": ""request_lab""}]",critical,,,,
R2F06829BCD6B,second,expected_action,a3,"[{""code_or_concept"": ""dat"", ""tool"": ""request_lab""}]",critical,,,,
R2F06829BCD6B,consensus,expected_action,a3,"[{""code_or_concept"": ""dat"", ""tool"": ""request_lab""}]",critical,,,,
R2F06829BCD6B,primary,expected_action,a4,"[{""code_or_concept"": ""steroids"", ""tool"": ""prescribe_medication""}]",critical,,,,
R2F06829BCD6B,second,expected_action,a4,"[{""code_or_concept"": ""steroids"", ""tool"": ""prescribe_medication""}]",critical,,,,
R2F06829BCD6B,consensus,expected_action,a4,"[{""code_or_concept"": ""steroids"", ""tool"": ""prescribe_medication""}]",critical,,,,
R2F06829BCD6B,primary,expected_action,a5,"[{""code_or_concept"": ""transfusion"", ""tool"": ""request_procedure""}]",critical,,,,
R2F06829BCD6B,second,expected_action,a5,"[{""code_or_concept"": ""transfusion"", ""tool"": ""request_procedure""}]",critical,,,,
R2F06829BCD6B,consensus,expected_action,a5,"[{""code_or_concept"": ""transfusion"", ""tool"": ""request_procedure""}]",critical,,,,
R2F06829BCD6B,primary,expected_action,a6,"[{""code_or_concept"": ""ward"", ""tool"": ""disposition""}]",critical,,,,
R2F06829BCD6B,second,expected_action,a6,"[{""code_or_concept"": ""ward"", ""tool"": ""disposition""}]",critical,,,,
R2F06829BCD6B,consensus,expected_action,a6,"[{""code_or_concept"": ""ward"", ""tool"": ""disposition""}]",critical,,,,
R2F06829BCD6B,primary,safety,s1,Severe symptomatic anemia requires urgent assessment and transfusion strategy.,unspecified,,,,
R2F06829BCD6B,second,safety,s1,Severe symptomatic anemia requires urgent assessment and transfusion strategy.,unspecified,,,,
R2F06829BCD6B,consensus,safety,s1,Severe symptomatic anemia requires urgent assessment and transfusion strategy.,unspecified,,,,
R2F06829BCD6B,primary,safety,s2,Stop immune checkpoint therapy in life-threatening immune-mediated toxicity.,unspecified,,,,
R2F06829BCD6B,second,safety,s2,Stop immune checkpoint therapy in life-threatening immune-mediated toxicity.,unspecified,,,,
R2F06829BCD6B,consensus,safety,s2,Stop immune checkpoint therapy in life-threatening immune-mediated toxicity.,unspecified,,,,
R2F06829BCD6B,primary,safety,s3,Compatibility testing may be complicated by panreactive autoantibody.,unspecified,,,,
R2F06829BCD6B,second,safety,s3,Compatibility testing may be complicated by panreactive autoantibody.,unspecified,,,,
R2F06829BCD6B,consensus,safety,s3,Compatibility testing may be complicated by panreactive autoantibody.,unspecified,,,,
RBBD349121FA6,primary,expected_action,a1,"[{""code_or_concept"": ""echo"", ""tool"": ""request_ecg_or_test""}]",critical,,,,
RBBD349121FA6,second,expected_action,a1,"[{""code_or_concept"": ""echo"", ""tool"": ""request_ecg_or_test""}]",critical,,,,
RBBD349121FA6,consensus,expected_action,a1,"[{""code_or_concept"": ""echo"", ""tool"": ""request_ecg_or_test""}]",critical,,,,
RBBD349121FA6,primary,expected_action,a2,"[{""code_or_concept"": ""pericardiocentesis"", ""tool"": ""request_procedure""}]",critical,,,,
RBBD349121FA6,second,expected_action,a2,"[{""code_or_concept"": ""pericardiocentesis"", ""tool"": ""request_procedure""}]",critical,,,,
RBBD349121FA6,consensus,expected_action,a2,"[{""code_or_concept"": ""pericardiocentesis"", ""tool"": ""request_procedure""}]",critical,,,,
RBBD349121FA6,primary,expected_action,a3,"[{""code_or_concept"": ""coronary_angiography"", ""tool"": ""request_imaging""}, {""code_or_concept"": ""coronary_angiography"", ""tool"": ""request_procedure""}]",critical,,,,
RBBD349121FA6,second,expected_action,a3,"[{""code_or_concept"": ""coronary_angiography"", ""tool"": ""request_imaging""}, {""code_or_concept"": ""coronary_angiography"", ""tool"": ""request_procedure""}]",critical,,,,
RBBD349121FA6,consensus,expected_action,a3,"[{""code_or_concept"": ""coronary_angiography"", ""tool"": ""request_imaging""}, {""code_or_concept"": ""coronary_angiography"", ""tool"": ""request_procedure""}]",critical,,,,
RBBD349121FA6,primary,expected_action,a4,"[{""code_or_concept"": ""covered_stent"", ""tool"": ""request_procedure""}]",optional,,,,
RBBD349121FA6,second,expected_action,a4,"[{""code_or_concept"": ""covered_stent"", ""tool"": ""request_procedure""}]",optional,,,,
RBBD349121FA6,consensus,expected_action,a4,"[{""code_or_concept"": ""covered_stent"", ""tool"": ""request_procedure""}]",optional,,,,
RBBD349121FA6,primary,expected_action,a5,"[{""code_or_concept"": ""antibiotics"", ""tool"": ""prescribe_medication""}]",critical,,,,
RBBD349121FA6,second,expected_action,a5,"[{""code_or_concept"": ""antibiotics"", ""tool"": ""prescribe_medication""}]",critical,,,,
RBBD349121FA6,consensus,expected_action,a5,"[{""code_or_concept"": ""antibiotics"", ""tool"": ""prescribe_medication""}]",critical,,,,
RBBD349121FA6,primary,expected_action,a6,"[{""code_or_concept"": ""ICU"", ""tool"": ""disposition""}, {""code_or_concept"": ""surgery"", ""tool"": ""disposition""}]",recommended,,,,
RBBD349121FA6,second,expected_action,a6,"[{""code_or_concept"": ""ICU"", ""tool"": ""disposition""}, {""code_or_concept"": ""surgery"", ""tool"": ""disposition""}]",recommended,,,,
RBBD349121FA6,consensus,expected_action,a6,"[{""code_or_concept"": ""ICU"", ""tool"": ""disposition""}, {""code_or_concept"": ""surgery"", ""tool"": ""disposition""}]",recommended,,,,
RBBD349121FA6,primary,safety,s1,Recognize tamponade and shock; urgent drainage.,unspecified,,,,
RBBD349121FA6,second,safety,s1,Recognize tamponade and shock; urgent drainage.,unspecified,,,,
RBBD349121FA6,consensus,safety,s1,Recognize tamponade and shock; urgent drainage.,unspecified,,,,
RBBD349121FA6,primary,safety,s2,Avoid delay in coronary and structural evaluation after stabilization.,unspecified,,,,
RBBD349121FA6,second,safety,s2,Avoid delay in coronary and structural evaluation after stabilization.,unspecified,,,,
RBBD349121FA6,consensus,safety,s2,Avoid delay in coronary and structural evaluation after stabilization.,unspecified,,,,
RBBD349121FA6,primary,safety,s3,Account for active infection and dialysis in medication and procedure decisions.,unspecified,,,,
RBBD349121FA6,second,safety,s3,Account for active infection and dialysis in medication and procedure decisions.,unspecified,,,,
RBBD349121FA6,consensus,safety,s3,Account for active infection and dialysis in medication and procedure decisions.,unspecified,,,,
R34A3EA30B7B4,primary,expected_action,a1,"[{""code_or_concept"": ""pregnancy_test"", ""tool"": ""request_lab""}]",critical,,,,
R34A3EA30B7B4,second,expected_action,a1,"[{""code_or_concept"": ""pregnancy_test"", ""tool"": ""request_lab""}]",critical,,,,
R34A3EA30B7B4,consensus,expected_action,a1,"[{""code_or_concept"": ""pregnancy_test"", ""tool"": ""request_lab""}]",critical,,,,
R34A3EA30B7B4,primary,expected_action,a2,"[{""code_or_concept"": ""pelvic_ultrasound"", ""tool"": ""request_imaging""}]",critical,,,,
R34A3EA30B7B4,second,expected_action,a2,"[{""code_or_concept"": ""pelvic_ultrasound"", ""tool"": ""request_imaging""}]",critical,,,,
R34A3EA30B7B4,consensus,expected_action,a2,"[{""code_or_concept"": ""pelvic_ultrasound"", ""tool"": ""request_imaging""}]",critical,,,,
R34A3EA30B7B4,primary,expected_action,a3,"[{""code_or_concept"": ""laparoscopy"", ""tool"": ""request_procedure""}]",critical,,,,
R34A3EA30B7B4,second,expected_action,a3,"[{""code_or_concept"": ""laparoscopy"", ""tool"": ""request_procedure""}]",critical,,,,
R34A3EA30B7B4,consensus,expected_action,a3,"[{""code_or_concept"": ""laparoscopy"", ""tool"": ""request_procedure""}]",critical,,,,
R34A3EA30B7B4,primary,expected_action,a4,"[{""code_or_concept"": ""surgery"", ""tool"": ""disposition""}]",critical,,,,
R34A3EA30B7B4,second,expected_action,a4,"[{""code_or_concept"": ""surgery"", ""tool"": ""disposition""}]",critical,,,,
R34A3EA30B7B4,consensus,expected_action,a4,"[{""code_or_concept"": ""surgery"", ""tool"": ""disposition""}]",critical,,,,
R34A3EA30B7B4,primary,safety,s1,Pregnancy test is essential in reproductive-age patient with abdominal pain.,unspecified,,,,
R34A3EA30B7B4,second,safety,s1,Pregnancy test is essential in reproductive-age patient with abdominal pain.,unspecified,,,,
R34A3EA30B7B4,consensus,safety,s1,Pregnancy test is essential in reproductive-age patient with abdominal pain.,unspecified,,,,
R34A3EA30B7B4,primary,safety,s2,"No intrauterine pregnancy with hCG around 10,130 IU/L requires urgent ectopic pregnancy evaluation.",unspecified,,,,
R34A3EA30B7B4,second,safety,s2,"No intrauterine pregnancy with hCG around 10,130 IU/L requires urgent ectopic pregnancy evaluation.",unspecified,,,,
R34A3EA30B7B4,consensus,safety,s2,"No intrauterine pregnancy with hCG around 10,130 IU/L requires urgent ectopic pregnancy evaluation.",unspecified,,,,
R34A3EA30B7B4,primary,safety,s3,Hemorrhage and vascular implantation favor surgical planning with bleeding preparedness.,unspecified,,,,
R34A3EA30B7B4,second,safety,s3,Hemorrhage and vascular implantation favor surgical planning with bleeding preparedness.,unspecified,,,,
R34A3EA30B7B4,consensus,safety,s3,Hemorrhage and vascular implantation favor surgical planning with bleeding preparedness.,unspecified,,,,
R6F3849ED81A3,primary,expected_action,a1,"[{""code_or_concept"": ""echo"", ""tool"": ""request_ecg_or_test""}]",critical,,,,
R6F3849ED81A3,second,expected_action,a1,"[{""code_or_concept"": ""echo"", ""tool"": ""request_ecg_or_test""}]",critical,,,,
R6F3849ED81A3,consensus,expected_action,a1,"[{""code_or_concept"": ""echo"", ""tool"": ""request_ecg_or_test""}]",critical,,,,
R6F3849ED81A3,primary,expected_action,a2,"[{""code_or_concept"": ""pericardiocentesis"", ""tool"": ""request_procedure""}]",critical,,,,
R6F3849ED81A3,second,expected_action,a2,"[{""code_or_concept"": ""pericardiocentesis"", ""tool"": ""request_procedure""}]",critical,,,,
R6F3849ED81A3,consensus,expected_action,a2,"[{""code_or_concept"": ""pericardiocentesis"", ""tool"": ""request_procedure""}]",critical,,,,
R6F3849ED81A3,primary,expected_action,a3,"[{""code_or_concept"": ""coronary_angiography"", ""tool"": ""request_imaging""}, {""code_or_concept"": ""coronary_angiography"", ""tool"": ""request_procedure""}]",critical,,,,
R6F3849ED81A3,second,expected_action,a3,"[{""code_or_concept"": ""coronary_angiography"", ""tool"": ""request_imaging""}, {""code_or_concept"": ""coronary_angiography"", ""tool"": ""request_procedure""}]",critical,,,,
R6F3849ED81A3,consensus,expected_action,a3,"[{""code_or_concept"": ""coronary_angiography"", ""tool"": ""request_imaging""}, {""code_or_concept"": ""coronary_angiography"", ""tool"": ""request_procedure""}]",critical,,,,
R6F3849ED81A3,primary,expected_action,a4,"[{""code_or_concept"": ""covered_stent"", ""tool"": ""request_procedure""}]",optional,,,,
R6F3849ED81A3,second,expected_action,a4,"[{""code_or_concept"": ""covered_stent"", ""tool"": ""request_procedure""}]",optional,,,,
R6F3849ED81A3,consensus,expected_action,a4,"[{""code_or_concept"": ""covered_stent"", ""tool"": ""request_procedure""}]",optional,,,,
R6F3849ED81A3,primary,expected_action,a5,"[{""code_or_concept"": ""antibiotics"", ""tool"": ""prescribe_medication""}]",critical,,,,
R6F3849ED81A3,second,expected_action,a5,"[{""code_or_concept"": ""antibiotics"", ""tool"": ""prescribe_medication""}]",critical,,,,
R6F3849ED81A3,consensus,expected_action,a5,"[{""code_or_concept"": ""antibiotics"", ""tool"": ""prescribe_medication""}]",critical,,,,
R6F3849ED81A3,primary,expected_action,a6,"[{""code_or_concept"": ""ICU"", ""tool"": ""disposition""}, {""code_or_concept"": ""surgery"", ""tool"": ""disposition""}]",recommended,,,,
R6F3849ED81A3,second,expected_action,a6,"[{""code_or_concept"": ""ICU"", ""tool"": ""disposition""}, {""code_or_concept"": ""surgery"", ""tool"": ""disposition""}]",recommended,,,,
R6F3849ED81A3,consensus,expected_action,a6,"[{""code_or_concept"": ""ICU"", ""tool"": ""disposition""}, {""code_or_concept"": ""surgery"", ""tool"": ""disposition""}]",recommended,,,,
R6F3849ED81A3,primary,safety,s1,Recognize tamponade and shock; urgent drainage.,unspecified,,,,
R6F3849ED81A3,second,safety,s1,Recognize tamponade and shock; urgent drainage.,unspecified,,,,
R6F3849ED81A3,consensus,safety,s1,Recognize tamponade and shock; urgent drainage.,unspecified,,,,
R6F3849ED81A3,primary,safety,s2,Avoid delay in coronary and structural evaluation after stabilization.,unspecified,,,,
R6F3849ED81A3,second,safety,s2,Avoid delay in coronary and structural evaluation after stabilization.,unspecified,,,,
R6F3849ED81A3,consensus,safety,s2,Avoid delay in coronary and structural evaluation after stabilization.,unspecified,,,,
R6F3849ED81A3,primary,safety,s3,Account for active infection and dialysis in medication and procedure decisions.,unspecified,,,,
R6F3849ED81A3,second,safety,s3,Account for active infection and dialysis in medication and procedure decisions.,unspecified,,,,
R6F3849ED81A3,consensus,safety,s3,Account for active infection and dialysis in medication and procedure decisions.,unspecified,,,,
RD3E32DFF9BF6,primary,expected_action,a1,"[{""code_or_concept"": ""neurologic"", ""tool"": ""request_physical_exam""}]",critical,,,,
RD3E32DFF9BF6,second,expected_action,a1,"[{""code_or_concept"": ""neurologic"", ""tool"": ""request_physical_exam""}]",critical,,,,
RD3E32DFF9BF6,consensus,expected_action,a1,"[{""code_or_concept"": ""neurologic"", ""tool"": ""request_physical_exam""}]",critical,,,,
RD3E32DFF9BF6,primary,expected_action,a2,"[{""code_or_concept"": ""spine_mri"", ""tool"": ""request_imaging""}]",critical,,,,
RD3E32DFF9BF6,second,expected_action,a2,"[{""code_or_concept"": ""spine_mri"", ""tool"": ""request_imaging""}]",critical,,,,
RD3E32DFF9BF6,consensus,expected_action,a2,"[{""code_or_concept"": ""spine_mri"", ""tool"": ""request_imaging""}]",critical,,,,
RD3E32DFF9BF6,primary,expected_action,a3,"[{""code_or_concept"": ""hematoma_evacuation"", ""tool"": ""request_procedure""}]",critical,,,,
RD3E32DFF9BF6,second,expected_action,a3,"[{""code_or_concept"": ""hematoma_evacuation"", ""tool"": ""request_procedure""}]",critical,,,,
RD3E32DFF9BF6,consensus,expected_action,a3,"[{""code_or_concept"": ""hematoma_evacuation"", ""tool"": ""request_procedure""}]",critical,,,,
RD3E32DFF9BF6,primary,expected_action,a4,"[{""code_or_concept"": ""surgery"", ""tool"": ""disposition""}]",critical,,,,
RD3E32DFF9BF6,second,expected_action,a4,"[{""code_or_concept"": ""surgery"", ""tool"": ""disposition""}]",critical,,,,
RD3E32DFF9BF6,consensus,expected_action,a4,"[{""code_or_concept"": ""surgery"", ""tool"": ""disposition""}]",critical,,,,
RD3E32DFF9BF6,primary,safety,s1,Treat evolving paraplegia and sphincter dysfunction as spinal emergency.,unspecified,,,,
RD3E32DFF9BF6,second,safety,s1,Treat evolving paraplegia and sphincter dysfunction as spinal emergency.,unspecified,,,,
RD3E32DFF9BF6,consensus,safety,s1,Treat evolving paraplegia and sphincter dysfunction as spinal emergency.,unspecified,,,,
RD3E32DFF9BF6,primary,safety,s2,Urgent spine MRI and neurosurgical consultation.,unspecified,,,,
RD3E32DFF9BF6,second,safety,s2,Urgent spine MRI and neurosurgical consultation.,unspecified,,,,
RD3E32DFF9BF6,consensus,safety,s2,Urgent spine MRI and neurosurgical consultation.,unspecified,,,,
RD3E32DFF9BF6,primary,safety,s3,Avoid empiric thrombolysis for presumed stroke without localization; anticoagulation may worsen hematoma.,unspecified,,,,
RD3E32DFF9BF6,second,safety,s3,Avoid empiric thrombolysis for presumed stroke without localization; anticoagulation may worsen hematoma.,unspecified,,,,
RD3E32DFF9BF6,consensus,safety,s3,Avoid empiric thrombolysis for presumed stroke without localization; anticoagulation may worsen hematoma.,unspecified,,,,
RA132D0CF31DD,primary,expected_action,a1,"[{""code_or_concept"": ""chest_xray"", ""tool"": ""request_imaging""}]",recommended,,,,
RA132D0CF31DD,second,expected_action,a1,"[{""code_or_concept"": ""chest_xray"", ""tool"": ""request_imaging""}]",recommended,,,,
RA132D0CF31DD,consensus,expected_action,a1,"[{""code_or_concept"": ""chest_xray"", ""tool"": ""request_imaging""}]",recommended,,,,
RA132D0CF31DD,primary,expected_action,a2,"[{""code_or_concept"": ""thoracentesis"", ""tool"": ""request_procedure""}]",critical,,,,
RA132D0CF31DD,second,expected_action,a2,"[{""code_or_concept"": ""thoracentesis"", ""tool"": ""request_procedure""}]",critical,,,,
RA132D0CF31DD,consensus,expected_action,a2,"[{""code_or_concept"": ""thoracentesis"", ""tool"": ""request_procedure""}]",critical,,,,
RA132D0CF31DD,primary,expected_action,a3,"[{""code_or_concept"": ""pleural_fluid"", ""tool"": ""request_lab""}]",critical,,,,
RA132D0CF31DD,second,expected_action,a3,"[{""code_or_concept"": ""pleural_fluid"", ""tool"": ""request_lab""}]",critical,,,,
RA132D0CF31DD,consensus,expected_action,a3,"[{""code_or_concept"": ""pleural_fluid"", ""tool"": ""request_lab""}]",critical,,,,
RA132D0CF31DD,primary,expected_action,a4,"[{""code_or_concept"": ""ct_chest"", ""tool"": ""request_imaging""}]",recommended,,,,
RA132D0CF31DD,second,expected_action,a4,"[{""code_or_concept"": ""ct_chest"", ""tool"": ""request_imaging""}]",recommended,,,,
RA132D0CF31DD,consensus,expected_action,a4,"[{""code_or_concept"": ""ct_chest"", ""tool"": ""request_imaging""}]",recommended,,,,
RA132D0CF31DD,primary,expected_action,a5,"[{""code_or_concept"": ""ebus_biopsy"", ""tool"": ""request_procedure""}]",recommended,,,,
RA132D0CF31DD,second,expected_action,a5,"[{""code_or_concept"": ""ebus_biopsy"", ""tool"": ""request_procedure""}]",recommended,,,,
RA132D0CF31DD,consensus,expected_action,a5,"[{""code_or_concept"": ""ebus_biopsy"", ""tool"": ""request_procedure""}]",recommended,,,,
RA132D0CF31DD,primary,safety,s1,Symptomatic recurrent pleural effusion needs drainage and assessment of cause.,unspecified,,,,
RA132D0CF31DD,second,safety,s1,Symptomatic recurrent pleural effusion needs drainage and assessment of cause.,unspecified,,,,
RA132D0CF31DD,consensus,safety,s1,Symptomatic recurrent pleural effusion needs drainage and assessment of cause.,unspecified,,,,
RA132D0CF31DD,primary,safety,s2,Negative pleural cytology does not rule out thoracic malignancy.,unspecified,,,,
RA132D0CF31DD,second,safety,s2,Negative pleural cytology does not rule out thoracic malignancy.,unspecified,,,,
RA132D0CF31DD,consensus,safety,s2,Negative pleural cytology does not rule out thoracic malignancy.,unspecified,,,,
RA132D0CF31DD,primary,safety,s3,Long-term chyle drainage raises nutritional and immune concerns.,unspecified,,,,
RA132D0CF31DD,second,safety,s3,Long-term chyle drainage raises nutritional and immune concerns.,unspecified,,,,
RA132D0CF31DD,consensus,safety,s3,Long-term chyle drainage raises nutritional and immune concerns.,unspecified,,,,
R8A37967481D6,primary,expected_action,a1,"[{""code_or_concept"": ""chest_xray"", ""tool"": ""request_imaging""}]",recommended,,,,
R8A37967481D6,second,expected_action,a1,"[{""code_or_concept"": ""chest_xray"", ""tool"": ""request_imaging""}]",recommended,,,,
R8A37967481D6,consensus,expected_action,a1,"[{""code_or_concept"": ""chest_xray"", ""tool"": ""request_imaging""}]",recommended,,,,
R8A37967481D6,primary,expected_action,a2,"[{""code_or_concept"": ""thoracentesis"", ""tool"": ""request_procedure""}]",critical,,,,
R8A37967481D6,second,expected_action,a2,"[{""code_or_concept"": ""thoracentesis"", ""tool"": ""request_procedure""}]",critical,,,,
R8A37967481D6,consensus,expected_action,a2,"[{""code_or_concept"": ""thoracentesis"", ""tool"": ""request_procedure""}]",critical,,,,
R8A37967481D6,primary,expected_action,a3,"[{""code_or_concept"": ""pleural_fluid"", ""tool"": ""request_lab""}]",critical,,,,
R8A37967481D6,second,expected_action,a3,"[{""code_or_concept"": ""pleural_fluid"", ""tool"": ""request_lab""}]",critical,,,,
R8A37967481D6,consensus,expected_action,a3,"[{""code_or_concept"": ""pleural_fluid"", ""tool"": ""request_lab""}]",critical,,,,
R8A37967481D6,primary,expected_action,a4,"[{""code_or_concept"": ""ct_chest"", ""tool"": ""request_imaging""}]",recommended,,,,
R8A37967481D6,second,expected_action,a4,"[{""code_or_concept"": ""ct_chest"", ""tool"": ""request_imaging""}]",recommended,,,,
R8A37967481D6,consensus,expected_action,a4,"[{""code_or_concept"": ""ct_chest"", ""tool"": ""request_imaging""}]",recommended,,,,
R8A37967481D6,primary,expected_action,a5,"[{""code_or_concept"": ""ebus_biopsy"", ""tool"": ""request_procedure""}]",recommended,,,,
R8A37967481D6,second,expected_action,a5,"[{""code_or_concept"": ""ebus_biopsy"", ""tool"": ""request_procedure""}]",recommended,,,,
R8A37967481D6,consensus,expected_action,a5,"[{""code_or_concept"": ""ebus_biopsy"", ""tool"": ""request_procedure""}]",recommended,,,,
R8A37967481D6,primary,safety,s1,Symptomatic recurrent pleural effusion needs drainage and assessment of cause.,unspecified,,,,
R8A37967481D6,second,safety,s1,Symptomatic recurrent pleural effusion needs drainage and assessment of cause.,unspecified,,,,
R8A37967481D6,consensus,safety,s1,Symptomatic recurrent pleural effusion needs drainage and assessment of cause.,unspecified,,,,
R8A37967481D6,primary,safety,s2,Negative pleural cytology does not rule out thoracic malignancy.,unspecified,,,,
R8A37967481D6,second,safety,s2,Negative pleural cytology does not rule out thoracic malignancy.,unspecified,,,,
R8A37967481D6,consensus,safety,s2,Negative pleural cytology does not rule out thoracic malignancy.,unspecified,,,,
R8A37967481D6,primary,safety,s3,Long-term chyle drainage raises nutritional and immune concerns.,unspecified,,,,
R8A37967481D6,second,safety,s3,Long-term chyle drainage raises nutritional and immune concerns.,unspecified,,,,
R8A37967481D6,consensus,safety,s3,Long-term chyle drainage raises nutritional and immune concerns.,unspecified,,,,
RD0D72D774E50,primary,expected_action,a1,"[{""code_or_concept"": ""neurologic"", ""tool"": ""request_physical_exam""}]",critical,,,,
RD0D72D774E50,second,expected_action,a1,"[{""code_or_concept"": ""neurologic"", ""tool"": ""request_physical_exam""}]",critical,,,,
RD0D72D774E50,consensus,expected_action,a1,"[{""code_or_concept"": ""neurologic"", ""tool"": ""request_physical_exam""}]",critical,,,,
RD0D72D774E50,primary,expected_action,a2,"[{""code_or_concept"": ""spine_mri"", ""tool"": ""request_imaging""}]",critical,,,,
RD0D72D774E50,second,expected_action,a2,"[{""code_or_concept"": ""spine_mri"", ""tool"": ""request_imaging""}]",critical,,,,
RD0D72D774E50,consensus,expected_action,a2,"[{""code_or_concept"": ""spine_mri"", ""tool"": ""request_imaging""}]",critical,,,,
RD0D72D774E50,primary,expected_action,a3,"[{""code_or_concept"": ""hematoma_evacuation"", ""tool"": ""request_procedure""}]",critical,,,,
RD0D72D774E50,second,expected_action,a3,"[{""code_or_concept"": ""hematoma_evacuation"", ""tool"": ""request_procedure""}]",critical,,,,
RD0D72D774E50,consensus,expected_action,a3,"[{""code_or_concept"": ""hematoma_evacuation"", ""tool"": ""request_procedure""}]",critical,,,,
RD0D72D774E50,primary,expected_action,a4,"[{""code_or_concept"": ""surgery"", ""tool"": ""disposition""}]",critical,,,,
RD0D72D774E50,second,expected_action,a4,"[{""code_or_concept"": ""surgery"", ""tool"": ""disposition""}]",critical,,,,
RD0D72D774E50,consensus,expected_action,a4,"[{""code_or_concept"": ""surgery"", ""tool"": ""disposition""}]",critical,,,,
RD0D72D774E50,primary,safety,s1,Treat evolving paraplegia and sphincter dysfunction as spinal emergency.,unspecified,,,,
RD0D72D774E50,second,safety,s1,Treat evolving paraplegia and sphincter dysfunction as spinal emergency.,unspecified,,,,
RD0D72D774E50,consensus,safety,s1,Treat evolving paraplegia and sphincter dysfunction as spinal emergency.,unspecified,,,,
RD0D72D774E50,primary,safety,s2,Urgent spine MRI and neurosurgical consultation.,unspecified,,,,
RD0D72D774E50,second,safety,s2,Urgent spine MRI and neurosurgical consultation.,unspecified,,,,
RD0D72D774E50,consensus,safety,s2,Urgent spine MRI and neurosurgical consultation.,unspecified,,,,
RD0D72D774E50,primary,safety,s3,Avoid empiric thrombolysis for presumed stroke without localization; anticoagulation may worsen hematoma.,unspecified,,,,
RD0D72D774E50,second,safety,s3,Avoid empiric thrombolysis for presumed stroke without localization; anticoagulation may worsen hematoma.,unspecified,,,,
RD0D72D774E50,consensus,safety,s3,Avoid empiric thrombolysis for presumed stroke without localization; anticoagulation may worsen hematoma.,unspecified,,,,
RA9707A9720B9,primary,expected_action,a1,"[{""code_or_concept"": ""hemoglobin"", ""tool"": ""request_lab""}]",critical,,,,
RA9707A9720B9,second,expected_action,a1,"[{""code_or_concept"": ""hemoglobin"", ""tool"": ""request_lab""}]",critical,,,,
RA9707A9720B9,consensus,expected_action,a1,"[{""code_or_concept"": ""hemoglobin"", ""tool"": ""request_lab""}]",critical,,,,
RA9707A9720B9,primary,expected_action,a2,"[{""code_or_concept"": ""hemolysis"", ""tool"": ""request_lab""}]",critical,,,,
RA9707A9720B9,second,expected_action,a2,"[{""code_or_concept"": ""hemolysis"", ""tool"": ""request_lab""}]",critical,,,,
RA9707A9720B9,consensus,expected_action,a2,"[{""code_or_concept"": ""hemolysis"", ""tool"": ""request_lab""}]",critical,,,,
RA9707A9720B9,primary,expected_action,a3,"[{""code_or_concept"": ""dat"", ""tool"": ""request_lab""}]",critical,,,,
RA9707A9720B9,second,expected_action,a3,"[{""code_or_concept"": ""dat"", ""tool"": ""request_lab""}]",critical,,,,
RA9707A9720B9,consensus,expected_action,a3,"[{""code_or_concept"": ""dat"", ""tool"": ""request_lab""}]",critical,,,,
RA9707A9720B9,primary,expected_action,a4,"[{""code_or_concept"": ""steroids"", ""tool"": ""prescribe_medication""}]",critical,,,,
RA9707A9720B9,second,expected_action,a4,"[{""code_or_concept"": ""steroids"", ""tool"": ""prescribe_medication""}]",critical,,,,
RA9707A9720B9,consensus,expected_action,a4,"[{""code_or_concept"": ""steroids"", ""tool"": ""prescribe_medication""}]",critical,,,,
RA9707A9720B9,primary,expected_action,a5,"[{""code_or_concept"": ""transfusion"", ""tool"": ""request_procedure""}]",critical,,,,
RA9707A9720B9,second,expected_action,a5,"[{""code_or_concept"": ""transfusion"", ""tool"": ""request_procedure""}]",critical,,,,
RA9707A9720B9,consensus,expected_action,a5,"[{""code_or_concept"": ""transfusion"", ""tool"": ""request_procedure""}]",critical,,,,
RA9707A9720B9,primary,expected_action,a6,"[{""code_or_concept"": ""ward"", ""tool"": ""disposition""}]",critical,,,,
RA9707A9720B9,second,expected_action,a6,"[{""code_or_concept"": ""ward"", ""tool"": ""disposition""}]",critical,,,,
RA9707A9720B9,consensus,expected_action,a6,"[{""code_or_concept"": ""ward"", ""tool"": ""disposition""}]",critical,,,,
RA9707A9720B9,primary,safety,s1,Severe symptomatic anemia requires urgent assessment and transfusion strategy.,unspecified,,,,
RA9707A9720B9,second,safety,s1,Severe symptomatic anemia requires urgent assessment and transfusion strategy.,unspecified,,,,
RA9707A9720B9,consensus,safety,s1,Severe symptomatic anemia requires urgent assessment and transfusion strategy.,unspecified,,,,
RA9707A9720B9,primary,safety,s2,Stop immune checkpoint therapy in life-threatening immune-mediated toxicity.,unspecified,,,,
RA9707A9720B9,second,safety,s2,Stop immune checkpoint therapy in life-threatening immune-mediated toxicity.,unspecified,,,,
RA9707A9720B9,consensus,safety,s2,Stop immune checkpoint therapy in life-threatening immune-mediated toxicity.,unspecified,,,,
RA9707A9720B9,primary,safety,s3,Compatibility testing may be complicated by panreactive autoantibody.,unspecified,,,,
RA9707A9720B9,second,safety,s3,Compatibility testing may be complicated by panreactive autoantibody.,unspecified,,,,
RA9707A9720B9,consensus,safety,s3,Compatibility testing may be complicated by panreactive autoantibody.,unspecified,,,,
RC8328432B135,primary,expected_action,a1,"[{""code_or_concept"": ""ct_abdomen"", ""tool"": ""request_imaging""}]",critical,,,,
RC8328432B135,second,expected_action,a1,"[{""code_or_concept"": ""ct_abdomen"", ""tool"": ""request_imaging""}]",critical,,,,
RC8328432B135,consensus,expected_action,a1,"[{""code_or_concept"": ""ct_abdomen"", ""tool"": ""request_imaging""}]",critical,,,,
RC8328432B135,primary,expected_action,a2,"[{""code_or_concept"": ""laparotomy"", ""tool"": ""request_procedure""}]",critical,,,,
RC8328432B135,second,expected_action,a2,"[{""code_or_concept"": ""laparotomy"", ""tool"": ""request_procedure""}]",critical,,,,
RC8328432B135,consensus,expected_action,a2,"[{""code_or_concept"": ""laparotomy"", ""tool"": ""request_procedure""}]",critical,,,,
RC8328432B135,primary,expected_action,a3,"[{""code_or_concept"": ""antibiotics"", ""tool"": ""prescribe_medication""}]",critical,,,,
RC8328432B135,second,expected_action,a3,"[{""code_or_concept"": ""antibiotics"", ""tool"": ""prescribe_medication""}]",critical,,,,
RC8328432B135,consensus,expected_action,a3,"[{""code_or_concept"": ""antibiotics"", ""tool"": ""prescribe_medication""}]",critical,,,,
RC8328432B135,primary,expected_action,a4,"[{""code_or_concept"": ""ICU"", ""tool"": ""disposition""}]",recommended,,,,
RC8328432B135,second,expected_action,a4,"[{""code_or_concept"": ""ICU"", ""tool"": ""disposition""}]",recommended,,,,
RC8328432B135,consensus,expected_action,a4,"[{""code_or_concept"": ""ICU"", ""tool"": ""disposition""}]",recommended,,,,
RC8328432B135,primary,safety,s1,Do not delay urgent source control for microbiology.,unspecified,,,,
RC8328432B135,second,safety,s1,Do not delay urgent source control for microbiology.,unspecified,,,,
RC8328432B135,consensus,safety,s1,Do not delay urgent source control for microbiology.,unspecified,,,,
RC8328432B135,primary,safety,s2,Research cfDNA result was retrospective and must not be given to the agent during acute management.,unspecified,,,,
RC8328432B135,second,safety,s2,Research cfDNA result was retrospective and must not be given to the agent during acute management.,unspecified,,,,
RC8328432B135,consensus,safety,s2,Research cfDNA result was retrospective and must not be given to the agent during acute management.,unspecified,,,,
R0A33C92B9A23,primary,expected_action,a1,"[{""code_or_concept"": ""ct_abdomen"", ""tool"": ""request_imaging""}]",critical,,,,
R0A33C92B9A23,second,expected_action,a1,"[{""code_or_concept"": ""ct_abdomen"", ""tool"": ""request_imaging""}]",critical,,,,
R0A33C92B9A23,consensus,expected_action,a1,"[{""code_or_concept"": ""ct_abdomen"", ""tool"": ""request_imaging""}]",critical,,,,
R0A33C92B9A23,primary,expected_action,a2,"[{""code_or_concept"": ""laparotomy"", ""tool"": ""request_procedure""}, {""code_or_concept"": ""laparoscopy"", ""tool"": ""request_procedure""}]",critical,,,,
R0A33C92B9A23,second,expected_action,a2,"[{""code_or_concept"": ""laparotomy"", ""tool"": ""request_procedure""}, {""code_or_concept"": ""laparoscopy"", ""tool"": ""request_procedure""}]",critical,,,,
R0A33C92B9A23,consensus,expected_action,a2,"[{""code_or_concept"": ""laparotomy"", ""tool"": ""request_procedure""}, {""code_or_concept"": ""laparoscopy"", ""tool"": ""request_procedure""}]",critical,,,,
R0A33C92B9A23,primary,expected_action,a3,"[{""code_or_concept"": ""surgery"", ""tool"": ""disposition""}, {""code_or_concept"": ""ICU"", ""tool"": ""disposition""}]",critical,,,,
R0A33C92B9A23,second,expected_action,a3,"[{""code_or_concept"": ""surgery"", ""tool"": ""disposition""}, {""code_or_concept"": ""ICU"", ""tool"": ""disposition""}]",critical,,,,
R0A33C92B9A23,consensus,expected_action,a3,"[{""code_or_concept"": ""surgery"", ""tool"": ""disposition""}, {""code_or_concept"": ""ICU"", ""tool"": ""disposition""}]",critical,,,,
R0A33C92B9A23,primary,safety,s1,Peritoneal signs and obstruction demand urgent surgical assessment.,unspecified,,,,
R0A33C92B9A23,second,safety,s1,Peritoneal signs and obstruction demand urgent surgical assessment.,unspecified,,,,
R0A33C92B9A23,consensus,safety,s1,Peritoneal signs and obstruction demand urgent surgical assessment.,unspecified,,,,
R0A33C92B9A23,primary,safety,s2,Prior biliary stent history materially changes interpretation of linear CT foreign body.,unspecified,,,,
R0A33C92B9A23,second,safety,s2,Prior biliary stent history materially changes interpretation of linear CT foreign body.,unspecified,,,,
R0A33C92B9A23,consensus,safety,s2,Prior biliary stent history materially changes interpretation of linear CT foreign body.,unspecified,,,,
R0A33C92B9A23,primary,safety,s3,Consider anticoagulation and COPD risk during perioperative planning; source does not specify drug regimen.,unspecified,,,,
R0A33C92B9A23,second,safety,s3,Consider anticoagulation and COPD risk during perioperative planning; source does not specify drug regimen.,unspecified,,,,
R0A33C92B9A23,consensus,safety,s3,Consider anticoagulation and COPD risk during perioperative planning; source does not specify drug regimen.,unspecified,,,,
RBBCCA0CF9224,primary,expected_action,a1,"[{""code_or_concept"": ""chest_xray"", ""tool"": ""request_imaging""}]",recommended,,,,
RBBCCA0CF9224,second,expected_action,a1,"[{""code_or_concept"": ""chest_xray"", ""tool"": ""request_imaging""}]",recommended,,,,
RBBCCA0CF9224,consensus,expected_action,a1,"[{""code_or_concept"": ""chest_xray"", ""tool"": ""request_imaging""}]",recommended,,,,
RBBCCA0CF9224,primary,expected_action,a2,"[{""code_or_concept"": ""thoracentesis"", ""tool"": ""request_procedure""}]",critical,,,,
RBBCCA0CF9224,second,expected_action,a2,"[{""code_or_concept"": ""thoracentesis"", ""tool"": ""request_procedure""}]",critical,,,,
RBBCCA0CF9224,consensus,expected_action,a2,"[{""code_or_concept"": ""thoracentesis"", ""tool"": ""request_procedure""}]",critical,,,,
RBBCCA0CF9224,primary,expected_action,a3,"[{""code_or_concept"": ""pleural_fluid"", ""tool"": ""request_lab""}]",critical,,,,
RBBCCA0CF9224,second,expected_action,a3,"[{""code_or_concept"": ""pleural_fluid"", ""tool"": ""request_lab""}]",critical,,,,
RBBCCA0CF9224,consensus,expected_action,a3,"[{""code_or_concept"": ""pleural_fluid"", ""tool"": ""request_lab""}]",critical,,,,
RBBCCA0CF9224,primary,expected_action,a4,"[{""code_or_concept"": ""ct_chest"", ""tool"": ""request_imaging""}]",recommended,,,,
RBBCCA0CF9224,second,expected_action,a4,"[{""code_or_concept"": ""ct_chest"", ""tool"": ""request_imaging""}]",recommended,,,,
RBBCCA0CF9224,consensus,expected_action,a4,"[{""code_or_concept"": ""ct_chest"", ""tool"": ""request_imaging""}]",recommended,,,,
RBBCCA0CF9224,primary,expected_action,a5,"[{""code_or_concept"": ""ebus_biopsy"", ""tool"": ""request_procedure""}]",recommended,,,,
RBBCCA0CF9224,second,expected_action,a5,"[{""code_or_concept"": ""ebus_biopsy"", ""tool"": ""request_procedure""}]",recommended,,,,
RBBCCA0CF9224,consensus,expected_action,a5,"[{""code_or_concept"": ""ebus_biopsy"", ""tool"": ""request_procedure""}]",recommended,,,,
RBBCCA0CF9224,primary,safety,s1,Symptomatic recurrent pleural effusion needs drainage and assessment of cause.,unspecified,,,,
RBBCCA0CF9224,second,safety,s1,Symptomatic recurrent pleural effusion needs drainage and assessment of cause.,unspecified,,,,
RBBCCA0CF9224,consensus,safety,s1,Symptomatic recurrent pleural effusion needs drainage and assessment of cause.,unspecified,,,,
RBBCCA0CF9224,primary,safety,s2,Negative pleural cytology does not rule out thoracic malignancy.,unspecified,,,,
RBBCCA0CF9224,second,safety,s2,Negative pleural cytology does not rule out thoracic malignancy.,unspecified,,,,
RBBCCA0CF9224,consensus,safety,s2,Negative pleural cytology does not rule out thoracic malignancy.,unspecified,,,,
RBBCCA0CF9224,primary,safety,s3,Long-term chyle drainage raises nutritional and immune concerns.,unspecified,,,,
RBBCCA0CF9224,second,safety,s3,Long-term chyle drainage raises nutritional and immune concerns.,unspecified,,,,
RBBCCA0CF9224,consensus,safety,s3,Long-term chyle drainage raises nutritional and immune concerns.,unspecified,,,,
RB0088E9828FB,primary,expected_action,a1,"[{""code_or_concept"": ""ct_abdomen"", ""tool"": ""request_imaging""}]",critical,,,,
RB0088E9828FB,second,expected_action,a1,"[{""code_or_concept"": ""ct_abdomen"", ""tool"": ""request_imaging""}]",critical,,,,
RB0088E9828FB,consensus,expected_action,a1,"[{""code_or_concept"": ""ct_abdomen"", ""tool"": ""request_imaging""}]",critical,,,,
RB0088E9828FB,primary,expected_action,a2,"[{""code_or_concept"": ""laparotomy"", ""tool"": ""request_procedure""}, {""code_or_concept"": ""laparoscopy"", ""tool"": ""request_procedure""}]",critical,,,,
RB0088E9828FB,second,expected_action,a2,"[{""code_or_concept"": ""laparotomy"", ""tool"": ""request_procedure""}, {""code_or_concept"": ""laparoscopy"", ""tool"": ""request_procedure""}]",critical,,,,
RB0088E9828FB,consensus,expected_action,a2,"[{""code_or_concept"": ""laparotomy"", ""tool"": ""request_procedure""}, {""code_or_concept"": ""laparoscopy"", ""tool"": ""request_procedure""}]",critical,,,,
RB0088E9828FB,primary,expected_action,a3,"[{""code_or_concept"": ""surgery"", ""tool"": ""disposition""}, {""code_or_concept"": ""ICU"", ""tool"": ""disposition""}]",critical,,,,
RB0088E9828FB,second,expected_action,a3,"[{""code_or_concept"": ""surgery"", ""tool"": ""disposition""}, {""code_or_concept"": ""ICU"", ""tool"": ""disposition""}]",critical,,,,
RB0088E9828FB,consensus,expected_action,a3,"[{""code_or_concept"": ""surgery"", ""tool"": ""disposition""}, {""code_or_concept"": ""ICU"", ""tool"": ""disposition""}]",critical,,,,
RB0088E9828FB,primary,safety,s1,Peritoneal signs and obstruction demand urgent surgical assessment.,unspecified,,,,
RB0088E9828FB,second,safety,s1,Peritoneal signs and obstruction demand urgent surgical assessment.,unspecified,,,,
RB0088E9828FB,consensus,safety,s1,Peritoneal signs and obstruction demand urgent surgical assessment.,unspecified,,,,
RB0088E9828FB,primary,safety,s2,Prior biliary stent history materially changes interpretation of linear CT foreign body.,unspecified,,,,
RB0088E9828FB,second,safety,s2,Prior biliary stent history materially changes interpretation of linear CT foreign body.,unspecified,,,,
RB0088E9828FB,consensus,safety,s2,Prior biliary stent history materially changes interpretation of linear CT foreign body.,unspecified,,,,
RB0088E9828FB,primary,safety,s3,Consider anticoagulation and COPD risk during perioperative planning; source does not specify drug regimen.,unspecified,,,,
RB0088E9828FB,second,safety,s3,Consider anticoagulation and COPD risk during perioperative planning; source does not specify drug regimen.,unspecified,,,,
RB0088E9828FB,consensus,safety,s3,Consider anticoagulation and COPD risk during perioperative planning; source does not specify drug regimen.,unspecified,,,,
R6093F3B0AD08,primary,expected_action,a1,"[{""code_or_concept"": ""chest_xray"", ""tool"": ""request_imaging""}]",recommended,,,,
R6093F3B0AD08,second,expected_action,a1,"[{""code_or_concept"": ""chest_xray"", ""tool"": ""request_imaging""}]",recommended,,,,
R6093F3B0AD08,consensus,expected_action,a1,"[{""code_or_concept"": ""chest_xray"", ""tool"": ""request_imaging""}]",recommended,,,,
R6093F3B0AD08,primary,expected_action,a2,"[{""code_or_concept"": ""thoracentesis"", ""tool"": ""request_procedure""}]",critical,,,,
R6093F3B0AD08,second,expected_action,a2,"[{""code_or_concept"": ""thoracentesis"", ""tool"": ""request_procedure""}]",critical,,,,
R6093F3B0AD08,consensus,expected_action,a2,"[{""code_or_concept"": ""thoracentesis"", ""tool"": ""request_procedure""}]",critical,,,,
R6093F3B0AD08,primary,expected_action,a3,"[{""code_or_concept"": ""pleural_fluid"", ""tool"": ""request_lab""}]",critical,,,,
R6093F3B0AD08,second,expected_action,a3,"[{""code_or_concept"": ""pleural_fluid"", ""tool"": ""request_lab""}]",critical,,,,
R6093F3B0AD08,consensus,expected_action,a3,"[{""code_or_concept"": ""pleural_fluid"", ""tool"": ""request_lab""}]",critical,,,,
R6093F3B0AD08,primary,expected_action,a4,"[{""code_or_concept"": ""ct_chest"", ""tool"": ""request_imaging""}]",recommended,,,,
R6093F3B0AD08,second,expected_action,a4,"[{""code_or_concept"": ""ct_chest"", ""tool"": ""request_imaging""}]",recommended,,,,
R6093F3B0AD08,consensus,expected_action,a4,"[{""code_or_concept"": ""ct_chest"", ""tool"": ""request_imaging""}]",recommended,,,,
R6093F3B0AD08,primary,expected_action,a5,"[{""code_or_concept"": ""ebus_biopsy"", ""tool"": ""request_procedure""}]",recommended,,,,
R6093F3B0AD08,second,expected_action,a5,"[{""code_or_concept"": ""ebus_biopsy"", ""tool"": ""request_procedure""}]",recommended,,,,
R6093F3B0AD08,consensus,expected_action,a5,"[{""code_or_concept"": ""ebus_biopsy"", ""tool"": ""request_procedure""}]",recommended,,,,
R6093F3B0AD08,primary,safety,s1,Symptomatic recurrent pleural effusion needs drainage and assessment of cause.,unspecified,,,,
R6093F3B0AD08,second,safety,s1,Symptomatic recurrent pleural effusion needs drainage and assessment of cause.,unspecified,,,,
R6093F3B0AD08,consensus,safety,s1,Symptomatic recurrent pleural effusion needs drainage and assessment of cause.,unspecified,,,,
R6093F3B0AD08,primary,safety,s2,Negative pleural cytology does not rule out thoracic malignancy.,unspecified,,,,
R6093F3B0AD08,second,safety,s2,Negative pleural cytology does not rule out thoracic malignancy.,unspecified,,,,
R6093F3B0AD08,consensus,safety,s2,Negative pleural cytology does not rule out thoracic malignancy.,unspecified,,,,
R6093F3B0AD08,primary,safety,s3,Long-term chyle drainage raises nutritional and immune concerns.,unspecified,,,,
R6093F3B0AD08,second,safety,s3,Long-term chyle drainage raises nutritional and immune concerns.,unspecified,,,,
R6093F3B0AD08,consensus,safety,s3,Long-term chyle drainage raises nutritional and immune concerns.,unspecified,,,,
R11A6DD19A1BE,primary,expected_action,a1,"[{""code_or_concept"": ""pregnancy_test"", ""tool"": ""request_lab""}]",critical,,,,
R11A6DD19A1BE,second,expected_action,a1,"[{""code_or_concept"": ""pregnancy_test"", ""tool"": ""request_lab""}]",critical,,,,
R11A6DD19A1BE,consensus,expected_action,a1,"[{""code_or_concept"": ""pregnancy_test"", ""tool"": ""request_lab""}]",critical,,,,
R11A6DD19A1BE,primary,expected_action,a2,"[{""code_or_concept"": ""pelvic_ultrasound"", ""tool"": ""request_imaging""}]",critical,,,,
R11A6DD19A1BE,second,expected_action,a2,"[{""code_or_concept"": ""pelvic_ultrasound"", ""tool"": ""request_imaging""}]",critical,,,,
R11A6DD19A1BE,consensus,expected_action,a2,"[{""code_or_concept"": ""pelvic_ultrasound"", ""tool"": ""request_imaging""}]",critical,,,,
R11A6DD19A1BE,primary,expected_action,a3,"[{""code_or_concept"": ""laparoscopy"", ""tool"": ""request_procedure""}]",critical,,,,
R11A6DD19A1BE,second,expected_action,a3,"[{""code_or_concept"": ""laparoscopy"", ""tool"": ""request_procedure""}]",critical,,,,
R11A6DD19A1BE,consensus,expected_action,a3,"[{""code_or_concept"": ""laparoscopy"", ""tool"": ""request_procedure""}]",critical,,,,
R11A6DD19A1BE,primary,expected_action,a4,"[{""code_or_concept"": ""surgery"", ""tool"": ""disposition""}]",critical,,,,
R11A6DD19A1BE,second,expected_action,a4,"[{""code_or_concept"": ""surgery"", ""tool"": ""disposition""}]",critical,,,,
R11A6DD19A1BE,consensus,expected_action,a4,"[{""code_or_concept"": ""surgery"", ""tool"": ""disposition""}]",critical,,,,
R11A6DD19A1BE,primary,safety,s1,Pregnancy test is essential in reproductive-age patient with abdominal pain.,unspecified,,,,
R11A6DD19A1BE,second,safety,s1,Pregnancy test is essential in reproductive-age patient with abdominal pain.,unspecified,,,,
R11A6DD19A1BE,consensus,safety,s1,Pregnancy test is essential in reproductive-age patient with abdominal pain.,unspecified,,,,
R11A6DD19A1BE,primary,safety,s2,"No intrauterine pregnancy with hCG around 10,130 IU/L requires urgent ectopic pregnancy evaluation.",unspecified,,,,
R11A6DD19A1BE,second,safety,s2,"No intrauterine pregnancy with hCG around 10,130 IU/L requires urgent ectopic pregnancy evaluation.",unspecified,,,,
R11A6DD19A1BE,consensus,safety,s2,"No intrauterine pregnancy with hCG around 10,130 IU/L requires urgent ectopic pregnancy evaluation.",unspecified,,,,
R11A6DD19A1BE,primary,safety,s3,Hemorrhage and vascular implantation favor surgical planning with bleeding preparedness.,unspecified,,,,
R11A6DD19A1BE,second,safety,s3,Hemorrhage and vascular implantation favor surgical planning with bleeding preparedness.,unspecified,,,,
R11A6DD19A1BE,consensus,safety,s3,Hemorrhage and vascular implantation favor surgical planning with bleeding preparedness.,unspecified,,,,
R9E317873B46A,primary,expected_action,a1,"[{""code_or_concept"": ""ct_chest"", ""tool"": ""request_imaging""}]",recommended,,,,
R9E317873B46A,second,expected_action,a1,"[{""code_or_concept"": ""ct_chest"", ""tool"": ""request_imaging""}]",recommended,,,,
R9E317873B46A,consensus,expected_action,a1,"[{""code_or_concept"": ""ct_chest"", ""tool"": ""request_imaging""}]",recommended,,,,
R9E317873B46A,primary,expected_action,a2,"[{""code_or_concept"": ""thoracentesis"", ""tool"": ""request_procedure""}]",critical,,,,
R9E317873B46A,second,expected_action,a2,"[{""code_or_concept"": ""thoracentesis"", ""tool"": ""request_procedure""}]",critical,,,,
R9E317873B46A,consensus,expected_action,a2,"[{""code_or_concept"": ""thoracentesis"", ""tool"": ""request_procedure""}]",critical,,,,
R9E317873B46A,primary,expected_action,a3,"[{""code_or_concept"": ""pleural_biopsy"", ""tool"": ""request_procedure""}]",recommended,,,,
R9E317873B46A,second,expected_action,a3,"[{""code_or_concept"": ""pleural_biopsy"", ""tool"": ""request_procedure""}]",recommended,,,,
R9E317873B46A,consensus,expected_action,a3,"[{""code_or_concept"": ""pleural_biopsy"", ""tool"": ""request_procedure""}]",recommended,,,,
R9E317873B46A,primary,expected_action,a4,"[{""code_or_concept"": ""tumor_genetics"", ""tool"": ""request_ecg_or_test""}]",recommended,,,,
R9E317873B46A,second,expected_action,a4,"[{""code_or_concept"": ""tumor_genetics"", ""tool"": ""request_ecg_or_test""}]",recommended,,,,
R9E317873B46A,consensus,expected_action,a4,"[{""code_or_concept"": ""tumor_genetics"", ""tool"": ""request_ecg_or_test""}]",recommended,,,,
R9E317873B46A,primary,safety,s1,Do not conclude mesothelioma from asbestos history and CT alone; obtain cytology and tissue with immunophenotyping.,unspecified,,,,
R9E317873B46A,second,safety,s1,Do not conclude mesothelioma from asbestos history and CT alone; obtain cytology and tissue with immunophenotyping.,unspecified,,,,
R9E317873B46A,consensus,safety,s1,Do not conclude mesothelioma from asbestos history and CT alone; obtain cytology and tissue with immunophenotyping.,unspecified,,,,
R9E317873B46A,primary,safety,s2,Account for baseline interstitial lung disease when weighing immunotherapy pneumonitis risk.,unspecified,,,,
R9E317873B46A,second,safety,s2,Account for baseline interstitial lung disease when weighing immunotherapy pneumonitis risk.,unspecified,,,,
R9E317873B46A,consensus,safety,s2,Account for baseline interstitial lung disease when weighing immunotherapy pneumonitis risk.,unspecified,,,,
R8FD7AD900722,primary,expected_action,a1,"[{""code_or_concept"": ""echo"", ""tool"": ""request_ecg_or_test""}]",critical,,,,
R8FD7AD900722,second,expected_action,a1,"[{""code_or_concept"": ""echo"", ""tool"": ""request_ecg_or_test""}]",critical,,,,
R8FD7AD900722,consensus,expected_action,a1,"[{""code_or_concept"": ""echo"", ""tool"": ""request_ecg_or_test""}]",critical,,,,
R8FD7AD900722,primary,expected_action,a2,"[{""code_or_concept"": ""pericardiocentesis"", ""tool"": ""request_procedure""}]",critical,,,,
R8FD7AD900722,second,expected_action,a2,"[{""code_or_concept"": ""pericardiocentesis"", ""tool"": ""request_procedure""}]",critical,,,,
R8FD7AD900722,consensus,expected_action,a2,"[{""code_or_concept"": ""pericardiocentesis"", ""tool"": ""request_procedure""}]",critical,,,,
R8FD7AD900722,primary,expected_action,a3,"[{""code_or_concept"": ""coronary_angiography"", ""tool"": ""request_imaging""}, {""code_or_concept"": ""coronary_angiography"", ""tool"": ""request_procedure""}]",critical,,,,
R8FD7AD900722,second,expected_action,a3,"[{""code_or_concept"": ""coronary_angiography"", ""tool"": ""request_imaging""}, {""code_or_concept"": ""coronary_angiography"", ""tool"": ""request_procedure""}]",critical,,,,
R8FD7AD900722,consensus,expected_action,a3,"[{""code_or_concept"": ""coronary_angiography"", ""tool"": ""request_imaging""}, {""code_or_concept"": ""coronary_angiography"", ""tool"": ""request_procedure""}]",critical,,,,
R8FD7AD900722,primary,expected_action,a4,"[{""code_or_concept"": ""covered_stent"", ""tool"": ""request_procedure""}]",optional,,,,
R8FD7AD900722,second,expected_action,a4,"[{""code_or_concept"": ""covered_stent"", ""tool"": ""request_procedure""}]",optional,,,,
R8FD7AD900722,consensus,expected_action,a4,"[{""code_or_concept"": ""covered_stent"", ""tool"": ""request_procedure""}]",optional,,,,
R8FD7AD900722,primary,expected_action,a5,"[{""code_or_concept"": ""antibiotics"", ""tool"": ""prescribe_medication""}]",critical,,,,
R8FD7AD900722,second,expected_action,a5,"[{""code_or_concept"": ""antibiotics"", ""tool"": ""prescribe_medication""}]",critical,,,,
R8FD7AD900722,consensus,expected_action,a5,"[{""code_or_concept"": ""antibiotics"", ""tool"": ""prescribe_medication""}]",critical,,,,
R8FD7AD900722,primary,expected_action,a6,"[{""code_or_concept"": ""ICU"", ""tool"": ""disposition""}, {""code_or_concept"": ""surgery"", ""tool"": ""disposition""}]",recommended,,,,
R8FD7AD900722,second,expected_action,a6,"[{""code_or_concept"": ""ICU"", ""tool"": ""disposition""}, {""code_or_concept"": ""surgery"", ""tool"": ""disposition""}]",recommended,,,,
R8FD7AD900722,consensus,expected_action,a6,"[{""code_or_concept"": ""ICU"", ""tool"": ""disposition""}, {""code_or_concept"": ""surgery"", ""tool"": ""disposition""}]",recommended,,,,
R8FD7AD900722,primary,safety,s1,Recognize tamponade and shock; urgent drainage.,unspecified,,,,
R8FD7AD900722,second,safety,s1,Recognize tamponade and shock; urgent drainage.,unspecified,,,,
R8FD7AD900722,consensus,safety,s1,Recognize tamponade and shock; urgent drainage.,unspecified,,,,
R8FD7AD900722,primary,safety,s2,Avoid delay in coronary and structural evaluation after stabilization.,unspecified,,,,
R8FD7AD900722,second,safety,s2,Avoid delay in coronary and structural evaluation after stabilization.,unspecified,,,,
R8FD7AD900722,consensus,safety,s2,Avoid delay in coronary and structural evaluation after stabilization.,unspecified,,,,
R8FD7AD900722,primary,safety,s3,Account for active infection and dialysis in medication and procedure decisions.,unspecified,,,,
R8FD7AD900722,second,safety,s3,Account for active infection and dialysis in medication and procedure decisions.,unspecified,,,,
R8FD7AD900722,consensus,safety,s3,Account for active infection and dialysis in medication and procedure decisions.,unspecified,,,,
R5871E23E5617,primary,expected_action,a1,"[{""code_or_concept"": ""chest_xray"", ""tool"": ""request_imaging""}]",recommended,,,,
R5871E23E5617,second,expected_action,a1,"[{""code_or_concept"": ""chest_xray"", ""tool"": ""request_imaging""}]",recommended,,,,
R5871E23E5617,consensus,expected_action,a1,"[{""code_or_concept"": ""chest_xray"", ""tool"": ""request_imaging""}]",recommended,,,,
R5871E23E5617,primary,expected_action,a2,"[{""code_or_concept"": ""thoracentesis"", ""tool"": ""request_procedure""}]",critical,,,,
R5871E23E5617,second,expected_action,a2,"[{""code_or_concept"": ""thoracentesis"", ""tool"": ""request_procedure""}]",critical,,,,
R5871E23E5617,consensus,expected_action,a2,"[{""code_or_concept"": ""thoracentesis"", ""tool"": ""request_procedure""}]",critical,,,,
R5871E23E5617,primary,expected_action,a3,"[{""code_or_concept"": ""pleural_fluid"", ""tool"": ""request_lab""}]",critical,,,,
R5871E23E5617,second,expected_action,a3,"[{""code_or_concept"": ""pleural_fluid"", ""tool"": ""request_lab""}]",critical,,,,
R5871E23E5617,consensus,expected_action,a3,"[{""code_or_concept"": ""pleural_fluid"", ""tool"": ""request_lab""}]",critical,,,,
R5871E23E5617,primary,expected_action,a4,"[{""code_or_concept"": ""ct_chest"", ""tool"": ""request_imaging""}]",recommended,,,,
R5871E23E5617,second,expected_action,a4,"[{""code_or_concept"": ""ct_chest"", ""tool"": ""request_imaging""}]",recommended,,,,
R5871E23E5617,consensus,expected_action,a4,"[{""code_or_concept"": ""ct_chest"", ""tool"": ""request_imaging""}]",recommended,,,,
R5871E23E5617,primary,expected_action,a5,"[{""code_or_concept"": ""ebus_biopsy"", ""tool"": ""request_procedure""}]",recommended,,,,
R5871E23E5617,second,expected_action,a5,"[{""code_or_concept"": ""ebus_biopsy"", ""tool"": ""request_procedure""}]",recommended,,,,
R5871E23E5617,consensus,expected_action,a5,"[{""code_or_concept"": ""ebus_biopsy"", ""tool"": ""request_procedure""}]",recommended,,,,
R5871E23E5617,primary,safety,s1,Symptomatic recurrent pleural effusion needs drainage and assessment of cause.,unspecified,,,,
R5871E23E5617,second,safety,s1,Symptomatic recurrent pleural effusion needs drainage and assessment of cause.,unspecified,,,,
R5871E23E5617,consensus,safety,s1,Symptomatic recurrent pleural effusion needs drainage and assessment of cause.,unspecified,,,,
R5871E23E5617,primary,safety,s2,Negative pleural cytology does not rule out thoracic malignancy.,unspecified,,,,
R5871E23E5617,second,safety,s2,Negative pleural cytology does not rule out thoracic malignancy.,unspecified,,,,
R5871E23E5617,consensus,safety,s2,Negative pleural cytology does not rule out thoracic malignancy.,unspecified,,,,
R5871E23E5617,primary,safety,s3,Long-term chyle drainage raises nutritional and immune concerns.,unspecified,,,,
R5871E23E5617,second,safety,s3,Long-term chyle drainage raises nutritional and immune concerns.,unspecified,,,,
R5871E23E5617,consensus,safety,s3,Long-term chyle drainage raises nutritional and immune concerns.,unspecified,,,,
R52A7E1E4B89C,primary,expected_action,a1,"[{""code_or_concept"": ""ct_abdomen"", ""tool"": ""request_imaging""}]",critical,,,,
R52A7E1E4B89C,second,expected_action,a1,"[{""code_or_concept"": ""ct_abdomen"", ""tool"": ""request_imaging""}]",critical,,,,
R52A7E1E4B89C,consensus,expected_action,a1,"[{""code_or_concept"": ""ct_abdomen"", ""tool"": ""request_imaging""}]",critical,,,,
R52A7E1E4B89C,primary,expected_action,a2,"[{""code_or_concept"": ""laparotomy"", ""tool"": ""request_procedure""}]",critical,,,,
R52A7E1E4B89C,second,expected_action,a2,"[{""code_or_concept"": ""laparotomy"", ""tool"": ""request_procedure""}]",critical,,,,
R52A7E1E4B89C,consensus,expected_action,a2,"[{""code_or_concept"": ""laparotomy"", ""tool"": ""request_procedure""}]",critical,,,,
R52A7E1E4B89C,primary,expected_action,a3,"[{""code_or_concept"": ""antibiotics"", ""tool"": ""prescribe_medication""}]",critical,,,,
R52A7E1E4B89C,second,expected_action,a3,"[{""code_or_concept"": ""antibiotics"", ""tool"": ""prescribe_medication""}]",critical,,,,
R52A7E1E4B89C,consensus,expected_action,a3,"[{""code_or_concept"": ""antibiotics"", ""tool"": ""prescribe_medication""}]",critical,,,,
R52A7E1E4B89C,primary,expected_action,a4,"[{""code_or_concept"": ""ICU"", ""tool"": ""disposition""}]",recommended,,,,
R52A7E1E4B89C,second,expected_action,a4,"[{""code_or_concept"": ""ICU"", ""tool"": ""disposition""}]",recommended,,,,
R52A7E1E4B89C,consensus,expected_action,a4,"[{""code_or_concept"": ""ICU"", ""tool"": ""disposition""}]",recommended,,,,
R52A7E1E4B89C,primary,safety,s1,Do not delay urgent source control for microbiology.,unspecified,,,,
R52A7E1E4B89C,second,safety,s1,Do not delay urgent source control for microbiology.,unspecified,,,,
R52A7E1E4B89C,consensus,safety,s1,Do not delay urgent source control for microbiology.,unspecified,,,,
R52A7E1E4B89C,primary,safety,s2,Research cfDNA result was retrospective and must not be given to the agent during acute management.,unspecified,,,,
R52A7E1E4B89C,second,safety,s2,Research cfDNA result was retrospective and must not be given to the agent during acute management.,unspecified,,,,
R52A7E1E4B89C,consensus,safety,s2,Research cfDNA result was retrospective and must not be given to the agent during acute management.,unspecified,,,,
R385C4F9FE1D4,primary,expected_action,a1,"[{""code_or_concept"": ""echo"", ""tool"": ""request_ecg_or_test""}]",critical,,,,
R385C4F9FE1D4,second,expected_action,a1,"[{""code_or_concept"": ""echo"", ""tool"": ""request_ecg_or_test""}]",critical,,,,
R385C4F9FE1D4,consensus,expected_action,a1,"[{""code_or_concept"": ""echo"", ""tool"": ""request_ecg_or_test""}]",critical,,,,
R385C4F9FE1D4,primary,expected_action,a2,"[{""code_or_concept"": ""pericardiocentesis"", ""tool"": ""request_procedure""}]",critical,,,,
R385C4F9FE1D4,second,expected_action,a2,"[{""code_or_concept"": ""pericardiocentesis"", ""tool"": ""request_procedure""}]",critical,,,,
R385C4F9FE1D4,consensus,expected_action,a2,"[{""code_or_concept"": ""pericardiocentesis"", ""tool"": ""request_procedure""}]",critical,,,,
R385C4F9FE1D4,primary,expected_action,a3,"[{""code_or_concept"": ""coronary_angiography"", ""tool"": ""request_imaging""}, {""code_or_concept"": ""coronary_angiography"", ""tool"": ""request_procedure""}]",critical,,,,
R385C4F9FE1D4,second,expected_action,a3,"[{""code_or_concept"": ""coronary_angiography"", ""tool"": ""request_imaging""}, {""code_or_concept"": ""coronary_angiography"", ""tool"": ""request_procedure""}]",critical,,,,
R385C4F9FE1D4,consensus,expected_action,a3,"[{""code_or_concept"": ""coronary_angiography"", ""tool"": ""request_imaging""}, {""code_or_concept"": ""coronary_angiography"", ""tool"": ""request_procedure""}]",critical,,,,
R385C4F9FE1D4,primary,expected_action,a4,"[{""code_or_concept"": ""covered_stent"", ""tool"": ""request_procedure""}]",optional,,,,
R385C4F9FE1D4,second,expected_action,a4,"[{""code_or_concept"": ""covered_stent"", ""tool"": ""request_procedure""}]",optional,,,,
R385C4F9FE1D4,consensus,expected_action,a4,"[{""code_or_concept"": ""covered_stent"", ""tool"": ""request_procedure""}]",optional,,,,
R385C4F9FE1D4,primary,expected_action,a5,"[{""code_or_concept"": ""antibiotics"", ""tool"": ""prescribe_medication""}]",critical,,,,
R385C4F9FE1D4,second,expected_action,a5,"[{""code_or_concept"": ""antibiotics"", ""tool"": ""prescribe_medication""}]",critical,,,,
R385C4F9FE1D4,consensus,expected_action,a5,"[{""code_or_concept"": ""antibiotics"", ""tool"": ""prescribe_medication""}]",critical,,,,
R385C4F9FE1D4,primary,expected_action,a6,"[{""code_or_concept"": ""ICU"", ""tool"": ""disposition""}, {""code_or_concept"": ""surgery"", ""tool"": ""disposition""}]",recommended,,,,
R385C4F9FE1D4,second,expected_action,a6,"[{""code_or_concept"": ""ICU"", ""tool"": ""disposition""}, {""code_or_concept"": ""surgery"", ""tool"": ""disposition""}]",recommended,,,,
R385C4F9FE1D4,consensus,expected_action,a6,"[{""code_or_concept"": ""ICU"", ""tool"": ""disposition""}, {""code_or_concept"": ""surgery"", ""tool"": ""disposition""}]",recommended,,,,
R385C4F9FE1D4,primary,safety,s1,Recognize tamponade and shock; urgent drainage.,unspecified,,,,
R385C4F9FE1D4,second,safety,s1,Recognize tamponade and shock; urgent drainage.,unspecified,,,,
R385C4F9FE1D4,consensus,safety,s1,Recognize tamponade and shock; urgent drainage.,unspecified,,,,
R385C4F9FE1D4,primary,safety,s2,Avoid delay in coronary and structural evaluation after stabilization.,unspecified,,,,
R385C4F9FE1D4,second,safety,s2,Avoid delay in coronary and structural evaluation after stabilization.,unspecified,,,,
R385C4F9FE1D4,consensus,safety,s2,Avoid delay in coronary and structural evaluation after stabilization.,unspecified,,,,
R385C4F9FE1D4,primary,safety,s3,Account for active infection and dialysis in medication and procedure decisions.,unspecified,,,,
R385C4F9FE1D4,second,safety,s3,Account for active infection and dialysis in medication and procedure decisions.,unspecified,,,,
R385C4F9FE1D4,consensus,safety,s3,Account for active infection and dialysis in medication and procedure decisions.,unspecified,,,,
R99B46F5B4391,primary,expected_action,a1,"[{""code_or_concept"": ""ct_abdomen"", ""tool"": ""request_imaging""}]",critical,,,,
R99B46F5B4391,second,expected_action,a1,"[{""code_or_concept"": ""ct_abdomen"", ""tool"": ""request_imaging""}]",critical,,,,
R99B46F5B4391,consensus,expected_action,a1,"[{""code_or_concept"": ""ct_abdomen"", ""tool"": ""request_imaging""}]",critical,,,,
R99B46F5B4391,primary,expected_action,a2,"[{""code_or_concept"": ""laparotomy"", ""tool"": ""request_procedure""}]",critical,,,,
R99B46F5B4391,second,expected_action,a2,"[{""code_or_concept"": ""laparotomy"", ""tool"": ""request_procedure""}]",critical,,,,
R99B46F5B4391,consensus,expected_action,a2,"[{""code_or_concept"": ""laparotomy"", ""tool"": ""request_procedure""}]",critical,,,,
R99B46F5B4391,primary,expected_action,a3,"[{""code_or_concept"": ""antibiotics"", ""tool"": ""prescribe_medication""}]",critical,,,,
R99B46F5B4391,second,expected_action,a3,"[{""code_or_concept"": ""antibiotics"", ""tool"": ""prescribe_medication""}]",critical,,,,
R99B46F5B4391,consensus,expected_action,a3,"[{""code_or_concept"": ""antibiotics"", ""tool"": ""prescribe_medication""}]",critical,,,,
R99B46F5B4391,primary,expected_action,a4,"[{""code_or_concept"": ""ICU"", ""tool"": ""disposition""}]",recommended,,,,
R99B46F5B4391,second,expected_action,a4,"[{""code_or_concept"": ""ICU"", ""tool"": ""disposition""}]",recommended,,,,
R99B46F5B4391,consensus,expected_action,a4,"[{""code_or_concept"": ""ICU"", ""tool"": ""disposition""}]",recommended,,,,
R99B46F5B4391,primary,safety,s1,Do not delay urgent source control for microbiology.,unspecified,,,,
R99B46F5B4391,second,safety,s1,Do not delay urgent source control for microbiology.,unspecified,,,,
R99B46F5B4391,consensus,safety,s1,Do not delay urgent source control for microbiology.,unspecified,,,,
R99B46F5B4391,primary,safety,s2,Research cfDNA result was retrospective and must not be given to the agent during acute management.,unspecified,,,,
R99B46F5B4391,second,safety,s2,Research cfDNA result was retrospective and must not be given to the agent during acute management.,unspecified,,,,
R99B46F5B4391,consensus,safety,s2,Research cfDNA result was retrospective and must not be given to the agent during acute management.,unspecified,,,,
RFEAB3880624F,primary,expected_action,a1,"[{""code_or_concept"": ""ct_abdomen"", ""tool"": ""request_imaging""}]",critical,,,,
RFEAB3880624F,second,expected_action,a1,"[{""code_or_concept"": ""ct_abdomen"", ""tool"": ""request_imaging""}]",critical,,,,
RFEAB3880624F,consensus,expected_action,a1,"[{""code_or_concept"": ""ct_abdomen"", ""tool"": ""request_imaging""}]",critical,,,,
RFEAB3880624F,primary,expected_action,a2,"[{""code_or_concept"": ""laparotomy"", ""tool"": ""request_procedure""}]",critical,,,,
RFEAB3880624F,second,expected_action,a2,"[{""code_or_concept"": ""laparotomy"", ""tool"": ""request_procedure""}]",critical,,,,
RFEAB3880624F,consensus,expected_action,a2,"[{""code_or_concept"": ""laparotomy"", ""tool"": ""request_procedure""}]",critical,,,,
RFEAB3880624F,primary,expected_action,a3,"[{""code_or_concept"": ""antibiotics"", ""tool"": ""prescribe_medication""}]",critical,,,,
RFEAB3880624F,second,expected_action,a3,"[{""code_or_concept"": ""antibiotics"", ""tool"": ""prescribe_medication""}]",critical,,,,
RFEAB3880624F,consensus,expected_action,a3,"[{""code_or_concept"": ""antibiotics"", ""tool"": ""prescribe_medication""}]",critical,,,,
RFEAB3880624F,primary,expected_action,a4,"[{""code_or_concept"": ""ICU"", ""tool"": ""disposition""}]",recommended,,,,
RFEAB3880624F,second,expected_action,a4,"[{""code_or_concept"": ""ICU"", ""tool"": ""disposition""}]",recommended,,,,
RFEAB3880624F,consensus,expected_action,a4,"[{""code_or_concept"": ""ICU"", ""tool"": ""disposition""}]",recommended,,,,
RFEAB3880624F,primary,safety,s1,Do not delay urgent source control for microbiology.,unspecified,,,,
RFEAB3880624F,second,safety,s1,Do not delay urgent source control for microbiology.,unspecified,,,,
RFEAB3880624F,consensus,safety,s1,Do not delay urgent source control for microbiology.,unspecified,,,,
RFEAB3880624F,primary,safety,s2,Research cfDNA result was retrospective and must not be given to the agent during acute management.,unspecified,,,,
RFEAB3880624F,second,safety,s2,Research cfDNA result was retrospective and must not be given to the agent during acute management.,unspecified,,,,
RFEAB3880624F,consensus,safety,s2,Research cfDNA result was retrospective and must not be given to the agent during acute management.,unspecified,,,,
RAE4EF89CB641,primary,expected_action,a1,"[{""code_or_concept"": ""pregnancy_test"", ""tool"": ""request_lab""}]",critical,,,,
RAE4EF89CB641,second,expected_action,a1,"[{""code_or_concept"": ""pregnancy_test"", ""tool"": ""request_lab""}]",critical,,,,
RAE4EF89CB641,consensus,expected_action,a1,"[{""code_or_concept"": ""pregnancy_test"", ""tool"": ""request_lab""}]",critical,,,,
RAE4EF89CB641,primary,expected_action,a2,"[{""code_or_concept"": ""pelvic_ultrasound"", ""tool"": ""request_imaging""}]",critical,,,,
RAE4EF89CB641,second,expected_action,a2,"[{""code_or_concept"": ""pelvic_ultrasound"", ""tool"": ""request_imaging""}]",critical,,,,
RAE4EF89CB641,consensus,expected_action,a2,"[{""code_or_concept"": ""pelvic_ultrasound"", ""tool"": ""request_imaging""}]",critical,,,,
RAE4EF89CB641,primary,expected_action,a3,"[{""code_or_concept"": ""laparoscopy"", ""tool"": ""request_procedure""}]",critical,,,,
RAE4EF89CB641,second,expected_action,a3,"[{""code_or_concept"": ""laparoscopy"", ""tool"": ""request_procedure""}]",critical,,,,
RAE4EF89CB641,consensus,expected_action,a3,"[{""code_or_concept"": ""laparoscopy"", ""tool"": ""request_procedure""}]",critical,,,,
RAE4EF89CB641,primary,expected_action,a4,"[{""code_or_concept"": ""surgery"", ""tool"": ""disposition""}]",critical,,,,
RAE4EF89CB641,second,expected_action,a4,"[{""code_or_concept"": ""surgery"", ""tool"": ""disposition""}]",critical,,,,
RAE4EF89CB641,consensus,expected_action,a4,"[{""code_or_concept"": ""surgery"", ""tool"": ""disposition""}]",critical,,,,
RAE4EF89CB641,primary,safety,s1,Pregnancy test is essential in reproductive-age patient with abdominal pain.,unspecified,,,,
RAE4EF89CB641,second,safety,s1,Pregnancy test is essential in reproductive-age patient with abdominal pain.,unspecified,,,,
RAE4EF89CB641,consensus,safety,s1,Pregnancy test is essential in reproductive-age patient with abdominal pain.,unspecified,,,,
RAE4EF89CB641,primary,safety,s2,"No intrauterine pregnancy with hCG around 10,130 IU/L requires urgent ectopic pregnancy evaluation.",unspecified,,,,
RAE4EF89CB641,second,safety,s2,"No intrauterine pregnancy with hCG around 10,130 IU/L requires urgent ectopic pregnancy evaluation.",unspecified,,,,
RAE4EF89CB641,consensus,safety,s2,"No intrauterine pregnancy with hCG around 10,130 IU/L requires urgent ectopic pregnancy evaluation.",unspecified,,,,
RAE4EF89CB641,primary,safety,s3,Hemorrhage and vascular implantation favor surgical planning with bleeding preparedness.,unspecified,,,,
RAE4EF89CB641,second,safety,s3,Hemorrhage and vascular implantation favor surgical planning with bleeding preparedness.,unspecified,,,,
RAE4EF89CB641,consensus,safety,s3,Hemorrhage and vascular implantation favor surgical planning with bleeding preparedness.,unspecified,,,,
R9F83B5F9B9D2,primary,expected_action,a1,"[{""code_or_concept"": ""ct_abdomen"", ""tool"": ""request_imaging""}]",critical,,,,
R9F83B5F9B9D2,second,expected_action,a1,"[{""code_or_concept"": ""ct_abdomen"", ""tool"": ""request_imaging""}]",critical,,,,
R9F83B5F9B9D2,consensus,expected_action,a1,"[{""code_or_concept"": ""ct_abdomen"", ""tool"": ""request_imaging""}]",critical,,,,
R9F83B5F9B9D2,primary,expected_action,a2,"[{""code_or_concept"": ""laparotomy"", ""tool"": ""request_procedure""}]",critical,,,,
R9F83B5F9B9D2,second,expected_action,a2,"[{""code_or_concept"": ""laparotomy"", ""tool"": ""request_procedure""}]",critical,,,,
R9F83B5F9B9D2,consensus,expected_action,a2,"[{""code_or_concept"": ""laparotomy"", ""tool"": ""request_procedure""}]",critical,,,,
R9F83B5F9B9D2,primary,expected_action,a3,"[{""code_or_concept"": ""antibiotics"", ""tool"": ""prescribe_medication""}]",critical,,,,
R9F83B5F9B9D2,second,expected_action,a3,"[{""code_or_concept"": ""antibiotics"", ""tool"": ""prescribe_medication""}]",critical,,,,
R9F83B5F9B9D2,consensus,expected_action,a3,"[{""code_or_concept"": ""antibiotics"", ""tool"": ""prescribe_medication""}]",critical,,,,
R9F83B5F9B9D2,primary,expected_action,a4,"[{""code_or_concept"": ""ICU"", ""tool"": ""disposition""}]",recommended,,,,
R9F83B5F9B9D2,second,expected_action,a4,"[{""code_or_concept"": ""ICU"", ""tool"": ""disposition""}]",recommended,,,,
R9F83B5F9B9D2,consensus,expected_action,a4,"[{""code_or_concept"": ""ICU"", ""tool"": ""disposition""}]",recommended,,,,
R9F83B5F9B9D2,primary,safety,s1,Do not delay urgent source control for microbiology.,unspecified,,,,
R9F83B5F9B9D2,second,safety,s1,Do not delay urgent source control for microbiology.,unspecified,,,,
R9F83B5F9B9D2,consensus,safety,s1,Do not delay urgent source control for microbiology.,unspecified,,,,
R9F83B5F9B9D2,primary,safety,s2,Research cfDNA result was retrospective and must not be given to the agent during acute management.,unspecified,,,,
R9F83B5F9B9D2,second,safety,s2,Research cfDNA result was retrospective and must not be given to the agent during acute management.,unspecified,,,,
R9F83B5F9B9D2,consensus,safety,s2,Research cfDNA result was retrospective and must not be given to the agent during acute management.,unspecified,,,,
RCB6322B09994,primary,expected_action,a1,"[{""code_or_concept"": ""ct_chest"", ""tool"": ""request_imaging""}]",recommended,,,,
RCB6322B09994,second,expected_action,a1,"[{""code_or_concept"": ""ct_chest"", ""tool"": ""request_imaging""}]",recommended,,,,
RCB6322B09994,consensus,expected_action,a1,"[{""code_or_concept"": ""ct_chest"", ""tool"": ""request_imaging""}]",recommended,,,,
RCB6322B09994,primary,expected_action,a2,"[{""code_or_concept"": ""thoracentesis"", ""tool"": ""request_procedure""}]",critical,,,,
RCB6322B09994,second,expected_action,a2,"[{""code_or_concept"": ""thoracentesis"", ""tool"": ""request_procedure""}]",critical,,,,
RCB6322B09994,consensus,expected_action,a2,"[{""code_or_concept"": ""thoracentesis"", ""tool"": ""request_procedure""}]",critical,,,,
RCB6322B09994,primary,expected_action,a3,"[{""code_or_concept"": ""pleural_biopsy"", ""tool"": ""request_procedure""}]",recommended,,,,
RCB6322B09994,second,expected_action,a3,"[{""code_or_concept"": ""pleural_biopsy"", ""tool"": ""request_procedure""}]",recommended,,,,
RCB6322B09994,consensus,expected_action,a3,"[{""code_or_concept"": ""pleural_biopsy"", ""tool"": ""request_procedure""}]",recommended,,,,
RCB6322B09994,primary,expected_action,a4,"[{""code_or_concept"": ""tumor_genetics"", ""tool"": ""request_ecg_or_test""}]",recommended,,,,
RCB6322B09994,second,expected_action,a4,"[{""code_or_concept"": ""tumor_genetics"", ""tool"": ""request_ecg_or_test""}]",recommended,,,,
RCB6322B09994,consensus,expected_action,a4,"[{""code_or_concept"": ""tumor_genetics"", ""tool"": ""request_ecg_or_test""}]",recommended,,,,
RCB6322B09994,primary,safety,s1,Do not conclude mesothelioma from asbestos history and CT alone; obtain cytology and tissue with immunophenotyping.,unspecified,,,,
RCB6322B09994,second,safety,s1,Do not conclude mesothelioma from asbestos history and CT alone; obtain cytology and tissue with immunophenotyping.,unspecified,,,,
RCB6322B09994,consensus,safety,s1,Do not conclude mesothelioma from asbestos history and CT alone; obtain cytology and tissue with immunophenotyping.,unspecified,,,,
RCB6322B09994,primary,safety,s2,Account for baseline interstitial lung disease when weighing immunotherapy pneumonitis risk.,unspecified,,,,
RCB6322B09994,second,safety,s2,Account for baseline interstitial lung disease when weighing immunotherapy pneumonitis risk.,unspecified,,,,
RCB6322B09994,consensus,safety,s2,Account for baseline interstitial lung disease when weighing immunotherapy pneumonitis risk.,unspecified,,,,
RBEAD5BED9399,primary,expected_action,a1,"[{""code_or_concept"": ""ct_chest"", ""tool"": ""request_imaging""}]",recommended,,,,
RBEAD5BED9399,second,expected_action,a1,"[{""code_or_concept"": ""ct_chest"", ""tool"": ""request_imaging""}]",recommended,,,,
RBEAD5BED9399,consensus,expected_action,a1,"[{""code_or_concept"": ""ct_chest"", ""tool"": ""request_imaging""}]",recommended,,,,
RBEAD5BED9399,primary,expected_action,a2,"[{""code_or_concept"": ""thoracentesis"", ""tool"": ""request_procedure""}]",critical,,,,
RBEAD5BED9399,second,expected_action,a2,"[{""code_or_concept"": ""thoracentesis"", ""tool"": ""request_procedure""}]",critical,,,,
RBEAD5BED9399,consensus,expected_action,a2,"[{""code_or_concept"": ""thoracentesis"", ""tool"": ""request_procedure""}]",critical,,,,
RBEAD5BED9399,primary,expected_action,a3,"[{""code_or_concept"": ""pleural_biopsy"", ""tool"": ""request_procedure""}]",recommended,,,,
RBEAD5BED9399,second,expected_action,a3,"[{""code_or_concept"": ""pleural_biopsy"", ""tool"": ""request_procedure""}]",recommended,,,,
RBEAD5BED9399,consensus,expected_action,a3,"[{""code_or_concept"": ""pleural_biopsy"", ""tool"": ""request_procedure""}]",recommended,,,,
RBEAD5BED9399,primary,expected_action,a4,"[{""code_or_concept"": ""tumor_genetics"", ""tool"": ""request_ecg_or_test""}]",recommended,,,,
RBEAD5BED9399,second,expected_action,a4,"[{""code_or_concept"": ""tumor_genetics"", ""tool"": ""request_ecg_or_test""}]",recommended,,,,
RBEAD5BED9399,consensus,expected_action,a4,"[{""code_or_concept"": ""tumor_genetics"", ""tool"": ""request_ecg_or_test""}]",recommended,,,,
RBEAD5BED9399,primary,safety,s1,Do not conclude mesothelioma from asbestos history and CT alone; obtain cytology and tissue with immunophenotyping.,unspecified,,,,
RBEAD5BED9399,second,safety,s1,Do not conclude mesothelioma from asbestos history and CT alone; obtain cytology and tissue with immunophenotyping.,unspecified,,,,
RBEAD5BED9399,consensus,safety,s1,Do not conclude mesothelioma from asbestos history and CT alone; obtain cytology and tissue with immunophenotyping.,unspecified,,,,
RBEAD5BED9399,primary,safety,s2,Account for baseline interstitial lung disease when weighing immunotherapy pneumonitis risk.,unspecified,,,,
RBEAD5BED9399,second,safety,s2,Account for baseline interstitial lung disease when weighing immunotherapy pneumonitis risk.,unspecified,,,,
RBEAD5BED9399,consensus,safety,s2,Account for baseline interstitial lung disease when weighing immunotherapy pneumonitis risk.,unspecified,,,,
R73354C150ED9,primary,expected_action,a1,"[{""code_or_concept"": ""ct_abdomen"", ""tool"": ""request_imaging""}]",critical,,,,
R73354C150ED9,second,expected_action,a1,"[{""code_or_concept"": ""ct_abdomen"", ""tool"": ""request_imaging""}]",critical,,,,
R73354C150ED9,consensus,expected_action,a1,"[{""code_or_concept"": ""ct_abdomen"", ""tool"": ""request_imaging""}]",critical,,,,
R73354C150ED9,primary,expected_action,a2,"[{""code_or_concept"": ""laparotomy"", ""tool"": ""request_procedure""}, {""code_or_concept"": ""laparoscopy"", ""tool"": ""request_procedure""}]",critical,,,,
R73354C150ED9,second,expected_action,a2,"[{""code_or_concept"": ""laparotomy"", ""tool"": ""request_procedure""}, {""code_or_concept"": ""laparoscopy"", ""tool"": ""request_procedure""}]",critical,,,,
R73354C150ED9,consensus,expected_action,a2,"[{""code_or_concept"": ""laparotomy"", ""tool"": ""request_procedure""}, {""code_or_concept"": ""laparoscopy"", ""tool"": ""request_procedure""}]",critical,,,,
R73354C150ED9,primary,expected_action,a3,"[{""code_or_concept"": ""surgery"", ""tool"": ""disposition""}, {""code_or_concept"": ""ICU"", ""tool"": ""disposition""}]",critical,,,,
R73354C150ED9,second,expected_action,a3,"[{""code_or_concept"": ""surgery"", ""tool"": ""disposition""}, {""code_or_concept"": ""ICU"", ""tool"": ""disposition""}]",critical,,,,
R73354C150ED9,consensus,expected_action,a3,"[{""code_or_concept"": ""surgery"", ""tool"": ""disposition""}, {""code_or_concept"": ""ICU"", ""tool"": ""disposition""}]",critical,,,,
R73354C150ED9,primary,safety,s1,Peritoneal signs and obstruction demand urgent surgical assessment.,unspecified,,,,
R73354C150ED9,second,safety,s1,Peritoneal signs and obstruction demand urgent surgical assessment.,unspecified,,,,
R73354C150ED9,consensus,safety,s1,Peritoneal signs and obstruction demand urgent surgical assessment.,unspecified,,,,
R73354C150ED9,primary,safety,s2,Prior biliary stent history materially changes interpretation of linear CT foreign body.,unspecified,,,,
R73354C150ED9,second,safety,s2,Prior biliary stent history materially changes interpretation of linear CT foreign body.,unspecified,,,,
R73354C150ED9,consensus,safety,s2,Prior biliary stent history materially changes interpretation of linear CT foreign body.,unspecified,,,,
R73354C150ED9,primary,safety,s3,Consider anticoagulation and COPD risk during perioperative planning; source does not specify drug regimen.,unspecified,,,,
R73354C150ED9,second,safety,s3,Consider anticoagulation and COPD risk during perioperative planning; source does not specify drug regimen.,unspecified,,,,
R73354C150ED9,consensus,safety,s3,Consider anticoagulation and COPD risk during perioperative planning; source does not specify drug regimen.,unspecified,,,,
R09ADED5AB207,primary,expected_action,a1,"[{""code_or_concept"": ""chest_xray"", ""tool"": ""request_imaging""}]",recommended,,,,
R09ADED5AB207,second,expected_action,a1,"[{""code_or_concept"": ""chest_xray"", ""tool"": ""request_imaging""}]",recommended,,,,
R09ADED5AB207,consensus,expected_action,a1,"[{""code_or_concept"": ""chest_xray"", ""tool"": ""request_imaging""}]",recommended,,,,
R09ADED5AB207,primary,expected_action,a2,"[{""code_or_concept"": ""thoracentesis"", ""tool"": ""request_procedure""}]",critical,,,,
R09ADED5AB207,second,expected_action,a2,"[{""code_or_concept"": ""thoracentesis"", ""tool"": ""request_procedure""}]",critical,,,,
R09ADED5AB207,consensus,expected_action,a2,"[{""code_or_concept"": ""thoracentesis"", ""tool"": ""request_procedure""}]",critical,,,,
R09ADED5AB207,primary,expected_action,a3,"[{""code_or_concept"": ""pleural_fluid"", ""tool"": ""request_lab""}]",critical,,,,
R09ADED5AB207,second,expected_action,a3,"[{""code_or_concept"": ""pleural_fluid"", ""tool"": ""request_lab""}]",critical,,,,
R09ADED5AB207,consensus,expected_action,a3,"[{""code_or_concept"": ""pleural_fluid"", ""tool"": ""request_lab""}]",critical,,,,
R09ADED5AB207,primary,expected_action,a4,"[{""code_or_concept"": ""ct_chest"", ""tool"": ""request_imaging""}]",recommended,,,,
R09ADED5AB207,second,expected_action,a4,"[{""code_or_concept"": ""ct_chest"", ""tool"": ""request_imaging""}]",recommended,,,,
R09ADED5AB207,consensus,expected_action,a4,"[{""code_or_concept"": ""ct_chest"", ""tool"": ""request_imaging""}]",recommended,,,,
R09ADED5AB207,primary,expected_action,a5,"[{""code_or_concept"": ""ebus_biopsy"", ""tool"": ""request_procedure""}]",recommended,,,,
R09ADED5AB207,second,expected_action,a5,"[{""code_or_concept"": ""ebus_biopsy"", ""tool"": ""request_procedure""}]",recommended,,,,
R09ADED5AB207,consensus,expected_action,a5,"[{""code_or_concept"": ""ebus_biopsy"", ""tool"": ""request_procedure""}]",recommended,,,,
R09ADED5AB207,primary,safety,s1,Symptomatic recurrent pleural effusion needs drainage and assessment of cause.,unspecified,,,,
R09ADED5AB207,second,safety,s1,Symptomatic recurrent pleural effusion needs drainage and assessment of cause.,unspecified,,,,
R09ADED5AB207,consensus,safety,s1,Symptomatic recurrent pleural effusion needs drainage and assessment of cause.,unspecified,,,,
R09ADED5AB207,primary,safety,s2,Negative pleural cytology does not rule out thoracic malignancy.,unspecified,,,,
R09ADED5AB207,second,safety,s2,Negative pleural cytology does not rule out thoracic malignancy.,unspecified,,,,
R09ADED5AB207,consensus,safety,s2,Negative pleural cytology does not rule out thoracic malignancy.,unspecified,,,,
R09ADED5AB207,primary,safety,s3,Long-term chyle drainage raises nutritional and immune concerns.,unspecified,,,,
R09ADED5AB207,second,safety,s3,Long-term chyle drainage raises nutritional and immune concerns.,unspecified,,,,
R09ADED5AB207,consensus,safety,s3,Long-term chyle drainage raises nutritional and immune concerns.,unspecified,,,,
R7EDD478DBB0B,primary,expected_action,a1,"[{""code_or_concept"": ""ct_abdomen"", ""tool"": ""request_imaging""}]",critical,,,,
R7EDD478DBB0B,second,expected_action,a1,"[{""code_or_concept"": ""ct_abdomen"", ""tool"": ""request_imaging""}]",critical,,,,
R7EDD478DBB0B,consensus,expected_action,a1,"[{""code_or_concept"": ""ct_abdomen"", ""tool"": ""request_imaging""}]",critical,,,,
R7EDD478DBB0B,primary,expected_action,a2,"[{""code_or_concept"": ""laparotomy"", ""tool"": ""request_procedure""}, {""code_or_concept"": ""laparoscopy"", ""tool"": ""request_procedure""}]",critical,,,,
R7EDD478DBB0B,second,expected_action,a2,"[{""code_or_concept"": ""laparotomy"", ""tool"": ""request_procedure""}, {""code_or_concept"": ""laparoscopy"", ""tool"": ""request_procedure""}]",critical,,,,
R7EDD478DBB0B,consensus,expected_action,a2,"[{""code_or_concept"": ""laparotomy"", ""tool"": ""request_procedure""}, {""code_or_concept"": ""laparoscopy"", ""tool"": ""request_procedure""}]",critical,,,,
R7EDD478DBB0B,primary,expected_action,a3,"[{""code_or_concept"": ""surgery"", ""tool"": ""disposition""}, {""code_or_concept"": ""ICU"", ""tool"": ""disposition""}]",critical,,,,
R7EDD478DBB0B,second,expected_action,a3,"[{""code_or_concept"": ""surgery"", ""tool"": ""disposition""}, {""code_or_concept"": ""ICU"", ""tool"": ""disposition""}]",critical,,,,
R7EDD478DBB0B,consensus,expected_action,a3,"[{""code_or_concept"": ""surgery"", ""tool"": ""disposition""}, {""code_or_concept"": ""ICU"", ""tool"": ""disposition""}]",critical,,,,
R7EDD478DBB0B,primary,safety,s1,Peritoneal signs and obstruction demand urgent surgical assessment.,unspecified,,,,
R7EDD478DBB0B,second,safety,s1,Peritoneal signs and obstruction demand urgent surgical assessment.,unspecified,,,,
R7EDD478DBB0B,consensus,safety,s1,Peritoneal signs and obstruction demand urgent surgical assessment.,unspecified,,,,
R7EDD478DBB0B,primary,safety,s2,Prior biliary stent history materially changes interpretation of linear CT foreign body.,unspecified,,,,
R7EDD478DBB0B,second,safety,s2,Prior biliary stent history materially changes interpretation of linear CT foreign body.,unspecified,,,,
R7EDD478DBB0B,consensus,safety,s2,Prior biliary stent history materially changes interpretation of linear CT foreign body.,unspecified,,,,
R7EDD478DBB0B,primary,safety,s3,Consider anticoagulation and COPD risk during perioperative planning; source does not specify drug regimen.,unspecified,,,,
R7EDD478DBB0B,second,safety,s3,Consider anticoagulation and COPD risk during perioperative planning; source does not specify drug regimen.,unspecified,,,,
R7EDD478DBB0B,consensus,safety,s3,Consider anticoagulation and COPD risk during perioperative planning; source does not specify drug regimen.,unspecified,,,,
RD1E1D8CCFE3C,primary,expected_action,a1,"[{""code_or_concept"": ""chest_xray"", ""tool"": ""request_imaging""}]",recommended,,,,
RD1E1D8CCFE3C,second,expected_action,a1,"[{""code_or_concept"": ""chest_xray"", ""tool"": ""request_imaging""}]",recommended,,,,
RD1E1D8CCFE3C,consensus,expected_action,a1,"[{""code_or_concept"": ""chest_xray"", ""tool"": ""request_imaging""}]",recommended,,,,
RD1E1D8CCFE3C,primary,expected_action,a2,"[{""code_or_concept"": ""thoracentesis"", ""tool"": ""request_procedure""}]",critical,,,,
RD1E1D8CCFE3C,second,expected_action,a2,"[{""code_or_concept"": ""thoracentesis"", ""tool"": ""request_procedure""}]",critical,,,,
RD1E1D8CCFE3C,consensus,expected_action,a2,"[{""code_or_concept"": ""thoracentesis"", ""tool"": ""request_procedure""}]",critical,,,,
RD1E1D8CCFE3C,primary,expected_action,a3,"[{""code_or_concept"": ""pleural_fluid"", ""tool"": ""request_lab""}]",critical,,,,
RD1E1D8CCFE3C,second,expected_action,a3,"[{""code_or_concept"": ""pleural_fluid"", ""tool"": ""request_lab""}]",critical,,,,
RD1E1D8CCFE3C,consensus,expected_action,a3,"[{""code_or_concept"": ""pleural_fluid"", ""tool"": ""request_lab""}]",critical,,,,
RD1E1D8CCFE3C,primary,expected_action,a4,"[{""code_or_concept"": ""ct_chest"", ""tool"": ""request_imaging""}]",recommended,,,,
RD1E1D8CCFE3C,second,expected_action,a4,"[{""code_or_concept"": ""ct_chest"", ""tool"": ""request_imaging""}]",recommended,,,,
RD1E1D8CCFE3C,consensus,expected_action,a4,"[{""code_or_concept"": ""ct_chest"", ""tool"": ""request_imaging""}]",recommended,,,,
RD1E1D8CCFE3C,primary,expected_action,a5,"[{""code_or_concept"": ""ebus_biopsy"", ""tool"": ""request_procedure""}]",recommended,,,,
RD1E1D8CCFE3C,second,expected_action,a5,"[{""code_or_concept"": ""ebus_biopsy"", ""tool"": ""request_procedure""}]",recommended,,,,
RD1E1D8CCFE3C,consensus,expected_action,a5,"[{""code_or_concept"": ""ebus_biopsy"", ""tool"": ""request_procedure""}]",recommended,,,,
RD1E1D8CCFE3C,primary,safety,s1,Symptomatic recurrent pleural effusion needs drainage and assessment of cause.,unspecified,,,,
RD1E1D8CCFE3C,second,safety,s1,Symptomatic recurrent pleural effusion needs drainage and assessment of cause.,unspecified,,,,
RD1E1D8CCFE3C,consensus,safety,s1,Symptomatic recurrent pleural effusion needs drainage and assessment of cause.,unspecified,,,,
RD1E1D8CCFE3C,primary,safety,s2,Negative pleural cytology does not rule out thoracic malignancy.,unspecified,,,,
RD1E1D8CCFE3C,second,safety,s2,Negative pleural cytology does not rule out thoracic malignancy.,unspecified,,,,
RD1E1D8CCFE3C,consensus,safety,s2,Negative pleural cytology does not rule out thoracic malignancy.,unspecified,,,,
RD1E1D8CCFE3C,primary,safety,s3,Long-term chyle drainage raises nutritional and immune concerns.,unspecified,,,,
RD1E1D8CCFE3C,second,safety,s3,Long-term chyle drainage raises nutritional and immune concerns.,unspecified,,,,
RD1E1D8CCFE3C,consensus,safety,s3,Long-term chyle drainage raises nutritional and immune concerns.,unspecified,,,,
R5D00040FF054,primary,expected_action,a1,"[{""code_or_concept"": ""hemoglobin"", ""tool"": ""request_lab""}]",critical,,,,
R5D00040FF054,second,expected_action,a1,"[{""code_or_concept"": ""hemoglobin"", ""tool"": ""request_lab""}]",critical,,,,
R5D00040FF054,consensus,expected_action,a1,"[{""code_or_concept"": ""hemoglobin"", ""tool"": ""request_lab""}]",critical,,,,
R5D00040FF054,primary,expected_action,a2,"[{""code_or_concept"": ""hemolysis"", ""tool"": ""request_lab""}]",critical,,,,
R5D00040FF054,second,expected_action,a2,"[{""code_or_concept"": ""hemolysis"", ""tool"": ""request_lab""}]",critical,,,,
R5D00040FF054,consensus,expected_action,a2,"[{""code_or_concept"": ""hemolysis"", ""tool"": ""request_lab""}]",critical,,,,
R5D00040FF054,primary,expected_action,a3,"[{""code_or_concept"": ""dat"", ""tool"": ""request_lab""}]",critical,,,,
R5D00040FF054,second,expected_action,a3,"[{""code_or_concept"": ""dat"", ""tool"": ""request_lab""}]",critical,,,,
R5D00040FF054,consensus,expected_action,a3,"[{""code_or_concept"": ""dat"", ""tool"": ""request_lab""}]",critical,,,,
R5D00040FF054,primary,expected_action,a4,"[{""code_or_concept"": ""steroids"", ""tool"": ""prescribe_medication""}]",critical,,,,
R5D00040FF054,second,expected_action,a4,"[{""code_or_concept"": ""steroids"", ""tool"": ""prescribe_medication""}]",critical,,,,
R5D00040FF054,consensus,expected_action,a4,"[{""code_or_concept"": ""steroids"", ""tool"": ""prescribe_medication""}]",critical,,,,
R5D00040FF054,primary,expected_action,a5,"[{""code_or_concept"": ""transfusion"", ""tool"": ""request_procedure""}]",critical,,,,
R5D00040FF054,second,expected_action,a5,"[{""code_or_concept"": ""transfusion"", ""tool"": ""request_procedure""}]",critical,,,,
R5D00040FF054,consensus,expected_action,a5,"[{""code_or_concept"": ""transfusion"", ""tool"": ""request_procedure""}]",critical,,,,
R5D00040FF054,primary,expected_action,a6,"[{""code_or_concept"": ""ward"", ""tool"": ""disposition""}]",critical,,,,
R5D00040FF054,second,expected_action,a6,"[{""code_or_concept"": ""ward"", ""tool"": ""disposition""}]",critical,,,,
R5D00040FF054,consensus,expected_action,a6,"[{""code_or_concept"": ""ward"", ""tool"": ""disposition""}]",critical,,,,
R5D00040FF054,primary,safety,s1,Severe symptomatic anemia requires urgent assessment and transfusion strategy.,unspecified,,,,
R5D00040FF054,second,safety,s1,Severe symptomatic anemia requires urgent assessment and transfusion strategy.,unspecified,,,,
R5D00040FF054,consensus,safety,s1,Severe symptomatic anemia requires urgent assessment and transfusion strategy.,unspecified,,,,
R5D00040FF054,primary,safety,s2,Stop immune checkpoint therapy in life-threatening immune-mediated toxicity.,unspecified,,,,
R5D00040FF054,second,safety,s2,Stop immune checkpoint therapy in life-threatening immune-mediated toxicity.,unspecified,,,,
R5D00040FF054,consensus,safety,s2,Stop immune checkpoint therapy in life-threatening immune-mediated toxicity.,unspecified,,,,
R5D00040FF054,primary,safety,s3,Compatibility testing may be complicated by panreactive autoantibody.,unspecified,,,,
R5D00040FF054,second,safety,s3,Compatibility testing may be complicated by panreactive autoantibody.,unspecified,,,,
R5D00040FF054,consensus,safety,s3,Compatibility testing may be complicated by panreactive autoantibody.,unspecified,,,,
R94CB12A6208E,primary,expected_action,a1,"[{""code_or_concept"": ""pregnancy_test"", ""tool"": ""request_lab""}]",critical,,,,
R94CB12A6208E,second,expected_action,a1,"[{""code_or_concept"": ""pregnancy_test"", ""tool"": ""request_lab""}]",critical,,,,
R94CB12A6208E,consensus,expected_action,a1,"[{""code_or_concept"": ""pregnancy_test"", ""tool"": ""request_lab""}]",critical,,,,
R94CB12A6208E,primary,expected_action,a2,"[{""code_or_concept"": ""pelvic_ultrasound"", ""tool"": ""request_imaging""}]",critical,,,,
R94CB12A6208E,second,expected_action,a2,"[{""code_or_concept"": ""pelvic_ultrasound"", ""tool"": ""request_imaging""}]",critical,,,,
R94CB12A6208E,consensus,expected_action,a2,"[{""code_or_concept"": ""pelvic_ultrasound"", ""tool"": ""request_imaging""}]",critical,,,,
R94CB12A6208E,primary,expected_action,a3,"[{""code_or_concept"": ""laparoscopy"", ""tool"": ""request_procedure""}]",critical,,,,
R94CB12A6208E,second,expected_action,a3,"[{""code_or_concept"": ""laparoscopy"", ""tool"": ""request_procedure""}]",critical,,,,
R94CB12A6208E,consensus,expected_action,a3,"[{""code_or_concept"": ""laparoscopy"", ""tool"": ""request_procedure""}]",critical,,,,
R94CB12A6208E,primary,expected_action,a4,"[{""code_or_concept"": ""surgery"", ""tool"": ""disposition""}]",critical,,,,
R94CB12A6208E,second,expected_action,a4,"[{""code_or_concept"": ""surgery"", ""tool"": ""disposition""}]",critical,,,,
R94CB12A6208E,consensus,expected_action,a4,"[{""code_or_concept"": ""surgery"", ""tool"": ""disposition""}]",critical,,,,
R94CB12A6208E,primary,safety,s1,Pregnancy test is essential in reproductive-age patient with abdominal pain.,unspecified,,,,
R94CB12A6208E,second,safety,s1,Pregnancy test is essential in reproductive-age patient with abdominal pain.,unspecified,,,,
R94CB12A6208E,consensus,safety,s1,Pregnancy test is essential in reproductive-age patient with abdominal pain.,unspecified,,,,
R94CB12A6208E,primary,safety,s2,"No intrauterine pregnancy with hCG around 10,130 IU/L requires urgent ectopic pregnancy evaluation.",unspecified,,,,
R94CB12A6208E,second,safety,s2,"No intrauterine pregnancy with hCG around 10,130 IU/L requires urgent ectopic pregnancy evaluation.",unspecified,,,,
R94CB12A6208E,consensus,safety,s2,"No intrauterine pregnancy with hCG around 10,130 IU/L requires urgent ectopic pregnancy evaluation.",unspecified,,,,
R94CB12A6208E,primary,safety,s3,Hemorrhage and vascular implantation favor surgical planning with bleeding preparedness.,unspecified,,,,
R94CB12A6208E,second,safety,s3,Hemorrhage and vascular implantation favor surgical planning with bleeding preparedness.,unspecified,,,,
R94CB12A6208E,consensus,safety,s3,Hemorrhage and vascular implantation favor surgical planning with bleeding preparedness.,unspecified,,,,
RE8E4E9DF35EA,primary,expected_action,a1,"[{""code_or_concept"": ""adrenal_hormones"", ""tool"": ""request_lab""}]",critical,,,,
RE8E4E9DF35EA,second,expected_action,a1,"[{""code_or_concept"": ""adrenal_hormones"", ""tool"": ""request_lab""}]",critical,,,,
RE8E4E9DF35EA,consensus,expected_action,a1,"[{""code_or_concept"": ""adrenal_hormones"", ""tool"": ""request_lab""}]",critical,,,,
RE8E4E9DF35EA,primary,expected_action,a2,"[{""code_or_concept"": ""adrenal_ct"", ""tool"": ""request_imaging""}]",recommended,,,,
RE8E4E9DF35EA,second,expected_action,a2,"[{""code_or_concept"": ""adrenal_ct"", ""tool"": ""request_imaging""}]",recommended,,,,
RE8E4E9DF35EA,consensus,expected_action,a2,"[{""code_or_concept"": ""adrenal_ct"", ""tool"": ""request_imaging""}]",recommended,,,,
RE8E4E9DF35EA,primary,expected_action,a3,"[{""code_or_concept"": ""adrenal_biopsy"", ""tool"": ""request_procedure""}]",optional,,,,
RE8E4E9DF35EA,second,expected_action,a3,"[{""code_or_concept"": ""adrenal_biopsy"", ""tool"": ""request_procedure""}]",optional,,,,
RE8E4E9DF35EA,consensus,expected_action,a3,"[{""code_or_concept"": ""adrenal_biopsy"", ""tool"": ""request_procedure""}]",optional,,,,
RE8E4E9DF35EA,primary,expected_action,a4,"[{""code_or_concept"": ""adrenal_tb_pcr"", ""tool"": ""request_microbiology""}]",optional,,,,
RE8E4E9DF35EA,second,expected_action,a4,"[{""code_or_concept"": ""adrenal_tb_pcr"", ""tool"": ""request_microbiology""}]",optional,,,,
RE8E4E9DF35EA,consensus,expected_action,a4,"[{""code_or_concept"": ""adrenal_tb_pcr"", ""tool"": ""request_microbiology""}]",optional,,,,
RE8E4E9DF35EA,primary,expected_action,a5,"[{""code_or_concept"": ""hydrocortisone"", ""tool"": ""prescribe_medication""}]",critical,,,,
RE8E4E9DF35EA,second,expected_action,a5,"[{""code_or_concept"": ""hydrocortisone"", ""tool"": ""prescribe_medication""}]",critical,,,,
RE8E4E9DF35EA,consensus,expected_action,a5,"[{""code_or_concept"": ""hydrocortisone"", ""tool"": ""prescribe_medication""}]",critical,,,,
RE8E4E9DF35EA,primary,safety,s1,Recognize primary adrenal insufficiency and risk of adrenal crisis under stress.,unspecified,,,,
RE8E4E9DF35EA,second,safety,s1,Recognize primary adrenal insufficiency and risk of adrenal crisis under stress.,unspecified,,,,
RE8E4E9DF35EA,consensus,safety,s1,Recognize primary adrenal insufficiency and risk of adrenal crisis under stress.,unspecified,,,,
RE8E4E9DF35EA,primary,safety,s2,Do not assume negative acid-fast stain excludes tuberculosis.,unspecified,,,,
RE8E4E9DF35EA,second,safety,s2,Do not assume negative acid-fast stain excludes tuberculosis.,unspecified,,,,
RE8E4E9DF35EA,consensus,safety,s2,Do not assume negative acid-fast stain excludes tuberculosis.,unspecified,,,,
RE8E4E9DF35EA,primary,safety,s3,Antituberculous regimen in source is descriptive; independent guideline review is needed before rating as standard.,unspecified,,,,
RE8E4E9DF35EA,second,safety,s3,Antituberculous regimen in source is descriptive; independent guideline review is needed before rating as standard.,unspecified,,,,
RE8E4E9DF35EA,consensus,safety,s3,Antituberculous regimen in source is descriptive; independent guideline review is needed before rating as standard.,unspecified,,,,
RE8E4E9DF35EA,primary,safety,s4,"Before adrenal biopsy, assess hormonal activity and exclude pheochromocytoma; if the source does not report this, mark unknown rather than safe by default.",unspecified,,,,
RE8E4E9DF35EA,second,safety,s4,"Before adrenal biopsy, assess hormonal activity and exclude pheochromocytoma; if the source does not report this, mark unknown rather than safe by default.",unspecified,,,,
RE8E4E9DF35EA,consensus,safety,s4,"Before adrenal biopsy, assess hormonal activity and exclude pheochromocytoma; if the source does not report this, mark unknown rather than safe by default.",unspecified,,,,
R0059718BCBF8,primary,expected_action,a1,"[{""code_or_concept"": ""pregnancy_test"", ""tool"": ""request_lab""}]",critical,,,,
R0059718BCBF8,second,expected_action,a1,"[{""code_or_concept"": ""pregnancy_test"", ""tool"": ""request_lab""}]",critical,,,,
R0059718BCBF8,consensus,expected_action,a1,"[{""code_or_concept"": ""pregnancy_test"", ""tool"": ""request_lab""}]",critical,,,,
R0059718BCBF8,primary,expected_action,a2,"[{""code_or_concept"": ""pelvic_ultrasound"", ""tool"": ""request_imaging""}]",critical,,,,
R0059718BCBF8,second,expected_action,a2,"[{""code_or_concept"": ""pelvic_ultrasound"", ""tool"": ""request_imaging""}]",critical,,,,
R0059718BCBF8,consensus,expected_action,a2,"[{""code_or_concept"": ""pelvic_ultrasound"", ""tool"": ""request_imaging""}]",critical,,,,
R0059718BCBF8,primary,expected_action,a3,"[{""code_or_concept"": ""laparoscopy"", ""tool"": ""request_procedure""}]",critical,,,,
R0059718BCBF8,second,expected_action,a3,"[{""code_or_concept"": ""laparoscopy"", ""tool"": ""request_procedure""}]",critical,,,,
R0059718BCBF8,consensus,expected_action,a3,"[{""code_or_concept"": ""laparoscopy"", ""tool"": ""request_procedure""}]",critical,,,,
R0059718BCBF8,primary,expected_action,a4,"[{""code_or_concept"": ""surgery"", ""tool"": ""disposition""}]",critical,,,,
R0059718BCBF8,second,expected_action,a4,"[{""code_or_concept"": ""surgery"", ""tool"": ""disposition""}]",critical,,,,
R0059718BCBF8,consensus,expected_action,a4,"[{""code_or_concept"": ""surgery"", ""tool"": ""disposition""}]",critical,,,,
R0059718BCBF8,primary,safety,s1,Pregnancy test is essential in reproductive-age patient with abdominal pain.,unspecified,,,,
R0059718BCBF8,second,safety,s1,Pregnancy test is essential in reproductive-age patient with abdominal pain.,unspecified,,,,
R0059718BCBF8,consensus,safety,s1,Pregnancy test is essential in reproductive-age patient with abdominal pain.,unspecified,,,,
R0059718BCBF8,primary,safety,s2,"No intrauterine pregnancy with hCG around 10,130 IU/L requires urgent ectopic pregnancy evaluation.",unspecified,,,,
R0059718BCBF8,second,safety,s2,"No intrauterine pregnancy with hCG around 10,130 IU/L requires urgent ectopic pregnancy evaluation.",unspecified,,,,
R0059718BCBF8,consensus,safety,s2,"No intrauterine pregnancy with hCG around 10,130 IU/L requires urgent ectopic pregnancy evaluation.",unspecified,,,,
R0059718BCBF8,primary,safety,s3,Hemorrhage and vascular implantation favor surgical planning with bleeding preparedness.,unspecified,,,,
R0059718BCBF8,second,safety,s3,Hemorrhage and vascular implantation favor surgical planning with bleeding preparedness.,unspecified,,,,
R0059718BCBF8,consensus,safety,s3,Hemorrhage and vascular implantation favor surgical planning with bleeding preparedness.,unspecified,,,,
R3FD8C373E507,primary,expected_action,a1,"[{""code_or_concept"": ""chest_xray"", ""tool"": ""request_imaging""}]",recommended,,,,
R3FD8C373E507,second,expected_action,a1,"[{""code_or_concept"": ""chest_xray"", ""tool"": ""request_imaging""}]",recommended,,,,
R3FD8C373E507,consensus,expected_action,a1,"[{""code_or_concept"": ""chest_xray"", ""tool"": ""request_imaging""}]",recommended,,,,
R3FD8C373E507,primary,expected_action,a2,"[{""code_or_concept"": ""thoracentesis"", ""tool"": ""request_procedure""}]",critical,,,,
R3FD8C373E507,second,expected_action,a2,"[{""code_or_concept"": ""thoracentesis"", ""tool"": ""request_procedure""}]",critical,,,,
R3FD8C373E507,consensus,expected_action,a2,"[{""code_or_concept"": ""thoracentesis"", ""tool"": ""request_procedure""}]",critical,,,,
R3FD8C373E507,primary,expected_action,a3,"[{""code_or_concept"": ""pleural_fluid"", ""tool"": ""request_lab""}]",critical,,,,
R3FD8C373E507,second,expected_action,a3,"[{""code_or_concept"": ""pleural_fluid"", ""tool"": ""request_lab""}]",critical,,,,
R3FD8C373E507,consensus,expected_action,a3,"[{""code_or_concept"": ""pleural_fluid"", ""tool"": ""request_lab""}]",critical,,,,
R3FD8C373E507,primary,expected_action,a4,"[{""code_or_concept"": ""ct_chest"", ""tool"": ""request_imaging""}]",recommended,,,,
R3FD8C373E507,second,expected_action,a4,"[{""code_or_concept"": ""ct_chest"", ""tool"": ""request_imaging""}]",recommended,,,,
R3FD8C373E507,consensus,expected_action,a4,"[{""code_or_concept"": ""ct_chest"", ""tool"": ""request_imaging""}]",recommended,,,,
R3FD8C373E507,primary,expected_action,a5,"[{""code_or_concept"": ""ebus_biopsy"", ""tool"": ""request_procedure""}]",recommended,,,,
R3FD8C373E507,second,expected_action,a5,"[{""code_or_concept"": ""ebus_biopsy"", ""tool"": ""request_procedure""}]",recommended,,,,
R3FD8C373E507,consensus,expected_action,a5,"[{""code_or_concept"": ""ebus_biopsy"", ""tool"": ""request_procedure""}]",recommended,,,,
R3FD8C373E507,primary,safety,s1,Symptomatic recurrent pleural effusion needs drainage and assessment of cause.,unspecified,,,,
R3FD8C373E507,second,safety,s1,Symptomatic recurrent pleural effusion needs drainage and assessment of cause.,unspecified,,,,
R3FD8C373E507,consensus,safety,s1,Symptomatic recurrent pleural effusion needs drainage and assessment of cause.,unspecified,,,,
R3FD8C373E507,primary,safety,s2,Negative pleural cytology does not rule out thoracic malignancy.,unspecified,,,,
R3FD8C373E507,second,safety,s2,Negative pleural cytology does not rule out thoracic malignancy.,unspecified,,,,
R3FD8C373E507,consensus,safety,s2,Negative pleural cytology does not rule out thoracic malignancy.,unspecified,,,,
R3FD8C373E507,primary,safety,s3,Long-term chyle drainage raises nutritional and immune concerns.,unspecified,,,,
R3FD8C373E507,second,safety,s3,Long-term chyle drainage raises nutritional and immune concerns.,unspecified,,,,
R3FD8C373E507,consensus,safety,s3,Long-term chyle drainage raises nutritional and immune concerns.,unspecified,,,,
R7E89F1DFFACC,primary,expected_action,a1,"[{""code_or_concept"": ""ct_chest"", ""tool"": ""request_imaging""}]",recommended,,,,
R7E89F1DFFACC,second,expected_action,a1,"[{""code_or_concept"": ""ct_chest"", ""tool"": ""request_imaging""}]",recommended,,,,
R7E89F1DFFACC,consensus,expected_action,a1,"[{""code_or_concept"": ""ct_chest"", ""tool"": ""request_imaging""}]",recommended,,,,
R7E89F1DFFACC,primary,expected_action,a2,"[{""code_or_concept"": ""thoracentesis"", ""tool"": ""request_procedure""}]",critical,,,,
R7E89F1DFFACC,second,expected_action,a2,"[{""code_or_concept"": ""thoracentesis"", ""tool"": ""request_procedure""}]",critical,,,,
R7E89F1DFFACC,consensus,expected_action,a2,"[{""code_or_concept"": ""thoracentesis"", ""tool"": ""request_procedure""}]",critical,,,,
R7E89F1DFFACC,primary,expected_action,a3,"[{""code_or_concept"": ""pleural_biopsy"", ""tool"": ""request_procedure""}]",recommended,,,,
R7E89F1DFFACC,second,expected_action,a3,"[{""code_or_concept"": ""pleural_biopsy"", ""tool"": ""request_procedure""}]",recommended,,,,
R7E89F1DFFACC,consensus,expected_action,a3,"[{""code_or_concept"": ""pleural_biopsy"", ""tool"": ""request_procedure""}]",recommended,,,,
R7E89F1DFFACC,primary,expected_action,a4,"[{""code_or_concept"": ""tumor_genetics"", ""tool"": ""request_ecg_or_test""}]",recommended,,,,
R7E89F1DFFACC,second,expected_action,a4,"[{""code_or_concept"": ""tumor_genetics"", ""tool"": ""request_ecg_or_test""}]",recommended,,,,
R7E89F1DFFACC,consensus,expected_action,a4,"[{""code_or_concept"": ""tumor_genetics"", ""tool"": ""request_ecg_or_test""}]",recommended,,,,
R7E89F1DFFACC,primary,safety,s1,Do not conclude mesothelioma from asbestos history and CT alone; obtain cytology and tissue with immunophenotyping.,unspecified,,,,
R7E89F1DFFACC,second,safety,s1,Do not conclude mesothelioma from asbestos history and CT alone; obtain cytology and tissue with immunophenotyping.,unspecified,,,,
R7E89F1DFFACC,consensus,safety,s1,Do not conclude mesothelioma from asbestos history and CT alone; obtain cytology and tissue with immunophenotyping.,unspecified,,,,
R7E89F1DFFACC,primary,safety,s2,Account for baseline interstitial lung disease when weighing immunotherapy pneumonitis risk.,unspecified,,,,
R7E89F1DFFACC,second,safety,s2,Account for baseline interstitial lung disease when weighing immunotherapy pneumonitis risk.,unspecified,,,,
R7E89F1DFFACC,consensus,safety,s2,Account for baseline interstitial lung disease when weighing immunotherapy pneumonitis risk.,unspecified,,,,
RDEAF5F523C26,primary,expected_action,a1,"[{""code_or_concept"": ""adrenal_hormones"", ""tool"": ""request_lab""}]",critical,,,,
RDEAF5F523C26,second,expected_action,a1,"[{""code_or_concept"": ""adrenal_hormones"", ""tool"": ""request_lab""}]",critical,,,,
RDEAF5F523C26,consensus,expected_action,a1,"[{""code_or_concept"": ""adrenal_hormones"", ""tool"": ""request_lab""}]",critical,,,,
RDEAF5F523C26,primary,expected_action,a2,"[{""code_or_concept"": ""adrenal_ct"", ""tool"": ""request_imaging""}]",recommended,,,,
RDEAF5F523C26,second,expected_action,a2,"[{""code_or_concept"": ""adrenal_ct"", ""tool"": ""request_imaging""}]",recommended,,,,
RDEAF5F523C26,consensus,expected_action,a2,"[{""code_or_concept"": ""adrenal_ct"", ""tool"": ""request_imaging""}]",recommended,,,,
RDEAF5F523C26,primary,expected_action,a3,"[{""code_or_concept"": ""adrenal_biopsy"", ""tool"": ""request_procedure""}]",optional,,,,
RDEAF5F523C26,second,expected_action,a3,"[{""code_or_concept"": ""adrenal_biopsy"", ""tool"": ""request_procedure""}]",optional,,,,
RDEAF5F523C26,consensus,expected_action,a3,"[{""code_or_concept"": ""adrenal_biopsy"", ""tool"": ""request_procedure""}]",optional,,,,
RDEAF5F523C26,primary,expected_action,a4,"[{""code_or_concept"": ""adrenal_tb_pcr"", ""tool"": ""request_microbiology""}]",optional,,,,
RDEAF5F523C26,second,expected_action,a4,"[{""code_or_concept"": ""adrenal_tb_pcr"", ""tool"": ""request_microbiology""}]",optional,,,,
RDEAF5F523C26,consensus,expected_action,a4,"[{""code_or_concept"": ""adrenal_tb_pcr"", ""tool"": ""request_microbiology""}]",optional,,,,
RDEAF5F523C26,primary,expected_action,a5,"[{""code_or_concept"": ""hydrocortisone"", ""tool"": ""prescribe_medication""}]",critical,,,,
RDEAF5F523C26,second,expected_action,a5,"[{""code_or_concept"": ""hydrocortisone"", ""tool"": ""prescribe_medication""}]",critical,,,,
RDEAF5F523C26,consensus,expected_action,a5,"[{""code_or_concept"": ""hydrocortisone"", ""tool"": ""prescribe_medication""}]",critical,,,,
RDEAF5F523C26,primary,safety,s1,Recognize primary adrenal insufficiency and risk of adrenal crisis under stress.,unspecified,,,,
RDEAF5F523C26,second,safety,s1,Recognize primary adrenal insufficiency and risk of adrenal crisis under stress.,unspecified,,,,
RDEAF5F523C26,consensus,safety,s1,Recognize primary adrenal insufficiency and risk of adrenal crisis under stress.,unspecified,,,,
RDEAF5F523C26,primary,safety,s2,Do not assume negative acid-fast stain excludes tuberculosis.,unspecified,,,,
RDEAF5F523C26,second,safety,s2,Do not assume negative acid-fast stain excludes tuberculosis.,unspecified,,,,
RDEAF5F523C26,consensus,safety,s2,Do not assume negative acid-fast stain excludes tuberculosis.,unspecified,,,,
RDEAF5F523C26,primary,safety,s3,Antituberculous regimen in source is descriptive; independent guideline review is needed before rating as standard.,unspecified,,,,
RDEAF5F523C26,second,safety,s3,Antituberculous regimen in source is descriptive; independent guideline review is needed before rating as standard.,unspecified,,,,
RDEAF5F523C26,consensus,safety,s3,Antituberculous regimen in source is descriptive; independent guideline review is needed before rating as standard.,unspecified,,,,
RDEAF5F523C26,primary,safety,s4,"Before adrenal biopsy, assess hormonal activity and exclude pheochromocytoma; if the source does not report this, mark unknown rather than safe by default.",unspecified,,,,
RDEAF5F523C26,second,safety,s4,"Before adrenal biopsy, assess hormonal activity and exclude pheochromocytoma; if the source does not report this, mark unknown rather than safe by default.",unspecified,,,,
RDEAF5F523C26,consensus,safety,s4,"Before adrenal biopsy, assess hormonal activity and exclude pheochromocytoma; if the source does not report this, mark unknown rather than safe by default.",unspecified,,,,
RBF390978DB0E,primary,expected_action,a1,"[{""code_or_concept"": ""chest_xray"", ""tool"": ""request_imaging""}]",recommended,,,,
RBF390978DB0E,second,expected_action,a1,"[{""code_or_concept"": ""chest_xray"", ""tool"": ""request_imaging""}]",recommended,,,,
RBF390978DB0E,consensus,expected_action,a1,"[{""code_or_concept"": ""chest_xray"", ""tool"": ""request_imaging""}]",recommended,,,,
RBF390978DB0E,primary,expected_action,a2,"[{""code_or_concept"": ""thoracentesis"", ""tool"": ""request_procedure""}]",critical,,,,
RBF390978DB0E,second,expected_action,a2,"[{""code_or_concept"": ""thoracentesis"", ""tool"": ""request_procedure""}]",critical,,,,
RBF390978DB0E,consensus,expected_action,a2,"[{""code_or_concept"": ""thoracentesis"", ""tool"": ""request_procedure""}]",critical,,,,
RBF390978DB0E,primary,expected_action,a3,"[{""code_or_concept"": ""pleural_fluid"", ""tool"": ""request_lab""}]",critical,,,,
RBF390978DB0E,second,expected_action,a3,"[{""code_or_concept"": ""pleural_fluid"", ""tool"": ""request_lab""}]",critical,,,,
RBF390978DB0E,consensus,expected_action,a3,"[{""code_or_concept"": ""pleural_fluid"", ""tool"": ""request_lab""}]",critical,,,,
RBF390978DB0E,primary,expected_action,a4,"[{""code_or_concept"": ""ct_chest"", ""tool"": ""request_imaging""}]",recommended,,,,
RBF390978DB0E,second,expected_action,a4,"[{""code_or_concept"": ""ct_chest"", ""tool"": ""request_imaging""}]",recommended,,,,
RBF390978DB0E,consensus,expected_action,a4,"[{""code_or_concept"": ""ct_chest"", ""tool"": ""request_imaging""}]",recommended,,,,
RBF390978DB0E,primary,expected_action,a5,"[{""code_or_concept"": ""ebus_biopsy"", ""tool"": ""request_procedure""}]",recommended,,,,
RBF390978DB0E,second,expected_action,a5,"[{""code_or_concept"": ""ebus_biopsy"", ""tool"": ""request_procedure""}]",recommended,,,,
RBF390978DB0E,consensus,expected_action,a5,"[{""code_or_concept"": ""ebus_biopsy"", ""tool"": ""request_procedure""}]",recommended,,,,
RBF390978DB0E,primary,safety,s1,Symptomatic recurrent pleural effusion needs drainage and assessment of cause.,unspecified,,,,
RBF390978DB0E,second,safety,s1,Symptomatic recurrent pleural effusion needs drainage and assessment of cause.,unspecified,,,,
RBF390978DB0E,consensus,safety,s1,Symptomatic recurrent pleural effusion needs drainage and assessment of cause.,unspecified,,,,
RBF390978DB0E,primary,safety,s2,Negative pleural cytology does not rule out thoracic malignancy.,unspecified,,,,
RBF390978DB0E,second,safety,s2,Negative pleural cytology does not rule out thoracic malignancy.,unspecified,,,,
RBF390978DB0E,consensus,safety,s2,Negative pleural cytology does not rule out thoracic malignancy.,unspecified,,,,
RBF390978DB0E,primary,safety,s3,Long-term chyle drainage raises nutritional and immune concerns.,unspecified,,,,
RBF390978DB0E,second,safety,s3,Long-term chyle drainage raises nutritional and immune concerns.,unspecified,,,,
RBF390978DB0E,consensus,safety,s3,Long-term chyle drainage raises nutritional and immune concerns.,unspecified,,,,
RC9D868A70A66,primary,expected_action,a1,"[{""code_or_concept"": ""neurologic"", ""tool"": ""request_physical_exam""}]",critical,,,,
RC9D868A70A66,second,expected_action,a1,"[{""code_or_concept"": ""neurologic"", ""tool"": ""request_physical_exam""}]",critical,,,,
RC9D868A70A66,consensus,expected_action,a1,"[{""code_or_concept"": ""neurologic"", ""tool"": ""request_physical_exam""}]",critical,,,,
RC9D868A70A66,primary,expected_action,a2,"[{""code_or_concept"": ""spine_mri"", ""tool"": ""request_imaging""}]",critical,,,,
RC9D868A70A66,second,expected_action,a2,"[{""code_or_concept"": ""spine_mri"", ""tool"": ""request_imaging""}]",critical,,,,
RC9D868A70A66,consensus,expected_action,a2,"[{""code_or_concept"": ""spine_mri"", ""tool"": ""request_imaging""}]",critical,,,,
RC9D868A70A66,primary,expected_action,a3,"[{""code_or_concept"": ""hematoma_evacuation"", ""tool"": ""request_procedure""}]",critical,,,,
RC9D868A70A66,second,expected_action,a3,"[{""code_or_concept"": ""hematoma_evacuation"", ""tool"": ""request_procedure""}]",critical,,,,
RC9D868A70A66,consensus,expected_action,a3,"[{""code_or_concept"": ""hematoma_evacuation"", ""tool"": ""request_procedure""}]",critical,,,,
RC9D868A70A66,primary,expected_action,a4,"[{""code_or_concept"": ""surgery"", ""tool"": ""disposition""}]",critical,,,,
RC9D868A70A66,second,expected_action,a4,"[{""code_or_concept"": ""surgery"", ""tool"": ""disposition""}]",critical,,,,
RC9D868A70A66,consensus,expected_action,a4,"[{""code_or_concept"": ""surgery"", ""tool"": ""disposition""}]",critical,,,,
RC9D868A70A66,primary,safety,s1,Treat evolving paraplegia and sphincter dysfunction as spinal emergency.,unspecified,,,,
RC9D868A70A66,second,safety,s1,Treat evolving paraplegia and sphincter dysfunction as spinal emergency.,unspecified,,,,
RC9D868A70A66,consensus,safety,s1,Treat evolving paraplegia and sphincter dysfunction as spinal emergency.,unspecified,,,,
RC9D868A70A66,primary,safety,s2,Urgent spine MRI and neurosurgical consultation.,unspecified,,,,
RC9D868A70A66,second,safety,s2,Urgent spine MRI and neurosurgical consultation.,unspecified,,,,
RC9D868A70A66,consensus,safety,s2,Urgent spine MRI and neurosurgical consultation.,unspecified,,,,
RC9D868A70A66,primary,safety,s3,Avoid empiric thrombolysis for presumed stroke without localization; anticoagulation may worsen hematoma.,unspecified,,,,
RC9D868A70A66,second,safety,s3,Avoid empiric thrombolysis for presumed stroke without localization; anticoagulation may worsen hematoma.,unspecified,,,,
RC9D868A70A66,consensus,safety,s3,Avoid empiric thrombolysis for presumed stroke without localization; anticoagulation may worsen hematoma.,unspecified,,,,
R6AC0FE3120B5,primary,expected_action,a1,"[{""code_or_concept"": ""echo"", ""tool"": ""request_ecg_or_test""}]",critical,,,,
R6AC0FE3120B5,second,expected_action,a1,"[{""code_or_concept"": ""echo"", ""tool"": ""request_ecg_or_test""}]",critical,,,,
R6AC0FE3120B5,consensus,expected_action,a1,"[{""code_or_concept"": ""echo"", ""tool"": ""request_ecg_or_test""}]",critical,,,,
R6AC0FE3120B5,primary,expected_action,a2,"[{""code_or_concept"": ""pericardiocentesis"", ""tool"": ""request_procedure""}]",critical,,,,
R6AC0FE3120B5,second,expected_action,a2,"[{""code_or_concept"": ""pericardiocentesis"", ""tool"": ""request_procedure""}]",critical,,,,
R6AC0FE3120B5,consensus,expected_action,a2,"[{""code_or_concept"": ""pericardiocentesis"", ""tool"": ""request_procedure""}]",critical,,,,
R6AC0FE3120B5,primary,expected_action,a3,"[{""code_or_concept"": ""coronary_angiography"", ""tool"": ""request_imaging""}, {""code_or_concept"": ""coronary_angiography"", ""tool"": ""request_procedure""}]",critical,,,,
R6AC0FE3120B5,second,expected_action,a3,"[{""code_or_concept"": ""coronary_angiography"", ""tool"": ""request_imaging""}, {""code_or_concept"": ""coronary_angiography"", ""tool"": ""request_procedure""}]",critical,,,,
R6AC0FE3120B5,consensus,expected_action,a3,"[{""code_or_concept"": ""coronary_angiography"", ""tool"": ""request_imaging""}, {""code_or_concept"": ""coronary_angiography"", ""tool"": ""request_procedure""}]",critical,,,,
R6AC0FE3120B5,primary,expected_action,a4,"[{""code_or_concept"": ""covered_stent"", ""tool"": ""request_procedure""}]",optional,,,,
R6AC0FE3120B5,second,expected_action,a4,"[{""code_or_concept"": ""covered_stent"", ""tool"": ""request_procedure""}]",optional,,,,
R6AC0FE3120B5,consensus,expected_action,a4,"[{""code_or_concept"": ""covered_stent"", ""tool"": ""request_procedure""}]",optional,,,,
R6AC0FE3120B5,primary,expected_action,a5,"[{""code_or_concept"": ""antibiotics"", ""tool"": ""prescribe_medication""}]",critical,,,,
R6AC0FE3120B5,second,expected_action,a5,"[{""code_or_concept"": ""antibiotics"", ""tool"": ""prescribe_medication""}]",critical,,,,
R6AC0FE3120B5,consensus,expected_action,a5,"[{""code_or_concept"": ""antibiotics"", ""tool"": ""prescribe_medication""}]",critical,,,,
R6AC0FE3120B5,primary,expected_action,a6,"[{""code_or_concept"": ""ICU"", ""tool"": ""disposition""}, {""code_or_concept"": ""surgery"", ""tool"": ""disposition""}]",recommended,,,,
R6AC0FE3120B5,second,expected_action,a6,"[{""code_or_concept"": ""ICU"", ""tool"": ""disposition""}, {""code_or_concept"": ""surgery"", ""tool"": ""disposition""}]",recommended,,,,
R6AC0FE3120B5,consensus,expected_action,a6,"[{""code_or_concept"": ""ICU"", ""tool"": ""disposition""}, {""code_or_concept"": ""surgery"", ""tool"": ""disposition""}]",recommended,,,,
R6AC0FE3120B5,primary,safety,s1,Recognize tamponade and shock; urgent drainage.,unspecified,,,,
R6AC0FE3120B5,second,safety,s1,Recognize tamponade and shock; urgent drainage.,unspecified,,,,
R6AC0FE3120B5,consensus,safety,s1,Recognize tamponade and shock; urgent drainage.,unspecified,,,,
R6AC0FE3120B5,primary,safety,s2,Avoid delay in coronary and structural evaluation after stabilization.,unspecified,,,,
R6AC0FE3120B5,second,safety,s2,Avoid delay in coronary and structural evaluation after stabilization.,unspecified,,,,
R6AC0FE3120B5,consensus,safety,s2,Avoid delay in coronary and structural evaluation after stabilization.,unspecified,,,,
R6AC0FE3120B5,primary,safety,s3,Account for active infection and dialysis in medication and procedure decisions.,unspecified,,,,
R6AC0FE3120B5,second,safety,s3,Account for active infection and dialysis in medication and procedure decisions.,unspecified,,,,
R6AC0FE3120B5,consensus,safety,s3,Account for active infection and dialysis in medication and procedure decisions.,unspecified,,,,
R8B60E54D0473,primary,expected_action,a1,"[{""code_or_concept"": ""adrenal_hormones"", ""tool"": ""request_lab""}]",critical,,,,
R8B60E54D0473,second,expected_action,a1,"[{""code_or_concept"": ""adrenal_hormones"", ""tool"": ""request_lab""}]",critical,,,,
R8B60E54D0473,consensus,expected_action,a1,"[{""code_or_concept"": ""adrenal_hormones"", ""tool"": ""request_lab""}]",critical,,,,
R8B60E54D0473,primary,expected_action,a2,"[{""code_or_concept"": ""adrenal_ct"", ""tool"": ""request_imaging""}]",recommended,,,,
R8B60E54D0473,second,expected_action,a2,"[{""code_or_concept"": ""adrenal_ct"", ""tool"": ""request_imaging""}]",recommended,,,,
R8B60E54D0473,consensus,expected_action,a2,"[{""code_or_concept"": ""adrenal_ct"", ""tool"": ""request_imaging""}]",recommended,,,,
R8B60E54D0473,primary,expected_action,a3,"[{""code_or_concept"": ""adrenal_biopsy"", ""tool"": ""request_procedure""}]",optional,,,,
R8B60E54D0473,second,expected_action,a3,"[{""code_or_concept"": ""adrenal_biopsy"", ""tool"": ""request_procedure""}]",optional,,,,
R8B60E54D0473,consensus,expected_action,a3,"[{""code_or_concept"": ""adrenal_biopsy"", ""tool"": ""request_procedure""}]",optional,,,,
R8B60E54D0473,primary,expected_action,a4,"[{""code_or_concept"": ""adrenal_tb_pcr"", ""tool"": ""request_microbiology""}]",optional,,,,
R8B60E54D0473,second,expected_action,a4,"[{""code_or_concept"": ""adrenal_tb_pcr"", ""tool"": ""request_microbiology""}]",optional,,,,
R8B60E54D0473,consensus,expected_action,a4,"[{""code_or_concept"": ""adrenal_tb_pcr"", ""tool"": ""request_microbiology""}]",optional,,,,
R8B60E54D0473,primary,expected_action,a5,"[{""code_or_concept"": ""hydrocortisone"", ""tool"": ""prescribe_medication""}]",critical,,,,
R8B60E54D0473,second,expected_action,a5,"[{""code_or_concept"": ""hydrocortisone"", ""tool"": ""prescribe_medication""}]",critical,,,,
R8B60E54D0473,consensus,expected_action,a5,"[{""code_or_concept"": ""hydrocortisone"", ""tool"": ""prescribe_medication""}]",critical,,,,
R8B60E54D0473,primary,safety,s1,Recognize primary adrenal insufficiency and risk of adrenal crisis under stress.,unspecified,,,,
R8B60E54D0473,second,safety,s1,Recognize primary adrenal insufficiency and risk of adrenal crisis under stress.,unspecified,,,,
R8B60E54D0473,consensus,safety,s1,Recognize primary adrenal insufficiency and risk of adrenal crisis under stress.,unspecified,,,,
R8B60E54D0473,primary,safety,s2,Do not assume negative acid-fast stain excludes tuberculosis.,unspecified,,,,
R8B60E54D0473,second,safety,s2,Do not assume negative acid-fast stain excludes tuberculosis.,unspecified,,,,
R8B60E54D0473,consensus,safety,s2,Do not assume negative acid-fast stain excludes tuberculosis.,unspecified,,,,
R8B60E54D0473,primary,safety,s3,Antituberculous regimen in source is descriptive; independent guideline review is needed before rating as standard.,unspecified,,,,
R8B60E54D0473,second,safety,s3,Antituberculous regimen in source is descriptive; independent guideline review is needed before rating as standard.,unspecified,,,,
R8B60E54D0473,consensus,safety,s3,Antituberculous regimen in source is descriptive; independent guideline review is needed before rating as standard.,unspecified,,,,
R8B60E54D0473,primary,safety,s4,"Before adrenal biopsy, assess hormonal activity and exclude pheochromocytoma; if the source does not report this, mark unknown rather than safe by default.",unspecified,,,,
R8B60E54D0473,second,safety,s4,"Before adrenal biopsy, assess hormonal activity and exclude pheochromocytoma; if the source does not report this, mark unknown rather than safe by default.",unspecified,,,,
R8B60E54D0473,consensus,safety,s4,"Before adrenal biopsy, assess hormonal activity and exclude pheochromocytoma; if the source does not report this, mark unknown rather than safe by default.",unspecified,,,,
RD77D6319288E,primary,expected_action,a1,"[{""code_or_concept"": ""ct_abdomen"", ""tool"": ""request_imaging""}]",critical,,,,
RD77D6319288E,second,expected_action,a1,"[{""code_or_concept"": ""ct_abdomen"", ""tool"": ""request_imaging""}]",critical,,,,
RD77D6319288E,consensus,expected_action,a1,"[{""code_or_concept"": ""ct_abdomen"", ""tool"": ""request_imaging""}]",critical,,,,
RD77D6319288E,primary,expected_action,a2,"[{""code_or_concept"": ""laparotomy"", ""tool"": ""request_procedure""}]",critical,,,,
RD77D6319288E,second,expected_action,a2,"[{""code_or_concept"": ""laparotomy"", ""tool"": ""request_procedure""}]",critical,,,,
RD77D6319288E,consensus,expected_action,a2,"[{""code_or_concept"": ""laparotomy"", ""tool"": ""request_procedure""}]",critical,,,,
RD77D6319288E,primary,expected_action,a3,"[{""code_or_concept"": ""antibiotics"", ""tool"": ""prescribe_medication""}]",critical,,,,
RD77D6319288E,second,expected_action,a3,"[{""code_or_concept"": ""antibiotics"", ""tool"": ""prescribe_medication""}]",critical,,,,
RD77D6319288E,consensus,expected_action,a3,"[{""code_or_concept"": ""antibiotics"", ""tool"": ""prescribe_medication""}]",critical,,,,
RD77D6319288E,primary,expected_action,a4,"[{""code_or_concept"": ""ICU"", ""tool"": ""disposition""}]",recommended,,,,
RD77D6319288E,second,expected_action,a4,"[{""code_or_concept"": ""ICU"", ""tool"": ""disposition""}]",recommended,,,,
RD77D6319288E,consensus,expected_action,a4,"[{""code_or_concept"": ""ICU"", ""tool"": ""disposition""}]",recommended,,,,
RD77D6319288E,primary,safety,s1,Do not delay urgent source control for microbiology.,unspecified,,,,
RD77D6319288E,second,safety,s1,Do not delay urgent source control for microbiology.,unspecified,,,,
RD77D6319288E,consensus,safety,s1,Do not delay urgent source control for microbiology.,unspecified,,,,
RD77D6319288E,primary,safety,s2,Research cfDNA result was retrospective and must not be given to the agent during acute management.,unspecified,,,,
RD77D6319288E,second,safety,s2,Research cfDNA result was retrospective and must not be given to the agent during acute management.,unspecified,,,,
RD77D6319288E,consensus,safety,s2,Research cfDNA result was retrospective and must not be given to the agent during acute management.,unspecified,,,,
R12FAA6EBBDE9,primary,expected_action,a1,"[{""code_or_concept"": ""adrenal_hormones"", ""tool"": ""request_lab""}]",critical,,,,
R12FAA6EBBDE9,second,expected_action,a1,"[{""code_or_concept"": ""adrenal_hormones"", ""tool"": ""request_lab""}]",critical,,,,
R12FAA6EBBDE9,consensus,expected_action,a1,"[{""code_or_concept"": ""adrenal_hormones"", ""tool"": ""request_lab""}]",critical,,,,
R12FAA6EBBDE9,primary,expected_action,a2,"[{""code_or_concept"": ""adrenal_ct"", ""tool"": ""request_imaging""}]",recommended,,,,
R12FAA6EBBDE9,second,expected_action,a2,"[{""code_or_concept"": ""adrenal_ct"", ""tool"": ""request_imaging""}]",recommended,,,,
R12FAA6EBBDE9,consensus,expected_action,a2,"[{""code_or_concept"": ""adrenal_ct"", ""tool"": ""request_imaging""}]",recommended,,,,
R12FAA6EBBDE9,primary,expected_action,a3,"[{""code_or_concept"": ""adrenal_biopsy"", ""tool"": ""request_procedure""}]",optional,,,,
R12FAA6EBBDE9,second,expected_action,a3,"[{""code_or_concept"": ""adrenal_biopsy"", ""tool"": ""request_procedure""}]",optional,,,,
R12FAA6EBBDE9,consensus,expected_action,a3,"[{""code_or_concept"": ""adrenal_biopsy"", ""tool"": ""request_procedure""}]",optional,,,,
R12FAA6EBBDE9,primary,expected_action,a4,"[{""code_or_concept"": ""adrenal_tb_pcr"", ""tool"": ""request_microbiology""}]",optional,,,,
R12FAA6EBBDE9,second,expected_action,a4,"[{""code_or_concept"": ""adrenal_tb_pcr"", ""tool"": ""request_microbiology""}]",optional,,,,
R12FAA6EBBDE9,consensus,expected_action,a4,"[{""code_or_concept"": ""adrenal_tb_pcr"", ""tool"": ""request_microbiology""}]",optional,,,,
R12FAA6EBBDE9,primary,expected_action,a5,"[{""code_or_concept"": ""hydrocortisone"", ""tool"": ""prescribe_medication""}]",critical,,,,
R12FAA6EBBDE9,second,expected_action,a5,"[{""code_or_concept"": ""hydrocortisone"", ""tool"": ""prescribe_medication""}]",critical,,,,
R12FAA6EBBDE9,consensus,expected_action,a5,"[{""code_or_concept"": ""hydrocortisone"", ""tool"": ""prescribe_medication""}]",critical,,,,
R12FAA6EBBDE9,primary,safety,s1,Recognize primary adrenal insufficiency and risk of adrenal crisis under stress.,unspecified,,,,
R12FAA6EBBDE9,second,safety,s1,Recognize primary adrenal insufficiency and risk of adrenal crisis under stress.,unspecified,,,,
R12FAA6EBBDE9,consensus,safety,s1,Recognize primary adrenal insufficiency and risk of adrenal crisis under stress.,unspecified,,,,
R12FAA6EBBDE9,primary,safety,s2,Do not assume negative acid-fast stain excludes tuberculosis.,unspecified,,,,
R12FAA6EBBDE9,second,safety,s2,Do not assume negative acid-fast stain excludes tuberculosis.,unspecified,,,,
R12FAA6EBBDE9,consensus,safety,s2,Do not assume negative acid-fast stain excludes tuberculosis.,unspecified,,,,
R12FAA6EBBDE9,primary,safety,s3,Antituberculous regimen in source is descriptive; independent guideline review is needed before rating as standard.,unspecified,,,,
R12FAA6EBBDE9,second,safety,s3,Antituberculous regimen in source is descriptive; independent guideline review is needed before rating as standard.,unspecified,,,,
R12FAA6EBBDE9,consensus,safety,s3,Antituberculous regimen in source is descriptive; independent guideline review is needed before rating as standard.,unspecified,,,,
R12FAA6EBBDE9,primary,safety,s4,"Before adrenal biopsy, assess hormonal activity and exclude pheochromocytoma; if the source does not report this, mark unknown rather than safe by default.",unspecified,,,,
R12FAA6EBBDE9,second,safety,s4,"Before adrenal biopsy, assess hormonal activity and exclude pheochromocytoma; if the source does not report this, mark unknown rather than safe by default.",unspecified,,,,
R12FAA6EBBDE9,consensus,safety,s4,"Before adrenal biopsy, assess hormonal activity and exclude pheochromocytoma; if the source does not report this, mark unknown rather than safe by default.",unspecified,,,,
R8D3F8DF30E23,primary,expected_action,a1,"[{""code_or_concept"": ""neurologic"", ""tool"": ""request_physical_exam""}]",critical,,,,
R8D3F8DF30E23,second,expected_action,a1,"[{""code_or_concept"": ""neurologic"", ""tool"": ""request_physical_exam""}]",critical,,,,
R8D3F8DF30E23,consensus,expected_action,a1,"[{""code_or_concept"": ""neurologic"", ""tool"": ""request_physical_exam""}]",critical,,,,
R8D3F8DF30E23,primary,expected_action,a2,"[{""code_or_concept"": ""spine_mri"", ""tool"": ""request_imaging""}]",critical,,,,
R8D3F8DF30E23,second,expected_action,a2,"[{""code_or_concept"": ""spine_mri"", ""tool"": ""request_imaging""}]",critical,,,,
R8D3F8DF30E23,consensus,expected_action,a2,"[{""code_or_concept"": ""spine_mri"", ""tool"": ""request_imaging""}]",critical,,,,
R8D3F8DF30E23,primary,expected_action,a3,"[{""code_or_concept"": ""hematoma_evacuation"", ""tool"": ""request_procedure""}]",critical,,,,
R8D3F8DF30E23,second,expected_action,a3,"[{""code_or_concept"": ""hematoma_evacuation"", ""tool"": ""request_procedure""}]",critical,,,,
R8D3F8DF30E23,consensus,expected_action,a3,"[{""code_or_concept"": ""hematoma_evacuation"", ""tool"": ""request_procedure""}]",critical,,,,
R8D3F8DF30E23,primary,expected_action,a4,"[{""code_or_concept"": ""surgery"", ""tool"": ""disposition""}]",critical,,,,
R8D3F8DF30E23,second,expected_action,a4,"[{""code_or_concept"": ""surgery"", ""tool"": ""disposition""}]",critical,,,,
R8D3F8DF30E23,consensus,expected_action,a4,"[{""code_or_concept"": ""surgery"", ""tool"": ""disposition""}]",critical,,,,
R8D3F8DF30E23,primary,safety,s1,Treat evolving paraplegia and sphincter dysfunction as spinal emergency.,unspecified,,,,
R8D3F8DF30E23,second,safety,s1,Treat evolving paraplegia and sphincter dysfunction as spinal emergency.,unspecified,,,,
R8D3F8DF30E23,consensus,safety,s1,Treat evolving paraplegia and sphincter dysfunction as spinal emergency.,unspecified,,,,
R8D3F8DF30E23,primary,safety,s2,Urgent spine MRI and neurosurgical consultation.,unspecified,,,,
R8D3F8DF30E23,second,safety,s2,Urgent spine MRI and neurosurgical consultation.,unspecified,,,,
R8D3F8DF30E23,consensus,safety,s2,Urgent spine MRI and neurosurgical consultation.,unspecified,,,,
R8D3F8DF30E23,primary,safety,s3,Avoid empiric thrombolysis for presumed stroke without localization; anticoagulation may worsen hematoma.,unspecified,,,,
R8D3F8DF30E23,second,safety,s3,Avoid empiric thrombolysis for presumed stroke without localization; anticoagulation may worsen hematoma.,unspecified,,,,
R8D3F8DF30E23,consensus,safety,s3,Avoid empiric thrombolysis for presumed stroke without localization; anticoagulation may worsen hematoma.,unspecified,,,,
R15897DF33702,primary,expected_action,a1,"[{""code_or_concept"": ""neurologic"", ""tool"": ""request_physical_exam""}]",critical,,,,
R15897DF33702,second,expected_action,a1,"[{""code_or_concept"": ""neurologic"", ""tool"": ""request_physical_exam""}]",critical,,,,
R15897DF33702,consensus,expected_action,a1,"[{""code_or_concept"": ""neurologic"", ""tool"": ""request_physical_exam""}]",critical,,,,
R15897DF33702,primary,expected_action,a2,"[{""code_or_concept"": ""spine_mri"", ""tool"": ""request_imaging""}]",critical,,,,
R15897DF33702,second,expected_action,a2,"[{""code_or_concept"": ""spine_mri"", ""tool"": ""request_imaging""}]",critical,,,,
R15897DF33702,consensus,expected_action,a2,"[{""code_or_concept"": ""spine_mri"", ""tool"": ""request_imaging""}]",critical,,,,
R15897DF33702,primary,expected_action,a3,"[{""code_or_concept"": ""hematoma_evacuation"", ""tool"": ""request_procedure""}]",critical,,,,
R15897DF33702,second,expected_action,a3,"[{""code_or_concept"": ""hematoma_evacuation"", ""tool"": ""request_procedure""}]",critical,,,,
R15897DF33702,consensus,expected_action,a3,"[{""code_or_concept"": ""hematoma_evacuation"", ""tool"": ""request_procedure""}]",critical,,,,
R15897DF33702,primary,expected_action,a4,"[{""code_or_concept"": ""surgery"", ""tool"": ""disposition""}]",critical,,,,
R15897DF33702,second,expected_action,a4,"[{""code_or_concept"": ""surgery"", ""tool"": ""disposition""}]",critical,,,,
R15897DF33702,consensus,expected_action,a4,"[{""code_or_concept"": ""surgery"", ""tool"": ""disposition""}]",critical,,,,
R15897DF33702,primary,safety,s1,Treat evolving paraplegia and sphincter dysfunction as spinal emergency.,unspecified,,,,
R15897DF33702,second,safety,s1,Treat evolving paraplegia and sphincter dysfunction as spinal emergency.,unspecified,,,,
R15897DF33702,consensus,safety,s1,Treat evolving paraplegia and sphincter dysfunction as spinal emergency.,unspecified,,,,
R15897DF33702,primary,safety,s2,Urgent spine MRI and neurosurgical consultation.,unspecified,,,,
R15897DF33702,second,safety,s2,Urgent spine MRI and neurosurgical consultation.,unspecified,,,,
R15897DF33702,consensus,safety,s2,Urgent spine MRI and neurosurgical consultation.,unspecified,,,,
R15897DF33702,primary,safety,s3,Avoid empiric thrombolysis for presumed stroke without localization; anticoagulation may worsen hematoma.,unspecified,,,,
R15897DF33702,second,safety,s3,Avoid empiric thrombolysis for presumed stroke without localization; anticoagulation may worsen hematoma.,unspecified,,,,
R15897DF33702,consensus,safety,s3,Avoid empiric thrombolysis for presumed stroke without localization; anticoagulation may worsen hematoma.,unspecified,,,,
RFE07A62D6404,primary,expected_action,a1,"[{""code_or_concept"": ""chest_xray"", ""tool"": ""request_imaging""}]",recommended,,,,
RFE07A62D6404,second,expected_action,a1,"[{""code_or_concept"": ""chest_xray"", ""tool"": ""request_imaging""}]",recommended,,,,
RFE07A62D6404,consensus,expected_action,a1,"[{""code_or_concept"": ""chest_xray"", ""tool"": ""request_imaging""}]",recommended,,,,
RFE07A62D6404,primary,expected_action,a2,"[{""code_or_concept"": ""thoracentesis"", ""tool"": ""request_procedure""}]",critical,,,,
RFE07A62D6404,second,expected_action,a2,"[{""code_or_concept"": ""thoracentesis"", ""tool"": ""request_procedure""}]",critical,,,,
RFE07A62D6404,consensus,expected_action,a2,"[{""code_or_concept"": ""thoracentesis"", ""tool"": ""request_procedure""}]",critical,,,,
RFE07A62D6404,primary,expected_action,a3,"[{""code_or_concept"": ""pleural_fluid"", ""tool"": ""request_lab""}]",critical,,,,
RFE07A62D6404,second,expected_action,a3,"[{""code_or_concept"": ""pleural_fluid"", ""tool"": ""request_lab""}]",critical,,,,
RFE07A62D6404,consensus,expected_action,a3,"[{""code_or_concept"": ""pleural_fluid"", ""tool"": ""request_lab""}]",critical,,,,
RFE07A62D6404,primary,expected_action,a4,"[{""code_or_concept"": ""ct_chest"", ""tool"": ""request_imaging""}]",recommended,,,,
RFE07A62D6404,second,expected_action,a4,"[{""code_or_concept"": ""ct_chest"", ""tool"": ""request_imaging""}]",recommended,,,,
RFE07A62D6404,consensus,expected_action,a4,"[{""code_or_concept"": ""ct_chest"", ""tool"": ""request_imaging""}]",recommended,,,,
RFE07A62D6404,primary,expected_action,a5,"[{""code_or_concept"": ""ebus_biopsy"", ""tool"": ""request_procedure""}]",recommended,,,,
RFE07A62D6404,second,expected_action,a5,"[{""code_or_concept"": ""ebus_biopsy"", ""tool"": ""request_procedure""}]",recommended,,,,
RFE07A62D6404,consensus,expected_action,a5,"[{""code_or_concept"": ""ebus_biopsy"", ""tool"": ""request_procedure""}]",recommended,,,,
RFE07A62D6404,primary,safety,s1,Symptomatic recurrent pleural effusion needs drainage and assessment of cause.,unspecified,,,,
RFE07A62D6404,second,safety,s1,Symptomatic recurrent pleural effusion needs drainage and assessment of cause.,unspecified,,,,
RFE07A62D6404,consensus,safety,s1,Symptomatic recurrent pleural effusion needs drainage and assessment of cause.,unspecified,,,,
RFE07A62D6404,primary,safety,s2,Negative pleural cytology does not rule out thoracic malignancy.,unspecified,,,,
RFE07A62D6404,second,safety,s2,Negative pleural cytology does not rule out thoracic malignancy.,unspecified,,,,
RFE07A62D6404,consensus,safety,s2,Negative pleural cytology does not rule out thoracic malignancy.,unspecified,,,,
RFE07A62D6404,primary,safety,s3,Long-term chyle drainage raises nutritional and immune concerns.,unspecified,,,,
RFE07A62D6404,second,safety,s3,Long-term chyle drainage raises nutritional and immune concerns.,unspecified,,,,
RFE07A62D6404,consensus,safety,s3,Long-term chyle drainage raises nutritional and immune concerns.,unspecified,,,,
R737966778E41,primary,expected_action,a1,"[{""code_or_concept"": ""ct_abdomen"", ""tool"": ""request_imaging""}]",critical,,,,
R737966778E41,second,expected_action,a1,"[{""code_or_concept"": ""ct_abdomen"", ""tool"": ""request_imaging""}]",critical,,,,
R737966778E41,consensus,expected_action,a1,"[{""code_or_concept"": ""ct_abdomen"", ""tool"": ""request_imaging""}]",critical,,,,
R737966778E41,primary,expected_action,a2,"[{""code_or_concept"": ""laparotomy"", ""tool"": ""request_procedure""}, {""code_or_concept"": ""laparoscopy"", ""tool"": ""request_procedure""}]",critical,,,,
R737966778E41,second,expected_action,a2,"[{""code_or_concept"": ""laparotomy"", ""tool"": ""request_procedure""}, {""code_or_concept"": ""laparoscopy"", ""tool"": ""request_procedure""}]",critical,,,,
R737966778E41,consensus,expected_action,a2,"[{""code_or_concept"": ""laparotomy"", ""tool"": ""request_procedure""}, {""code_or_concept"": ""laparoscopy"", ""tool"": ""request_procedure""}]",critical,,,,
R737966778E41,primary,expected_action,a3,"[{""code_or_concept"": ""surgery"", ""tool"": ""disposition""}, {""code_or_concept"": ""ICU"", ""tool"": ""disposition""}]",critical,,,,
R737966778E41,second,expected_action,a3,"[{""code_or_concept"": ""surgery"", ""tool"": ""disposition""}, {""code_or_concept"": ""ICU"", ""tool"": ""disposition""}]",critical,,,,
R737966778E41,consensus,expected_action,a3,"[{""code_or_concept"": ""surgery"", ""tool"": ""disposition""}, {""code_or_concept"": ""ICU"", ""tool"": ""disposition""}]",critical,,,,
R737966778E41,primary,safety,s1,Peritoneal signs and obstruction demand urgent surgical assessment.,unspecified,,,,
R737966778E41,second,safety,s1,Peritoneal signs and obstruction demand urgent surgical assessment.,unspecified,,,,
R737966778E41,consensus,safety,s1,Peritoneal signs and obstruction demand urgent surgical assessment.,unspecified,,,,
R737966778E41,primary,safety,s2,Prior biliary stent history materially changes interpretation of linear CT foreign body.,unspecified,,,,
R737966778E41,second,safety,s2,Prior biliary stent history materially changes interpretation of linear CT foreign body.,unspecified,,,,
R737966778E41,consensus,safety,s2,Prior biliary stent history materially changes interpretation of linear CT foreign body.,unspecified,,,,
R737966778E41,primary,safety,s3,Consider anticoagulation and COPD risk during perioperative planning; source does not specify drug regimen.,unspecified,,,,
R737966778E41,second,safety,s3,Consider anticoagulation and COPD risk during perioperative planning; source does not specify drug regimen.,unspecified,,,,
R737966778E41,consensus,safety,s3,Consider anticoagulation and COPD risk during perioperative planning; source does not specify drug regimen.,unspecified,,,,
R56DDF6D2E1BF,primary,expected_action,a1,"[{""code_or_concept"": ""adrenal_hormones"", ""tool"": ""request_lab""}]",critical,,,,
R56DDF6D2E1BF,second,expected_action,a1,"[{""code_or_concept"": ""adrenal_hormones"", ""tool"": ""request_lab""}]",critical,,,,
R56DDF6D2E1BF,consensus,expected_action,a1,"[{""code_or_concept"": ""adrenal_hormones"", ""tool"": ""request_lab""}]",critical,,,,
R56DDF6D2E1BF,primary,expected_action,a2,"[{""code_or_concept"": ""adrenal_ct"", ""tool"": ""request_imaging""}]",recommended,,,,
R56DDF6D2E1BF,second,expected_action,a2,"[{""code_or_concept"": ""adrenal_ct"", ""tool"": ""request_imaging""}]",recommended,,,,
R56DDF6D2E1BF,consensus,expected_action,a2,"[{""code_or_concept"": ""adrenal_ct"", ""tool"": ""request_imaging""}]",recommended,,,,
R56DDF6D2E1BF,primary,expected_action,a3,"[{""code_or_concept"": ""adrenal_biopsy"", ""tool"": ""request_procedure""}]",optional,,,,
R56DDF6D2E1BF,second,expected_action,a3,"[{""code_or_concept"": ""adrenal_biopsy"", ""tool"": ""request_procedure""}]",optional,,,,
R56DDF6D2E1BF,consensus,expected_action,a3,"[{""code_or_concept"": ""adrenal_biopsy"", ""tool"": ""request_procedure""}]",optional,,,,
R56DDF6D2E1BF,primary,expected_action,a4,"[{""code_or_concept"": ""adrenal_tb_pcr"", ""tool"": ""request_microbiology""}]",optional,,,,
R56DDF6D2E1BF,second,expected_action,a4,"[{""code_or_concept"": ""adrenal_tb_pcr"", ""tool"": ""request_microbiology""}]",optional,,,,
R56DDF6D2E1BF,consensus,expected_action,a4,"[{""code_or_concept"": ""adrenal_tb_pcr"", ""tool"": ""request_microbiology""}]",optional,,,,
R56DDF6D2E1BF,primary,expected_action,a5,"[{""code_or_concept"": ""hydrocortisone"", ""tool"": ""prescribe_medication""}]",critical,,,,
R56DDF6D2E1BF,second,expected_action,a5,"[{""code_or_concept"": ""hydrocortisone"", ""tool"": ""prescribe_medication""}]",critical,,,,
R56DDF6D2E1BF,consensus,expected_action,a5,"[{""code_or_concept"": ""hydrocortisone"", ""tool"": ""prescribe_medication""}]",critical,,,,
R56DDF6D2E1BF,primary,safety,s1,Recognize primary adrenal insufficiency and risk of adrenal crisis under stress.,unspecified,,,,
R56DDF6D2E1BF,second,safety,s1,Recognize primary adrenal insufficiency and risk of adrenal crisis under stress.,unspecified,,,,
R56DDF6D2E1BF,consensus,safety,s1,Recognize primary adrenal insufficiency and risk of adrenal crisis under stress.,unspecified,,,,
R56DDF6D2E1BF,primary,safety,s2,Do not assume negative acid-fast stain excludes tuberculosis.,unspecified,,,,
R56DDF6D2E1BF,second,safety,s2,Do not assume negative acid-fast stain excludes tuberculosis.,unspecified,,,,
R56DDF6D2E1BF,consensus,safety,s2,Do not assume negative acid-fast stain excludes tuberculosis.,unspecified,,,,
R56DDF6D2E1BF,primary,safety,s3,Antituberculous regimen in source is descriptive; independent guideline review is needed before rating as standard.,unspecified,,,,
R56DDF6D2E1BF,second,safety,s3,Antituberculous regimen in source is descriptive; independent guideline review is needed before rating as standard.,unspecified,,,,
R56DDF6D2E1BF,consensus,safety,s3,Antituberculous regimen in source is descriptive; independent guideline review is needed before rating as standard.,unspecified,,,,
R56DDF6D2E1BF,primary,safety,s4,"Before adrenal biopsy, assess hormonal activity and exclude pheochromocytoma; if the source does not report this, mark unknown rather than safe by default.",unspecified,,,,
R56DDF6D2E1BF,second,safety,s4,"Before adrenal biopsy, assess hormonal activity and exclude pheochromocytoma; if the source does not report this, mark unknown rather than safe by default.",unspecified,,,,
R56DDF6D2E1BF,consensus,safety,s4,"Before adrenal biopsy, assess hormonal activity and exclude pheochromocytoma; if the source does not report this, mark unknown rather than safe by default.",unspecified,,,,
R1FE855115956,primary,expected_action,a1,"[{""code_or_concept"": ""hemoglobin"", ""tool"": ""request_lab""}]",critical,,,,
R1FE855115956,second,expected_action,a1,"[{""code_or_concept"": ""hemoglobin"", ""tool"": ""request_lab""}]",critical,,,,
R1FE855115956,consensus,expected_action,a1,"[{""code_or_concept"": ""hemoglobin"", ""tool"": ""request_lab""}]",critical,,,,
R1FE855115956,primary,expected_action,a2,"[{""code_or_concept"": ""hemolysis"", ""tool"": ""request_lab""}]",critical,,,,
R1FE855115956,second,expected_action,a2,"[{""code_or_concept"": ""hemolysis"", ""tool"": ""request_lab""}]",critical,,,,
R1FE855115956,consensus,expected_action,a2,"[{""code_or_concept"": ""hemolysis"", ""tool"": ""request_lab""}]",critical,,,,
R1FE855115956,primary,expected_action,a3,"[{""code_or_concept"": ""dat"", ""tool"": ""request_lab""}]",critical,,,,
R1FE855115956,second,expected_action,a3,"[{""code_or_concept"": ""dat"", ""tool"": ""request_lab""}]",critical,,,,
R1FE855115956,consensus,expected_action,a3,"[{""code_or_concept"": ""dat"", ""tool"": ""request_lab""}]",critical,,,,
R1FE855115956,primary,expected_action,a4,"[{""code_or_concept"": ""steroids"", ""tool"": ""prescribe_medication""}]",critical,,,,
R1FE855115956,second,expected_action,a4,"[{""code_or_concept"": ""steroids"", ""tool"": ""prescribe_medication""}]",critical,,,,
R1FE855115956,consensus,expected_action,a4,"[{""code_or_concept"": ""steroids"", ""tool"": ""prescribe_medication""}]",critical,,,,
R1FE855115956,primary,expected_action,a5,"[{""code_or_concept"": ""transfusion"", ""tool"": ""request_procedure""}]",critical,,,,
R1FE855115956,second,expected_action,a5,"[{""code_or_concept"": ""transfusion"", ""tool"": ""request_procedure""}]",critical,,,,
R1FE855115956,consensus,expected_action,a5,"[{""code_or_concept"": ""transfusion"", ""tool"": ""request_procedure""}]",critical,,,,
R1FE855115956,primary,expected_action,a6,"[{""code_or_concept"": ""ward"", ""tool"": ""disposition""}]",critical,,,,
R1FE855115956,second,expected_action,a6,"[{""code_or_concept"": ""ward"", ""tool"": ""disposition""}]",critical,,,,
R1FE855115956,consensus,expected_action,a6,"[{""code_or_concept"": ""ward"", ""tool"": ""disposition""}]",critical,,,,
R1FE855115956,primary,safety,s1,Severe symptomatic anemia requires urgent assessment and transfusion strategy.,unspecified,,,,
R1FE855115956,second,safety,s1,Severe symptomatic anemia requires urgent assessment and transfusion strategy.,unspecified,,,,
R1FE855115956,consensus,safety,s1,Severe symptomatic anemia requires urgent assessment and transfusion strategy.,unspecified,,,,
R1FE855115956,primary,safety,s2,Stop immune checkpoint therapy in life-threatening immune-mediated toxicity.,unspecified,,,,
R1FE855115956,second,safety,s2,Stop immune checkpoint therapy in life-threatening immune-mediated toxicity.,unspecified,,,,
R1FE855115956,consensus,safety,s2,Stop immune checkpoint therapy in life-threatening immune-mediated toxicity.,unspecified,,,,
R1FE855115956,primary,safety,s3,Compatibility testing may be complicated by panreactive autoantibody.,unspecified,,,,
R1FE855115956,second,safety,s3,Compatibility testing may be complicated by panreactive autoantibody.,unspecified,,,,
R1FE855115956,consensus,safety,s3,Compatibility testing may be complicated by panreactive autoantibody.,unspecified,,,,
R94AB91E5969B,primary,expected_action,a1,"[{""code_or_concept"": ""ct_abdomen"", ""tool"": ""request_imaging""}]",critical,,,,
R94AB91E5969B,second,expected_action,a1,"[{""code_or_concept"": ""ct_abdomen"", ""tool"": ""request_imaging""}]",critical,,,,
R94AB91E5969B,consensus,expected_action,a1,"[{""code_or_concept"": ""ct_abdomen"", ""tool"": ""request_imaging""}]",critical,,,,
R94AB91E5969B,primary,expected_action,a2,"[{""code_or_concept"": ""laparotomy"", ""tool"": ""request_procedure""}, {""code_or_concept"": ""laparoscopy"", ""tool"": ""request_procedure""}]",critical,,,,
R94AB91E5969B,second,expected_action,a2,"[{""code_or_concept"": ""laparotomy"", ""tool"": ""request_procedure""}, {""code_or_concept"": ""laparoscopy"", ""tool"": ""request_procedure""}]",critical,,,,
R94AB91E5969B,consensus,expected_action,a2,"[{""code_or_concept"": ""laparotomy"", ""tool"": ""request_procedure""}, {""code_or_concept"": ""laparoscopy"", ""tool"": ""request_procedure""}]",critical,,,,
R94AB91E5969B,primary,expected_action,a3,"[{""code_or_concept"": ""surgery"", ""tool"": ""disposition""}, {""code_or_concept"": ""ICU"", ""tool"": ""disposition""}]",critical,,,,
R94AB91E5969B,second,expected_action,a3,"[{""code_or_concept"": ""surgery"", ""tool"": ""disposition""}, {""code_or_concept"": ""ICU"", ""tool"": ""disposition""}]",critical,,,,
R94AB91E5969B,consensus,expected_action,a3,"[{""code_or_concept"": ""surgery"", ""tool"": ""disposition""}, {""code_or_concept"": ""ICU"", ""tool"": ""disposition""}]",critical,,,,
R94AB91E5969B,primary,safety,s1,Peritoneal signs and obstruction demand urgent surgical assessment.,unspecified,,,,
R94AB91E5969B,second,safety,s1,Peritoneal signs and obstruction demand urgent surgical assessment.,unspecified,,,,
R94AB91E5969B,consensus,safety,s1,Peritoneal signs and obstruction demand urgent surgical assessment.,unspecified,,,,
R94AB91E5969B,primary,safety,s2,Prior biliary stent history materially changes interpretation of linear CT foreign body.,unspecified,,,,
R94AB91E5969B,second,safety,s2,Prior biliary stent history materially changes interpretation of linear CT foreign body.,unspecified,,,,
R94AB91E5969B,consensus,safety,s2,Prior biliary stent history materially changes interpretation of linear CT foreign body.,unspecified,,,,
R94AB91E5969B,primary,safety,s3,Consider anticoagulation and COPD risk during perioperative planning; source does not specify drug regimen.,unspecified,,,,
R94AB91E5969B,second,safety,s3,Consider anticoagulation and COPD risk during perioperative planning; source does not specify drug regimen.,unspecified,,,,
R94AB91E5969B,consensus,safety,s3,Consider anticoagulation and COPD risk during perioperative planning; source does not specify drug regimen.,unspecified,,,,
RB29665305C3A,primary,expected_action,a1,"[{""code_or_concept"": ""ecg"", ""tool"": ""request_ecg_or_test""}]",critical,,,,
RB29665305C3A,second,expected_action,a1,"[{""code_or_concept"": ""ecg"", ""tool"": ""request_ecg_or_test""}]",critical,,,,
RB29665305C3A,consensus,expected_action,a1,"[{""code_or_concept"": ""ecg"", ""tool"": ""request_ecg_or_test""}]",critical,,,,
RB29665305C3A,primary,expected_action,a2,"[{""code_or_concept"": ""echo"", ""tool"": ""request_ecg_or_test""}]",critical,,,,
RB29665305C3A,second,expected_action,a2,"[{""code_or_concept"": ""echo"", ""tool"": ""request_ecg_or_test""}]",critical,,,,
RB29665305C3A,consensus,expected_action,a2,"[{""code_or_concept"": ""echo"", ""tool"": ""request_ecg_or_test""}]",critical,,,,
RB29665305C3A,primary,expected_action,a3,"[{""code_or_concept"": ""ctpa"", ""tool"": ""request_imaging""}]",recommended,,,,
RB29665305C3A,second,expected_action,a3,"[{""code_or_concept"": ""ctpa"", ""tool"": ""request_imaging""}]",recommended,,,,
RB29665305C3A,consensus,expected_action,a3,"[{""code_or_concept"": ""ctpa"", ""tool"": ""request_imaging""}]",recommended,,,,
RB29665305C3A,primary,expected_action,a4,"[{""code_or_concept"": ""cardiac_mri"", ""tool"": ""request_imaging""}]",recommended,,,,
RB29665305C3A,second,expected_action,a4,"[{""code_or_concept"": ""cardiac_mri"", ""tool"": ""request_imaging""}]",recommended,,,,
RB29665305C3A,consensus,expected_action,a4,"[{""code_or_concept"": ""cardiac_mri"", ""tool"": ""request_imaging""}]",recommended,,,,
RB29665305C3A,primary,expected_action,a5,"[{""code_or_concept"": ""pacemaker"", ""tool"": ""request_procedure""}]",critical,,,,
RB29665305C3A,second,expected_action,a5,"[{""code_or_concept"": ""pacemaker"", ""tool"": ""request_procedure""}]",critical,,,,
RB29665305C3A,consensus,expected_action,a5,"[{""code_or_concept"": ""pacemaker"", ""tool"": ""request_procedure""}]",critical,,,,
RB29665305C3A,primary,expected_action,a6,"[{""code_or_concept"": ""ward"", ""tool"": ""disposition""}]",recommended,,,,
RB29665305C3A,second,expected_action,a6,"[{""code_or_concept"": ""ward"", ""tool"": ""disposition""}]",recommended,,,,
RB29665305C3A,consensus,expected_action,a6,"[{""code_or_concept"": ""ward"", ""tool"": ""disposition""}]",recommended,,,,
RB29665305C3A,primary,safety,s1,Symptomatic bradycardia and AV block need prompt stabilization and pacing assessment.,unspecified,,,,
RB29665305C3A,second,safety,s1,Symptomatic bradycardia and AV block need prompt stabilization and pacing assessment.,unspecified,,,,
RB29665305C3A,consensus,safety,s1,Symptomatic bradycardia and AV block need prompt stabilization and pacing assessment.,unspecified,,,,
RB29665305C3A,primary,safety,s2,Do not diagnose PE solely from elevated D-dimer.,unspecified,,,,
RB29665305C3A,second,safety,s2,Do not diagnose PE solely from elevated D-dimer.,unspecified,,,,
RB29665305C3A,consensus,safety,s2,Do not diagnose PE solely from elevated D-dimer.,unspecified,,,,
RB29665305C3A,primary,safety,s3,Anticoagulation decision with atrial standstill requires explicit individualized assessment.,unspecified,,,,
RB29665305C3A,second,safety,s3,Anticoagulation decision with atrial standstill requires explicit individualized assessment.,unspecified,,,,
RB29665305C3A,consensus,safety,s3,Anticoagulation decision with atrial standstill requires explicit individualized assessment.,unspecified,,,,
R58A3C5FD7D23,primary,expected_action,a1,"[{""code_or_concept"": ""pregnancy_test"", ""tool"": ""request_lab""}]",critical,,,,
R58A3C5FD7D23,second,expected_action,a1,"[{""code_or_concept"": ""pregnancy_test"", ""tool"": ""request_lab""}]",critical,,,,
R58A3C5FD7D23,consensus,expected_action,a1,"[{""code_or_concept"": ""pregnancy_test"", ""tool"": ""request_lab""}]",critical,,,,
R58A3C5FD7D23,primary,expected_action,a2,"[{""code_or_concept"": ""pelvic_ultrasound"", ""tool"": ""request_imaging""}]",critical,,,,
R58A3C5FD7D23,second,expected_action,a2,"[{""code_or_concept"": ""pelvic_ultrasound"", ""tool"": ""request_imaging""}]",critical,,,,
R58A3C5FD7D23,consensus,expected_action,a2,"[{""code_or_concept"": ""pelvic_ultrasound"", ""tool"": ""request_imaging""}]",critical,,,,
R58A3C5FD7D23,primary,expected_action,a3,"[{""code_or_concept"": ""laparoscopy"", ""tool"": ""request_procedure""}]",critical,,,,
R58A3C5FD7D23,second,expected_action,a3,"[{""code_or_concept"": ""laparoscopy"", ""tool"": ""request_procedure""}]",critical,,,,
R58A3C5FD7D23,consensus,expected_action,a3,"[{""code_or_concept"": ""laparoscopy"", ""tool"": ""request_procedure""}]",critical,,,,
R58A3C5FD7D23,primary,expected_action,a4,"[{""code_or_concept"": ""surgery"", ""tool"": ""disposition""}]",critical,,,,
R58A3C5FD7D23,second,expected_action,a4,"[{""code_or_concept"": ""surgery"", ""tool"": ""disposition""}]",critical,,,,
R58A3C5FD7D23,consensus,expected_action,a4,"[{""code_or_concept"": ""surgery"", ""tool"": ""disposition""}]",critical,,,,
R58A3C5FD7D23,primary,safety,s1,Pregnancy test is essential in reproductive-age patient with abdominal pain.,unspecified,,,,
R58A3C5FD7D23,second,safety,s1,Pregnancy test is essential in reproductive-age patient with abdominal pain.,unspecified,,,,
R58A3C5FD7D23,consensus,safety,s1,Pregnancy test is essential in reproductive-age patient with abdominal pain.,unspecified,,,,
R58A3C5FD7D23,primary,safety,s2,"No intrauterine pregnancy with hCG around 10,130 IU/L requires urgent ectopic pregnancy evaluation.",unspecified,,,,
R58A3C5FD7D23,second,safety,s2,"No intrauterine pregnancy with hCG around 10,130 IU/L requires urgent ectopic pregnancy evaluation.",unspecified,,,,
R58A3C5FD7D23,consensus,safety,s2,"No intrauterine pregnancy with hCG around 10,130 IU/L requires urgent ectopic pregnancy evaluation.",unspecified,,,,
R58A3C5FD7D23,primary,safety,s3,Hemorrhage and vascular implantation favor surgical planning with bleeding preparedness.,unspecified,,,,
R58A3C5FD7D23,second,safety,s3,Hemorrhage and vascular implantation favor surgical planning with bleeding preparedness.,unspecified,,,,
R58A3C5FD7D23,consensus,safety,s3,Hemorrhage and vascular implantation favor surgical planning with bleeding preparedness.,unspecified,,,,
R072FDB644381,primary,expected_action,a1,"[{""code_or_concept"": ""echo"", ""tool"": ""request_ecg_or_test""}]",critical,,,,
R072FDB644381,second,expected_action,a1,"[{""code_or_concept"": ""echo"", ""tool"": ""request_ecg_or_test""}]",critical,,,,
R072FDB644381,consensus,expected_action,a1,"[{""code_or_concept"": ""echo"", ""tool"": ""request_ecg_or_test""}]",critical,,,,
R072FDB644381,primary,expected_action,a2,"[{""code_or_concept"": ""pericardiocentesis"", ""tool"": ""request_procedure""}]",critical,,,,
R072FDB644381,second,expected_action,a2,"[{""code_or_concept"": ""pericardiocentesis"", ""tool"": ""request_procedure""}]",critical,,,,
R072FDB644381,consensus,expected_action,a2,"[{""code_or_concept"": ""pericardiocentesis"", ""tool"": ""request_procedure""}]",critical,,,,
R072FDB644381,primary,expected_action,a3,"[{""code_or_concept"": ""coronary_angiography"", ""tool"": ""request_imaging""}, {""code_or_concept"": ""coronary_angiography"", ""tool"": ""request_procedure""}]",critical,,,,
R072FDB644381,second,expected_action,a3,"[{""code_or_concept"": ""coronary_angiography"", ""tool"": ""request_imaging""}, {""code_or_concept"": ""coronary_angiography"", ""tool"": ""request_procedure""}]",critical,,,,
R072FDB644381,consensus,expected_action,a3,"[{""code_or_concept"": ""coronary_angiography"", ""tool"": ""request_imaging""}, {""code_or_concept"": ""coronary_angiography"", ""tool"": ""request_procedure""}]",critical,,,,
R072FDB644381,primary,expected_action,a4,"[{""code_or_concept"": ""covered_stent"", ""tool"": ""request_procedure""}]",optional,,,,
R072FDB644381,second,expected_action,a4,"[{""code_or_concept"": ""covered_stent"", ""tool"": ""request_procedure""}]",optional,,,,
R072FDB644381,consensus,expected_action,a4,"[{""code_or_concept"": ""covered_stent"", ""tool"": ""request_procedure""}]",optional,,,,
R072FDB644381,primary,expected_action,a5,"[{""code_or_concept"": ""antibiotics"", ""tool"": ""prescribe_medication""}]",critical,,,,
R072FDB644381,second,expected_action,a5,"[{""code_or_concept"": ""antibiotics"", ""tool"": ""prescribe_medication""}]",critical,,,,
R072FDB644381,consensus,expected_action,a5,"[{""code_or_concept"": ""antibiotics"", ""tool"": ""prescribe_medication""}]",critical,,,,
R072FDB644381,primary,expected_action,a6,"[{""code_or_concept"": ""ICU"", ""tool"": ""disposition""}, {""code_or_concept"": ""surgery"", ""tool"": ""disposition""}]",recommended,,,,
R072FDB644381,second,expected_action,a6,"[{""code_or_concept"": ""ICU"", ""tool"": ""disposition""}, {""code_or_concept"": ""surgery"", ""tool"": ""disposition""}]",recommended,,,,
R072FDB644381,consensus,expected_action,a6,"[{""code_or_concept"": ""ICU"", ""tool"": ""disposition""}, {""code_or_concept"": ""surgery"", ""tool"": ""disposition""}]",recommended,,,,
R072FDB644381,primary,safety,s1,Recognize tamponade and shock; urgent drainage.,unspecified,,,,
R072FDB644381,second,safety,s1,Recognize tamponade and shock; urgent drainage.,unspecified,,,,
R072FDB644381,consensus,safety,s1,Recognize tamponade and shock; urgent drainage.,unspecified,,,,
R072FDB644381,primary,safety,s2,Avoid delay in coronary and structural evaluation after stabilization.,unspecified,,,,
R072FDB644381,second,safety,s2,Avoid delay in coronary and structural evaluation after stabilization.,unspecified,,,,
R072FDB644381,consensus,safety,s2,Avoid delay in coronary and structural evaluation after stabilization.,unspecified,,,,
R072FDB644381,primary,safety,s3,Account for active infection and dialysis in medication and procedure decisions.,unspecified,,,,
R072FDB644381,second,safety,s3,Account for active infection and dialysis in medication and procedure decisions.,unspecified,,,,
R072FDB644381,consensus,safety,s3,Account for active infection and dialysis in medication and procedure decisions.,unspecified,,,,
R639975175279,primary,expected_action,a1,"[{""code_or_concept"": ""ct_abdomen"", ""tool"": ""request_imaging""}]",critical,,,,
R639975175279,second,expected_action,a1,"[{""code_or_concept"": ""ct_abdomen"", ""tool"": ""request_imaging""}]",critical,,,,
R639975175279,consensus,expected_action,a1,"[{""code_or_concept"": ""ct_abdomen"", ""tool"": ""request_imaging""}]",critical,,,,
R639975175279,primary,expected_action,a2,"[{""code_or_concept"": ""laparotomy"", ""tool"": ""request_procedure""}]",critical,,,,
R639975175279,second,expected_action,a2,"[{""code_or_concept"": ""laparotomy"", ""tool"": ""request_procedure""}]",critical,,,,
R639975175279,consensus,expected_action,a2,"[{""code_or_concept"": ""laparotomy"", ""tool"": ""request_procedure""}]",critical,,,,
R639975175279,primary,expected_action,a3,"[{""code_or_concept"": ""antibiotics"", ""tool"": ""prescribe_medication""}]",critical,,,,
R639975175279,second,expected_action,a3,"[{""code_or_concept"": ""antibiotics"", ""tool"": ""prescribe_medication""}]",critical,,,,
R639975175279,consensus,expected_action,a3,"[{""code_or_concept"": ""antibiotics"", ""tool"": ""prescribe_medication""}]",critical,,,,
R639975175279,primary,expected_action,a4,"[{""code_or_concept"": ""ICU"", ""tool"": ""disposition""}]",recommended,,,,
R639975175279,second,expected_action,a4,"[{""code_or_concept"": ""ICU"", ""tool"": ""disposition""}]",recommended,,,,
R639975175279,consensus,expected_action,a4,"[{""code_or_concept"": ""ICU"", ""tool"": ""disposition""}]",recommended,,,,
R639975175279,primary,safety,s1,Do not delay urgent source control for microbiology.,unspecified,,,,
R639975175279,second,safety,s1,Do not delay urgent source control for microbiology.,unspecified,,,,
R639975175279,consensus,safety,s1,Do not delay urgent source control for microbiology.,unspecified,,,,
R639975175279,primary,safety,s2,Research cfDNA result was retrospective and must not be given to the agent during acute management.,unspecified,,,,
R639975175279,second,safety,s2,Research cfDNA result was retrospective and must not be given to the agent during acute management.,unspecified,,,,
R639975175279,consensus,safety,s2,Research cfDNA result was retrospective and must not be given to the agent during acute management.,unspecified,,,,
REB6130786381,primary,expected_action,a1,"[{""code_or_concept"": ""ct_abdomen"", ""tool"": ""request_imaging""}]",critical,,,,
REB6130786381,second,expected_action,a1,"[{""code_or_concept"": ""ct_abdomen"", ""tool"": ""request_imaging""}]",critical,,,,
REB6130786381,consensus,expected_action,a1,"[{""code_or_concept"": ""ct_abdomen"", ""tool"": ""request_imaging""}]",critical,,,,
REB6130786381,primary,expected_action,a2,"[{""code_or_concept"": ""laparotomy"", ""tool"": ""request_procedure""}]",critical,,,,
REB6130786381,second,expected_action,a2,"[{""code_or_concept"": ""laparotomy"", ""tool"": ""request_procedure""}]",critical,,,,
REB6130786381,consensus,expected_action,a2,"[{""code_or_concept"": ""laparotomy"", ""tool"": ""request_procedure""}]",critical,,,,
REB6130786381,primary,expected_action,a3,"[{""code_or_concept"": ""antibiotics"", ""tool"": ""prescribe_medication""}]",critical,,,,
REB6130786381,second,expected_action,a3,"[{""code_or_concept"": ""antibiotics"", ""tool"": ""prescribe_medication""}]",critical,,,,
REB6130786381,consensus,expected_action,a3,"[{""code_or_concept"": ""antibiotics"", ""tool"": ""prescribe_medication""}]",critical,,,,
REB6130786381,primary,expected_action,a4,"[{""code_or_concept"": ""ICU"", ""tool"": ""disposition""}]",recommended,,,,
REB6130786381,second,expected_action,a4,"[{""code_or_concept"": ""ICU"", ""tool"": ""disposition""}]",recommended,,,,
REB6130786381,consensus,expected_action,a4,"[{""code_or_concept"": ""ICU"", ""tool"": ""disposition""}]",recommended,,,,
REB6130786381,primary,safety,s1,Do not delay urgent source control for microbiology.,unspecified,,,,
REB6130786381,second,safety,s1,Do not delay urgent source control for microbiology.,unspecified,,,,
REB6130786381,consensus,safety,s1,Do not delay urgent source control for microbiology.,unspecified,,,,
REB6130786381,primary,safety,s2,Research cfDNA result was retrospective and must not be given to the agent during acute management.,unspecified,,,,
REB6130786381,second,safety,s2,Research cfDNA result was retrospective and must not be given to the agent during acute management.,unspecified,,,,
REB6130786381,consensus,safety,s2,Research cfDNA result was retrospective and must not be given to the agent during acute management.,unspecified,,,,
R910E7A30F13E,primary,expected_action,a1,"[{""code_or_concept"": ""ct_abdomen"", ""tool"": ""request_imaging""}]",critical,,,,
R910E7A30F13E,second,expected_action,a1,"[{""code_or_concept"": ""ct_abdomen"", ""tool"": ""request_imaging""}]",critical,,,,
R910E7A30F13E,consensus,expected_action,a1,"[{""code_or_concept"": ""ct_abdomen"", ""tool"": ""request_imaging""}]",critical,,,,
R910E7A30F13E,primary,expected_action,a2,"[{""code_or_concept"": ""laparotomy"", ""tool"": ""request_procedure""}, {""code_or_concept"": ""laparoscopy"", ""tool"": ""request_procedure""}]",critical,,,,
R910E7A30F13E,second,expected_action,a2,"[{""code_or_concept"": ""laparotomy"", ""tool"": ""request_procedure""}, {""code_or_concept"": ""laparoscopy"", ""tool"": ""request_procedure""}]",critical,,,,
R910E7A30F13E,consensus,expected_action,a2,"[{""code_or_concept"": ""laparotomy"", ""tool"": ""request_procedure""}, {""code_or_concept"": ""laparoscopy"", ""tool"": ""request_procedure""}]",critical,,,,
R910E7A30F13E,primary,expected_action,a3,"[{""code_or_concept"": ""surgery"", ""tool"": ""disposition""}, {""code_or_concept"": ""ICU"", ""tool"": ""disposition""}]",critical,,,,
R910E7A30F13E,second,expected_action,a3,"[{""code_or_concept"": ""surgery"", ""tool"": ""disposition""}, {""code_or_concept"": ""ICU"", ""tool"": ""disposition""}]",critical,,,,
R910E7A30F13E,consensus,expected_action,a3,"[{""code_or_concept"": ""surgery"", ""tool"": ""disposition""}, {""code_or_concept"": ""ICU"", ""tool"": ""disposition""}]",critical,,,,
R910E7A30F13E,primary,safety,s1,Peritoneal signs and obstruction demand urgent surgical assessment.,unspecified,,,,
R910E7A30F13E,second,safety,s1,Peritoneal signs and obstruction demand urgent surgical assessment.,unspecified,,,,
R910E7A30F13E,consensus,safety,s1,Peritoneal signs and obstruction demand urgent surgical assessment.,unspecified,,,,
R910E7A30F13E,primary,safety,s2,Prior biliary stent history materially changes interpretation of linear CT foreign body.,unspecified,,,,
R910E7A30F13E,second,safety,s2,Prior biliary stent history materially changes interpretation of linear CT foreign body.,unspecified,,,,
R910E7A30F13E,consensus,safety,s2,Prior biliary stent history materially changes interpretation of linear CT foreign body.,unspecified,,,,
R910E7A30F13E,primary,safety,s3,Consider anticoagulation and COPD risk during perioperative planning; source does not specify drug regimen.,unspecified,,,,
R910E7A30F13E,second,safety,s3,Consider anticoagulation and COPD risk during perioperative planning; source does not specify drug regimen.,unspecified,,,,
R910E7A30F13E,consensus,safety,s3,Consider anticoagulation and COPD risk during perioperative planning; source does not specify drug regimen.,unspecified,,,,
