blind_id,review_stage,step_index,call_id,tool,action_appropriateness,unnecessary_action,guideline_concordance,guideline_ref,evidence_fact_ids,rationale
RD5C94C1477ED,primary,1,5c18c310-971c-418b-b571-d3f96a56eb3d,ask_history,,,,,,
RD5C94C1477ED,second,1,5c18c310-971c-418b-b571-d3f96a56eb3d,ask_history,,,,,,
RD5C94C1477ED,consensus,1,5c18c310-971c-418b-b571-d3f96a56eb3d,ask_history,,,,,,
RD5C94C1477ED,primary,2,dca09cae-fac3-416f-859a-95ba8addecce,plan_reason,,,,,,
RD5C94C1477ED,second,2,dca09cae-fac3-416f-859a-95ba8addecce,plan_reason,,,,,,
RD5C94C1477ED,consensus,2,dca09cae-fac3-416f-859a-95ba8addecce,plan_reason,,,,,,
RD5C94C1477ED,primary,3,47fc3504-3a63-4ca9-bb51-baa626192a56,request_physical_exam,,,,,,
RD5C94C1477ED,second,3,47fc3504-3a63-4ca9-bb51-baa626192a56,request_physical_exam,,,,,,
RD5C94C1477ED,consensus,3,47fc3504-3a63-4ca9-bb51-baa626192a56,request_physical_exam,,,,,,
RD5C94C1477ED,primary,4,6ce88bc1-e207-4e3a-a606-9e1421ee5f9d,request_lab,,,,,,
RD5C94C1477ED,second,4,6ce88bc1-e207-4e3a-a606-9e1421ee5f9d,request_lab,,,,,,
RD5C94C1477ED,consensus,4,6ce88bc1-e207-4e3a-a606-9e1421ee5f9d,request_lab,,,,,,
RD5C94C1477ED,primary,5,351a9ea0-46e0-45ba-8845-9196dbdb4e8d,request_lab,,,,,,
RD5C94C1477ED,second,5,351a9ea0-46e0-45ba-8845-9196dbdb4e8d,request_lab,,,,,,
RD5C94C1477ED,consensus,5,351a9ea0-46e0-45ba-8845-9196dbdb4e8d,request_lab,,,,,,
RD5C94C1477ED,primary,6,3e81e513-8d2f-4d35-8433-4c8639739dbb,request_lab,,,,,,
RD5C94C1477ED,second,6,3e81e513-8d2f-4d35-8433-4c8639739dbb,request_lab,,,,,,
RD5C94C1477ED,consensus,6,3e81e513-8d2f-4d35-8433-4c8639739dbb,request_lab,,,,,,
R124B92E0265C,primary,1,cf8e66f2-c02e-471b-9d65-a49d98673ef9,ask_history,,,,,,
R124B92E0265C,second,1,cf8e66f2-c02e-471b-9d65-a49d98673ef9,ask_history,,,,,,
R124B92E0265C,consensus,1,cf8e66f2-c02e-471b-9d65-a49d98673ef9,ask_history,,,,,,
R124B92E0265C,primary,2,13cca489-5611-41cf-8089-55e71203a564,ask_history,,,,,,
R124B92E0265C,second,2,13cca489-5611-41cf-8089-55e71203a564,ask_history,,,,,,
R124B92E0265C,consensus,2,13cca489-5611-41cf-8089-55e71203a564,ask_history,,,,,,
R124B92E0265C,primary,3,d33204b1-9dd7-4586-971d-d698e407df74,ask_history,,,,,,
R124B92E0265C,second,3,d33204b1-9dd7-4586-971d-d698e407df74,ask_history,,,,,,
R124B92E0265C,consensus,3,d33204b1-9dd7-4586-971d-d698e407df74,ask_history,,,,,,
R2F7BEDB3235F,primary,1,fa23d5b0-cab5-4333-834a-e7d396ace1fa,plan_reason,,,,,,
R2F7BEDB3235F,second,1,fa23d5b0-cab5-4333-834a-e7d396ace1fa,plan_reason,,,,,,
R2F7BEDB3235F,consensus,1,fa23d5b0-cab5-4333-834a-e7d396ace1fa,plan_reason,,,,,,
R2F7BEDB3235F,primary,2,2114ccc0-a401-4732-a7fa-8fe6ac8ef931,request_physical_exam,,,,,,
R2F7BEDB3235F,second,2,2114ccc0-a401-4732-a7fa-8fe6ac8ef931,request_physical_exam,,,,,,
R2F7BEDB3235F,consensus,2,2114ccc0-a401-4732-a7fa-8fe6ac8ef931,request_physical_exam,,,,,,
R2F7BEDB3235F,primary,3,b5d1cb62-8065-4638-a787-4d26f6308217,request_lab,,,,,,
R2F7BEDB3235F,second,3,b5d1cb62-8065-4638-a787-4d26f6308217,request_lab,,,,,,
R2F7BEDB3235F,consensus,3,b5d1cb62-8065-4638-a787-4d26f6308217,request_lab,,,,,,
R2F7BEDB3235F,primary,4,09b16f4f-c9b9-4cb3-a9fb-f7accc32f637,request_lab,,,,,,
R2F7BEDB3235F,second,4,09b16f4f-c9b9-4cb3-a9fb-f7accc32f637,request_lab,,,,,,
R2F7BEDB3235F,consensus,4,09b16f4f-c9b9-4cb3-a9fb-f7accc32f637,request_lab,,,,,,
R2F7BEDB3235F,primary,5,4b3db1cf-f613-4afe-ad7d-39fa063ae634,request_lab,,,,,,
R2F7BEDB3235F,second,5,4b3db1cf-f613-4afe-ad7d-39fa063ae634,request_lab,,,,,,
R2F7BEDB3235F,consensus,5,4b3db1cf-f613-4afe-ad7d-39fa063ae634,request_lab,,,,,,
R2F7BEDB3235F,primary,6,7301bce1-e3ec-419a-83b8-c6ddefd78c50,request_lab,,,,,,
R2F7BEDB3235F,second,6,7301bce1-e3ec-419a-83b8-c6ddefd78c50,request_lab,,,,,,
R2F7BEDB3235F,consensus,6,7301bce1-e3ec-419a-83b8-c6ddefd78c50,request_lab,,,,,,
R2F7BEDB3235F,primary,7,e28a5bca-7207-47ad-b11b-4f8b7473b518,request_lab,,,,,,
R2F7BEDB3235F,second,7,e28a5bca-7207-47ad-b11b-4f8b7473b518,request_lab,,,,,,
R2F7BEDB3235F,consensus,7,e28a5bca-7207-47ad-b11b-4f8b7473b518,request_lab,,,,,,
R2F7BEDB3235F,primary,8,b9cc7bbe-45ef-490c-a59e-7f621742fbb7,request_lab,,,,,,
R2F7BEDB3235F,second,8,b9cc7bbe-45ef-490c-a59e-7f621742fbb7,request_lab,,,,,,
R2F7BEDB3235F,consensus,8,b9cc7bbe-45ef-490c-a59e-7f621742fbb7,request_lab,,,,,,
R2F7BEDB3235F,primary,9,ea9f2b19-513e-4084-9321-fa40205f99bb,request_lab,,,,,,
R2F7BEDB3235F,second,9,ea9f2b19-513e-4084-9321-fa40205f99bb,request_lab,,,,,,
R2F7BEDB3235F,consensus,9,ea9f2b19-513e-4084-9321-fa40205f99bb,request_lab,,,,,,
R2F7BEDB3235F,primary,10,92a5093f-a202-4461-a8f3-aa47f0fc0bc7,request_lab,,,,,,
R2F7BEDB3235F,second,10,92a5093f-a202-4461-a8f3-aa47f0fc0bc7,request_lab,,,,,,
R2F7BEDB3235F,consensus,10,92a5093f-a202-4461-a8f3-aa47f0fc0bc7,request_lab,,,,,,
R81A050E9831C,primary,1,68ace16b-4482-4a01-b73d-2eb032ad242d,ask_history,,,,,,
R81A050E9831C,second,1,68ace16b-4482-4a01-b73d-2eb032ad242d,ask_history,,,,,,
R81A050E9831C,consensus,1,68ace16b-4482-4a01-b73d-2eb032ad242d,ask_history,,,,,,
R81A050E9831C,primary,2,c2394000-a317-4c22-b4ee-20a4b186700c,ask_history,,,,,,
R81A050E9831C,second,2,c2394000-a317-4c22-b4ee-20a4b186700c,ask_history,,,,,,
R81A050E9831C,consensus,2,c2394000-a317-4c22-b4ee-20a4b186700c,ask_history,,,,,,
R81A050E9831C,primary,3,d5e57665-7a17-4b69-ac48-4068f73ab453,ask_history,,,,,,
R81A050E9831C,second,3,d5e57665-7a17-4b69-ac48-4068f73ab453,ask_history,,,,,,
R81A050E9831C,consensus,3,d5e57665-7a17-4b69-ac48-4068f73ab453,ask_history,,,,,,
R2614DE1D8CCD,primary,1,cde8eae6-4b6e-4fbb-ac86-481a7ac8283c,plan_reason,,,,,,
R2614DE1D8CCD,second,1,cde8eae6-4b6e-4fbb-ac86-481a7ac8283c,plan_reason,,,,,,
R2614DE1D8CCD,consensus,1,cde8eae6-4b6e-4fbb-ac86-481a7ac8283c,plan_reason,,,,,,
R2614DE1D8CCD,primary,2,33853937-9465-495d-afd9-1cdeb12ebb73,request_physical_exam,,,,,,
R2614DE1D8CCD,second,2,33853937-9465-495d-afd9-1cdeb12ebb73,request_physical_exam,,,,,,
R2614DE1D8CCD,consensus,2,33853937-9465-495d-afd9-1cdeb12ebb73,request_physical_exam,,,,,,
R2614DE1D8CCD,primary,3,d63463b9-ced7-440f-bc1c-7eb1480dfa27,request_lab,,,,,,
R2614DE1D8CCD,second,3,d63463b9-ced7-440f-bc1c-7eb1480dfa27,request_lab,,,,,,
R2614DE1D8CCD,consensus,3,d63463b9-ced7-440f-bc1c-7eb1480dfa27,request_lab,,,,,,
R2614DE1D8CCD,primary,4,a7ed935d-b32f-4fb6-be56-d7111c383b70,request_imaging,,,,,,
R2614DE1D8CCD,second,4,a7ed935d-b32f-4fb6-be56-d7111c383b70,request_imaging,,,,,,
R2614DE1D8CCD,consensus,4,a7ed935d-b32f-4fb6-be56-d7111c383b70,request_imaging,,,,,,
R2614DE1D8CCD,primary,5,c79f8f70-3b30-4f77-8318-10cad9a67bf8,plan_reason,,,,,,
R2614DE1D8CCD,second,5,c79f8f70-3b30-4f77-8318-10cad9a67bf8,plan_reason,,,,,,
R2614DE1D8CCD,consensus,5,c79f8f70-3b30-4f77-8318-10cad9a67bf8,plan_reason,,,,,,
R2614DE1D8CCD,primary,6,3f65463f-544f-433b-b0fe-c83a9170ccf5,final_diagnosis,,,,,,
R2614DE1D8CCD,second,6,3f65463f-544f-433b-b0fe-c83a9170ccf5,final_diagnosis,,,,,,
R2614DE1D8CCD,consensus,6,3f65463f-544f-433b-b0fe-c83a9170ccf5,final_diagnosis,,,,,,
R2614DE1D8CCD,primary,7,4561d0ad-3d0b-4475-bc16-6c2accb2b585,disposition,,,,,,
R2614DE1D8CCD,second,7,4561d0ad-3d0b-4475-bc16-6c2accb2b585,disposition,,,,,,
R2614DE1D8CCD,consensus,7,4561d0ad-3d0b-4475-bc16-6c2accb2b585,disposition,,,,,,
R4F9B88451E83,primary,1,8e68d572-f36a-4b5f-83af-e54592b9c59f,request_ecg_or_test,,,,,,
R4F9B88451E83,second,1,8e68d572-f36a-4b5f-83af-e54592b9c59f,request_ecg_or_test,,,,,,
R4F9B88451E83,consensus,1,8e68d572-f36a-4b5f-83af-e54592b9c59f,request_ecg_or_test,,,,,,
R4F9B88451E83,primary,2,ebd92189-9629-40fe-be3c-9824134cef1d,request_physical_exam,,,,,,
R4F9B88451E83,second,2,ebd92189-9629-40fe-be3c-9824134cef1d,request_physical_exam,,,,,,
R4F9B88451E83,consensus,2,ebd92189-9629-40fe-be3c-9824134cef1d,request_physical_exam,,,,,,
R4F9B88451E83,primary,3,c2e0b88e-2082-4c74-9db6-5332804d0a31,request_ecg_or_test,,,,,,
R4F9B88451E83,second,3,c2e0b88e-2082-4c74-9db6-5332804d0a31,request_ecg_or_test,,,,,,
R4F9B88451E83,consensus,3,c2e0b88e-2082-4c74-9db6-5332804d0a31,request_ecg_or_test,,,,,,
R4F9B88451E83,primary,4,70f8df1e-13d6-4b53-abce-9e3aab64fe06,plan_reason,,,,,,
R4F9B88451E83,second,4,70f8df1e-13d6-4b53-abce-9e3aab64fe06,plan_reason,,,,,,
R4F9B88451E83,consensus,4,70f8df1e-13d6-4b53-abce-9e3aab64fe06,plan_reason,,,,,,
R4F9B88451E83,primary,5,651e4ce6-d91c-4f92-bc49-1073f6c33687,request_procedure,,,,,,
R4F9B88451E83,second,5,651e4ce6-d91c-4f92-bc49-1073f6c33687,request_procedure,,,,,,
R4F9B88451E83,consensus,5,651e4ce6-d91c-4f92-bc49-1073f6c33687,request_procedure,,,,,,
R4F9B88451E83,primary,6,78434340-8ab5-4fd8-83bf-44cc171158ae,request_microbiology,,,,,,
R4F9B88451E83,second,6,78434340-8ab5-4fd8-83bf-44cc171158ae,request_microbiology,,,,,,
R4F9B88451E83,consensus,6,78434340-8ab5-4fd8-83bf-44cc171158ae,request_microbiology,,,,,,
R4F9B88451E83,primary,7,a3782868-4245-4f2f-b768-5341dc86398c,ask_history,,,,,,
R4F9B88451E83,second,7,a3782868-4245-4f2f-b768-5341dc86398c,ask_history,,,,,,
R4F9B88451E83,consensus,7,a3782868-4245-4f2f-b768-5341dc86398c,ask_history,,,,,,
R4F9B88451E83,primary,8,cbf5ca9d-cccd-43b1-bda3-1d32b03ac616,request_ecg_or_test,,,,,,
R4F9B88451E83,second,8,cbf5ca9d-cccd-43b1-bda3-1d32b03ac616,request_ecg_or_test,,,,,,
R4F9B88451E83,consensus,8,cbf5ca9d-cccd-43b1-bda3-1d32b03ac616,request_ecg_or_test,,,,,,
R4F9B88451E83,primary,9,1d75b9c1-09df-43d6-b6ef-5801ce8be020,request_lab,,,,,,
R4F9B88451E83,second,9,1d75b9c1-09df-43d6-b6ef-5801ce8be020,request_lab,,,,,,
R4F9B88451E83,consensus,9,1d75b9c1-09df-43d6-b6ef-5801ce8be020,request_lab,,,,,,
R4F9B88451E83,primary,10,1700c6e5-993a-4ca1-a96c-7ea06cab0bd1,request_procedure,,,,,,
R4F9B88451E83,second,10,1700c6e5-993a-4ca1-a96c-7ea06cab0bd1,request_procedure,,,,,,
R4F9B88451E83,consensus,10,1700c6e5-993a-4ca1-a96c-7ea06cab0bd1,request_procedure,,,,,,
R4F9B88451E83,primary,11,84497820-0943-4697-8ea9-5405646a5812,request_procedure,,,,,,
R4F9B88451E83,second,11,84497820-0943-4697-8ea9-5405646a5812,request_procedure,,,,,,
R4F9B88451E83,consensus,11,84497820-0943-4697-8ea9-5405646a5812,request_procedure,,,,,,
R4F9B88451E83,primary,12,8b326dbc-17a8-4680-9b21-4e8948b8a3d3,final_diagnosis,,,,,,
R4F9B88451E83,second,12,8b326dbc-17a8-4680-9b21-4e8948b8a3d3,final_diagnosis,,,,,,
R4F9B88451E83,consensus,12,8b326dbc-17a8-4680-9b21-4e8948b8a3d3,final_diagnosis,,,,,,
R4F9B88451E83,primary,13,bf9aea97-6734-4a03-9a8d-0ba317a35318,disposition,,,,,,
R4F9B88451E83,second,13,bf9aea97-6734-4a03-9a8d-0ba317a35318,disposition,,,,,,
R4F9B88451E83,consensus,13,bf9aea97-6734-4a03-9a8d-0ba317a35318,disposition,,,,,,
R337D4C3B7228,primary,1,a4f6f36b-4a73-4933-b1e5-102caf4483c2,ask_history,,,,,,
R337D4C3B7228,second,1,a4f6f36b-4a73-4933-b1e5-102caf4483c2,ask_history,,,,,,
R337D4C3B7228,consensus,1,a4f6f36b-4a73-4933-b1e5-102caf4483c2,ask_history,,,,,,
R337D4C3B7228,primary,2,e57f6ce0-962a-4bec-9760-8cb89576208a,request_physical_exam,,,,,,
R337D4C3B7228,second,2,e57f6ce0-962a-4bec-9760-8cb89576208a,request_physical_exam,,,,,,
R337D4C3B7228,consensus,2,e57f6ce0-962a-4bec-9760-8cb89576208a,request_physical_exam,,,,,,
R337D4C3B7228,primary,3,fd65fd6b-303f-4303-8a6c-0debfd6ef568,request_lab,,,,,,
R337D4C3B7228,second,3,fd65fd6b-303f-4303-8a6c-0debfd6ef568,request_lab,,,,,,
R337D4C3B7228,consensus,3,fd65fd6b-303f-4303-8a6c-0debfd6ef568,request_lab,,,,,,
R337D4C3B7228,primary,4,a4482289-3e04-4010-922e-cc529b9a5c13,request_imaging,,,,,,
R337D4C3B7228,second,4,a4482289-3e04-4010-922e-cc529b9a5c13,request_imaging,,,,,,
R337D4C3B7228,consensus,4,a4482289-3e04-4010-922e-cc529b9a5c13,request_imaging,,,,,,
R337D4C3B7228,primary,5,a784fd51-ff2f-4ec0-988d-221b2ccb57c8,request_lab,,,,,,
R337D4C3B7228,second,5,a784fd51-ff2f-4ec0-988d-221b2ccb57c8,request_lab,,,,,,
R337D4C3B7228,consensus,5,a784fd51-ff2f-4ec0-988d-221b2ccb57c8,request_lab,,,,,,
R337D4C3B7228,primary,6,716f09e2-eef7-4a97-a13e-b34da97d7ab6,plan_reason,,,,,,
R337D4C3B7228,second,6,716f09e2-eef7-4a97-a13e-b34da97d7ab6,plan_reason,,,,,,
R337D4C3B7228,consensus,6,716f09e2-eef7-4a97-a13e-b34da97d7ab6,plan_reason,,,,,,
R337D4C3B7228,primary,7,ca998244-470b-41b4-9cc2-4401041b437a,request_ecg_or_test,,,,,,
R337D4C3B7228,second,7,ca998244-470b-41b4-9cc2-4401041b437a,request_ecg_or_test,,,,,,
R337D4C3B7228,consensus,7,ca998244-470b-41b4-9cc2-4401041b437a,request_ecg_or_test,,,,,,
R337D4C3B7228,primary,8,caa79b55-4302-43f1-b20c-298319d99ea1,prescribe_medication,,,,,,
R337D4C3B7228,second,8,caa79b55-4302-43f1-b20c-298319d99ea1,prescribe_medication,,,,,,
R337D4C3B7228,consensus,8,caa79b55-4302-43f1-b20c-298319d99ea1,prescribe_medication,,,,,,
R337D4C3B7228,primary,9,6ee11f83-9178-45f3-9695-95f6d8214601,ask_history,,,,,,
R337D4C3B7228,second,9,6ee11f83-9178-45f3-9695-95f6d8214601,ask_history,,,,,,
R337D4C3B7228,consensus,9,6ee11f83-9178-45f3-9695-95f6d8214601,ask_history,,,,,,
R337D4C3B7228,primary,10,c06a3538-5170-42e8-ae34-fad98ff92466,request_microbiology,,,,,,
R337D4C3B7228,second,10,c06a3538-5170-42e8-ae34-fad98ff92466,request_microbiology,,,,,,
R337D4C3B7228,consensus,10,c06a3538-5170-42e8-ae34-fad98ff92466,request_microbiology,,,,,,
R337D4C3B7228,primary,11,a8f39863-2742-4813-b470-30e40d21763c,final_diagnosis,,,,,,
R337D4C3B7228,second,11,a8f39863-2742-4813-b470-30e40d21763c,final_diagnosis,,,,,,
R337D4C3B7228,consensus,11,a8f39863-2742-4813-b470-30e40d21763c,final_diagnosis,,,,,,
R337D4C3B7228,primary,12,ec9d2308-4749-460b-bd10-6d879e692f86,disposition,,,,,,
R337D4C3B7228,second,12,ec9d2308-4749-460b-bd10-6d879e692f86,disposition,,,,,,
R337D4C3B7228,consensus,12,ec9d2308-4749-460b-bd10-6d879e692f86,disposition,,,,,,
R6D17E90CDA34,primary,1,a7b4b51a-ba79-4070-82a9-32636f6fa91f,ask_history,,,,,,
R6D17E90CDA34,second,1,a7b4b51a-ba79-4070-82a9-32636f6fa91f,ask_history,,,,,,
R6D17E90CDA34,consensus,1,a7b4b51a-ba79-4070-82a9-32636f6fa91f,ask_history,,,,,,
R6D17E90CDA34,primary,2,7e7048cd-987c-421a-9b2d-d5622208ed3c,request_physical_exam,,,,,,
R6D17E90CDA34,second,2,7e7048cd-987c-421a-9b2d-d5622208ed3c,request_physical_exam,,,,,,
R6D17E90CDA34,consensus,2,7e7048cd-987c-421a-9b2d-d5622208ed3c,request_physical_exam,,,,,,
R6D17E90CDA34,primary,3,999e4f8c-1901-48ae-8ef3-fbbc20329019,ask_history,,,,,,
R6D17E90CDA34,second,3,999e4f8c-1901-48ae-8ef3-fbbc20329019,ask_history,,,,,,
R6D17E90CDA34,consensus,3,999e4f8c-1901-48ae-8ef3-fbbc20329019,ask_history,,,,,,
R6D17E90CDA34,primary,4,3d1e6643-970d-43f1-a774-a04ed47c6bf5,request_physical_exam,,,,,,
R6D17E90CDA34,second,4,3d1e6643-970d-43f1-a774-a04ed47c6bf5,request_physical_exam,,,,,,
R6D17E90CDA34,consensus,4,3d1e6643-970d-43f1-a774-a04ed47c6bf5,request_physical_exam,,,,,,
R6D17E90CDA34,primary,5,21e7166f-3245-4fb3-884a-74a4d3aad4d8,request_lab,,,,,,
R6D17E90CDA34,second,5,21e7166f-3245-4fb3-884a-74a4d3aad4d8,request_lab,,,,,,
R6D17E90CDA34,consensus,5,21e7166f-3245-4fb3-884a-74a4d3aad4d8,request_lab,,,,,,
R6D17E90CDA34,primary,6,99de7a9b-0bcb-46b4-8c45-cdda9a057ea1,request_lab,,,,,,
R6D17E90CDA34,second,6,99de7a9b-0bcb-46b4-8c45-cdda9a057ea1,request_lab,,,,,,
R6D17E90CDA34,consensus,6,99de7a9b-0bcb-46b4-8c45-cdda9a057ea1,request_lab,,,,,,
R6D17E90CDA34,primary,7,f054fcf7-9c2c-4b1f-b7b9-ebc77eb08da9,request_lab,,,,,,
R6D17E90CDA34,second,7,f054fcf7-9c2c-4b1f-b7b9-ebc77eb08da9,request_lab,,,,,,
R6D17E90CDA34,consensus,7,f054fcf7-9c2c-4b1f-b7b9-ebc77eb08da9,request_lab,,,,,,
R6D17E90CDA34,primary,8,4437cb89-4d0c-4a62-bae6-0561b74bb08c,plan_reason,,,,,,
R6D17E90CDA34,second,8,4437cb89-4d0c-4a62-bae6-0561b74bb08c,plan_reason,,,,,,
R6D17E90CDA34,consensus,8,4437cb89-4d0c-4a62-bae6-0561b74bb08c,plan_reason,,,,,,
R6D17E90CDA34,primary,9,f4fd4a29-2acd-4a9a-ad11-5ee40ddb99ac,request_lab,,,,,,
R6D17E90CDA34,second,9,f4fd4a29-2acd-4a9a-ad11-5ee40ddb99ac,request_lab,,,,,,
R6D17E90CDA34,consensus,9,f4fd4a29-2acd-4a9a-ad11-5ee40ddb99ac,request_lab,,,,,,
R6D17E90CDA34,primary,10,eceb7731-6c68-4d25-bb7b-fc4c5087e233,request_lab,,,,,,
R6D17E90CDA34,second,10,eceb7731-6c68-4d25-bb7b-fc4c5087e233,request_lab,,,,,,
R6D17E90CDA34,consensus,10,eceb7731-6c68-4d25-bb7b-fc4c5087e233,request_lab,,,,,,
R6D17E90CDA34,primary,11,e275f26a-949a-4598-bc0a-2f4143a43da3,request_lab,,,,,,
R6D17E90CDA34,second,11,e275f26a-949a-4598-bc0a-2f4143a43da3,request_lab,,,,,,
R6D17E90CDA34,consensus,11,e275f26a-949a-4598-bc0a-2f4143a43da3,request_lab,,,,,,
R6D17E90CDA34,primary,12,9208c937-a5ef-4893-a5ef-fcaadcb50034,plan_reason,,,,,,
R6D17E90CDA34,second,12,9208c937-a5ef-4893-a5ef-fcaadcb50034,plan_reason,,,,,,
R6D17E90CDA34,consensus,12,9208c937-a5ef-4893-a5ef-fcaadcb50034,plan_reason,,,,,,
R6D17E90CDA34,primary,13,45c2eb9d-c9da-420f-abd6-38aebda6abcd,request_lab,,,,,,
R6D17E90CDA34,second,13,45c2eb9d-c9da-420f-abd6-38aebda6abcd,request_lab,,,,,,
R6D17E90CDA34,consensus,13,45c2eb9d-c9da-420f-abd6-38aebda6abcd,request_lab,,,,,,
R6D17E90CDA34,primary,14,ceb45933-40be-4a8f-a833-b23ac4e1cd4d,request_lab,,,,,,
R6D17E90CDA34,second,14,ceb45933-40be-4a8f-a833-b23ac4e1cd4d,request_lab,,,,,,
R6D17E90CDA34,consensus,14,ceb45933-40be-4a8f-a833-b23ac4e1cd4d,request_lab,,,,,,
R6D17E90CDA34,primary,15,788b004b-690a-4187-822d-c7789848615f,plan_reason,,,,,,
R6D17E90CDA34,second,15,788b004b-690a-4187-822d-c7789848615f,plan_reason,,,,,,
R6D17E90CDA34,consensus,15,788b004b-690a-4187-822d-c7789848615f,plan_reason,,,,,,
R6D17E90CDA34,primary,16,7bc17131-e5ad-426d-a8f4-4d88fdb68958,request_lab,,,,,,
R6D17E90CDA34,second,16,7bc17131-e5ad-426d-a8f4-4d88fdb68958,request_lab,,,,,,
R6D17E90CDA34,consensus,16,7bc17131-e5ad-426d-a8f4-4d88fdb68958,request_lab,,,,,,
R6D17E90CDA34,primary,17,85b949b8-3f35-44b7-a9ea-300f48d644c0,plan_reason,,,,,,
R6D17E90CDA34,second,17,85b949b8-3f35-44b7-a9ea-300f48d644c0,plan_reason,,,,,,
R6D17E90CDA34,consensus,17,85b949b8-3f35-44b7-a9ea-300f48d644c0,plan_reason,,,,,,
R6D17E90CDA34,primary,18,b9fbb08d-48e3-4c40-8486-e33fb1542d8b,request_lab,,,,,,
R6D17E90CDA34,second,18,b9fbb08d-48e3-4c40-8486-e33fb1542d8b,request_lab,,,,,,
R6D17E90CDA34,consensus,18,b9fbb08d-48e3-4c40-8486-e33fb1542d8b,request_lab,,,,,,
R6D17E90CDA34,primary,19,15d1a235-856f-422f-8a11-d8785f2de2da,plan_reason,,,,,,
R6D17E90CDA34,second,19,15d1a235-856f-422f-8a11-d8785f2de2da,plan_reason,,,,,,
R6D17E90CDA34,consensus,19,15d1a235-856f-422f-8a11-d8785f2de2da,plan_reason,,,,,,
R6D17E90CDA34,primary,20,49ad62c4-d99e-415f-a439-5dcddf954c3e,request_lab,,,,,,
R6D17E90CDA34,second,20,49ad62c4-d99e-415f-a439-5dcddf954c3e,request_lab,,,,,,
R6D17E90CDA34,consensus,20,49ad62c4-d99e-415f-a439-5dcddf954c3e,request_lab,,,,,,
R6D17E90CDA34,primary,21,06bcfa5c-e936-4a0e-9cd3-21d9026d3c9c,plan_reason,,,,,,
R6D17E90CDA34,second,21,06bcfa5c-e936-4a0e-9cd3-21d9026d3c9c,plan_reason,,,,,,
R6D17E90CDA34,consensus,21,06bcfa5c-e936-4a0e-9cd3-21d9026d3c9c,plan_reason,,,,,,
R6D17E90CDA34,primary,22,0ebeec92-b69c-4e4d-94e2-8899a9e0cff5,request_lab,,,,,,
R6D17E90CDA34,second,22,0ebeec92-b69c-4e4d-94e2-8899a9e0cff5,request_lab,,,,,,
R6D17E90CDA34,consensus,22,0ebeec92-b69c-4e4d-94e2-8899a9e0cff5,request_lab,,,,,,
R6D17E90CDA34,primary,23,c165c209-f2f5-45b1-8eec-cf5da2738c04,plan_reason,,,,,,
R6D17E90CDA34,second,23,c165c209-f2f5-45b1-8eec-cf5da2738c04,plan_reason,,,,,,
R6D17E90CDA34,consensus,23,c165c209-f2f5-45b1-8eec-cf5da2738c04,plan_reason,,,,,,
R6D17E90CDA34,primary,24,fb641a35-7fb3-4b8e-a896-d69e92534cb2,request_lab,,,,,,
R6D17E90CDA34,second,24,fb641a35-7fb3-4b8e-a896-d69e92534cb2,request_lab,,,,,,
R6D17E90CDA34,consensus,24,fb641a35-7fb3-4b8e-a896-d69e92534cb2,request_lab,,,,,,
R6D17E90CDA34,primary,25,fbee0f7d-f7b8-466c-9b01-939b43fc43e0,plan_reason,,,,,,
R6D17E90CDA34,second,25,fbee0f7d-f7b8-466c-9b01-939b43fc43e0,plan_reason,,,,,,
R6D17E90CDA34,consensus,25,fbee0f7d-f7b8-466c-9b01-939b43fc43e0,plan_reason,,,,,,
R6D17E90CDA34,primary,26,73bf5738-3901-4893-a4c6-67faee81cca4,request_lab,,,,,,
R6D17E90CDA34,second,26,73bf5738-3901-4893-a4c6-67faee81cca4,request_lab,,,,,,
R6D17E90CDA34,consensus,26,73bf5738-3901-4893-a4c6-67faee81cca4,request_lab,,,,,,
R6D17E90CDA34,primary,27,97757c2b-a584-49cc-a2a7-128887ba8497,plan_reason,,,,,,
R6D17E90CDA34,second,27,97757c2b-a584-49cc-a2a7-128887ba8497,plan_reason,,,,,,
R6D17E90CDA34,consensus,27,97757c2b-a584-49cc-a2a7-128887ba8497,plan_reason,,,,,,
R6D17E90CDA34,primary,28,6255c7c5-dc8e-417f-8485-2a9f2e4cb02a,request_lab,,,,,,
R6D17E90CDA34,second,28,6255c7c5-dc8e-417f-8485-2a9f2e4cb02a,request_lab,,,,,,
R6D17E90CDA34,consensus,28,6255c7c5-dc8e-417f-8485-2a9f2e4cb02a,request_lab,,,,,,
R6D17E90CDA34,primary,29,18b00d66-05ae-4065-8151-ad4e3e0f36b0,plan_reason,,,,,,
R6D17E90CDA34,second,29,18b00d66-05ae-4065-8151-ad4e3e0f36b0,plan_reason,,,,,,
R6D17E90CDA34,consensus,29,18b00d66-05ae-4065-8151-ad4e3e0f36b0,plan_reason,,,,,,
R6D17E90CDA34,primary,30,279f0c4b-2e91-436d-a93c-6de3ee998bc5,request_lab,,,,,,
R6D17E90CDA34,second,30,279f0c4b-2e91-436d-a93c-6de3ee998bc5,request_lab,,,,,,
R6D17E90CDA34,consensus,30,279f0c4b-2e91-436d-a93c-6de3ee998bc5,request_lab,,,,,,
R6D17E90CDA34,primary,31,ec8be69c-106f-443e-87b0-970375998483,plan_reason,,,,,,
R6D17E90CDA34,second,31,ec8be69c-106f-443e-87b0-970375998483,plan_reason,,,,,,
R6D17E90CDA34,consensus,31,ec8be69c-106f-443e-87b0-970375998483,plan_reason,,,,,,
R6D17E90CDA34,primary,32,c19bfdf8-25a1-449b-a1c7-2ff7e132c11b,request_lab,,,,,,
R6D17E90CDA34,second,32,c19bfdf8-25a1-449b-a1c7-2ff7e132c11b,request_lab,,,,,,
R6D17E90CDA34,consensus,32,c19bfdf8-25a1-449b-a1c7-2ff7e132c11b,request_lab,,,,,,
R6D17E90CDA34,primary,33,ee019962-2202-4fc1-b120-0efdff8874ab,plan_reason,,,,,,
R6D17E90CDA34,second,33,ee019962-2202-4fc1-b120-0efdff8874ab,plan_reason,,,,,,
R6D17E90CDA34,consensus,33,ee019962-2202-4fc1-b120-0efdff8874ab,plan_reason,,,,,,
R6D17E90CDA34,primary,34,3785839f-30bd-4406-81a6-798c43f80483,request_lab,,,,,,
R6D17E90CDA34,second,34,3785839f-30bd-4406-81a6-798c43f80483,request_lab,,,,,,
R6D17E90CDA34,consensus,34,3785839f-30bd-4406-81a6-798c43f80483,request_lab,,,,,,
R6D17E90CDA34,primary,35,08752e5d-e6f9-431a-b658-5de3c60eae62,plan_reason,,,,,,
R6D17E90CDA34,second,35,08752e5d-e6f9-431a-b658-5de3c60eae62,plan_reason,,,,,,
R6D17E90CDA34,consensus,35,08752e5d-e6f9-431a-b658-5de3c60eae62,plan_reason,,,,,,
R6D17E90CDA34,primary,36,00ff6b71-e5af-4b15-afb1-5ace292d7a9f,request_lab,,,,,,
R6D17E90CDA34,second,36,00ff6b71-e5af-4b15-afb1-5ace292d7a9f,request_lab,,,,,,
R6D17E90CDA34,consensus,36,00ff6b71-e5af-4b15-afb1-5ace292d7a9f,request_lab,,,,,,
R6D17E90CDA34,primary,37,3f08ea77-0cf9-470d-a9ce-bb1f9d4d486a,plan_reason,,,,,,
R6D17E90CDA34,second,37,3f08ea77-0cf9-470d-a9ce-bb1f9d4d486a,plan_reason,,,,,,
R6D17E90CDA34,consensus,37,3f08ea77-0cf9-470d-a9ce-bb1f9d4d486a,plan_reason,,,,,,
R6D17E90CDA34,primary,38,974d09e8-d971-4de8-b38c-2832e93404ff,request_lab,,,,,,
R6D17E90CDA34,second,38,974d09e8-d971-4de8-b38c-2832e93404ff,request_lab,,,,,,
R6D17E90CDA34,consensus,38,974d09e8-d971-4de8-b38c-2832e93404ff,request_lab,,,,,,
R6D17E90CDA34,primary,39,70725b6f-f092-4447-b5c6-9460b2023103,plan_reason,,,,,,
R6D17E90CDA34,second,39,70725b6f-f092-4447-b5c6-9460b2023103,plan_reason,,,,,,
R6D17E90CDA34,consensus,39,70725b6f-f092-4447-b5c6-9460b2023103,plan_reason,,,,,,
R6D17E90CDA34,primary,40,16ed66ae-11e4-44cb-a1da-dadca354d2b3,request_lab,,,,,,
R6D17E90CDA34,second,40,16ed66ae-11e4-44cb-a1da-dadca354d2b3,request_lab,,,,,,
R6D17E90CDA34,consensus,40,16ed66ae-11e4-44cb-a1da-dadca354d2b3,request_lab,,,,,,
R2D4F4E8981AD,primary,1,30760393-efc0-47ca-8904-277842b37d72,ask_history,,,,,,
R2D4F4E8981AD,second,1,30760393-efc0-47ca-8904-277842b37d72,ask_history,,,,,,
R2D4F4E8981AD,consensus,1,30760393-efc0-47ca-8904-277842b37d72,ask_history,,,,,,
R2D4F4E8981AD,primary,2,bfd61e24-29c0-47e5-970d-11ccf330b95f,request_physical_exam,,,,,,
R2D4F4E8981AD,second,2,bfd61e24-29c0-47e5-970d-11ccf330b95f,request_physical_exam,,,,,,
R2D4F4E8981AD,consensus,2,bfd61e24-29c0-47e5-970d-11ccf330b95f,request_physical_exam,,,,,,
R2D4F4E8981AD,primary,3,40f62354-3cda-4f00-b736-50cd672772c9,ask_history,,,,,,
R2D4F4E8981AD,second,3,40f62354-3cda-4f00-b736-50cd672772c9,ask_history,,,,,,
R2D4F4E8981AD,consensus,3,40f62354-3cda-4f00-b736-50cd672772c9,ask_history,,,,,,
R2D4F4E8981AD,primary,4,1e44c93d-df31-4670-9843-5bfe5ee06f1b,request_physical_exam,,,,,,
R2D4F4E8981AD,second,4,1e44c93d-df31-4670-9843-5bfe5ee06f1b,request_physical_exam,,,,,,
R2D4F4E8981AD,consensus,4,1e44c93d-df31-4670-9843-5bfe5ee06f1b,request_physical_exam,,,,,,
R2D4F4E8981AD,primary,5,be113185-bb07-4303-b1bb-4c3180074955,request_lab,,,,,,
R2D4F4E8981AD,second,5,be113185-bb07-4303-b1bb-4c3180074955,request_lab,,,,,,
R2D4F4E8981AD,consensus,5,be113185-bb07-4303-b1bb-4c3180074955,request_lab,,,,,,
R2D4F4E8981AD,primary,6,f12ff64e-8584-4f24-9f6c-8e1b8df0bfa2,plan_reason,,,,,,
R2D4F4E8981AD,second,6,f12ff64e-8584-4f24-9f6c-8e1b8df0bfa2,plan_reason,,,,,,
R2D4F4E8981AD,consensus,6,f12ff64e-8584-4f24-9f6c-8e1b8df0bfa2,plan_reason,,,,,,
R2D4F4E8981AD,primary,7,c6208725-cf83-4993-b07b-0acaf18cedf0,request_procedure,,,,,,
R2D4F4E8981AD,second,7,c6208725-cf83-4993-b07b-0acaf18cedf0,request_procedure,,,,,,
R2D4F4E8981AD,consensus,7,c6208725-cf83-4993-b07b-0acaf18cedf0,request_procedure,,,,,,
R2D4F4E8981AD,primary,8,6a87163a-2577-4db2-8dfb-15cb5f8c0989,final_diagnosis,,,,,,
R2D4F4E8981AD,second,8,6a87163a-2577-4db2-8dfb-15cb5f8c0989,final_diagnosis,,,,,,
R2D4F4E8981AD,consensus,8,6a87163a-2577-4db2-8dfb-15cb5f8c0989,final_diagnosis,,,,,,
R2D4F4E8981AD,primary,9,939841c6-f233-4565-955b-807c5f972b36,disposition,,,,,,
R2D4F4E8981AD,second,9,939841c6-f233-4565-955b-807c5f972b36,disposition,,,,,,
R2D4F4E8981AD,consensus,9,939841c6-f233-4565-955b-807c5f972b36,disposition,,,,,,
R2D4F4E8981AD,primary,10,2b9581b5-5917-47ae-91ee-56358c83b0d2,ask_history,,,,,,
R2D4F4E8981AD,second,10,2b9581b5-5917-47ae-91ee-56358c83b0d2,ask_history,,,,,,
R2D4F4E8981AD,consensus,10,2b9581b5-5917-47ae-91ee-56358c83b0d2,ask_history,,,,,,
R2D4F4E8981AD,primary,11,ecfe53ca-b77e-4d6b-9a33-071198bc48e3,request_physical_exam,,,,,,
R2D4F4E8981AD,second,11,ecfe53ca-b77e-4d6b-9a33-071198bc48e3,request_physical_exam,,,,,,
R2D4F4E8981AD,consensus,11,ecfe53ca-b77e-4d6b-9a33-071198bc48e3,request_physical_exam,,,,,,
R2D4F4E8981AD,primary,12,c5b13a70-4244-4964-8620-9958682696dd,ask_history,,,,,,
R2D4F4E8981AD,second,12,c5b13a70-4244-4964-8620-9958682696dd,ask_history,,,,,,
R2D4F4E8981AD,consensus,12,c5b13a70-4244-4964-8620-9958682696dd,ask_history,,,,,,
R2D4F4E8981AD,primary,13,30a49780-b538-499d-a5ec-a783417eb33d,request_physical_exam,,,,,,
R2D4F4E8981AD,second,13,30a49780-b538-499d-a5ec-a783417eb33d,request_physical_exam,,,,,,
R2D4F4E8981AD,consensus,13,30a49780-b538-499d-a5ec-a783417eb33d,request_physical_exam,,,,,,
R2D4F4E8981AD,primary,14,2645a5e7-ea74-4067-848a-c47d4000d9af,request_lab,,,,,,
R2D4F4E8981AD,second,14,2645a5e7-ea74-4067-848a-c47d4000d9af,request_lab,,,,,,
R2D4F4E8981AD,consensus,14,2645a5e7-ea74-4067-848a-c47d4000d9af,request_lab,,,,,,
R2D4F4E8981AD,primary,15,01aa48a7-72a6-4f5e-a2fb-ba2fc14ccda5,plan_reason,,,,,,
R2D4F4E8981AD,second,15,01aa48a7-72a6-4f5e-a2fb-ba2fc14ccda5,plan_reason,,,,,,
R2D4F4E8981AD,consensus,15,01aa48a7-72a6-4f5e-a2fb-ba2fc14ccda5,plan_reason,,,,,,
R2D4F4E8981AD,primary,16,e2c44b4d-ed6d-47a4-b378-40868f31f1c9,request_procedure,,,,,,
R2D4F4E8981AD,second,16,e2c44b4d-ed6d-47a4-b378-40868f31f1c9,request_procedure,,,,,,
R2D4F4E8981AD,consensus,16,e2c44b4d-ed6d-47a4-b378-40868f31f1c9,request_procedure,,,,,,
R2D4F4E8981AD,primary,17,49626e74-608f-492d-8301-2d8253545733,final_diagnosis,,,,,,
R2D4F4E8981AD,second,17,49626e74-608f-492d-8301-2d8253545733,final_diagnosis,,,,,,
R2D4F4E8981AD,consensus,17,49626e74-608f-492d-8301-2d8253545733,final_diagnosis,,,,,,
R2D4F4E8981AD,primary,18,d474140c-4f54-4ae4-8a94-830ae6a1b9f8,disposition,,,,,,
R2D4F4E8981AD,second,18,d474140c-4f54-4ae4-8a94-830ae6a1b9f8,disposition,,,,,,
R2D4F4E8981AD,consensus,18,d474140c-4f54-4ae4-8a94-830ae6a1b9f8,disposition,,,,,,
R2D4F4E8981AD,primary,19,dc05be76-7d24-4a10-8731-5dbec00fb1e1,plan_reason,,,,,,
R2D4F4E8981AD,second,19,dc05be76-7d24-4a10-8731-5dbec00fb1e1,plan_reason,,,,,,
R2D4F4E8981AD,consensus,19,dc05be76-7d24-4a10-8731-5dbec00fb1e1,plan_reason,,,,,,
R2D4F4E8981AD,primary,20,86346afd-dfd4-4520-8310-e51c371b59d1,final_diagnosis,,,,,,
R2D4F4E8981AD,second,20,86346afd-dfd4-4520-8310-e51c371b59d1,final_diagnosis,,,,,,
R2D4F4E8981AD,consensus,20,86346afd-dfd4-4520-8310-e51c371b59d1,final_diagnosis,,,,,,
R2D4F4E8981AD,primary,21,e5897ede-2915-4642-965c-a8d566fa748a,disposition,,,,,,
R2D4F4E8981AD,second,21,e5897ede-2915-4642-965c-a8d566fa748a,disposition,,,,,,
R2D4F4E8981AD,consensus,21,e5897ede-2915-4642-965c-a8d566fa748a,disposition,,,,,,
R2D4F4E8981AD,primary,22,c62f4752-6f5e-4e94-b826-deb424b6aa07,ask_history,,,,,,
R2D4F4E8981AD,second,22,c62f4752-6f5e-4e94-b826-deb424b6aa07,ask_history,,,,,,
R2D4F4E8981AD,consensus,22,c62f4752-6f5e-4e94-b826-deb424b6aa07,ask_history,,,,,,
R2D4F4E8981AD,primary,23,b01578c9-7375-43e8-8069-9d5b93aa36a3,request_physical_exam,,,,,,
R2D4F4E8981AD,second,23,b01578c9-7375-43e8-8069-9d5b93aa36a3,request_physical_exam,,,,,,
R2D4F4E8981AD,consensus,23,b01578c9-7375-43e8-8069-9d5b93aa36a3,request_physical_exam,,,,,,
R2D4F4E8981AD,primary,24,d3a7cce7-3990-4ad5-9dbd-4c1ac64ccafe,ask_history,,,,,,
R2D4F4E8981AD,second,24,d3a7cce7-3990-4ad5-9dbd-4c1ac64ccafe,ask_history,,,,,,
R2D4F4E8981AD,consensus,24,d3a7cce7-3990-4ad5-9dbd-4c1ac64ccafe,ask_history,,,,,,
R2D4F4E8981AD,primary,25,49d21764-9c61-4ed3-a1e9-c194a7db42fd,request_physical_exam,,,,,,
R2D4F4E8981AD,second,25,49d21764-9c61-4ed3-a1e9-c194a7db42fd,request_physical_exam,,,,,,
R2D4F4E8981AD,consensus,25,49d21764-9c61-4ed3-a1e9-c194a7db42fd,request_physical_exam,,,,,,
R2D4F4E8981AD,primary,26,27a27cb9-53dc-44e5-b8e4-decbf186a4e2,request_lab,,,,,,
R2D4F4E8981AD,second,26,27a27cb9-53dc-44e5-b8e4-decbf186a4e2,request_lab,,,,,,
R2D4F4E8981AD,consensus,26,27a27cb9-53dc-44e5-b8e4-decbf186a4e2,request_lab,,,,,,
R2D4F4E8981AD,primary,27,0aa5a714-f662-4b9d-a89d-fd8727f66c48,plan_reason,,,,,,
R2D4F4E8981AD,second,27,0aa5a714-f662-4b9d-a89d-fd8727f66c48,plan_reason,,,,,,
R2D4F4E8981AD,consensus,27,0aa5a714-f662-4b9d-a89d-fd8727f66c48,plan_reason,,,,,,
R2D4F4E8981AD,primary,28,3bcd2980-ed87-43af-a5cf-57ae53e3d9c5,request_procedure,,,,,,
R2D4F4E8981AD,second,28,3bcd2980-ed87-43af-a5cf-57ae53e3d9c5,request_procedure,,,,,,
R2D4F4E8981AD,consensus,28,3bcd2980-ed87-43af-a5cf-57ae53e3d9c5,request_procedure,,,,,,
R2D4F4E8981AD,primary,29,9f23d2d6-dbf0-4873-b2f2-1580e6aa26f9,final_diagnosis,,,,,,
R2D4F4E8981AD,second,29,9f23d2d6-dbf0-4873-b2f2-1580e6aa26f9,final_diagnosis,,,,,,
R2D4F4E8981AD,consensus,29,9f23d2d6-dbf0-4873-b2f2-1580e6aa26f9,final_diagnosis,,,,,,
R2D4F4E8981AD,primary,30,94d07a78-3e70-42e6-831f-f87d1bc5d0ca,disposition,,,,,,
R2D4F4E8981AD,second,30,94d07a78-3e70-42e6-831f-f87d1bc5d0ca,disposition,,,,,,
R2D4F4E8981AD,consensus,30,94d07a78-3e70-42e6-831f-f87d1bc5d0ca,disposition,,,,,,
R2D4F4E8981AD,primary,31,b01b201d-2f25-43cd-85c5-a565cff2c43e,ask_history,,,,,,
R2D4F4E8981AD,second,31,b01b201d-2f25-43cd-85c5-a565cff2c43e,ask_history,,,,,,
R2D4F4E8981AD,consensus,31,b01b201d-2f25-43cd-85c5-a565cff2c43e,ask_history,,,,,,
R2D4F4E8981AD,primary,32,14f17f3f-1412-4869-8ee6-a3a675f93c40,request_physical_exam,,,,,,
R2D4F4E8981AD,second,32,14f17f3f-1412-4869-8ee6-a3a675f93c40,request_physical_exam,,,,,,
R2D4F4E8981AD,consensus,32,14f17f3f-1412-4869-8ee6-a3a675f93c40,request_physical_exam,,,,,,
R2D4F4E8981AD,primary,33,a560e147-30c9-40f3-8989-9e9c47bdf375,ask_history,,,,,,
R2D4F4E8981AD,second,33,a560e147-30c9-40f3-8989-9e9c47bdf375,ask_history,,,,,,
R2D4F4E8981AD,consensus,33,a560e147-30c9-40f3-8989-9e9c47bdf375,ask_history,,,,,,
R2D4F4E8981AD,primary,34,ae07af94-dd16-40e1-a4ef-89b9bc57ee13,request_physical_exam,,,,,,
R2D4F4E8981AD,second,34,ae07af94-dd16-40e1-a4ef-89b9bc57ee13,request_physical_exam,,,,,,
R2D4F4E8981AD,consensus,34,ae07af94-dd16-40e1-a4ef-89b9bc57ee13,request_physical_exam,,,,,,
R2D4F4E8981AD,primary,35,43d9b4ef-d0d5-4727-a5a4-0666b2875f19,request_lab,,,,,,
R2D4F4E8981AD,second,35,43d9b4ef-d0d5-4727-a5a4-0666b2875f19,request_lab,,,,,,
R2D4F4E8981AD,consensus,35,43d9b4ef-d0d5-4727-a5a4-0666b2875f19,request_lab,,,,,,
R2D4F4E8981AD,primary,36,148683e0-5342-4db3-b258-7dc6500b852e,plan_reason,,,,,,
R2D4F4E8981AD,second,36,148683e0-5342-4db3-b258-7dc6500b852e,plan_reason,,,,,,
R2D4F4E8981AD,consensus,36,148683e0-5342-4db3-b258-7dc6500b852e,plan_reason,,,,,,
R2D4F4E8981AD,primary,37,66466d07-6b6d-44fb-813a-9050d804e019,request_procedure,,,,,,
R2D4F4E8981AD,second,37,66466d07-6b6d-44fb-813a-9050d804e019,request_procedure,,,,,,
R2D4F4E8981AD,consensus,37,66466d07-6b6d-44fb-813a-9050d804e019,request_procedure,,,,,,
R2D4F4E8981AD,primary,38,0eb929c0-b4be-4790-a61c-c39df42bcbbb,final_diagnosis,,,,,,
R2D4F4E8981AD,second,38,0eb929c0-b4be-4790-a61c-c39df42bcbbb,final_diagnosis,,,,,,
R2D4F4E8981AD,consensus,38,0eb929c0-b4be-4790-a61c-c39df42bcbbb,final_diagnosis,,,,,,
R2D4F4E8981AD,primary,39,cf8e035a-aea8-4a5c-9fe7-fcb0e2770614,disposition,,,,,,
R2D4F4E8981AD,second,39,cf8e035a-aea8-4a5c-9fe7-fcb0e2770614,disposition,,,,,,
R2D4F4E8981AD,consensus,39,cf8e035a-aea8-4a5c-9fe7-fcb0e2770614,disposition,,,,,,
R2D4F4E8981AD,primary,40,63b86ef1-57d6-4469-b369-1f4eacd909f5,ask_history,,,,,,
R2D4F4E8981AD,second,40,63b86ef1-57d6-4469-b369-1f4eacd909f5,ask_history,,,,,,
R2D4F4E8981AD,consensus,40,63b86ef1-57d6-4469-b369-1f4eacd909f5,ask_history,,,,,,
R46D0EEE114F6,primary,1,683d710b-7339-4356-a9f7-d9c4016fc2e3,ask_history,,,,,,
R46D0EEE114F6,second,1,683d710b-7339-4356-a9f7-d9c4016fc2e3,ask_history,,,,,,
R46D0EEE114F6,consensus,1,683d710b-7339-4356-a9f7-d9c4016fc2e3,ask_history,,,,,,
R46D0EEE114F6,primary,2,36539a25-5d11-4ae3-9854-ae7d153432c4,request_physical_exam,,,,,,
R46D0EEE114F6,second,2,36539a25-5d11-4ae3-9854-ae7d153432c4,request_physical_exam,,,,,,
R46D0EEE114F6,consensus,2,36539a25-5d11-4ae3-9854-ae7d153432c4,request_physical_exam,,,,,,
R46D0EEE114F6,primary,3,9f9e831c-d411-4b9f-b639-74382f17e625,request_ecg_or_test,,,,,,
R46D0EEE114F6,second,3,9f9e831c-d411-4b9f-b639-74382f17e625,request_ecg_or_test,,,,,,
R46D0EEE114F6,consensus,3,9f9e831c-d411-4b9f-b639-74382f17e625,request_ecg_or_test,,,,,,
R46D0EEE114F6,primary,4,63d62c2a-9cc1-4c90-9704-f4764b989b32,request_lab,,,,,,
R46D0EEE114F6,second,4,63d62c2a-9cc1-4c90-9704-f4764b989b32,request_lab,,,,,,
R46D0EEE114F6,consensus,4,63d62c2a-9cc1-4c90-9704-f4764b989b32,request_lab,,,,,,
R46D0EEE114F6,primary,5,ed4e1aa6-42a2-4038-b774-ba8ff70a36dd,request_ecg_or_test,,,,,,
R46D0EEE114F6,second,5,ed4e1aa6-42a2-4038-b774-ba8ff70a36dd,request_ecg_or_test,,,,,,
R46D0EEE114F6,consensus,5,ed4e1aa6-42a2-4038-b774-ba8ff70a36dd,request_ecg_or_test,,,,,,
R46D0EEE114F6,primary,6,74cbcb31-a565-4d83-8084-9df484cec77b,ask_history,,,,,,
R46D0EEE114F6,second,6,74cbcb31-a565-4d83-8084-9df484cec77b,ask_history,,,,,,
R46D0EEE114F6,consensus,6,74cbcb31-a565-4d83-8084-9df484cec77b,ask_history,,,,,,
R46D0EEE114F6,primary,7,e116658c-8de9-4c31-a54b-82adbe3ad21e,plan_reason,,,,,,
R46D0EEE114F6,second,7,e116658c-8de9-4c31-a54b-82adbe3ad21e,plan_reason,,,,,,
R46D0EEE114F6,consensus,7,e116658c-8de9-4c31-a54b-82adbe3ad21e,plan_reason,,,,,,
R46D0EEE114F6,primary,8,0b5b5ff9-2737-4c2a-9917-b4f8b70cdb5d,request_lab,,,,,,
R46D0EEE114F6,second,8,0b5b5ff9-2737-4c2a-9917-b4f8b70cdb5d,request_lab,,,,,,
R46D0EEE114F6,consensus,8,0b5b5ff9-2737-4c2a-9917-b4f8b70cdb5d,request_lab,,,,,,
R46D0EEE114F6,primary,9,8862d988-ed9d-40c7-8103-7a97c9e36b41,request_imaging,,,,,,
R46D0EEE114F6,second,9,8862d988-ed9d-40c7-8103-7a97c9e36b41,request_imaging,,,,,,
R46D0EEE114F6,consensus,9,8862d988-ed9d-40c7-8103-7a97c9e36b41,request_imaging,,,,,,
R46D0EEE114F6,primary,10,22f22b38-78a5-4be4-be4e-107d178c620d,request_imaging,,,,,,
R46D0EEE114F6,second,10,22f22b38-78a5-4be4-be4e-107d178c620d,request_imaging,,,,,,
R46D0EEE114F6,consensus,10,22f22b38-78a5-4be4-be4e-107d178c620d,request_imaging,,,,,,
R46D0EEE114F6,primary,11,0087d524-2362-445e-9526-1a87cbef3800,request_physical_exam,,,,,,
R46D0EEE114F6,second,11,0087d524-2362-445e-9526-1a87cbef3800,request_physical_exam,,,,,,
R46D0EEE114F6,consensus,11,0087d524-2362-445e-9526-1a87cbef3800,request_physical_exam,,,,,,
R46D0EEE114F6,primary,12,7a7dd825-ed20-48ff-aea6-7c5058e5428c,request_procedure,,,,,,
R46D0EEE114F6,second,12,7a7dd825-ed20-48ff-aea6-7c5058e5428c,request_procedure,,,,,,
R46D0EEE114F6,consensus,12,7a7dd825-ed20-48ff-aea6-7c5058e5428c,request_procedure,,,,,,
R46D0EEE114F6,primary,13,ba49d6a4-1205-44a3-9091-29ad154da362,ask_history,,,,,,
R46D0EEE114F6,second,13,ba49d6a4-1205-44a3-9091-29ad154da362,ask_history,,,,,,
R46D0EEE114F6,consensus,13,ba49d6a4-1205-44a3-9091-29ad154da362,ask_history,,,,,,
R46D0EEE114F6,primary,14,21ae9803-fcaa-4a4f-b6b0-ef2f1fc339ea,prescribe_medication,,,,,,
R46D0EEE114F6,second,14,21ae9803-fcaa-4a4f-b6b0-ef2f1fc339ea,prescribe_medication,,,,,,
R46D0EEE114F6,consensus,14,21ae9803-fcaa-4a4f-b6b0-ef2f1fc339ea,prescribe_medication,,,,,,
R46D0EEE114F6,primary,15,a1ec1f63-f593-4838-bef4-bef7f4759c6a,final_diagnosis,,,,,,
R46D0EEE114F6,second,15,a1ec1f63-f593-4838-bef4-bef7f4759c6a,final_diagnosis,,,,,,
R46D0EEE114F6,consensus,15,a1ec1f63-f593-4838-bef4-bef7f4759c6a,final_diagnosis,,,,,,
R46D0EEE114F6,primary,16,40302dc6-2b9e-4c6a-a30a-d3e0f0f79dbf,disposition,,,,,,
R46D0EEE114F6,second,16,40302dc6-2b9e-4c6a-a30a-d3e0f0f79dbf,disposition,,,,,,
R46D0EEE114F6,consensus,16,40302dc6-2b9e-4c6a-a30a-d3e0f0f79dbf,disposition,,,,,,
RC71D8B3125E4,primary,1,b2ba8cf9-3784-48af-a6bb-e205845a163e,ask_history,,,,,,
RC71D8B3125E4,second,1,b2ba8cf9-3784-48af-a6bb-e205845a163e,ask_history,,,,,,
RC71D8B3125E4,consensus,1,b2ba8cf9-3784-48af-a6bb-e205845a163e,ask_history,,,,,,
RC71D8B3125E4,primary,2,54687ef3-7900-47ab-93bb-c38efa0af391,ask_history,,,,,,
RC71D8B3125E4,second,2,54687ef3-7900-47ab-93bb-c38efa0af391,ask_history,,,,,,
RC71D8B3125E4,consensus,2,54687ef3-7900-47ab-93bb-c38efa0af391,ask_history,,,,,,
RC71D8B3125E4,primary,3,e0b7c2ac-f6a0-4371-b9c4-10695c9c8eef,request_physical_exam,,,,,,
RC71D8B3125E4,second,3,e0b7c2ac-f6a0-4371-b9c4-10695c9c8eef,request_physical_exam,,,,,,
RC71D8B3125E4,consensus,3,e0b7c2ac-f6a0-4371-b9c4-10695c9c8eef,request_physical_exam,,,,,,
RC71D8B3125E4,primary,4,3067a583-a451-4022-96c6-90281d81138b,request_lab,,,,,,
RC71D8B3125E4,second,4,3067a583-a451-4022-96c6-90281d81138b,request_lab,,,,,,
RC71D8B3125E4,consensus,4,3067a583-a451-4022-96c6-90281d81138b,request_lab,,,,,,
RC71D8B3125E4,primary,5,8ed44f7c-561f-4763-ac46-417b13815c0a,request_imaging,,,,,,
RC71D8B3125E4,second,5,8ed44f7c-561f-4763-ac46-417b13815c0a,request_imaging,,,,,,
RC71D8B3125E4,consensus,5,8ed44f7c-561f-4763-ac46-417b13815c0a,request_imaging,,,,,,
RC71D8B3125E4,primary,6,2e0908a2-fe6e-45ed-a1e8-92e333b1ee4b,request_ecg_or_test,,,,,,
RC71D8B3125E4,second,6,2e0908a2-fe6e-45ed-a1e8-92e333b1ee4b,request_ecg_or_test,,,,,,
RC71D8B3125E4,consensus,6,2e0908a2-fe6e-45ed-a1e8-92e333b1ee4b,request_ecg_or_test,,,,,,
RC71D8B3125E4,primary,7,c8815dbc-61c1-4120-97d7-b8cea9b90bd2,plan_reason,,,,,,
RC71D8B3125E4,second,7,c8815dbc-61c1-4120-97d7-b8cea9b90bd2,plan_reason,,,,,,
RC71D8B3125E4,consensus,7,c8815dbc-61c1-4120-97d7-b8cea9b90bd2,plan_reason,,,,,,
RC71D8B3125E4,primary,8,99af399a-a961-44e9-856f-6a86603023aa,final_diagnosis,,,,,,
RC71D8B3125E4,second,8,99af399a-a961-44e9-856f-6a86603023aa,final_diagnosis,,,,,,
RC71D8B3125E4,consensus,8,99af399a-a961-44e9-856f-6a86603023aa,final_diagnosis,,,,,,
RC71D8B3125E4,primary,9,3597fdcd-85ea-41da-b4d4-2ce3c1bf8606,disposition,,,,,,
RC71D8B3125E4,second,9,3597fdcd-85ea-41da-b4d4-2ce3c1bf8606,disposition,,,,,,
RC71D8B3125E4,consensus,9,3597fdcd-85ea-41da-b4d4-2ce3c1bf8606,disposition,,,,,,
R59C5140C2C09,primary,1,bd4adf72-6383-4200-ae5b-73ab84b39431,request_physical_exam,,,,,,
R59C5140C2C09,second,1,bd4adf72-6383-4200-ae5b-73ab84b39431,request_physical_exam,,,,,,
R59C5140C2C09,consensus,1,bd4adf72-6383-4200-ae5b-73ab84b39431,request_physical_exam,,,,,,
R59C5140C2C09,primary,2,89a4abbb-843c-45ec-90dc-f6f15d04a2e1,ask_history,,,,,,
R59C5140C2C09,second,2,89a4abbb-843c-45ec-90dc-f6f15d04a2e1,ask_history,,,,,,
R59C5140C2C09,consensus,2,89a4abbb-843c-45ec-90dc-f6f15d04a2e1,ask_history,,,,,,
R59C5140C2C09,primary,3,d4e967ac-cca1-4b31-87bc-fb563cab9800,request_imaging,,,,,,
R59C5140C2C09,second,3,d4e967ac-cca1-4b31-87bc-fb563cab9800,request_imaging,,,,,,
R59C5140C2C09,consensus,3,d4e967ac-cca1-4b31-87bc-fb563cab9800,request_imaging,,,,,,
R59C5140C2C09,primary,4,7405ab93-9e57-4bb4-ac2c-6805aea6f70b,plan_reason,,,,,,
R59C5140C2C09,second,4,7405ab93-9e57-4bb4-ac2c-6805aea6f70b,plan_reason,,,,,,
R59C5140C2C09,consensus,4,7405ab93-9e57-4bb4-ac2c-6805aea6f70b,plan_reason,,,,,,
R59C5140C2C09,primary,5,768f4bcb-2867-45a6-982e-c8535c8510f6,request_procedure,,,,,,
R59C5140C2C09,second,5,768f4bcb-2867-45a6-982e-c8535c8510f6,request_procedure,,,,,,
R59C5140C2C09,consensus,5,768f4bcb-2867-45a6-982e-c8535c8510f6,request_procedure,,,,,,
R59C5140C2C09,primary,6,958df0e5-d911-4225-ae19-5b75dcf9dac0,final_diagnosis,,,,,,
R59C5140C2C09,second,6,958df0e5-d911-4225-ae19-5b75dcf9dac0,final_diagnosis,,,,,,
R59C5140C2C09,consensus,6,958df0e5-d911-4225-ae19-5b75dcf9dac0,final_diagnosis,,,,,,
R59C5140C2C09,primary,7,b84b9286-f957-4a45-b539-ec3d02c702cc,disposition,,,,,,
R59C5140C2C09,second,7,b84b9286-f957-4a45-b539-ec3d02c702cc,disposition,,,,,,
R59C5140C2C09,consensus,7,b84b9286-f957-4a45-b539-ec3d02c702cc,disposition,,,,,,
R3BDBDCA32BC4,primary,1,4d92ff5b-a369-46c7-ad8f-b046ecf2eaf7,ask_history,,,,,,
R3BDBDCA32BC4,second,1,4d92ff5b-a369-46c7-ad8f-b046ecf2eaf7,ask_history,,,,,,
R3BDBDCA32BC4,consensus,1,4d92ff5b-a369-46c7-ad8f-b046ecf2eaf7,ask_history,,,,,,
R3BDBDCA32BC4,primary,2,0b380f94-0501-4387-8edf-441ad3036a6f,ask_history,,,,,,
R3BDBDCA32BC4,second,2,0b380f94-0501-4387-8edf-441ad3036a6f,ask_history,,,,,,
R3BDBDCA32BC4,consensus,2,0b380f94-0501-4387-8edf-441ad3036a6f,ask_history,,,,,,
R3BDBDCA32BC4,primary,3,5bbf854f-ec83-41cf-b135-938a72aa43bf,ask_history,,,,,,
R3BDBDCA32BC4,second,3,5bbf854f-ec83-41cf-b135-938a72aa43bf,ask_history,,,,,,
R3BDBDCA32BC4,consensus,3,5bbf854f-ec83-41cf-b135-938a72aa43bf,ask_history,,,,,,
R3BDBDCA32BC4,primary,4,5f048daa-5a68-4175-ae93-fe463c72c7b5,request_physical_exam,,,,,,
R3BDBDCA32BC4,second,4,5f048daa-5a68-4175-ae93-fe463c72c7b5,request_physical_exam,,,,,,
R3BDBDCA32BC4,consensus,4,5f048daa-5a68-4175-ae93-fe463c72c7b5,request_physical_exam,,,,,,
R3BDBDCA32BC4,primary,5,920daf52-9af3-40fd-8c2b-9965183160d1,request_physical_exam,,,,,,
R3BDBDCA32BC4,second,5,920daf52-9af3-40fd-8c2b-9965183160d1,request_physical_exam,,,,,,
R3BDBDCA32BC4,consensus,5,920daf52-9af3-40fd-8c2b-9965183160d1,request_physical_exam,,,,,,
R3BDBDCA32BC4,primary,6,312ad4cc-8af5-4917-aa4c-df9aceaff12f,plan_reason,,,,,,
R3BDBDCA32BC4,second,6,312ad4cc-8af5-4917-aa4c-df9aceaff12f,plan_reason,,,,,,
R3BDBDCA32BC4,consensus,6,312ad4cc-8af5-4917-aa4c-df9aceaff12f,plan_reason,,,,,,
R3BDBDCA32BC4,primary,7,3680c358-5707-4d38-bad5-edc16a4b48ec,request_lab,,,,,,
R3BDBDCA32BC4,second,7,3680c358-5707-4d38-bad5-edc16a4b48ec,request_lab,,,,,,
R3BDBDCA32BC4,consensus,7,3680c358-5707-4d38-bad5-edc16a4b48ec,request_lab,,,,,,
R3BDBDCA32BC4,primary,8,13c7a45d-c218-4688-9b7c-e715d8c51274,request_imaging,,,,,,
R3BDBDCA32BC4,second,8,13c7a45d-c218-4688-9b7c-e715d8c51274,request_imaging,,,,,,
R3BDBDCA32BC4,consensus,8,13c7a45d-c218-4688-9b7c-e715d8c51274,request_imaging,,,,,,
R3BDBDCA32BC4,primary,9,8afc796e-2911-41f5-8f55-c2dedfe57a5f,request_lab,,,,,,
R3BDBDCA32BC4,second,9,8afc796e-2911-41f5-8f55-c2dedfe57a5f,request_lab,,,,,,
R3BDBDCA32BC4,consensus,9,8afc796e-2911-41f5-8f55-c2dedfe57a5f,request_lab,,,,,,
R3BDBDCA32BC4,primary,10,a4aa2adb-7d98-4016-af68-de4d34cbc9c1,request_lab,,,,,,
R3BDBDCA32BC4,second,10,a4aa2adb-7d98-4016-af68-de4d34cbc9c1,request_lab,,,,,,
R3BDBDCA32BC4,consensus,10,a4aa2adb-7d98-4016-af68-de4d34cbc9c1,request_lab,,,,,,
R3BDBDCA32BC4,primary,11,0ad8ffe1-942e-4675-b50d-c04027aa7c17,ask_history,,,,,,
R3BDBDCA32BC4,second,11,0ad8ffe1-942e-4675-b50d-c04027aa7c17,ask_history,,,,,,
R3BDBDCA32BC4,consensus,11,0ad8ffe1-942e-4675-b50d-c04027aa7c17,ask_history,,,,,,
R3BDBDCA32BC4,primary,12,e1665d24-bc9d-42d1-b423-093be6d1d316,ask_history,,,,,,
R3BDBDCA32BC4,second,12,e1665d24-bc9d-42d1-b423-093be6d1d316,ask_history,,,,,,
R3BDBDCA32BC4,consensus,12,e1665d24-bc9d-42d1-b423-093be6d1d316,ask_history,,,,,,
R3BDBDCA32BC4,primary,13,9bcc3bab-507e-492b-ac16-3598b0e4c263,plan_reason,,,,,,
R3BDBDCA32BC4,second,13,9bcc3bab-507e-492b-ac16-3598b0e4c263,plan_reason,,,,,,
R3BDBDCA32BC4,consensus,13,9bcc3bab-507e-492b-ac16-3598b0e4c263,plan_reason,,,,,,
R3BDBDCA32BC4,primary,14,1a38df72-76ee-4b40-a1fd-2b9ad82f1fdf,request_lab,,,,,,
R3BDBDCA32BC4,second,14,1a38df72-76ee-4b40-a1fd-2b9ad82f1fdf,request_lab,,,,,,
R3BDBDCA32BC4,consensus,14,1a38df72-76ee-4b40-a1fd-2b9ad82f1fdf,request_lab,,,,,,
R3BDBDCA32BC4,primary,15,79f1c99d-78d3-47ac-ae86-517418c6593e,plan_reason,,,,,,
R3BDBDCA32BC4,second,15,79f1c99d-78d3-47ac-ae86-517418c6593e,plan_reason,,,,,,
R3BDBDCA32BC4,consensus,15,79f1c99d-78d3-47ac-ae86-517418c6593e,plan_reason,,,,,,
R3BDBDCA32BC4,primary,16,3fae269a-32b4-4975-baeb-f9c648167d4b,plan_reason,,,,,,
R3BDBDCA32BC4,second,16,3fae269a-32b4-4975-baeb-f9c648167d4b,plan_reason,,,,,,
R3BDBDCA32BC4,consensus,16,3fae269a-32b4-4975-baeb-f9c648167d4b,plan_reason,,,,,,
R3BDBDCA32BC4,primary,17,b38c1cf5-9629-4d07-8a2a-49778fc7d41a,plan_reason,,,,,,
R3BDBDCA32BC4,second,17,b38c1cf5-9629-4d07-8a2a-49778fc7d41a,plan_reason,,,,,,
R3BDBDCA32BC4,consensus,17,b38c1cf5-9629-4d07-8a2a-49778fc7d41a,plan_reason,,,,,,
R1E497A3DFCDC,primary,1,6c2cfede-dacd-4775-9dcf-da5be52e186a,ask_history,,,,,,
R1E497A3DFCDC,second,1,6c2cfede-dacd-4775-9dcf-da5be52e186a,ask_history,,,,,,
R1E497A3DFCDC,consensus,1,6c2cfede-dacd-4775-9dcf-da5be52e186a,ask_history,,,,,,
R1E497A3DFCDC,primary,2,fe67d547-a56d-4ece-9697-3d501579c85e,request_physical_exam,,,,,,
R1E497A3DFCDC,second,2,fe67d547-a56d-4ece-9697-3d501579c85e,request_physical_exam,,,,,,
R1E497A3DFCDC,consensus,2,fe67d547-a56d-4ece-9697-3d501579c85e,request_physical_exam,,,,,,
R1E497A3DFCDC,primary,3,563964a5-ae83-4514-95fc-a61148fd4914,ask_history,,,,,,
R1E497A3DFCDC,second,3,563964a5-ae83-4514-95fc-a61148fd4914,ask_history,,,,,,
R1E497A3DFCDC,consensus,3,563964a5-ae83-4514-95fc-a61148fd4914,ask_history,,,,,,
R1E497A3DFCDC,primary,4,4da52f48-39b6-49b8-92de-8ea6854aaf5d,request_physical_exam,,,,,,
R1E497A3DFCDC,second,4,4da52f48-39b6-49b8-92de-8ea6854aaf5d,request_physical_exam,,,,,,
R1E497A3DFCDC,consensus,4,4da52f48-39b6-49b8-92de-8ea6854aaf5d,request_physical_exam,,,,,,
R1E497A3DFCDC,primary,5,20d91d1e-6567-40e4-9766-a2610a92db78,plan_reason,,,,,,
R1E497A3DFCDC,second,5,20d91d1e-6567-40e4-9766-a2610a92db78,plan_reason,,,,,,
R1E497A3DFCDC,consensus,5,20d91d1e-6567-40e4-9766-a2610a92db78,plan_reason,,,,,,
R1E497A3DFCDC,primary,6,1058b5f9-6727-4b51-abc2-46046b8001ac,request_lab,,,,,,
R1E497A3DFCDC,second,6,1058b5f9-6727-4b51-abc2-46046b8001ac,request_lab,,,,,,
R1E497A3DFCDC,consensus,6,1058b5f9-6727-4b51-abc2-46046b8001ac,request_lab,,,,,,
R1E497A3DFCDC,primary,7,592caf37-f1e5-4776-8311-72631c7b1cce,final_diagnosis,,,,,,
R1E497A3DFCDC,second,7,592caf37-f1e5-4776-8311-72631c7b1cce,final_diagnosis,,,,,,
R1E497A3DFCDC,consensus,7,592caf37-f1e5-4776-8311-72631c7b1cce,final_diagnosis,,,,,,
R1E497A3DFCDC,primary,8,3d83af79-c61c-4e7d-b975-2f270c4e7db6,disposition,,,,,,
R1E497A3DFCDC,second,8,3d83af79-c61c-4e7d-b975-2f270c4e7db6,disposition,,,,,,
R1E497A3DFCDC,consensus,8,3d83af79-c61c-4e7d-b975-2f270c4e7db6,disposition,,,,,,
R1E497A3DFCDC,primary,9,5e6e3365-b2ee-4613-8cab-d9cb511d7f5a,ask_history,,,,,,
R1E497A3DFCDC,second,9,5e6e3365-b2ee-4613-8cab-d9cb511d7f5a,ask_history,,,,,,
R1E497A3DFCDC,consensus,9,5e6e3365-b2ee-4613-8cab-d9cb511d7f5a,ask_history,,,,,,
R1E497A3DFCDC,primary,10,cc2c0f86-24a1-44e9-8b1f-b2619b0afb2f,request_physical_exam,,,,,,
R1E497A3DFCDC,second,10,cc2c0f86-24a1-44e9-8b1f-b2619b0afb2f,request_physical_exam,,,,,,
R1E497A3DFCDC,consensus,10,cc2c0f86-24a1-44e9-8b1f-b2619b0afb2f,request_physical_exam,,,,,,
R1E497A3DFCDC,primary,11,6fc664cc-2856-4a77-8c2f-d3122fb467c9,ask_history,,,,,,
R1E497A3DFCDC,second,11,6fc664cc-2856-4a77-8c2f-d3122fb467c9,ask_history,,,,,,
R1E497A3DFCDC,consensus,11,6fc664cc-2856-4a77-8c2f-d3122fb467c9,ask_history,,,,,,
R1E497A3DFCDC,primary,12,92ae5197-3c80-446e-a09c-afd679c501e7,request_physical_exam,,,,,,
R1E497A3DFCDC,second,12,92ae5197-3c80-446e-a09c-afd679c501e7,request_physical_exam,,,,,,
R1E497A3DFCDC,consensus,12,92ae5197-3c80-446e-a09c-afd679c501e7,request_physical_exam,,,,,,
R1E497A3DFCDC,primary,13,6398dbf7-6b0a-4676-8910-8aed62f522f5,plan_reason,,,,,,
R1E497A3DFCDC,second,13,6398dbf7-6b0a-4676-8910-8aed62f522f5,plan_reason,,,,,,
R1E497A3DFCDC,consensus,13,6398dbf7-6b0a-4676-8910-8aed62f522f5,plan_reason,,,,,,
R1E497A3DFCDC,primary,14,01983900-7a4c-4e1e-ad37-bcfa752bf7cb,request_lab,,,,,,
R1E497A3DFCDC,second,14,01983900-7a4c-4e1e-ad37-bcfa752bf7cb,request_lab,,,,,,
R1E497A3DFCDC,consensus,14,01983900-7a4c-4e1e-ad37-bcfa752bf7cb,request_lab,,,,,,
R1E497A3DFCDC,primary,15,5c72cadb-b82b-40be-862a-7f02710eac8c,final_diagnosis,,,,,,
R1E497A3DFCDC,second,15,5c72cadb-b82b-40be-862a-7f02710eac8c,final_diagnosis,,,,,,
R1E497A3DFCDC,consensus,15,5c72cadb-b82b-40be-862a-7f02710eac8c,final_diagnosis,,,,,,
R1E497A3DFCDC,primary,16,aa556ec9-277c-422e-a9f1-2a1d0d86e8e1,disposition,,,,,,
R1E497A3DFCDC,second,16,aa556ec9-277c-422e-a9f1-2a1d0d86e8e1,disposition,,,,,,
R1E497A3DFCDC,consensus,16,aa556ec9-277c-422e-a9f1-2a1d0d86e8e1,disposition,,,,,,
R1E497A3DFCDC,primary,17,a17d758b-32ff-4ae2-8405-3f02a0471ea8,ask_history,,,,,,
R1E497A3DFCDC,second,17,a17d758b-32ff-4ae2-8405-3f02a0471ea8,ask_history,,,,,,
R1E497A3DFCDC,consensus,17,a17d758b-32ff-4ae2-8405-3f02a0471ea8,ask_history,,,,,,
R1E497A3DFCDC,primary,18,7028817b-a849-4879-bfde-29d0d4a4e5f2,request_physical_exam,,,,,,
R1E497A3DFCDC,second,18,7028817b-a849-4879-bfde-29d0d4a4e5f2,request_physical_exam,,,,,,
R1E497A3DFCDC,consensus,18,7028817b-a849-4879-bfde-29d0d4a4e5f2,request_physical_exam,,,,,,
R1E497A3DFCDC,primary,19,bba07a54-e5b5-4766-96d7-a305dedc8522,ask_history,,,,,,
R1E497A3DFCDC,second,19,bba07a54-e5b5-4766-96d7-a305dedc8522,ask_history,,,,,,
R1E497A3DFCDC,consensus,19,bba07a54-e5b5-4766-96d7-a305dedc8522,ask_history,,,,,,
R1E497A3DFCDC,primary,20,5eb73d24-da2d-448a-ab5c-28aebe5df131,request_physical_exam,,,,,,
R1E497A3DFCDC,second,20,5eb73d24-da2d-448a-ab5c-28aebe5df131,request_physical_exam,,,,,,
R1E497A3DFCDC,consensus,20,5eb73d24-da2d-448a-ab5c-28aebe5df131,request_physical_exam,,,,,,
R1E497A3DFCDC,primary,21,7331235e-762a-4fc7-84be-b15e04212f07,plan_reason,,,,,,
R1E497A3DFCDC,second,21,7331235e-762a-4fc7-84be-b15e04212f07,plan_reason,,,,,,
R1E497A3DFCDC,consensus,21,7331235e-762a-4fc7-84be-b15e04212f07,plan_reason,,,,,,
R1E497A3DFCDC,primary,22,7e562bc3-b3b5-4184-9718-bea9c795f30e,request_lab,,,,,,
R1E497A3DFCDC,second,22,7e562bc3-b3b5-4184-9718-bea9c795f30e,request_lab,,,,,,
R1E497A3DFCDC,consensus,22,7e562bc3-b3b5-4184-9718-bea9c795f30e,request_lab,,,,,,
R1E497A3DFCDC,primary,23,4aea1b8c-47db-4c0f-bba9-fbdf5c64af0f,final_diagnosis,,,,,,
R1E497A3DFCDC,second,23,4aea1b8c-47db-4c0f-bba9-fbdf5c64af0f,final_diagnosis,,,,,,
R1E497A3DFCDC,consensus,23,4aea1b8c-47db-4c0f-bba9-fbdf5c64af0f,final_diagnosis,,,,,,
R1E497A3DFCDC,primary,24,924fc38f-2500-4165-8dbe-d4a3c2c57e20,disposition,,,,,,
R1E497A3DFCDC,second,24,924fc38f-2500-4165-8dbe-d4a3c2c57e20,disposition,,,,,,
R1E497A3DFCDC,consensus,24,924fc38f-2500-4165-8dbe-d4a3c2c57e20,disposition,,,,,,
R1E497A3DFCDC,primary,25,3a28cabb-8096-4250-95f6-ed3495909db9,ask_history,,,,,,
R1E497A3DFCDC,second,25,3a28cabb-8096-4250-95f6-ed3495909db9,ask_history,,,,,,
R1E497A3DFCDC,consensus,25,3a28cabb-8096-4250-95f6-ed3495909db9,ask_history,,,,,,
R1E497A3DFCDC,primary,26,f42bed9d-c98b-43bd-84bb-e7e09a719f33,request_physical_exam,,,,,,
R1E497A3DFCDC,second,26,f42bed9d-c98b-43bd-84bb-e7e09a719f33,request_physical_exam,,,,,,
R1E497A3DFCDC,consensus,26,f42bed9d-c98b-43bd-84bb-e7e09a719f33,request_physical_exam,,,,,,
R1E497A3DFCDC,primary,27,2f9e2af2-c73e-4f84-bca9-38522ffc60e0,ask_history,,,,,,
R1E497A3DFCDC,second,27,2f9e2af2-c73e-4f84-bca9-38522ffc60e0,ask_history,,,,,,
R1E497A3DFCDC,consensus,27,2f9e2af2-c73e-4f84-bca9-38522ffc60e0,ask_history,,,,,,
R1E497A3DFCDC,primary,28,3d042056-3758-4a1d-8019-3b26de7ab500,request_physical_exam,,,,,,
R1E497A3DFCDC,second,28,3d042056-3758-4a1d-8019-3b26de7ab500,request_physical_exam,,,,,,
R1E497A3DFCDC,consensus,28,3d042056-3758-4a1d-8019-3b26de7ab500,request_physical_exam,,,,,,
R1E497A3DFCDC,primary,29,5ed256e5-e22d-4a88-b16d-dffd87a9cb40,plan_reason,,,,,,
R1E497A3DFCDC,second,29,5ed256e5-e22d-4a88-b16d-dffd87a9cb40,plan_reason,,,,,,
R1E497A3DFCDC,consensus,29,5ed256e5-e22d-4a88-b16d-dffd87a9cb40,plan_reason,,,,,,
R1E497A3DFCDC,primary,30,7a39f169-229c-489e-b171-4c609b0d8dd5,request_lab,,,,,,
R1E497A3DFCDC,second,30,7a39f169-229c-489e-b171-4c609b0d8dd5,request_lab,,,,,,
R1E497A3DFCDC,consensus,30,7a39f169-229c-489e-b171-4c609b0d8dd5,request_lab,,,,,,
R1E497A3DFCDC,primary,31,4c9a8da8-ae5a-42df-943f-8e91c5294586,final_diagnosis,,,,,,
R1E497A3DFCDC,second,31,4c9a8da8-ae5a-42df-943f-8e91c5294586,final_diagnosis,,,,,,
R1E497A3DFCDC,consensus,31,4c9a8da8-ae5a-42df-943f-8e91c5294586,final_diagnosis,,,,,,
R1E497A3DFCDC,primary,32,41798bc9-ea26-410c-90f0-1b36bf8b8e5e,disposition,,,,,,
R1E497A3DFCDC,second,32,41798bc9-ea26-410c-90f0-1b36bf8b8e5e,disposition,,,,,,
R1E497A3DFCDC,consensus,32,41798bc9-ea26-410c-90f0-1b36bf8b8e5e,disposition,,,,,,
R1E497A3DFCDC,primary,33,76b84596-316c-4e5a-a24f-e5ad2e63685d,ask_history,,,,,,
R1E497A3DFCDC,second,33,76b84596-316c-4e5a-a24f-e5ad2e63685d,ask_history,,,,,,
R1E497A3DFCDC,consensus,33,76b84596-316c-4e5a-a24f-e5ad2e63685d,ask_history,,,,,,
R1E497A3DFCDC,primary,34,8319df57-8ec0-44c2-b348-17b8469d9118,request_physical_exam,,,,,,
R1E497A3DFCDC,second,34,8319df57-8ec0-44c2-b348-17b8469d9118,request_physical_exam,,,,,,
R1E497A3DFCDC,consensus,34,8319df57-8ec0-44c2-b348-17b8469d9118,request_physical_exam,,,,,,
R1E497A3DFCDC,primary,35,178b01f6-3e4f-4007-8555-635648584a93,ask_history,,,,,,
R1E497A3DFCDC,second,35,178b01f6-3e4f-4007-8555-635648584a93,ask_history,,,,,,
R1E497A3DFCDC,consensus,35,178b01f6-3e4f-4007-8555-635648584a93,ask_history,,,,,,
R1E497A3DFCDC,primary,36,c83bef3f-b7ee-479d-b4ff-0276cfafc3e5,request_physical_exam,,,,,,
R1E497A3DFCDC,second,36,c83bef3f-b7ee-479d-b4ff-0276cfafc3e5,request_physical_exam,,,,,,
R1E497A3DFCDC,consensus,36,c83bef3f-b7ee-479d-b4ff-0276cfafc3e5,request_physical_exam,,,,,,
R1E497A3DFCDC,primary,37,200dceac-3eb4-468d-9c41-18b40e497830,plan_reason,,,,,,
R1E497A3DFCDC,second,37,200dceac-3eb4-468d-9c41-18b40e497830,plan_reason,,,,,,
R1E497A3DFCDC,consensus,37,200dceac-3eb4-468d-9c41-18b40e497830,plan_reason,,,,,,
R1E497A3DFCDC,primary,38,9576ff97-7bc5-497b-88ef-489615a44b04,request_lab,,,,,,
R1E497A3DFCDC,second,38,9576ff97-7bc5-497b-88ef-489615a44b04,request_lab,,,,,,
R1E497A3DFCDC,consensus,38,9576ff97-7bc5-497b-88ef-489615a44b04,request_lab,,,,,,
R1E497A3DFCDC,primary,39,f25e8cf3-62c5-43cb-81c6-85f074803730,final_diagnosis,,,,,,
R1E497A3DFCDC,second,39,f25e8cf3-62c5-43cb-81c6-85f074803730,final_diagnosis,,,,,,
R1E497A3DFCDC,consensus,39,f25e8cf3-62c5-43cb-81c6-85f074803730,final_diagnosis,,,,,,
R1E497A3DFCDC,primary,40,3cec8be3-0d0f-418c-a01e-a11d2a88ab26,disposition,,,,,,
R1E497A3DFCDC,second,40,3cec8be3-0d0f-418c-a01e-a11d2a88ab26,disposition,,,,,,
R1E497A3DFCDC,consensus,40,3cec8be3-0d0f-418c-a01e-a11d2a88ab26,disposition,,,,,,
R1BDBFC40C8BB,primary,1,c419b440-d65a-4f87-954e-072311472ba0,plan_reason,,,,,,
R1BDBFC40C8BB,second,1,c419b440-d65a-4f87-954e-072311472ba0,plan_reason,,,,,,
R1BDBFC40C8BB,consensus,1,c419b440-d65a-4f87-954e-072311472ba0,plan_reason,,,,,,
R1BDBFC40C8BB,primary,2,00a6e09a-ef15-4a1c-9186-043118eb996a,request_physical_exam,,,,,,
R1BDBFC40C8BB,second,2,00a6e09a-ef15-4a1c-9186-043118eb996a,request_physical_exam,,,,,,
R1BDBFC40C8BB,consensus,2,00a6e09a-ef15-4a1c-9186-043118eb996a,request_physical_exam,,,,,,
R1BDBFC40C8BB,primary,3,b1a1d83d-fc68-4e4e-9270-e3493b2a79c3,request_lab,,,,,,
R1BDBFC40C8BB,second,3,b1a1d83d-fc68-4e4e-9270-e3493b2a79c3,request_lab,,,,,,
R1BDBFC40C8BB,consensus,3,b1a1d83d-fc68-4e4e-9270-e3493b2a79c3,request_lab,,,,,,
R1BDBFC40C8BB,primary,4,376fd995-5e2e-4ebb-98fa-5c59bad9fd14,request_lab,,,,,,
R1BDBFC40C8BB,second,4,376fd995-5e2e-4ebb-98fa-5c59bad9fd14,request_lab,,,,,,
R1BDBFC40C8BB,consensus,4,376fd995-5e2e-4ebb-98fa-5c59bad9fd14,request_lab,,,,,,
R1BDBFC40C8BB,primary,5,c9b07dc8-2a15-4310-a38f-581c9876fbcf,request_lab,,,,,,
R1BDBFC40C8BB,second,5,c9b07dc8-2a15-4310-a38f-581c9876fbcf,request_lab,,,,,,
R1BDBFC40C8BB,consensus,5,c9b07dc8-2a15-4310-a38f-581c9876fbcf,request_lab,,,,,,
R1BDBFC40C8BB,primary,6,a63783c0-ddf4-490e-a7e7-f92e20aa24c6,request_lab,,,,,,
R1BDBFC40C8BB,second,6,a63783c0-ddf4-490e-a7e7-f92e20aa24c6,request_lab,,,,,,
R1BDBFC40C8BB,consensus,6,a63783c0-ddf4-490e-a7e7-f92e20aa24c6,request_lab,,,,,,
R1BDBFC40C8BB,primary,7,4601b455-4878-4795-8c7f-65d098f8cf3e,request_lab,,,,,,
R1BDBFC40C8BB,second,7,4601b455-4878-4795-8c7f-65d098f8cf3e,request_lab,,,,,,
R1BDBFC40C8BB,consensus,7,4601b455-4878-4795-8c7f-65d098f8cf3e,request_lab,,,,,,
R1BDBFC40C8BB,primary,8,5edcd400-a6da-4f2f-a52b-1193c844932c,request_lab,,,,,,
R1BDBFC40C8BB,second,8,5edcd400-a6da-4f2f-a52b-1193c844932c,request_lab,,,,,,
R1BDBFC40C8BB,consensus,8,5edcd400-a6da-4f2f-a52b-1193c844932c,request_lab,,,,,,
R1BDBFC40C8BB,primary,9,fc2e0fd0-0f2a-4b85-b234-653ee45be18a,request_imaging,,,,,,
R1BDBFC40C8BB,second,9,fc2e0fd0-0f2a-4b85-b234-653ee45be18a,request_imaging,,,,,,
R1BDBFC40C8BB,consensus,9,fc2e0fd0-0f2a-4b85-b234-653ee45be18a,request_imaging,,,,,,
R1BDBFC40C8BB,primary,10,0e2fe796-00cd-4f68-836e-d907e7eee279,request_ecg_or_test,,,,,,
R1BDBFC40C8BB,second,10,0e2fe796-00cd-4f68-836e-d907e7eee279,request_ecg_or_test,,,,,,
R1BDBFC40C8BB,consensus,10,0e2fe796-00cd-4f68-836e-d907e7eee279,request_ecg_or_test,,,,,,
R1BDBFC40C8BB,primary,11,4974c524-36d1-4f3a-bdd0-804bbdead569,ask_history,,,,,,
R1BDBFC40C8BB,second,11,4974c524-36d1-4f3a-bdd0-804bbdead569,ask_history,,,,,,
R1BDBFC40C8BB,consensus,11,4974c524-36d1-4f3a-bdd0-804bbdead569,ask_history,,,,,,
R1BDBFC40C8BB,primary,12,44f7225c-d629-459e-abe8-96b2d41a590f,ask_history,,,,,,
R1BDBFC40C8BB,second,12,44f7225c-d629-459e-abe8-96b2d41a590f,ask_history,,,,,,
R1BDBFC40C8BB,consensus,12,44f7225c-d629-459e-abe8-96b2d41a590f,ask_history,,,,,,
R1BDBFC40C8BB,primary,13,e72ef42d-d16d-4cdd-b247-921fdcb299bd,plan_reason,,,,,,
R1BDBFC40C8BB,second,13,e72ef42d-d16d-4cdd-b247-921fdcb299bd,plan_reason,,,,,,
R1BDBFC40C8BB,consensus,13,e72ef42d-d16d-4cdd-b247-921fdcb299bd,plan_reason,,,,,,
R1BDBFC40C8BB,primary,14,73d4f208-4d77-40f7-b1b7-32aad9806157,request_imaging,,,,,,
R1BDBFC40C8BB,second,14,73d4f208-4d77-40f7-b1b7-32aad9806157,request_imaging,,,,,,
R1BDBFC40C8BB,consensus,14,73d4f208-4d77-40f7-b1b7-32aad9806157,request_imaging,,,,,,
R1BDBFC40C8BB,primary,15,62879cf3-2fec-49b3-8a83-9fb9398780d8,request_lab,,,,,,
R1BDBFC40C8BB,second,15,62879cf3-2fec-49b3-8a83-9fb9398780d8,request_lab,,,,,,
R1BDBFC40C8BB,consensus,15,62879cf3-2fec-49b3-8a83-9fb9398780d8,request_lab,,,,,,
R1BDBFC40C8BB,primary,16,f56200c1-8dc9-41b0-9ffe-31a189c4f8a7,request_lab,,,,,,
R1BDBFC40C8BB,second,16,f56200c1-8dc9-41b0-9ffe-31a189c4f8a7,request_lab,,,,,,
R1BDBFC40C8BB,consensus,16,f56200c1-8dc9-41b0-9ffe-31a189c4f8a7,request_lab,,,,,,
R1BDBFC40C8BB,primary,17,ec5b91e0-3c22-41d8-8b09-25b2128ea209,request_lab,,,,,,
R1BDBFC40C8BB,second,17,ec5b91e0-3c22-41d8-8b09-25b2128ea209,request_lab,,,,,,
R1BDBFC40C8BB,consensus,17,ec5b91e0-3c22-41d8-8b09-25b2128ea209,request_lab,,,,,,
R1BDBFC40C8BB,primary,18,41b9bb51-d1e3-4c20-97e5-7b77ffe963c4,request_lab,,,,,,
R1BDBFC40C8BB,second,18,41b9bb51-d1e3-4c20-97e5-7b77ffe963c4,request_lab,,,,,,
R1BDBFC40C8BB,consensus,18,41b9bb51-d1e3-4c20-97e5-7b77ffe963c4,request_lab,,,,,,
R1BDBFC40C8BB,primary,19,1442e789-99f1-40e2-ba3f-57ed919570b1,final_diagnosis,,,,,,
R1BDBFC40C8BB,second,19,1442e789-99f1-40e2-ba3f-57ed919570b1,final_diagnosis,,,,,,
R1BDBFC40C8BB,consensus,19,1442e789-99f1-40e2-ba3f-57ed919570b1,final_diagnosis,,,,,,
R1BDBFC40C8BB,primary,20,7470d7d0-6c02-45b6-b3e2-d670721d368c,disposition,,,,,,
R1BDBFC40C8BB,second,20,7470d7d0-6c02-45b6-b3e2-d670721d368c,disposition,,,,,,
R1BDBFC40C8BB,consensus,20,7470d7d0-6c02-45b6-b3e2-d670721d368c,disposition,,,,,,
RB51EE1F8D028,primary,1,8d58b51b-9ceb-42d2-9dd3-826280bae725,ask_history,,,,,,
RB51EE1F8D028,second,1,8d58b51b-9ceb-42d2-9dd3-826280bae725,ask_history,,,,,,
RB51EE1F8D028,consensus,1,8d58b51b-9ceb-42d2-9dd3-826280bae725,ask_history,,,,,,
RB51EE1F8D028,primary,2,9a4bde16-77e4-4470-85eb-1ce495eb34b5,request_physical_exam,,,,,,
RB51EE1F8D028,second,2,9a4bde16-77e4-4470-85eb-1ce495eb34b5,request_physical_exam,,,,,,
RB51EE1F8D028,consensus,2,9a4bde16-77e4-4470-85eb-1ce495eb34b5,request_physical_exam,,,,,,
RB51EE1F8D028,primary,3,6db8214f-41f1-40d1-a9d9-65c65420918d,plan_reason,,,,,,
RB51EE1F8D028,second,3,6db8214f-41f1-40d1-a9d9-65c65420918d,plan_reason,,,,,,
RB51EE1F8D028,consensus,3,6db8214f-41f1-40d1-a9d9-65c65420918d,plan_reason,,,,,,
RB51EE1F8D028,primary,4,77f60a40-08c4-46f7-bb0a-db4070dd7747,request_imaging,,,,,,
RB51EE1F8D028,second,4,77f60a40-08c4-46f7-bb0a-db4070dd7747,request_imaging,,,,,,
RB51EE1F8D028,consensus,4,77f60a40-08c4-46f7-bb0a-db4070dd7747,request_imaging,,,,,,
RB51EE1F8D028,primary,5,46ca9bf1-4215-4f5b-90e0-6528b4102055,request_lab,,,,,,
RB51EE1F8D028,second,5,46ca9bf1-4215-4f5b-90e0-6528b4102055,request_lab,,,,,,
RB51EE1F8D028,consensus,5,46ca9bf1-4215-4f5b-90e0-6528b4102055,request_lab,,,,,,
RB51EE1F8D028,primary,6,de809be2-3c97-43a4-8abb-24870d5e8b61,plan_reason,,,,,,
RB51EE1F8D028,second,6,de809be2-3c97-43a4-8abb-24870d5e8b61,plan_reason,,,,,,
RB51EE1F8D028,consensus,6,de809be2-3c97-43a4-8abb-24870d5e8b61,plan_reason,,,,,,
RB51EE1F8D028,primary,7,71bd78fe-217f-4bc4-8d1c-6bec3a31ff51,final_diagnosis,,,,,,
RB51EE1F8D028,second,7,71bd78fe-217f-4bc4-8d1c-6bec3a31ff51,final_diagnosis,,,,,,
RB51EE1F8D028,consensus,7,71bd78fe-217f-4bc4-8d1c-6bec3a31ff51,final_diagnosis,,,,,,
RB51EE1F8D028,primary,8,75f9e200-2b8d-4533-ba81-e4cec4baaf8e,disposition,,,,,,
RB51EE1F8D028,second,8,75f9e200-2b8d-4533-ba81-e4cec4baaf8e,disposition,,,,,,
RB51EE1F8D028,consensus,8,75f9e200-2b8d-4533-ba81-e4cec4baaf8e,disposition,,,,,,
R3394EE5712F6,primary,1,6a3629e6-7cac-4718-825a-4f17745f6d79,request_physical_exam,,,,,,
R3394EE5712F6,second,1,6a3629e6-7cac-4718-825a-4f17745f6d79,request_physical_exam,,,,,,
R3394EE5712F6,consensus,1,6a3629e6-7cac-4718-825a-4f17745f6d79,request_physical_exam,,,,,,
R3394EE5712F6,primary,2,bc89d72a-cf5c-4d4e-b30b-de286c95666c,request_ecg_or_test,,,,,,
R3394EE5712F6,second,2,bc89d72a-cf5c-4d4e-b30b-de286c95666c,request_ecg_or_test,,,,,,
R3394EE5712F6,consensus,2,bc89d72a-cf5c-4d4e-b30b-de286c95666c,request_ecg_or_test,,,,,,
R3394EE5712F6,primary,3,f43e060f-0993-436e-b9a1-67c8e32fa713,request_ecg_or_test,,,,,,
R3394EE5712F6,second,3,f43e060f-0993-436e-b9a1-67c8e32fa713,request_ecg_or_test,,,,,,
R3394EE5712F6,consensus,3,f43e060f-0993-436e-b9a1-67c8e32fa713,request_ecg_or_test,,,,,,
R3394EE5712F6,primary,4,2f38dbe9-da8d-4ab0-b128-3a95cd612744,plan_reason,,,,,,
R3394EE5712F6,second,4,2f38dbe9-da8d-4ab0-b128-3a95cd612744,plan_reason,,,,,,
R3394EE5712F6,consensus,4,2f38dbe9-da8d-4ab0-b128-3a95cd612744,plan_reason,,,,,,
R3394EE5712F6,primary,5,e85918ac-56e8-412e-b6c8-8cb54a764fe3,request_procedure,,,,,,
R3394EE5712F6,second,5,e85918ac-56e8-412e-b6c8-8cb54a764fe3,request_procedure,,,,,,
R3394EE5712F6,consensus,5,e85918ac-56e8-412e-b6c8-8cb54a764fe3,request_procedure,,,,,,
R3394EE5712F6,primary,6,ec498099-00e6-4064-8fda-fd2a2c4089d2,request_microbiology,,,,,,
R3394EE5712F6,second,6,ec498099-00e6-4064-8fda-fd2a2c4089d2,request_microbiology,,,,,,
R3394EE5712F6,consensus,6,ec498099-00e6-4064-8fda-fd2a2c4089d2,request_microbiology,,,,,,
R3394EE5712F6,primary,7,96d10114-e24b-41ad-8699-57ab3c4d3043,ask_history,,,,,,
R3394EE5712F6,second,7,96d10114-e24b-41ad-8699-57ab3c4d3043,ask_history,,,,,,
R3394EE5712F6,consensus,7,96d10114-e24b-41ad-8699-57ab3c4d3043,ask_history,,,,,,
R3394EE5712F6,primary,8,71c15811-d37b-4725-b686-a2954a77cdeb,request_physical_exam,,,,,,
R3394EE5712F6,second,8,71c15811-d37b-4725-b686-a2954a77cdeb,request_physical_exam,,,,,,
R3394EE5712F6,consensus,8,71c15811-d37b-4725-b686-a2954a77cdeb,request_physical_exam,,,,,,
R3394EE5712F6,primary,9,cd418f8d-946f-49ff-9042-e4c1c185955b,request_procedure,,,,,,
R3394EE5712F6,second,9,cd418f8d-946f-49ff-9042-e4c1c185955b,request_procedure,,,,,,
R3394EE5712F6,consensus,9,cd418f8d-946f-49ff-9042-e4c1c185955b,request_procedure,,,,,,
R3394EE5712F6,primary,10,917bac4c-f64a-4bc0-b27b-69178f36a23d,request_lab,,,,,,
R3394EE5712F6,second,10,917bac4c-f64a-4bc0-b27b-69178f36a23d,request_lab,,,,,,
R3394EE5712F6,consensus,10,917bac4c-f64a-4bc0-b27b-69178f36a23d,request_lab,,,,,,
R3394EE5712F6,primary,11,407d9af9-ad4c-4600-96da-47283b59f5e5,request_ecg_or_test,,,,,,
R3394EE5712F6,second,11,407d9af9-ad4c-4600-96da-47283b59f5e5,request_ecg_or_test,,,,,,
R3394EE5712F6,consensus,11,407d9af9-ad4c-4600-96da-47283b59f5e5,request_ecg_or_test,,,,,,
R3394EE5712F6,primary,12,baf5ba48-3db6-432b-b305-7ec57dda701f,final_diagnosis,,,,,,
R3394EE5712F6,second,12,baf5ba48-3db6-432b-b305-7ec57dda701f,final_diagnosis,,,,,,
R3394EE5712F6,consensus,12,baf5ba48-3db6-432b-b305-7ec57dda701f,final_diagnosis,,,,,,
R3394EE5712F6,primary,13,8910b362-b4d4-4c28-a675-37651a1b4cfa,disposition,,,,,,
R3394EE5712F6,second,13,8910b362-b4d4-4c28-a675-37651a1b4cfa,disposition,,,,,,
R3394EE5712F6,consensus,13,8910b362-b4d4-4c28-a675-37651a1b4cfa,disposition,,,,,,
RE347E044DAD8,primary,1,63686c68-965f-488a-94b8-73d5d9692910,request_physical_exam,,,,,,
RE347E044DAD8,second,1,63686c68-965f-488a-94b8-73d5d9692910,request_physical_exam,,,,,,
RE347E044DAD8,consensus,1,63686c68-965f-488a-94b8-73d5d9692910,request_physical_exam,,,,,,
RE347E044DAD8,primary,2,6ed39000-9e15-41f1-afd9-0c431b464880,ask_history,,,,,,
RE347E044DAD8,second,2,6ed39000-9e15-41f1-afd9-0c431b464880,ask_history,,,,,,
RE347E044DAD8,consensus,2,6ed39000-9e15-41f1-afd9-0c431b464880,ask_history,,,,,,
RE347E044DAD8,primary,3,2d63559f-05ab-499d-9972-8d5478885346,ask_history,,,,,,
RE347E044DAD8,second,3,2d63559f-05ab-499d-9972-8d5478885346,ask_history,,,,,,
RE347E044DAD8,consensus,3,2d63559f-05ab-499d-9972-8d5478885346,ask_history,,,,,,
RE347E044DAD8,primary,4,18c1df88-ff44-4c3c-b9fb-a6006d076a09,request_physical_exam,,,,,,
RE347E044DAD8,second,4,18c1df88-ff44-4c3c-b9fb-a6006d076a09,request_physical_exam,,,,,,
RE347E044DAD8,consensus,4,18c1df88-ff44-4c3c-b9fb-a6006d076a09,request_physical_exam,,,,,,
RE347E044DAD8,primary,5,97be9c57-28ef-46b4-bd6e-d45808a517c4,request_lab,,,,,,
RE347E044DAD8,second,5,97be9c57-28ef-46b4-bd6e-d45808a517c4,request_lab,,,,,,
RE347E044DAD8,consensus,5,97be9c57-28ef-46b4-bd6e-d45808a517c4,request_lab,,,,,,
RE347E044DAD8,primary,6,909d2bd6-a404-4223-9be0-229e3e4bcddc,request_imaging,,,,,,
RE347E044DAD8,second,6,909d2bd6-a404-4223-9be0-229e3e4bcddc,request_imaging,,,,,,
RE347E044DAD8,consensus,6,909d2bd6-a404-4223-9be0-229e3e4bcddc,request_imaging,,,,,,
RE347E044DAD8,primary,7,3549c899-992f-452f-bf69-d4cd2937853f,plan_reason,,,,,,
RE347E044DAD8,second,7,3549c899-992f-452f-bf69-d4cd2937853f,plan_reason,,,,,,
RE347E044DAD8,consensus,7,3549c899-992f-452f-bf69-d4cd2937853f,plan_reason,,,,,,
RE347E044DAD8,primary,8,eee15694-2f03-47c1-ad4c-fc1cd3f30052,request_microbiology,,,,,,
RE347E044DAD8,second,8,eee15694-2f03-47c1-ad4c-fc1cd3f30052,request_microbiology,,,,,,
RE347E044DAD8,consensus,8,eee15694-2f03-47c1-ad4c-fc1cd3f30052,request_microbiology,,,,,,
RE347E044DAD8,primary,9,e86329e6-8e2e-4b60-a5d7-fc36b5436376,ask_history,,,,,,
RE347E044DAD8,second,9,e86329e6-8e2e-4b60-a5d7-fc36b5436376,ask_history,,,,,,
RE347E044DAD8,consensus,9,e86329e6-8e2e-4b60-a5d7-fc36b5436376,ask_history,,,,,,
RE347E044DAD8,primary,10,73814719-c2ab-44a9-a8a4-2b1057c2d8fc,request_procedure,,,,,,
RE347E044DAD8,second,10,73814719-c2ab-44a9-a8a4-2b1057c2d8fc,request_procedure,,,,,,
RE347E044DAD8,consensus,10,73814719-c2ab-44a9-a8a4-2b1057c2d8fc,request_procedure,,,,,,
RE347E044DAD8,primary,11,183bb120-feca-4c5c-a4b4-b8ab1df0a672,prescribe_medication,,,,,,
RE347E044DAD8,second,11,183bb120-feca-4c5c-a4b4-b8ab1df0a672,prescribe_medication,,,,,,
RE347E044DAD8,consensus,11,183bb120-feca-4c5c-a4b4-b8ab1df0a672,prescribe_medication,,,,,,
RE347E044DAD8,primary,12,8ea0b53f-132a-4ca1-be7d-1baf8402056f,final_diagnosis,,,,,,
RE347E044DAD8,second,12,8ea0b53f-132a-4ca1-be7d-1baf8402056f,final_diagnosis,,,,,,
RE347E044DAD8,consensus,12,8ea0b53f-132a-4ca1-be7d-1baf8402056f,final_diagnosis,,,,,,
RE347E044DAD8,primary,13,4ff0b631-7ea1-482a-ba91-f71a55afae88,disposition,,,,,,
RE347E044DAD8,second,13,4ff0b631-7ea1-482a-ba91-f71a55afae88,disposition,,,,,,
RE347E044DAD8,consensus,13,4ff0b631-7ea1-482a-ba91-f71a55afae88,disposition,,,,,,
RE0B9B3E41E4F,primary,1,42c1db0c-6286-47a8-ac21-851ae75d5420,plan_reason,,,,,,
RE0B9B3E41E4F,second,1,42c1db0c-6286-47a8-ac21-851ae75d5420,plan_reason,,,,,,
RE0B9B3E41E4F,consensus,1,42c1db0c-6286-47a8-ac21-851ae75d5420,plan_reason,,,,,,
RE0B9B3E41E4F,primary,2,cfaf1f9b-0160-4815-ba45-3f3d016ec050,ask_history,,,,,,
RE0B9B3E41E4F,second,2,cfaf1f9b-0160-4815-ba45-3f3d016ec050,ask_history,,,,,,
RE0B9B3E41E4F,consensus,2,cfaf1f9b-0160-4815-ba45-3f3d016ec050,ask_history,,,,,,
RE0B9B3E41E4F,primary,3,200bfe54-d000-4f92-928c-4176ba2e7c83,request_physical_exam,,,,,,
RE0B9B3E41E4F,second,3,200bfe54-d000-4f92-928c-4176ba2e7c83,request_physical_exam,,,,,,
RE0B9B3E41E4F,consensus,3,200bfe54-d000-4f92-928c-4176ba2e7c83,request_physical_exam,,,,,,
RE0B9B3E41E4F,primary,4,75452a46-5d46-41dd-8b31-fb2174a6288e,request_lab,,,,,,
RE0B9B3E41E4F,second,4,75452a46-5d46-41dd-8b31-fb2174a6288e,request_lab,,,,,,
RE0B9B3E41E4F,consensus,4,75452a46-5d46-41dd-8b31-fb2174a6288e,request_lab,,,,,,
RE0B9B3E41E4F,primary,5,04a9ac7f-e370-4b31-998b-50158181f779,request_imaging,,,,,,
RE0B9B3E41E4F,second,5,04a9ac7f-e370-4b31-998b-50158181f779,request_imaging,,,,,,
RE0B9B3E41E4F,consensus,5,04a9ac7f-e370-4b31-998b-50158181f779,request_imaging,,,,,,
RE0B9B3E41E4F,primary,6,607e2dd4-2a2d-4e56-ad22-20b077a8501c,request_imaging,,,,,,
RE0B9B3E41E4F,second,6,607e2dd4-2a2d-4e56-ad22-20b077a8501c,request_imaging,,,,,,
RE0B9B3E41E4F,consensus,6,607e2dd4-2a2d-4e56-ad22-20b077a8501c,request_imaging,,,,,,
RE0B9B3E41E4F,primary,7,dd3d72a9-bf1c-4dc7-b501-c1982ec23d93,request_imaging,,,,,,
RE0B9B3E41E4F,second,7,dd3d72a9-bf1c-4dc7-b501-c1982ec23d93,request_imaging,,,,,,
RE0B9B3E41E4F,consensus,7,dd3d72a9-bf1c-4dc7-b501-c1982ec23d93,request_imaging,,,,,,
R5F682D8C56EF,primary,1,2269477a-7588-42e4-b0cd-7920b2794815,ask_history,,,,,,
R5F682D8C56EF,second,1,2269477a-7588-42e4-b0cd-7920b2794815,ask_history,,,,,,
R5F682D8C56EF,consensus,1,2269477a-7588-42e4-b0cd-7920b2794815,ask_history,,,,,,
R5F682D8C56EF,primary,2,5819ba9c-1dc0-49ea-b286-81e5f81c7123,request_physical_exam,,,,,,
R5F682D8C56EF,second,2,5819ba9c-1dc0-49ea-b286-81e5f81c7123,request_physical_exam,,,,,,
R5F682D8C56EF,consensus,2,5819ba9c-1dc0-49ea-b286-81e5f81c7123,request_physical_exam,,,,,,
R5F682D8C56EF,primary,3,6c199c69-faab-418d-b1e4-9b3a68352214,request_lab,,,,,,
R5F682D8C56EF,second,3,6c199c69-faab-418d-b1e4-9b3a68352214,request_lab,,,,,,
R5F682D8C56EF,consensus,3,6c199c69-faab-418d-b1e4-9b3a68352214,request_lab,,,,,,
R5F682D8C56EF,primary,4,7ef66241-e168-416e-a150-2c980040a065,request_imaging,,,,,,
R5F682D8C56EF,second,4,7ef66241-e168-416e-a150-2c980040a065,request_imaging,,,,,,
R5F682D8C56EF,consensus,4,7ef66241-e168-416e-a150-2c980040a065,request_imaging,,,,,,
R5F682D8C56EF,primary,5,e74ae032-0e04-4fc4-b506-8c3ad3af56da,request_microbiology,,,,,,
R5F682D8C56EF,second,5,e74ae032-0e04-4fc4-b506-8c3ad3af56da,request_microbiology,,,,,,
R5F682D8C56EF,consensus,5,e74ae032-0e04-4fc4-b506-8c3ad3af56da,request_microbiology,,,,,,
R5F682D8C56EF,primary,6,4f81ddc9-653f-4766-abc7-fc830c7d4268,request_ecg_or_test,,,,,,
R5F682D8C56EF,second,6,4f81ddc9-653f-4766-abc7-fc830c7d4268,request_ecg_or_test,,,,,,
R5F682D8C56EF,consensus,6,4f81ddc9-653f-4766-abc7-fc830c7d4268,request_ecg_or_test,,,,,,
R5F682D8C56EF,primary,7,7a34db49-13f1-43f2-8acb-b9a777137ed9,request_lab,,,,,,
R5F682D8C56EF,second,7,7a34db49-13f1-43f2-8acb-b9a777137ed9,request_lab,,,,,,
R5F682D8C56EF,consensus,7,7a34db49-13f1-43f2-8acb-b9a777137ed9,request_lab,,,,,,
R5F682D8C56EF,primary,8,7f18fd0d-6613-4267-b6e0-5fb83a9c0247,plan_reason,,,,,,
R5F682D8C56EF,second,8,7f18fd0d-6613-4267-b6e0-5fb83a9c0247,plan_reason,,,,,,
R5F682D8C56EF,consensus,8,7f18fd0d-6613-4267-b6e0-5fb83a9c0247,plan_reason,,,,,,
R5F682D8C56EF,primary,9,d3618096-32fa-4713-80fc-6b48fd794059,prescribe_medication,,,,,,
R5F682D8C56EF,second,9,d3618096-32fa-4713-80fc-6b48fd794059,prescribe_medication,,,,,,
R5F682D8C56EF,consensus,9,d3618096-32fa-4713-80fc-6b48fd794059,prescribe_medication,,,,,,
R5F682D8C56EF,primary,10,235a8c2e-dd1c-4f79-b11d-03b4b96408cc,request_procedure,,,,,,
R5F682D8C56EF,second,10,235a8c2e-dd1c-4f79-b11d-03b4b96408cc,request_procedure,,,,,,
R5F682D8C56EF,consensus,10,235a8c2e-dd1c-4f79-b11d-03b4b96408cc,request_procedure,,,,,,
R5F682D8C56EF,primary,11,892593d2-75f0-4c89-a675-f62de81bbc1a,prescribe_medication,,,,,,
R5F682D8C56EF,second,11,892593d2-75f0-4c89-a675-f62de81bbc1a,prescribe_medication,,,,,,
R5F682D8C56EF,consensus,11,892593d2-75f0-4c89-a675-f62de81bbc1a,prescribe_medication,,,,,,
R5F682D8C56EF,primary,12,3f2205b1-b910-4516-83a0-46fc3c88e6e5,final_diagnosis,,,,,,
R5F682D8C56EF,second,12,3f2205b1-b910-4516-83a0-46fc3c88e6e5,final_diagnosis,,,,,,
R5F682D8C56EF,consensus,12,3f2205b1-b910-4516-83a0-46fc3c88e6e5,final_diagnosis,,,,,,
R5F682D8C56EF,primary,13,ebb77aaf-dde1-4e2e-90e4-c2b022ef5574,disposition,,,,,,
R5F682D8C56EF,second,13,ebb77aaf-dde1-4e2e-90e4-c2b022ef5574,disposition,,,,,,
R5F682D8C56EF,consensus,13,ebb77aaf-dde1-4e2e-90e4-c2b022ef5574,disposition,,,,,,
RF8C88224E1CF,primary,1,69f6352a-9284-4068-8469-73e8983c1af6,request_physical_exam,,,,,,
RF8C88224E1CF,second,1,69f6352a-9284-4068-8469-73e8983c1af6,request_physical_exam,,,,,,
RF8C88224E1CF,consensus,1,69f6352a-9284-4068-8469-73e8983c1af6,request_physical_exam,,,,,,
RF8C88224E1CF,primary,2,432df122-f2dd-491e-a1a7-cf8f10889b64,ask_history,,,,,,
RF8C88224E1CF,second,2,432df122-f2dd-491e-a1a7-cf8f10889b64,ask_history,,,,,,
RF8C88224E1CF,consensus,2,432df122-f2dd-491e-a1a7-cf8f10889b64,ask_history,,,,,,
RF8C88224E1CF,primary,3,f41b024f-33ad-4ab7-9ac2-9a7b186d88b5,request_physical_exam,,,,,,
RF8C88224E1CF,second,3,f41b024f-33ad-4ab7-9ac2-9a7b186d88b5,request_physical_exam,,,,,,
RF8C88224E1CF,consensus,3,f41b024f-33ad-4ab7-9ac2-9a7b186d88b5,request_physical_exam,,,,,,
RF8C88224E1CF,primary,4,48de6bee-88f8-4f5d-9719-e61d8c227732,ask_history,,,,,,
RF8C88224E1CF,second,4,48de6bee-88f8-4f5d-9719-e61d8c227732,ask_history,,,,,,
RF8C88224E1CF,consensus,4,48de6bee-88f8-4f5d-9719-e61d8c227732,ask_history,,,,,,
RF8C88224E1CF,primary,5,9371aac8-1aeb-4c21-8dea-ecccf0fc2991,request_imaging,,,,,,
RF8C88224E1CF,second,5,9371aac8-1aeb-4c21-8dea-ecccf0fc2991,request_imaging,,,,,,
RF8C88224E1CF,consensus,5,9371aac8-1aeb-4c21-8dea-ecccf0fc2991,request_imaging,,,,,,
RF8C88224E1CF,primary,6,711fe912-f6aa-4c09-ac48-ca59ed05df92,plan_reason,,,,,,
RF8C88224E1CF,second,6,711fe912-f6aa-4c09-ac48-ca59ed05df92,plan_reason,,,,,,
RF8C88224E1CF,consensus,6,711fe912-f6aa-4c09-ac48-ca59ed05df92,plan_reason,,,,,,
RF8C88224E1CF,primary,7,78540ce0-fc96-4165-a358-f780222f3006,request_procedure,,,,,,
RF8C88224E1CF,second,7,78540ce0-fc96-4165-a358-f780222f3006,request_procedure,,,,,,
RF8C88224E1CF,consensus,7,78540ce0-fc96-4165-a358-f780222f3006,request_procedure,,,,,,
RF8C88224E1CF,primary,8,a24ee75d-e61a-4c23-8903-700866fcae42,final_diagnosis,,,,,,
RF8C88224E1CF,second,8,a24ee75d-e61a-4c23-8903-700866fcae42,final_diagnosis,,,,,,
RF8C88224E1CF,consensus,8,a24ee75d-e61a-4c23-8903-700866fcae42,final_diagnosis,,,,,,
RF8C88224E1CF,primary,9,fbf55100-ef48-4708-bd75-f3a02d1b8906,disposition,,,,,,
RF8C88224E1CF,second,9,fbf55100-ef48-4708-bd75-f3a02d1b8906,disposition,,,,,,
RF8C88224E1CF,consensus,9,fbf55100-ef48-4708-bd75-f3a02d1b8906,disposition,,,,,,
R25C58E4439BE,primary,1,ff4ee6a3-01bf-4259-812f-fefa4b4ef4b1,ask_history,,,,,,
R25C58E4439BE,second,1,ff4ee6a3-01bf-4259-812f-fefa4b4ef4b1,ask_history,,,,,,
R25C58E4439BE,consensus,1,ff4ee6a3-01bf-4259-812f-fefa4b4ef4b1,ask_history,,,,,,
R25C58E4439BE,primary,2,18e0c076-6227-470d-a281-07240d26b4b4,ask_history,,,,,,
R25C58E4439BE,second,2,18e0c076-6227-470d-a281-07240d26b4b4,ask_history,,,,,,
R25C58E4439BE,consensus,2,18e0c076-6227-470d-a281-07240d26b4b4,ask_history,,,,,,
R25C58E4439BE,primary,3,e8de0d48-a879-4d4c-941f-ecf26fef4d99,ask_history,,,,,,
R25C58E4439BE,second,3,e8de0d48-a879-4d4c-941f-ecf26fef4d99,ask_history,,,,,,
R25C58E4439BE,consensus,3,e8de0d48-a879-4d4c-941f-ecf26fef4d99,ask_history,,,,,,
R25C58E4439BE,primary,4,3b57a754-69ee-4750-a985-eb1e6a0f4b41,ask_history,,,,,,
R25C58E4439BE,second,4,3b57a754-69ee-4750-a985-eb1e6a0f4b41,ask_history,,,,,,
R25C58E4439BE,consensus,4,3b57a754-69ee-4750-a985-eb1e6a0f4b41,ask_history,,,,,,
R25C58E4439BE,primary,5,42194eed-65d7-443b-9b53-0368bd48f4ac,request_physical_exam,,,,,,
R25C58E4439BE,second,5,42194eed-65d7-443b-9b53-0368bd48f4ac,request_physical_exam,,,,,,
R25C58E4439BE,consensus,5,42194eed-65d7-443b-9b53-0368bd48f4ac,request_physical_exam,,,,,,
R25C58E4439BE,primary,6,7aaf7558-ab4a-4234-90ef-5c9a0163fb16,plan_reason,,,,,,
R25C58E4439BE,second,6,7aaf7558-ab4a-4234-90ef-5c9a0163fb16,plan_reason,,,,,,
R25C58E4439BE,consensus,6,7aaf7558-ab4a-4234-90ef-5c9a0163fb16,plan_reason,,,,,,
R25C58E4439BE,primary,7,301a88ad-8dc1-4718-9712-cd401aff8dd1,request_ecg_or_test,,,,,,
R25C58E4439BE,second,7,301a88ad-8dc1-4718-9712-cd401aff8dd1,request_ecg_or_test,,,,,,
R25C58E4439BE,consensus,7,301a88ad-8dc1-4718-9712-cd401aff8dd1,request_ecg_or_test,,,,,,
R25C58E4439BE,primary,8,5f5dd5e8-2999-4ce4-b944-b5bbede25ed6,request_imaging,,,,,,
R25C58E4439BE,second,8,5f5dd5e8-2999-4ce4-b944-b5bbede25ed6,request_imaging,,,,,,
R25C58E4439BE,consensus,8,5f5dd5e8-2999-4ce4-b944-b5bbede25ed6,request_imaging,,,,,,
R25C58E4439BE,primary,9,ea4fe7cb-9a45-40df-b03c-9f1b551e32c3,request_lab,,,,,,
R25C58E4439BE,second,9,ea4fe7cb-9a45-40df-b03c-9f1b551e32c3,request_lab,,,,,,
R25C58E4439BE,consensus,9,ea4fe7cb-9a45-40df-b03c-9f1b551e32c3,request_lab,,,,,,
R25C58E4439BE,primary,10,82aa522e-e2f7-48d1-80b5-be5cf226a8dd,plan_reason,,,,,,
R25C58E4439BE,second,10,82aa522e-e2f7-48d1-80b5-be5cf226a8dd,plan_reason,,,,,,
R25C58E4439BE,consensus,10,82aa522e-e2f7-48d1-80b5-be5cf226a8dd,plan_reason,,,,,,
R25C58E4439BE,primary,11,82e8554e-4056-443e-b922-661b2ce9d25c,plan_reason,,,,,,
R25C58E4439BE,second,11,82e8554e-4056-443e-b922-661b2ce9d25c,plan_reason,,,,,,
R25C58E4439BE,consensus,11,82e8554e-4056-443e-b922-661b2ce9d25c,plan_reason,,,,,,
R25C58E4439BE,primary,12,3fbf2721-3d6c-4125-b2cb-3d3b6fa91193,plan_reason,,,,,,
R25C58E4439BE,second,12,3fbf2721-3d6c-4125-b2cb-3d3b6fa91193,plan_reason,,,,,,
R25C58E4439BE,consensus,12,3fbf2721-3d6c-4125-b2cb-3d3b6fa91193,plan_reason,,,,,,
R7CB9A60A5968,primary,1,6fdd961a-c92a-45e6-9d16-e58aadea4307,plan_reason,,,,,,
R7CB9A60A5968,second,1,6fdd961a-c92a-45e6-9d16-e58aadea4307,plan_reason,,,,,,
R7CB9A60A5968,consensus,1,6fdd961a-c92a-45e6-9d16-e58aadea4307,plan_reason,,,,,,
R7CB9A60A5968,primary,2,a0ca5480-e982-4ea2-961e-317bc833411c,request_physical_exam,,,,,,
R7CB9A60A5968,second,2,a0ca5480-e982-4ea2-961e-317bc833411c,request_physical_exam,,,,,,
R7CB9A60A5968,consensus,2,a0ca5480-e982-4ea2-961e-317bc833411c,request_physical_exam,,,,,,
R7CB9A60A5968,primary,3,11f0562d-4fbd-46de-820e-bb4db88ab942,request_lab,,,,,,
R7CB9A60A5968,second,3,11f0562d-4fbd-46de-820e-bb4db88ab942,request_lab,,,,,,
R7CB9A60A5968,consensus,3,11f0562d-4fbd-46de-820e-bb4db88ab942,request_lab,,,,,,
R7CB9A60A5968,primary,4,8de837ff-3dc1-452f-8000-ce8d02f1aea6,request_lab,,,,,,
R7CB9A60A5968,second,4,8de837ff-3dc1-452f-8000-ce8d02f1aea6,request_lab,,,,,,
R7CB9A60A5968,consensus,4,8de837ff-3dc1-452f-8000-ce8d02f1aea6,request_lab,,,,,,
R7CB9A60A5968,primary,5,fb8c5292-f358-421c-84c6-4f98778957b3,request_lab,,,,,,
R7CB9A60A5968,second,5,fb8c5292-f358-421c-84c6-4f98778957b3,request_lab,,,,,,
R7CB9A60A5968,consensus,5,fb8c5292-f358-421c-84c6-4f98778957b3,request_lab,,,,,,
R7E5F53D97D6C,primary,1,0631172e-4f0b-4024-84a2-a89b434e9550,plan_reason,,,,,,
R7E5F53D97D6C,second,1,0631172e-4f0b-4024-84a2-a89b434e9550,plan_reason,,,,,,
R7E5F53D97D6C,consensus,1,0631172e-4f0b-4024-84a2-a89b434e9550,plan_reason,,,,,,
R7E5F53D97D6C,primary,2,4937131c-f962-4ef6-8ed4-4ad05e8144d0,request_physical_exam,,,,,,
R7E5F53D97D6C,second,2,4937131c-f962-4ef6-8ed4-4ad05e8144d0,request_physical_exam,,,,,,
R7E5F53D97D6C,consensus,2,4937131c-f962-4ef6-8ed4-4ad05e8144d0,request_physical_exam,,,,,,
R7E5F53D97D6C,primary,3,69f0eedd-28ad-4955-be8f-8a524f94f855,request_imaging,,,,,,
R7E5F53D97D6C,second,3,69f0eedd-28ad-4955-be8f-8a524f94f855,request_imaging,,,,,,
R7E5F53D97D6C,consensus,3,69f0eedd-28ad-4955-be8f-8a524f94f855,request_imaging,,,,,,
R7E5F53D97D6C,primary,4,dda6a3a5-bd5b-406a-850d-2f29e092acb6,request_lab,,,,,,
R7E5F53D97D6C,second,4,dda6a3a5-bd5b-406a-850d-2f29e092acb6,request_lab,,,,,,
R7E5F53D97D6C,consensus,4,dda6a3a5-bd5b-406a-850d-2f29e092acb6,request_lab,,,,,,
R7E5F53D97D6C,primary,5,f1094e04-6417-45fd-ab22-cf3fd2924a6d,request_ecg_or_test,,,,,,
R7E5F53D97D6C,second,5,f1094e04-6417-45fd-ab22-cf3fd2924a6d,request_ecg_or_test,,,,,,
R7E5F53D97D6C,consensus,5,f1094e04-6417-45fd-ab22-cf3fd2924a6d,request_ecg_or_test,,,,,,
R7E5F53D97D6C,primary,6,4a78a43e-b0bb-4aa0-87f1-1b792a29d921,final_diagnosis,,,,,,
R7E5F53D97D6C,second,6,4a78a43e-b0bb-4aa0-87f1-1b792a29d921,final_diagnosis,,,,,,
R7E5F53D97D6C,consensus,6,4a78a43e-b0bb-4aa0-87f1-1b792a29d921,final_diagnosis,,,,,,
R7E5F53D97D6C,primary,7,af0b9a50-2237-4cb6-a975-39d4ea7089ec,disposition,,,,,,
R7E5F53D97D6C,second,7,af0b9a50-2237-4cb6-a975-39d4ea7089ec,disposition,,,,,,
R7E5F53D97D6C,consensus,7,af0b9a50-2237-4cb6-a975-39d4ea7089ec,disposition,,,,,,
RF8753395E711,primary,1,64de64a3-1774-4a7f-8f97-078c17cbdc8e,ask_history,,,,,,
RF8753395E711,second,1,64de64a3-1774-4a7f-8f97-078c17cbdc8e,ask_history,,,,,,
RF8753395E711,consensus,1,64de64a3-1774-4a7f-8f97-078c17cbdc8e,ask_history,,,,,,
RF8753395E711,primary,2,a25d22b8-88d8-4348-a45d-1e86797e4dec,request_physical_exam,,,,,,
RF8753395E711,second,2,a25d22b8-88d8-4348-a45d-1e86797e4dec,request_physical_exam,,,,,,
RF8753395E711,consensus,2,a25d22b8-88d8-4348-a45d-1e86797e4dec,request_physical_exam,,,,,,
RF8753395E711,primary,3,0639144f-7164-4d35-a015-b3a9ef1d0702,ask_history,,,,,,
RF8753395E711,second,3,0639144f-7164-4d35-a015-b3a9ef1d0702,ask_history,,,,,,
RF8753395E711,consensus,3,0639144f-7164-4d35-a015-b3a9ef1d0702,ask_history,,,,,,
RF8753395E711,primary,4,1e42797e-c470-4d5e-b094-86ce05b2b738,request_physical_exam,,,,,,
RF8753395E711,second,4,1e42797e-c470-4d5e-b094-86ce05b2b738,request_physical_exam,,,,,,
RF8753395E711,consensus,4,1e42797e-c470-4d5e-b094-86ce05b2b738,request_physical_exam,,,,,,
RF8753395E711,primary,5,8e27e0a5-56de-4091-8718-d324f639bfa0,ask_history,,,,,,
RF8753395E711,second,5,8e27e0a5-56de-4091-8718-d324f639bfa0,ask_history,,,,,,
RF8753395E711,consensus,5,8e27e0a5-56de-4091-8718-d324f639bfa0,ask_history,,,,,,
RF8753395E711,primary,6,01820362-5931-4788-8188-c154da910ff4,request_physical_exam,,,,,,
RF8753395E711,second,6,01820362-5931-4788-8188-c154da910ff4,request_physical_exam,,,,,,
RF8753395E711,consensus,6,01820362-5931-4788-8188-c154da910ff4,request_physical_exam,,,,,,
RF8753395E711,primary,7,b33e49db-1b0c-4e76-870d-01dfebaad36a,ask_history,,,,,,
RF8753395E711,second,7,b33e49db-1b0c-4e76-870d-01dfebaad36a,ask_history,,,,,,
RF8753395E711,consensus,7,b33e49db-1b0c-4e76-870d-01dfebaad36a,ask_history,,,,,,
RF8753395E711,primary,8,66c1b75a-bf66-47f0-87a8-6991689c074e,request_physical_exam,,,,,,
RF8753395E711,second,8,66c1b75a-bf66-47f0-87a8-6991689c074e,request_physical_exam,,,,,,
RF8753395E711,consensus,8,66c1b75a-bf66-47f0-87a8-6991689c074e,request_physical_exam,,,,,,
RF8753395E711,primary,9,6557bed4-a0e9-4c0b-a7f5-34d6eef0269e,plan_reason,,,,,,
RF8753395E711,second,9,6557bed4-a0e9-4c0b-a7f5-34d6eef0269e,plan_reason,,,,,,
RF8753395E711,consensus,9,6557bed4-a0e9-4c0b-a7f5-34d6eef0269e,plan_reason,,,,,,
RF8753395E711,primary,10,55ed9050-0724-4af1-9c14-d2003dc41155,request_lab,,,,,,
RF8753395E711,second,10,55ed9050-0724-4af1-9c14-d2003dc41155,request_lab,,,,,,
RF8753395E711,consensus,10,55ed9050-0724-4af1-9c14-d2003dc41155,request_lab,,,,,,
RF8753395E711,primary,11,149e1f38-529c-465f-8bb8-93e92e2f4c58,request_lab,,,,,,
RF8753395E711,second,11,149e1f38-529c-465f-8bb8-93e92e2f4c58,request_lab,,,,,,
RF8753395E711,consensus,11,149e1f38-529c-465f-8bb8-93e92e2f4c58,request_lab,,,,,,
RF8753395E711,primary,12,906e24cd-1d96-483f-be87-8841257a45af,request_lab,,,,,,
RF8753395E711,second,12,906e24cd-1d96-483f-be87-8841257a45af,request_lab,,,,,,
RF8753395E711,consensus,12,906e24cd-1d96-483f-be87-8841257a45af,request_lab,,,,,,
RF8753395E711,primary,13,15f3075e-f698-4411-b35e-b66215fc68cc,request_lab,,,,,,
RF8753395E711,second,13,15f3075e-f698-4411-b35e-b66215fc68cc,request_lab,,,,,,
RF8753395E711,consensus,13,15f3075e-f698-4411-b35e-b66215fc68cc,request_lab,,,,,,
RF8753395E711,primary,14,35c88694-57e6-4be5-96ab-eac81a55b76d,request_lab,,,,,,
RF8753395E711,second,14,35c88694-57e6-4be5-96ab-eac81a55b76d,request_lab,,,,,,
RF8753395E711,consensus,14,35c88694-57e6-4be5-96ab-eac81a55b76d,request_lab,,,,,,
RF8753395E711,primary,15,2644fa91-fa65-4d13-ad51-20fe24cdf4bb,request_lab,,,,,,
RF8753395E711,second,15,2644fa91-fa65-4d13-ad51-20fe24cdf4bb,request_lab,,,,,,
RF8753395E711,consensus,15,2644fa91-fa65-4d13-ad51-20fe24cdf4bb,request_lab,,,,,,
RF8753395E711,primary,16,56ab0e3c-b60f-4a89-bdce-03f7de58bca4,request_lab,,,,,,
RF8753395E711,second,16,56ab0e3c-b60f-4a89-bdce-03f7de58bca4,request_lab,,,,,,
RF8753395E711,consensus,16,56ab0e3c-b60f-4a89-bdce-03f7de58bca4,request_lab,,,,,,
RF8753395E711,primary,17,527b660d-cce6-44c6-875d-74c5cb642798,request_lab,,,,,,
RF8753395E711,second,17,527b660d-cce6-44c6-875d-74c5cb642798,request_lab,,,,,,
RF8753395E711,consensus,17,527b660d-cce6-44c6-875d-74c5cb642798,request_lab,,,,,,
RF8753395E711,primary,18,a7a8366c-eeb1-4624-8fd0-dc53b3b04a4c,request_lab,,,,,,
RF8753395E711,second,18,a7a8366c-eeb1-4624-8fd0-dc53b3b04a4c,request_lab,,,,,,
RF8753395E711,consensus,18,a7a8366c-eeb1-4624-8fd0-dc53b3b04a4c,request_lab,,,,,,
RF8753395E711,primary,19,c7a574b9-27b6-4003-ada0-0a64dbbdd738,request_lab,,,,,,
RF8753395E711,second,19,c7a574b9-27b6-4003-ada0-0a64dbbdd738,request_lab,,,,,,
RF8753395E711,consensus,19,c7a574b9-27b6-4003-ada0-0a64dbbdd738,request_lab,,,,,,
RF8753395E711,primary,20,015dcb2c-df6c-4110-b8e3-24d96e0ed0c1,request_lab,,,,,,
RF8753395E711,second,20,015dcb2c-df6c-4110-b8e3-24d96e0ed0c1,request_lab,,,,,,
RF8753395E711,consensus,20,015dcb2c-df6c-4110-b8e3-24d96e0ed0c1,request_lab,,,,,,
RF8753395E711,primary,21,b9c248ae-2aec-4902-a879-decbb90f80f1,request_lab,,,,,,
RF8753395E711,second,21,b9c248ae-2aec-4902-a879-decbb90f80f1,request_lab,,,,,,
RF8753395E711,consensus,21,b9c248ae-2aec-4902-a879-decbb90f80f1,request_lab,,,,,,
RF8753395E711,primary,22,13880a98-676a-4b38-9d16-938e7a0f68fd,request_lab,,,,,,
RF8753395E711,second,22,13880a98-676a-4b38-9d16-938e7a0f68fd,request_lab,,,,,,
RF8753395E711,consensus,22,13880a98-676a-4b38-9d16-938e7a0f68fd,request_lab,,,,,,
RF8753395E711,primary,23,9ad0ad15-5411-477d-8378-20630006862f,request_lab,,,,,,
RF8753395E711,second,23,9ad0ad15-5411-477d-8378-20630006862f,request_lab,,,,,,
RF8753395E711,consensus,23,9ad0ad15-5411-477d-8378-20630006862f,request_lab,,,,,,
RF8753395E711,primary,24,6f249fba-16f4-4c03-835f-288bcb7e6aed,request_lab,,,,,,
RF8753395E711,second,24,6f249fba-16f4-4c03-835f-288bcb7e6aed,request_lab,,,,,,
RF8753395E711,consensus,24,6f249fba-16f4-4c03-835f-288bcb7e6aed,request_lab,,,,,,
RF8753395E711,primary,25,21a27fe6-22b1-49f8-ae44-cab5fd3a2c60,request_lab,,,,,,
RF8753395E711,second,25,21a27fe6-22b1-49f8-ae44-cab5fd3a2c60,request_lab,,,,,,
RF8753395E711,consensus,25,21a27fe6-22b1-49f8-ae44-cab5fd3a2c60,request_lab,,,,,,
RF8753395E711,primary,26,01057dae-6bc3-45b4-becd-ce117f3dcba5,request_lab,,,,,,
RF8753395E711,second,26,01057dae-6bc3-45b4-becd-ce117f3dcba5,request_lab,,,,,,
RF8753395E711,consensus,26,01057dae-6bc3-45b4-becd-ce117f3dcba5,request_lab,,,,,,
RF8753395E711,primary,27,a6741e5f-774c-4bd8-893a-81d4c524a636,request_lab,,,,,,
RF8753395E711,second,27,a6741e5f-774c-4bd8-893a-81d4c524a636,request_lab,,,,,,
RF8753395E711,consensus,27,a6741e5f-774c-4bd8-893a-81d4c524a636,request_lab,,,,,,
RF8753395E711,primary,28,48648ddc-2d25-465f-ac52-518c4cfc8e6e,request_lab,,,,,,
RF8753395E711,second,28,48648ddc-2d25-465f-ac52-518c4cfc8e6e,request_lab,,,,,,
RF8753395E711,consensus,28,48648ddc-2d25-465f-ac52-518c4cfc8e6e,request_lab,,,,,,
RF8753395E711,primary,29,f44c7081-4954-4b34-8caf-7e0adf2e8dc2,request_lab,,,,,,
RF8753395E711,second,29,f44c7081-4954-4b34-8caf-7e0adf2e8dc2,request_lab,,,,,,
RF8753395E711,consensus,29,f44c7081-4954-4b34-8caf-7e0adf2e8dc2,request_lab,,,,,,
RF8753395E711,primary,30,67f62ba2-c425-487d-8a3b-7be6873a833a,request_lab,,,,,,
RF8753395E711,second,30,67f62ba2-c425-487d-8a3b-7be6873a833a,request_lab,,,,,,
RF8753395E711,consensus,30,67f62ba2-c425-487d-8a3b-7be6873a833a,request_lab,,,,,,
RF8753395E711,primary,31,c59ea944-b388-4bbb-a54b-0ca397f24935,request_lab,,,,,,
RF8753395E711,second,31,c59ea944-b388-4bbb-a54b-0ca397f24935,request_lab,,,,,,
RF8753395E711,consensus,31,c59ea944-b388-4bbb-a54b-0ca397f24935,request_lab,,,,,,
RF8753395E711,primary,32,c2f2a63c-2a8d-4848-b064-3f1e5b1e6edf,request_lab,,,,,,
RF8753395E711,second,32,c2f2a63c-2a8d-4848-b064-3f1e5b1e6edf,request_lab,,,,,,
RF8753395E711,consensus,32,c2f2a63c-2a8d-4848-b064-3f1e5b1e6edf,request_lab,,,,,,
RF8753395E711,primary,33,99fac5b2-e2be-4f20-ab30-499d3689b9b3,request_lab,,,,,,
RF8753395E711,second,33,99fac5b2-e2be-4f20-ab30-499d3689b9b3,request_lab,,,,,,
RF8753395E711,consensus,33,99fac5b2-e2be-4f20-ab30-499d3689b9b3,request_lab,,,,,,
RF8753395E711,primary,34,32878e2b-471c-4796-bd44-8f7853b867c6,request_lab,,,,,,
RF8753395E711,second,34,32878e2b-471c-4796-bd44-8f7853b867c6,request_lab,,,,,,
RF8753395E711,consensus,34,32878e2b-471c-4796-bd44-8f7853b867c6,request_lab,,,,,,
RF8753395E711,primary,35,09780452-2292-4a2c-812e-567bcc3138c9,request_lab,,,,,,
RF8753395E711,second,35,09780452-2292-4a2c-812e-567bcc3138c9,request_lab,,,,,,
RF8753395E711,consensus,35,09780452-2292-4a2c-812e-567bcc3138c9,request_lab,,,,,,
RF8753395E711,primary,36,0644c87a-c2c5-4f98-8754-437f98bd500a,request_lab,,,,,,
RF8753395E711,second,36,0644c87a-c2c5-4f98-8754-437f98bd500a,request_lab,,,,,,
RF8753395E711,consensus,36,0644c87a-c2c5-4f98-8754-437f98bd500a,request_lab,,,,,,
RF8753395E711,primary,37,0d9483c9-a487-4aef-86ac-53b93396b5ff,request_lab,,,,,,
RF8753395E711,second,37,0d9483c9-a487-4aef-86ac-53b93396b5ff,request_lab,,,,,,
RF8753395E711,consensus,37,0d9483c9-a487-4aef-86ac-53b93396b5ff,request_lab,,,,,,
RF8753395E711,primary,38,3d10ac95-02f5-42d2-a043-67ae4ca5f8b2,request_lab,,,,,,
RF8753395E711,second,38,3d10ac95-02f5-42d2-a043-67ae4ca5f8b2,request_lab,,,,,,
RF8753395E711,consensus,38,3d10ac95-02f5-42d2-a043-67ae4ca5f8b2,request_lab,,,,,,
RF8753395E711,primary,39,f0a6c468-a83e-4db0-96f4-d23f8d901fc8,request_lab,,,,,,
RF8753395E711,second,39,f0a6c468-a83e-4db0-96f4-d23f8d901fc8,request_lab,,,,,,
RF8753395E711,consensus,39,f0a6c468-a83e-4db0-96f4-d23f8d901fc8,request_lab,,,,,,
RF8753395E711,primary,40,0b59c06b-b34b-4f88-9f44-d47d46685b86,request_lab,,,,,,
RF8753395E711,second,40,0b59c06b-b34b-4f88-9f44-d47d46685b86,request_lab,,,,,,
RF8753395E711,consensus,40,0b59c06b-b34b-4f88-9f44-d47d46685b86,request_lab,,,,,,
R875E786A7415,primary,1,fc0500e5-73d6-4b27-bbbf-9568a675ef59,plan_reason,,,,,,
R875E786A7415,second,1,fc0500e5-73d6-4b27-bbbf-9568a675ef59,plan_reason,,,,,,
R875E786A7415,consensus,1,fc0500e5-73d6-4b27-bbbf-9568a675ef59,plan_reason,,,,,,
R875E786A7415,primary,2,9932d51e-3ee0-4318-a53d-baeb0a4f0c8a,request_physical_exam,,,,,,
R875E786A7415,second,2,9932d51e-3ee0-4318-a53d-baeb0a4f0c8a,request_physical_exam,,,,,,
R875E786A7415,consensus,2,9932d51e-3ee0-4318-a53d-baeb0a4f0c8a,request_physical_exam,,,,,,
R875E786A7415,primary,3,375ddc83-3dc9-4766-9d9c-5f2d65124794,request_lab,,,,,,
R875E786A7415,second,3,375ddc83-3dc9-4766-9d9c-5f2d65124794,request_lab,,,,,,
R875E786A7415,consensus,3,375ddc83-3dc9-4766-9d9c-5f2d65124794,request_lab,,,,,,
R875E786A7415,primary,4,778a3f1d-c21c-4615-8d2c-39cf8b58b527,request_lab,,,,,,
R875E786A7415,second,4,778a3f1d-c21c-4615-8d2c-39cf8b58b527,request_lab,,,,,,
R875E786A7415,consensus,4,778a3f1d-c21c-4615-8d2c-39cf8b58b527,request_lab,,,,,,
R875E786A7415,primary,5,504d6dd0-66ae-406b-bfd3-1713a50c3b7e,request_lab,,,,,,
R875E786A7415,second,5,504d6dd0-66ae-406b-bfd3-1713a50c3b7e,request_lab,,,,,,
R875E786A7415,consensus,5,504d6dd0-66ae-406b-bfd3-1713a50c3b7e,request_lab,,,,,,
R875E786A7415,primary,6,e64c3a4f-2a53-4712-af31-40f8ba872c9c,request_lab,,,,,,
R875E786A7415,second,6,e64c3a4f-2a53-4712-af31-40f8ba872c9c,request_lab,,,,,,
R875E786A7415,consensus,6,e64c3a4f-2a53-4712-af31-40f8ba872c9c,request_lab,,,,,,
R875E786A7415,primary,7,7054b431-0d89-4a58-bf02-c07cd2302572,request_lab,,,,,,
R875E786A7415,second,7,7054b431-0d89-4a58-bf02-c07cd2302572,request_lab,,,,,,
R875E786A7415,consensus,7,7054b431-0d89-4a58-bf02-c07cd2302572,request_lab,,,,,,
R875E786A7415,primary,8,7d34f6b3-b3fd-4e9f-8882-4f542c70c10a,request_lab,,,,,,
R875E786A7415,second,8,7d34f6b3-b3fd-4e9f-8882-4f542c70c10a,request_lab,,,,,,
R875E786A7415,consensus,8,7d34f6b3-b3fd-4e9f-8882-4f542c70c10a,request_lab,,,,,,
R875E786A7415,primary,9,e14b46cf-84e5-4bf5-b08f-151a24a4a936,request_lab,,,,,,
R875E786A7415,second,9,e14b46cf-84e5-4bf5-b08f-151a24a4a936,request_lab,,,,,,
R875E786A7415,consensus,9,e14b46cf-84e5-4bf5-b08f-151a24a4a936,request_lab,,,,,,
R875E786A7415,primary,10,bba58394-48d1-4d8a-adb2-721004cceb01,request_lab,,,,,,
R875E786A7415,second,10,bba58394-48d1-4d8a-adb2-721004cceb01,request_lab,,,,,,
R875E786A7415,consensus,10,bba58394-48d1-4d8a-adb2-721004cceb01,request_lab,,,,,,
R875E786A7415,primary,11,6de172d7-c84f-4583-929d-4faafa4c3d11,request_lab,,,,,,
R875E786A7415,second,11,6de172d7-c84f-4583-929d-4faafa4c3d11,request_lab,,,,,,
R875E786A7415,consensus,11,6de172d7-c84f-4583-929d-4faafa4c3d11,request_lab,,,,,,
R323C2C3EF91A,primary,1,43aec418-145b-4ba3-a0d1-0ea565241352,request_physical_exam,,,,,,
R323C2C3EF91A,second,1,43aec418-145b-4ba3-a0d1-0ea565241352,request_physical_exam,,,,,,
R323C2C3EF91A,consensus,1,43aec418-145b-4ba3-a0d1-0ea565241352,request_physical_exam,,,,,,
R323C2C3EF91A,primary,2,15131abc-4f5f-4819-94d3-0ac8d26c8f33,ask_history,,,,,,
R323C2C3EF91A,second,2,15131abc-4f5f-4819-94d3-0ac8d26c8f33,ask_history,,,,,,
R323C2C3EF91A,consensus,2,15131abc-4f5f-4819-94d3-0ac8d26c8f33,ask_history,,,,,,
R323C2C3EF91A,primary,3,97a86752-b7cc-484f-9783-8748cbb11482,ask_history,,,,,,
R323C2C3EF91A,second,3,97a86752-b7cc-484f-9783-8748cbb11482,ask_history,,,,,,
R323C2C3EF91A,consensus,3,97a86752-b7cc-484f-9783-8748cbb11482,ask_history,,,,,,
R323C2C3EF91A,primary,4,f08fa0fc-b630-40cd-9a25-653f7ed719db,request_physical_exam,,,,,,
R323C2C3EF91A,second,4,f08fa0fc-b630-40cd-9a25-653f7ed719db,request_physical_exam,,,,,,
R323C2C3EF91A,consensus,4,f08fa0fc-b630-40cd-9a25-653f7ed719db,request_physical_exam,,,,,,
R323C2C3EF91A,primary,5,f1f6e956-7d55-45df-81eb-15bbea32ee42,request_imaging,,,,,,
R323C2C3EF91A,second,5,f1f6e956-7d55-45df-81eb-15bbea32ee42,request_imaging,,,,,,
R323C2C3EF91A,consensus,5,f1f6e956-7d55-45df-81eb-15bbea32ee42,request_imaging,,,,,,
R323C2C3EF91A,primary,6,946074ed-6a81-4804-a276-36f0d7f8b519,plan_reason,,,,,,
R323C2C3EF91A,second,6,946074ed-6a81-4804-a276-36f0d7f8b519,plan_reason,,,,,,
R323C2C3EF91A,consensus,6,946074ed-6a81-4804-a276-36f0d7f8b519,plan_reason,,,,,,
R323C2C3EF91A,primary,7,e4ebfee1-e528-4c71-be49-04d44da8a200,request_lab,,,,,,
R323C2C3EF91A,second,7,e4ebfee1-e528-4c71-be49-04d44da8a200,request_lab,,,,,,
R323C2C3EF91A,consensus,7,e4ebfee1-e528-4c71-be49-04d44da8a200,request_lab,,,,,,
R323C2C3EF91A,primary,8,193d14f7-679d-4913-90f1-a656ff7dd399,ask_history,,,,,,
R323C2C3EF91A,second,8,193d14f7-679d-4913-90f1-a656ff7dd399,ask_history,,,,,,
R323C2C3EF91A,consensus,8,193d14f7-679d-4913-90f1-a656ff7dd399,ask_history,,,,,,
R323C2C3EF91A,primary,9,712c9a5e-9dc5-45ff-8365-f478ad9514ff,request_microbiology,,,,,,
R323C2C3EF91A,second,9,712c9a5e-9dc5-45ff-8365-f478ad9514ff,request_microbiology,,,,,,
R323C2C3EF91A,consensus,9,712c9a5e-9dc5-45ff-8365-f478ad9514ff,request_microbiology,,,,,,
R323C2C3EF91A,primary,10,1cd00075-0a60-4d56-9a4a-193834332ae6,prescribe_medication,,,,,,
R323C2C3EF91A,second,10,1cd00075-0a60-4d56-9a4a-193834332ae6,prescribe_medication,,,,,,
R323C2C3EF91A,consensus,10,1cd00075-0a60-4d56-9a4a-193834332ae6,prescribe_medication,,,,,,
R323C2C3EF91A,primary,11,158d865c-33fe-4c86-b795-04f3a4920c7d,request_procedure,,,,,,
R323C2C3EF91A,second,11,158d865c-33fe-4c86-b795-04f3a4920c7d,request_procedure,,,,,,
R323C2C3EF91A,consensus,11,158d865c-33fe-4c86-b795-04f3a4920c7d,request_procedure,,,,,,
R323C2C3EF91A,primary,12,7c7f5101-311c-4df9-ae0d-c8bf9c4f57ed,final_diagnosis,,,,,,
R323C2C3EF91A,second,12,7c7f5101-311c-4df9-ae0d-c8bf9c4f57ed,final_diagnosis,,,,,,
R323C2C3EF91A,consensus,12,7c7f5101-311c-4df9-ae0d-c8bf9c4f57ed,final_diagnosis,,,,,,
R323C2C3EF91A,primary,13,13424601-6b4b-4ca3-ba72-0535ed956d94,disposition,,,,,,
R323C2C3EF91A,second,13,13424601-6b4b-4ca3-ba72-0535ed956d94,disposition,,,,,,
R323C2C3EF91A,consensus,13,13424601-6b4b-4ca3-ba72-0535ed956d94,disposition,,,,,,
RAFD43375734A,primary,1,3a5e4833-c50d-47b0-b04b-512aea97f7ac,ask_history,,,,,,
RAFD43375734A,second,1,3a5e4833-c50d-47b0-b04b-512aea97f7ac,ask_history,,,,,,
RAFD43375734A,consensus,1,3a5e4833-c50d-47b0-b04b-512aea97f7ac,ask_history,,,,,,
RAFD43375734A,primary,2,deb593e7-8766-44bc-b145-8f3e8132918f,ask_history,,,,,,
RAFD43375734A,second,2,deb593e7-8766-44bc-b145-8f3e8132918f,ask_history,,,,,,
RAFD43375734A,consensus,2,deb593e7-8766-44bc-b145-8f3e8132918f,ask_history,,,,,,
RAFD43375734A,primary,3,e0ef864b-7df4-43b5-ac5e-c86248b5db21,ask_history,,,,,,
RAFD43375734A,second,3,e0ef864b-7df4-43b5-ac5e-c86248b5db21,ask_history,,,,,,
RAFD43375734A,consensus,3,e0ef864b-7df4-43b5-ac5e-c86248b5db21,ask_history,,,,,,
RAFD43375734A,primary,4,3d3d217b-9214-486a-b27c-c8e1f239551a,ask_history,,,,,,
RAFD43375734A,second,4,3d3d217b-9214-486a-b27c-c8e1f239551a,ask_history,,,,,,
RAFD43375734A,consensus,4,3d3d217b-9214-486a-b27c-c8e1f239551a,ask_history,,,,,,
RCB226ED29F68,primary,1,f56410c7-a57d-4514-91f2-1b97303c232e,ask_history,,,,,,
RCB226ED29F68,second,1,f56410c7-a57d-4514-91f2-1b97303c232e,ask_history,,,,,,
RCB226ED29F68,consensus,1,f56410c7-a57d-4514-91f2-1b97303c232e,ask_history,,,,,,
RCB226ED29F68,primary,2,b0794b7f-1872-4791-8dc8-430d0e1c0425,ask_history,,,,,,
RCB226ED29F68,second,2,b0794b7f-1872-4791-8dc8-430d0e1c0425,ask_history,,,,,,
RCB226ED29F68,consensus,2,b0794b7f-1872-4791-8dc8-430d0e1c0425,ask_history,,,,,,
RCB226ED29F68,primary,3,d857afc6-2828-4ac6-90d7-4149e473764c,ask_history,,,,,,
RCB226ED29F68,second,3,d857afc6-2828-4ac6-90d7-4149e473764c,ask_history,,,,,,
RCB226ED29F68,consensus,3,d857afc6-2828-4ac6-90d7-4149e473764c,ask_history,,,,,,
RCB226ED29F68,primary,4,19ed7f93-9ff2-4670-baf0-2ef4bf8580df,ask_history,,,,,,
RCB226ED29F68,second,4,19ed7f93-9ff2-4670-baf0-2ef4bf8580df,ask_history,,,,,,
RCB226ED29F68,consensus,4,19ed7f93-9ff2-4670-baf0-2ef4bf8580df,ask_history,,,,,,
RCB226ED29F68,primary,5,58bf7665-d692-4e0d-ba7c-5d246b5d96cf,ask_history,,,,,,
RCB226ED29F68,second,5,58bf7665-d692-4e0d-ba7c-5d246b5d96cf,ask_history,,,,,,
RCB226ED29F68,consensus,5,58bf7665-d692-4e0d-ba7c-5d246b5d96cf,ask_history,,,,,,
RCB226ED29F68,primary,6,c98442fa-4020-4afc-8e83-ddfe65ec0788,ask_history,,,,,,
RCB226ED29F68,second,6,c98442fa-4020-4afc-8e83-ddfe65ec0788,ask_history,,,,,,
RCB226ED29F68,consensus,6,c98442fa-4020-4afc-8e83-ddfe65ec0788,ask_history,,,,,,
RCB226ED29F68,primary,7,ead0098a-aff7-44dc-887a-4546eb6bff61,ask_history,,,,,,
RCB226ED29F68,second,7,ead0098a-aff7-44dc-887a-4546eb6bff61,ask_history,,,,,,
RCB226ED29F68,consensus,7,ead0098a-aff7-44dc-887a-4546eb6bff61,ask_history,,,,,,
RCB226ED29F68,primary,8,c3152c65-74a4-4c95-9572-7781085592de,ask_history,,,,,,
RCB226ED29F68,second,8,c3152c65-74a4-4c95-9572-7781085592de,ask_history,,,,,,
RCB226ED29F68,consensus,8,c3152c65-74a4-4c95-9572-7781085592de,ask_history,,,,,,
RCB226ED29F68,primary,9,6fe7ee8e-0b5a-43f6-98c3-fed84f6e14d3,ask_history,,,,,,
RCB226ED29F68,second,9,6fe7ee8e-0b5a-43f6-98c3-fed84f6e14d3,ask_history,,,,,,
RCB226ED29F68,consensus,9,6fe7ee8e-0b5a-43f6-98c3-fed84f6e14d3,ask_history,,,,,,
RCB226ED29F68,primary,10,7cb973b3-eba7-4672-a13c-fbb6638515ec,ask_history,,,,,,
RCB226ED29F68,second,10,7cb973b3-eba7-4672-a13c-fbb6638515ec,ask_history,,,,,,
RCB226ED29F68,consensus,10,7cb973b3-eba7-4672-a13c-fbb6638515ec,ask_history,,,,,,
RCB226ED29F68,primary,11,2423bd0b-fac8-4787-9049-035d3044999b,ask_history,,,,,,
RCB226ED29F68,second,11,2423bd0b-fac8-4787-9049-035d3044999b,ask_history,,,,,,
RCB226ED29F68,consensus,11,2423bd0b-fac8-4787-9049-035d3044999b,ask_history,,,,,,
RCB226ED29F68,primary,12,7ac7fe1c-d4d4-44aa-94b4-012cc7d2725f,ask_history,,,,,,
RCB226ED29F68,second,12,7ac7fe1c-d4d4-44aa-94b4-012cc7d2725f,ask_history,,,,,,
RCB226ED29F68,consensus,12,7ac7fe1c-d4d4-44aa-94b4-012cc7d2725f,ask_history,,,,,,
RBAB504122CD2,primary,1,b50820c9-a95a-4228-8102-352322bc854a,ask_history,,,,,,
RBAB504122CD2,second,1,b50820c9-a95a-4228-8102-352322bc854a,ask_history,,,,,,
RBAB504122CD2,consensus,1,b50820c9-a95a-4228-8102-352322bc854a,ask_history,,,,,,
RBAB504122CD2,primary,2,9c6ee17c-6fac-4d73-8184-34a334946560,ask_history,,,,,,
RBAB504122CD2,second,2,9c6ee17c-6fac-4d73-8184-34a334946560,ask_history,,,,,,
RBAB504122CD2,consensus,2,9c6ee17c-6fac-4d73-8184-34a334946560,ask_history,,,,,,
RBAB504122CD2,primary,3,3195d38a-739b-4657-908b-165995e3c080,ask_history,,,,,,
RBAB504122CD2,second,3,3195d38a-739b-4657-908b-165995e3c080,ask_history,,,,,,
RBAB504122CD2,consensus,3,3195d38a-739b-4657-908b-165995e3c080,ask_history,,,,,,
RD0D92F20ADB2,primary,1,4e709ac3-c442-4c77-8393-5321f1eb52ea,ask_history,,,,,,
RD0D92F20ADB2,second,1,4e709ac3-c442-4c77-8393-5321f1eb52ea,ask_history,,,,,,
RD0D92F20ADB2,consensus,1,4e709ac3-c442-4c77-8393-5321f1eb52ea,ask_history,,,,,,
RD0D92F20ADB2,primary,2,079c152b-b22b-425c-bb6b-d1d86e3a2065,request_physical_exam,,,,,,
RD0D92F20ADB2,second,2,079c152b-b22b-425c-bb6b-d1d86e3a2065,request_physical_exam,,,,,,
RD0D92F20ADB2,consensus,2,079c152b-b22b-425c-bb6b-d1d86e3a2065,request_physical_exam,,,,,,
RD0D92F20ADB2,primary,3,74a1f86f-6e10-4655-a8a5-9b42092da4bd,plan_reason,,,,,,
RD0D92F20ADB2,second,3,74a1f86f-6e10-4655-a8a5-9b42092da4bd,plan_reason,,,,,,
RD0D92F20ADB2,consensus,3,74a1f86f-6e10-4655-a8a5-9b42092da4bd,plan_reason,,,,,,
RD0D92F20ADB2,primary,4,c561f0dc-7aa8-48b3-afff-55fbbbcc13c6,request_lab,,,,,,
RD0D92F20ADB2,second,4,c561f0dc-7aa8-48b3-afff-55fbbbcc13c6,request_lab,,,,,,
RD0D92F20ADB2,consensus,4,c561f0dc-7aa8-48b3-afff-55fbbbcc13c6,request_lab,,,,,,
RD0D92F20ADB2,primary,5,8994ae22-5a08-4d34-be34-5375efe9a7b0,request_ecg_or_test,,,,,,
RD0D92F20ADB2,second,5,8994ae22-5a08-4d34-be34-5375efe9a7b0,request_ecg_or_test,,,,,,
RD0D92F20ADB2,consensus,5,8994ae22-5a08-4d34-be34-5375efe9a7b0,request_ecg_or_test,,,,,,
RD0D92F20ADB2,primary,6,60024b1d-9a2f-4760-89fb-586a8b9ef2da,request_microbiology,,,,,,
RD0D92F20ADB2,second,6,60024b1d-9a2f-4760-89fb-586a8b9ef2da,request_microbiology,,,,,,
RD0D92F20ADB2,consensus,6,60024b1d-9a2f-4760-89fb-586a8b9ef2da,request_microbiology,,,,,,
RD0D92F20ADB2,primary,7,48f9a580-c8ff-49af-9778-1f270cbb74a0,final_diagnosis,,,,,,
RD0D92F20ADB2,second,7,48f9a580-c8ff-49af-9778-1f270cbb74a0,final_diagnosis,,,,,,
RD0D92F20ADB2,consensus,7,48f9a580-c8ff-49af-9778-1f270cbb74a0,final_diagnosis,,,,,,
RD0D92F20ADB2,primary,8,4e3651dc-5107-4e92-9a82-ecf86842e6ab,disposition,,,,,,
RD0D92F20ADB2,second,8,4e3651dc-5107-4e92-9a82-ecf86842e6ab,disposition,,,,,,
RD0D92F20ADB2,consensus,8,4e3651dc-5107-4e92-9a82-ecf86842e6ab,disposition,,,,,,
RD0D92F20ADB2,primary,9,2c81d41e-eba7-41a7-b793-6b356f8cbc56,ask_history,,,,,,
RD0D92F20ADB2,second,9,2c81d41e-eba7-41a7-b793-6b356f8cbc56,ask_history,,,,,,
RD0D92F20ADB2,consensus,9,2c81d41e-eba7-41a7-b793-6b356f8cbc56,ask_history,,,,,,
RD0D92F20ADB2,primary,10,bbee61cd-55e1-42ca-bb95-6c412b4b10b0,request_physical_exam,,,,,,
RD0D92F20ADB2,second,10,bbee61cd-55e1-42ca-bb95-6c412b4b10b0,request_physical_exam,,,,,,
RD0D92F20ADB2,consensus,10,bbee61cd-55e1-42ca-bb95-6c412b4b10b0,request_physical_exam,,,,,,
RD0D92F20ADB2,primary,11,0b4d1cb0-fd37-481a-bd13-3618bf1ff38c,plan_reason,,,,,,
RD0D92F20ADB2,second,11,0b4d1cb0-fd37-481a-bd13-3618bf1ff38c,plan_reason,,,,,,
RD0D92F20ADB2,consensus,11,0b4d1cb0-fd37-481a-bd13-3618bf1ff38c,plan_reason,,,,,,
RD0D92F20ADB2,primary,12,49bb89bd-9965-4ac9-8aaf-faee522b8d3e,request_lab,,,,,,
RD0D92F20ADB2,second,12,49bb89bd-9965-4ac9-8aaf-faee522b8d3e,request_lab,,,,,,
RD0D92F20ADB2,consensus,12,49bb89bd-9965-4ac9-8aaf-faee522b8d3e,request_lab,,,,,,
RD0D92F20ADB2,primary,13,e6522096-46ea-431a-95a2-ca7b243e9061,request_ecg_or_test,,,,,,
RD0D92F20ADB2,second,13,e6522096-46ea-431a-95a2-ca7b243e9061,request_ecg_or_test,,,,,,
RD0D92F20ADB2,consensus,13,e6522096-46ea-431a-95a2-ca7b243e9061,request_ecg_or_test,,,,,,
RD0D92F20ADB2,primary,14,16258caf-dd09-4b41-a8f6-2dda6834f762,request_microbiology,,,,,,
RD0D92F20ADB2,second,14,16258caf-dd09-4b41-a8f6-2dda6834f762,request_microbiology,,,,,,
RD0D92F20ADB2,consensus,14,16258caf-dd09-4b41-a8f6-2dda6834f762,request_microbiology,,,,,,
RD0D92F20ADB2,primary,15,57bf1112-7a12-424c-838e-7fd11afc28d4,final_diagnosis,,,,,,
RD0D92F20ADB2,second,15,57bf1112-7a12-424c-838e-7fd11afc28d4,final_diagnosis,,,,,,
RD0D92F20ADB2,consensus,15,57bf1112-7a12-424c-838e-7fd11afc28d4,final_diagnosis,,,,,,
RD0D92F20ADB2,primary,16,4ef22d73-0170-4645-99ba-93557463e94a,disposition,,,,,,
RD0D92F20ADB2,second,16,4ef22d73-0170-4645-99ba-93557463e94a,disposition,,,,,,
RD0D92F20ADB2,consensus,16,4ef22d73-0170-4645-99ba-93557463e94a,disposition,,,,,,
RD0D92F20ADB2,primary,17,6eec26fc-8984-4145-bfe4-e062c2d2b171,ask_history,,,,,,
RD0D92F20ADB2,second,17,6eec26fc-8984-4145-bfe4-e062c2d2b171,ask_history,,,,,,
RD0D92F20ADB2,consensus,17,6eec26fc-8984-4145-bfe4-e062c2d2b171,ask_history,,,,,,
RD0D92F20ADB2,primary,18,388e5d7f-268e-4b87-b52e-daab1a9da516,request_physical_exam,,,,,,
RD0D92F20ADB2,second,18,388e5d7f-268e-4b87-b52e-daab1a9da516,request_physical_exam,,,,,,
RD0D92F20ADB2,consensus,18,388e5d7f-268e-4b87-b52e-daab1a9da516,request_physical_exam,,,,,,
RD0D92F20ADB2,primary,19,5c402cd1-235a-4fc1-bb84-3bcb836cfcdd,plan_reason,,,,,,
RD0D92F20ADB2,second,19,5c402cd1-235a-4fc1-bb84-3bcb836cfcdd,plan_reason,,,,,,
RD0D92F20ADB2,consensus,19,5c402cd1-235a-4fc1-bb84-3bcb836cfcdd,plan_reason,,,,,,
RD0D92F20ADB2,primary,20,cc71bb51-7b06-4610-9006-2920003fc37a,request_lab,,,,,,
RD0D92F20ADB2,second,20,cc71bb51-7b06-4610-9006-2920003fc37a,request_lab,,,,,,
RD0D92F20ADB2,consensus,20,cc71bb51-7b06-4610-9006-2920003fc37a,request_lab,,,,,,
RD0D92F20ADB2,primary,21,bbe1d2d2-e382-433f-a016-d9e4978d0a8a,request_ecg_or_test,,,,,,
RD0D92F20ADB2,second,21,bbe1d2d2-e382-433f-a016-d9e4978d0a8a,request_ecg_or_test,,,,,,
RD0D92F20ADB2,consensus,21,bbe1d2d2-e382-433f-a016-d9e4978d0a8a,request_ecg_or_test,,,,,,
RD0D92F20ADB2,primary,22,4d493cac-56e7-449b-b1f5-06fcfe6907d4,request_microbiology,,,,,,
RD0D92F20ADB2,second,22,4d493cac-56e7-449b-b1f5-06fcfe6907d4,request_microbiology,,,,,,
RD0D92F20ADB2,consensus,22,4d493cac-56e7-449b-b1f5-06fcfe6907d4,request_microbiology,,,,,,
RD0D92F20ADB2,primary,23,bb13c3b8-51eb-42f2-ad87-3456022befee,final_diagnosis,,,,,,
RD0D92F20ADB2,second,23,bb13c3b8-51eb-42f2-ad87-3456022befee,final_diagnosis,,,,,,
RD0D92F20ADB2,consensus,23,bb13c3b8-51eb-42f2-ad87-3456022befee,final_diagnosis,,,,,,
RD0D92F20ADB2,primary,24,f7ca03c1-21a9-4152-8230-a6d72198e223,disposition,,,,,,
RD0D92F20ADB2,second,24,f7ca03c1-21a9-4152-8230-a6d72198e223,disposition,,,,,,
RD0D92F20ADB2,consensus,24,f7ca03c1-21a9-4152-8230-a6d72198e223,disposition,,,,,,
RD0D92F20ADB2,primary,25,996b1695-3390-447b-811e-9258e38e7468,ask_history,,,,,,
RD0D92F20ADB2,second,25,996b1695-3390-447b-811e-9258e38e7468,ask_history,,,,,,
RD0D92F20ADB2,consensus,25,996b1695-3390-447b-811e-9258e38e7468,ask_history,,,,,,
RD0D92F20ADB2,primary,26,4400d0e3-1590-4825-a9a6-f5bf26490f80,request_physical_exam,,,,,,
RD0D92F20ADB2,second,26,4400d0e3-1590-4825-a9a6-f5bf26490f80,request_physical_exam,,,,,,
RD0D92F20ADB2,consensus,26,4400d0e3-1590-4825-a9a6-f5bf26490f80,request_physical_exam,,,,,,
RD0D92F20ADB2,primary,27,fe72a4f0-955b-4379-b00f-b0b476bfbcfc,plan_reason,,,,,,
RD0D92F20ADB2,second,27,fe72a4f0-955b-4379-b00f-b0b476bfbcfc,plan_reason,,,,,,
RD0D92F20ADB2,consensus,27,fe72a4f0-955b-4379-b00f-b0b476bfbcfc,plan_reason,,,,,,
RD0D92F20ADB2,primary,28,492de731-9868-4858-8d57-e6c31d13a5ca,request_lab,,,,,,
RD0D92F20ADB2,second,28,492de731-9868-4858-8d57-e6c31d13a5ca,request_lab,,,,,,
RD0D92F20ADB2,consensus,28,492de731-9868-4858-8d57-e6c31d13a5ca,request_lab,,,,,,
RD0D92F20ADB2,primary,29,cdb56b26-6d71-4326-90be-960e134ac8d5,request_ecg_or_test,,,,,,
RD0D92F20ADB2,second,29,cdb56b26-6d71-4326-90be-960e134ac8d5,request_ecg_or_test,,,,,,
RD0D92F20ADB2,consensus,29,cdb56b26-6d71-4326-90be-960e134ac8d5,request_ecg_or_test,,,,,,
RD0D92F20ADB2,primary,30,12efd292-b930-4853-966c-c2fa738affb1,request_microbiology,,,,,,
RD0D92F20ADB2,second,30,12efd292-b930-4853-966c-c2fa738affb1,request_microbiology,,,,,,
RD0D92F20ADB2,consensus,30,12efd292-b930-4853-966c-c2fa738affb1,request_microbiology,,,,,,
RD0D92F20ADB2,primary,31,10d4b78a-3dda-4918-8592-05229e5143c7,final_diagnosis,,,,,,
RD0D92F20ADB2,second,31,10d4b78a-3dda-4918-8592-05229e5143c7,final_diagnosis,,,,,,
RD0D92F20ADB2,consensus,31,10d4b78a-3dda-4918-8592-05229e5143c7,final_diagnosis,,,,,,
RD0D92F20ADB2,primary,32,8e40da40-56f1-4353-84f7-370965a66766,disposition,,,,,,
RD0D92F20ADB2,second,32,8e40da40-56f1-4353-84f7-370965a66766,disposition,,,,,,
RD0D92F20ADB2,consensus,32,8e40da40-56f1-4353-84f7-370965a66766,disposition,,,,,,
RD0D92F20ADB2,primary,33,eff15adf-618d-4cb4-8e80-78929df97314,ask_history,,,,,,
RD0D92F20ADB2,second,33,eff15adf-618d-4cb4-8e80-78929df97314,ask_history,,,,,,
RD0D92F20ADB2,consensus,33,eff15adf-618d-4cb4-8e80-78929df97314,ask_history,,,,,,
RD0D92F20ADB2,primary,34,f2ce3a0c-4fb7-4cfd-8247-43eeb8cf91bd,request_physical_exam,,,,,,
RD0D92F20ADB2,second,34,f2ce3a0c-4fb7-4cfd-8247-43eeb8cf91bd,request_physical_exam,,,,,,
RD0D92F20ADB2,consensus,34,f2ce3a0c-4fb7-4cfd-8247-43eeb8cf91bd,request_physical_exam,,,,,,
RD0D92F20ADB2,primary,35,94374508-d7d2-46c9-8685-ddde5c65451a,plan_reason,,,,,,
RD0D92F20ADB2,second,35,94374508-d7d2-46c9-8685-ddde5c65451a,plan_reason,,,,,,
RD0D92F20ADB2,consensus,35,94374508-d7d2-46c9-8685-ddde5c65451a,plan_reason,,,,,,
RD0D92F20ADB2,primary,36,3bd092c6-4111-4f3a-85df-06cf416807a6,request_lab,,,,,,
RD0D92F20ADB2,second,36,3bd092c6-4111-4f3a-85df-06cf416807a6,request_lab,,,,,,
RD0D92F20ADB2,consensus,36,3bd092c6-4111-4f3a-85df-06cf416807a6,request_lab,,,,,,
RD0D92F20ADB2,primary,37,bafce1d4-0595-40ea-8502-9dd2d4ab79e2,request_ecg_or_test,,,,,,
RD0D92F20ADB2,second,37,bafce1d4-0595-40ea-8502-9dd2d4ab79e2,request_ecg_or_test,,,,,,
RD0D92F20ADB2,consensus,37,bafce1d4-0595-40ea-8502-9dd2d4ab79e2,request_ecg_or_test,,,,,,
RD0D92F20ADB2,primary,38,65d886b1-627d-4e20-8cea-3c97df60488f,request_microbiology,,,,,,
RD0D92F20ADB2,second,38,65d886b1-627d-4e20-8cea-3c97df60488f,request_microbiology,,,,,,
RD0D92F20ADB2,consensus,38,65d886b1-627d-4e20-8cea-3c97df60488f,request_microbiology,,,,,,
RD0D92F20ADB2,primary,39,d85fb843-3bf1-4849-8cbb-be47b3886162,final_diagnosis,,,,,,
RD0D92F20ADB2,second,39,d85fb843-3bf1-4849-8cbb-be47b3886162,final_diagnosis,,,,,,
RD0D92F20ADB2,consensus,39,d85fb843-3bf1-4849-8cbb-be47b3886162,final_diagnosis,,,,,,
RD0D92F20ADB2,primary,40,274f60af-209d-4f08-8248-da2b1b747036,disposition,,,,,,
RD0D92F20ADB2,second,40,274f60af-209d-4f08-8248-da2b1b747036,disposition,,,,,,
RD0D92F20ADB2,consensus,40,274f60af-209d-4f08-8248-da2b1b747036,disposition,,,,,,
R99815FF6ACCB,primary,1,66bd7dab-1596-4b1d-8aef-d67e30d1627f,ask_history,,,,,,
R99815FF6ACCB,second,1,66bd7dab-1596-4b1d-8aef-d67e30d1627f,ask_history,,,,,,
R99815FF6ACCB,consensus,1,66bd7dab-1596-4b1d-8aef-d67e30d1627f,ask_history,,,,,,
R99815FF6ACCB,primary,2,dac71f57-a883-40fb-8e4f-f68b2a2afbc8,request_physical_exam,,,,,,
R99815FF6ACCB,second,2,dac71f57-a883-40fb-8e4f-f68b2a2afbc8,request_physical_exam,,,,,,
R99815FF6ACCB,consensus,2,dac71f57-a883-40fb-8e4f-f68b2a2afbc8,request_physical_exam,,,,,,
R99815FF6ACCB,primary,3,941b2b90-f641-4069-9a06-75467c1d84f3,ask_history,,,,,,
R99815FF6ACCB,second,3,941b2b90-f641-4069-9a06-75467c1d84f3,ask_history,,,,,,
R99815FF6ACCB,consensus,3,941b2b90-f641-4069-9a06-75467c1d84f3,ask_history,,,,,,
R99815FF6ACCB,primary,4,7bf48d51-e5a0-407d-b987-35e65f380edd,request_physical_exam,,,,,,
R99815FF6ACCB,second,4,7bf48d51-e5a0-407d-b987-35e65f380edd,request_physical_exam,,,,,,
R99815FF6ACCB,consensus,4,7bf48d51-e5a0-407d-b987-35e65f380edd,request_physical_exam,,,,,,
R99815FF6ACCB,primary,5,65b69aa2-9b6c-4c6e-a889-3ae838e8ea47,plan_reason,,,,,,
R99815FF6ACCB,second,5,65b69aa2-9b6c-4c6e-a889-3ae838e8ea47,plan_reason,,,,,,
R99815FF6ACCB,consensus,5,65b69aa2-9b6c-4c6e-a889-3ae838e8ea47,plan_reason,,,,,,
R99815FF6ACCB,primary,6,b976e27d-2b18-4e3f-ba26-7dec2b76a92f,request_lab,,,,,,
R99815FF6ACCB,second,6,b976e27d-2b18-4e3f-ba26-7dec2b76a92f,request_lab,,,,,,
R99815FF6ACCB,consensus,6,b976e27d-2b18-4e3f-ba26-7dec2b76a92f,request_lab,,,,,,
R99815FF6ACCB,primary,7,f52c3a76-a55d-4b0f-a73b-20719c6f53cb,request_ecg_or_test,,,,,,
R99815FF6ACCB,second,7,f52c3a76-a55d-4b0f-a73b-20719c6f53cb,request_ecg_or_test,,,,,,
R99815FF6ACCB,consensus,7,f52c3a76-a55d-4b0f-a73b-20719c6f53cb,request_ecg_or_test,,,,,,
R99815FF6ACCB,primary,8,3f5630c6-533a-4bc5-828e-1336bab8d370,plan_reason,,,,,,
R99815FF6ACCB,second,8,3f5630c6-533a-4bc5-828e-1336bab8d370,plan_reason,,,,,,
R99815FF6ACCB,consensus,8,3f5630c6-533a-4bc5-828e-1336bab8d370,plan_reason,,,,,,
R99815FF6ACCB,primary,9,c19f7d5b-c47e-4bc0-8c63-6955de5bc763,request_procedure,,,,,,
R99815FF6ACCB,second,9,c19f7d5b-c47e-4bc0-8c63-6955de5bc763,request_procedure,,,,,,
R99815FF6ACCB,consensus,9,c19f7d5b-c47e-4bc0-8c63-6955de5bc763,request_procedure,,,,,,
R99815FF6ACCB,primary,10,7811f7d3-6eb4-482b-8ec9-7302ca5b737f,final_diagnosis,,,,,,
R99815FF6ACCB,second,10,7811f7d3-6eb4-482b-8ec9-7302ca5b737f,final_diagnosis,,,,,,
R99815FF6ACCB,consensus,10,7811f7d3-6eb4-482b-8ec9-7302ca5b737f,final_diagnosis,,,,,,
R99815FF6ACCB,primary,11,c0bb792a-187b-4e33-8dd3-3705812f0f4d,disposition,,,,,,
R99815FF6ACCB,second,11,c0bb792a-187b-4e33-8dd3-3705812f0f4d,disposition,,,,,,
R99815FF6ACCB,consensus,11,c0bb792a-187b-4e33-8dd3-3705812f0f4d,disposition,,,,,,
R99815FF6ACCB,primary,12,a390c915-bf57-4168-ab03-5e3578db0210,request_physical_exam,,,,,,
R99815FF6ACCB,second,12,a390c915-bf57-4168-ab03-5e3578db0210,request_physical_exam,,,,,,
R99815FF6ACCB,consensus,12,a390c915-bf57-4168-ab03-5e3578db0210,request_physical_exam,,,,,,
R99815FF6ACCB,primary,13,707b1670-6238-49bd-8ef1-a418382c0b79,plan_reason,,,,,,
R99815FF6ACCB,second,13,707b1670-6238-49bd-8ef1-a418382c0b79,plan_reason,,,,,,
R99815FF6ACCB,consensus,13,707b1670-6238-49bd-8ef1-a418382c0b79,plan_reason,,,,,,
R99815FF6ACCB,primary,14,41ebebdc-0a6d-4ecc-ad22-f9a11471a20f,request_lab,,,,,,
R99815FF6ACCB,second,14,41ebebdc-0a6d-4ecc-ad22-f9a11471a20f,request_lab,,,,,,
R99815FF6ACCB,consensus,14,41ebebdc-0a6d-4ecc-ad22-f9a11471a20f,request_lab,,,,,,
R99815FF6ACCB,primary,15,c13bb54a-f07d-4a1f-a13a-ab5a6df952df,request_ecg_or_test,,,,,,
R99815FF6ACCB,second,15,c13bb54a-f07d-4a1f-a13a-ab5a6df952df,request_ecg_or_test,,,,,,
R99815FF6ACCB,consensus,15,c13bb54a-f07d-4a1f-a13a-ab5a6df952df,request_ecg_or_test,,,,,,
R99815FF6ACCB,primary,16,66220831-621a-4721-ac5e-c4a895d297f9,plan_reason,,,,,,
R99815FF6ACCB,second,16,66220831-621a-4721-ac5e-c4a895d297f9,plan_reason,,,,,,
R99815FF6ACCB,consensus,16,66220831-621a-4721-ac5e-c4a895d297f9,plan_reason,,,,,,
R99815FF6ACCB,primary,17,7538cd44-467a-47a4-afbd-0f4a70b8781d,request_procedure,,,,,,
R99815FF6ACCB,second,17,7538cd44-467a-47a4-afbd-0f4a70b8781d,request_procedure,,,,,,
R99815FF6ACCB,consensus,17,7538cd44-467a-47a4-afbd-0f4a70b8781d,request_procedure,,,,,,
R99815FF6ACCB,primary,18,e7f651a8-ed9f-4f0d-89d9-0c869accc2c8,final_diagnosis,,,,,,
R99815FF6ACCB,second,18,e7f651a8-ed9f-4f0d-89d9-0c869accc2c8,final_diagnosis,,,,,,
R99815FF6ACCB,consensus,18,e7f651a8-ed9f-4f0d-89d9-0c869accc2c8,final_diagnosis,,,,,,
R99815FF6ACCB,primary,19,a18ef1db-25ed-4c75-a11e-2dd81dfed895,disposition,,,,,,
R99815FF6ACCB,second,19,a18ef1db-25ed-4c75-a11e-2dd81dfed895,disposition,,,,,,
R99815FF6ACCB,consensus,19,a18ef1db-25ed-4c75-a11e-2dd81dfed895,disposition,,,,,,
R99815FF6ACCB,primary,20,2d9c10ab-32bc-4cf9-84f5-bb4474514fd5,request_physical_exam,,,,,,
R99815FF6ACCB,second,20,2d9c10ab-32bc-4cf9-84f5-bb4474514fd5,request_physical_exam,,,,,,
R99815FF6ACCB,consensus,20,2d9c10ab-32bc-4cf9-84f5-bb4474514fd5,request_physical_exam,,,,,,
R99815FF6ACCB,primary,21,3c3e9e99-9965-41c6-8a07-a19136ff7fa7,plan_reason,,,,,,
R99815FF6ACCB,second,21,3c3e9e99-9965-41c6-8a07-a19136ff7fa7,plan_reason,,,,,,
R99815FF6ACCB,consensus,21,3c3e9e99-9965-41c6-8a07-a19136ff7fa7,plan_reason,,,,,,
R99815FF6ACCB,primary,22,ced831ee-c480-43db-b144-6fc0bd7094b8,request_lab,,,,,,
R99815FF6ACCB,second,22,ced831ee-c480-43db-b144-6fc0bd7094b8,request_lab,,,,,,
R99815FF6ACCB,consensus,22,ced831ee-c480-43db-b144-6fc0bd7094b8,request_lab,,,,,,
R99815FF6ACCB,primary,23,748edbd6-ea01-4cf7-a681-553954cbe4ed,request_ecg_or_test,,,,,,
R99815FF6ACCB,second,23,748edbd6-ea01-4cf7-a681-553954cbe4ed,request_ecg_or_test,,,,,,
R99815FF6ACCB,consensus,23,748edbd6-ea01-4cf7-a681-553954cbe4ed,request_ecg_or_test,,,,,,
R99815FF6ACCB,primary,24,ae3be491-028f-4423-b3c4-143584bde35f,plan_reason,,,,,,
R99815FF6ACCB,second,24,ae3be491-028f-4423-b3c4-143584bde35f,plan_reason,,,,,,
R99815FF6ACCB,consensus,24,ae3be491-028f-4423-b3c4-143584bde35f,plan_reason,,,,,,
R99815FF6ACCB,primary,25,42f7e5da-35c2-416f-b87f-896c5c6d3f07,request_procedure,,,,,,
R99815FF6ACCB,second,25,42f7e5da-35c2-416f-b87f-896c5c6d3f07,request_procedure,,,,,,
R99815FF6ACCB,consensus,25,42f7e5da-35c2-416f-b87f-896c5c6d3f07,request_procedure,,,,,,
R99815FF6ACCB,primary,26,9274597b-8681-4e06-902e-5c67f28c83d9,final_diagnosis,,,,,,
R99815FF6ACCB,second,26,9274597b-8681-4e06-902e-5c67f28c83d9,final_diagnosis,,,,,,
R99815FF6ACCB,consensus,26,9274597b-8681-4e06-902e-5c67f28c83d9,final_diagnosis,,,,,,
R99815FF6ACCB,primary,27,62c38fff-d053-4a95-8236-832e293742d6,disposition,,,,,,
R99815FF6ACCB,second,27,62c38fff-d053-4a95-8236-832e293742d6,disposition,,,,,,
R99815FF6ACCB,consensus,27,62c38fff-d053-4a95-8236-832e293742d6,disposition,,,,,,
R99815FF6ACCB,primary,28,bd111446-1692-4337-8331-c7eb7c41fe50,request_physical_exam,,,,,,
R99815FF6ACCB,second,28,bd111446-1692-4337-8331-c7eb7c41fe50,request_physical_exam,,,,,,
R99815FF6ACCB,consensus,28,bd111446-1692-4337-8331-c7eb7c41fe50,request_physical_exam,,,,,,
R99815FF6ACCB,primary,29,6d4cd6d0-f248-47f6-bb66-98252c817d70,plan_reason,,,,,,
R99815FF6ACCB,second,29,6d4cd6d0-f248-47f6-bb66-98252c817d70,plan_reason,,,,,,
R99815FF6ACCB,consensus,29,6d4cd6d0-f248-47f6-bb66-98252c817d70,plan_reason,,,,,,
R99815FF6ACCB,primary,30,b4d0a234-7d9b-4214-90b7-00ff8a6292ab,request_lab,,,,,,
R99815FF6ACCB,second,30,b4d0a234-7d9b-4214-90b7-00ff8a6292ab,request_lab,,,,,,
R99815FF6ACCB,consensus,30,b4d0a234-7d9b-4214-90b7-00ff8a6292ab,request_lab,,,,,,
R99815FF6ACCB,primary,31,a3660ff4-2953-44fd-b542-50fd94b9e4c0,request_ecg_or_test,,,,,,
R99815FF6ACCB,second,31,a3660ff4-2953-44fd-b542-50fd94b9e4c0,request_ecg_or_test,,,,,,
R99815FF6ACCB,consensus,31,a3660ff4-2953-44fd-b542-50fd94b9e4c0,request_ecg_or_test,,,,,,
R99815FF6ACCB,primary,32,d06d986f-ac11-4ff1-a405-b31ae1ad8143,plan_reason,,,,,,
R99815FF6ACCB,second,32,d06d986f-ac11-4ff1-a405-b31ae1ad8143,plan_reason,,,,,,
R99815FF6ACCB,consensus,32,d06d986f-ac11-4ff1-a405-b31ae1ad8143,plan_reason,,,,,,
R99815FF6ACCB,primary,33,750d26a3-32ba-424b-b481-7d138648750d,request_procedure,,,,,,
R99815FF6ACCB,second,33,750d26a3-32ba-424b-b481-7d138648750d,request_procedure,,,,,,
R99815FF6ACCB,consensus,33,750d26a3-32ba-424b-b481-7d138648750d,request_procedure,,,,,,
R99815FF6ACCB,primary,34,3bdd817d-c398-4369-944b-d3cec6f3d620,final_diagnosis,,,,,,
R99815FF6ACCB,second,34,3bdd817d-c398-4369-944b-d3cec6f3d620,final_diagnosis,,,,,,
R99815FF6ACCB,consensus,34,3bdd817d-c398-4369-944b-d3cec6f3d620,final_diagnosis,,,,,,
R99815FF6ACCB,primary,35,5c88499b-496c-4330-9b34-1efa4e97c4ff,disposition,,,,,,
R99815FF6ACCB,second,35,5c88499b-496c-4330-9b34-1efa4e97c4ff,disposition,,,,,,
R99815FF6ACCB,consensus,35,5c88499b-496c-4330-9b34-1efa4e97c4ff,disposition,,,,,,
R99815FF6ACCB,primary,36,f6d8252d-6da9-462e-9e12-20908608283d,ask_history,,,,,,
R99815FF6ACCB,second,36,f6d8252d-6da9-462e-9e12-20908608283d,ask_history,,,,,,
R99815FF6ACCB,consensus,36,f6d8252d-6da9-462e-9e12-20908608283d,ask_history,,,,,,
R99815FF6ACCB,primary,37,5468fd1b-9ac3-47b2-913e-edbe3b1e03a6,request_physical_exam,,,,,,
R99815FF6ACCB,second,37,5468fd1b-9ac3-47b2-913e-edbe3b1e03a6,request_physical_exam,,,,,,
R99815FF6ACCB,consensus,37,5468fd1b-9ac3-47b2-913e-edbe3b1e03a6,request_physical_exam,,,,,,
R99815FF6ACCB,primary,38,67934a01-bde9-4766-ad83-0ee4118dd5bc,request_physical_exam,,,,,,
R99815FF6ACCB,second,38,67934a01-bde9-4766-ad83-0ee4118dd5bc,request_physical_exam,,,,,,
R99815FF6ACCB,consensus,38,67934a01-bde9-4766-ad83-0ee4118dd5bc,request_physical_exam,,,,,,
R99815FF6ACCB,primary,39,1c7314bb-97cc-404d-a9e3-fd4bc4eefa95,request_physical_exam,,,,,,
R99815FF6ACCB,second,39,1c7314bb-97cc-404d-a9e3-fd4bc4eefa95,request_physical_exam,,,,,,
R99815FF6ACCB,consensus,39,1c7314bb-97cc-404d-a9e3-fd4bc4eefa95,request_physical_exam,,,,,,
R99815FF6ACCB,primary,40,806796c1-f97b-4379-a7e3-02c8b5b37787,request_physical_exam,,,,,,
R99815FF6ACCB,second,40,806796c1-f97b-4379-a7e3-02c8b5b37787,request_physical_exam,,,,,,
R99815FF6ACCB,consensus,40,806796c1-f97b-4379-a7e3-02c8b5b37787,request_physical_exam,,,,,,
R86E4F906E43E,primary,1,1ba3304b-c358-473b-a989-5672894c2691,ask_history,,,,,,
R86E4F906E43E,second,1,1ba3304b-c358-473b-a989-5672894c2691,ask_history,,,,,,
R86E4F906E43E,consensus,1,1ba3304b-c358-473b-a989-5672894c2691,ask_history,,,,,,
R86E4F906E43E,primary,2,ad741a15-01a4-4343-bb89-475eb73a7fc1,ask_history,,,,,,
R86E4F906E43E,second,2,ad741a15-01a4-4343-bb89-475eb73a7fc1,ask_history,,,,,,
R86E4F906E43E,consensus,2,ad741a15-01a4-4343-bb89-475eb73a7fc1,ask_history,,,,,,
R86E4F906E43E,primary,3,9f51feba-b0d2-414f-9c32-6227e4997901,ask_history,,,,,,
R86E4F906E43E,second,3,9f51feba-b0d2-414f-9c32-6227e4997901,ask_history,,,,,,
R86E4F906E43E,consensus,3,9f51feba-b0d2-414f-9c32-6227e4997901,ask_history,,,,,,
R86E4F906E43E,primary,4,50eb15fb-0802-4452-bfb9-af080cb84b04,ask_history,,,,,,
R86E4F906E43E,second,4,50eb15fb-0802-4452-bfb9-af080cb84b04,ask_history,,,,,,
R86E4F906E43E,consensus,4,50eb15fb-0802-4452-bfb9-af080cb84b04,ask_history,,,,,,
R86E4F906E43E,primary,5,c7b7b0e8-9445-43b9-b059-4ab4518d5cf5,ask_history,,,,,,
R86E4F906E43E,second,5,c7b7b0e8-9445-43b9-b059-4ab4518d5cf5,ask_history,,,,,,
R86E4F906E43E,consensus,5,c7b7b0e8-9445-43b9-b059-4ab4518d5cf5,ask_history,,,,,,
R86E4F906E43E,primary,6,36198b94-4b58-4ff5-b392-e672efcce794,ask_history,,,,,,
R86E4F906E43E,second,6,36198b94-4b58-4ff5-b392-e672efcce794,ask_history,,,,,,
R86E4F906E43E,consensus,6,36198b94-4b58-4ff5-b392-e672efcce794,ask_history,,,,,,
R040C30A564BA,primary,1,611866f7-6d1b-43c3-a55b-bc152d513d97,request_physical_exam,,,,,,
R040C30A564BA,second,1,611866f7-6d1b-43c3-a55b-bc152d513d97,request_physical_exam,,,,,,
R040C30A564BA,consensus,1,611866f7-6d1b-43c3-a55b-bc152d513d97,request_physical_exam,,,,,,
R040C30A564BA,primary,2,ebeb754c-b911-43ea-9cc6-3e303326dbd6,ask_history,,,,,,
R040C30A564BA,second,2,ebeb754c-b911-43ea-9cc6-3e303326dbd6,ask_history,,,,,,
R040C30A564BA,consensus,2,ebeb754c-b911-43ea-9cc6-3e303326dbd6,ask_history,,,,,,
R040C30A564BA,primary,3,5d1e86df-0380-4453-a287-5961ba34a93e,request_lab,,,,,,
R040C30A564BA,second,3,5d1e86df-0380-4453-a287-5961ba34a93e,request_lab,,,,,,
R040C30A564BA,consensus,3,5d1e86df-0380-4453-a287-5961ba34a93e,request_lab,,,,,,
R040C30A564BA,primary,4,bec8db66-c3bb-4b67-962c-693ff6f3c63d,ask_history,,,,,,
R040C30A564BA,second,4,bec8db66-c3bb-4b67-962c-693ff6f3c63d,ask_history,,,,,,
R040C30A564BA,consensus,4,bec8db66-c3bb-4b67-962c-693ff6f3c63d,ask_history,,,,,,
R040C30A564BA,primary,5,a29b0248-7186-4a29-8121-c858c2cdca68,request_imaging,,,,,,
R040C30A564BA,second,5,a29b0248-7186-4a29-8121-c858c2cdca68,request_imaging,,,,,,
R040C30A564BA,consensus,5,a29b0248-7186-4a29-8121-c858c2cdca68,request_imaging,,,,,,
R040C30A564BA,primary,6,4df6285d-9122-457b-9f75-550fe1417c7e,plan_reason,,,,,,
R040C30A564BA,second,6,4df6285d-9122-457b-9f75-550fe1417c7e,plan_reason,,,,,,
R040C30A564BA,consensus,6,4df6285d-9122-457b-9f75-550fe1417c7e,plan_reason,,,,,,
R040C30A564BA,primary,7,d0d05952-df0d-4e4e-96cd-35bd5d09ab4f,request_procedure,,,,,,
R040C30A564BA,second,7,d0d05952-df0d-4e4e-96cd-35bd5d09ab4f,request_procedure,,,,,,
R040C30A564BA,consensus,7,d0d05952-df0d-4e4e-96cd-35bd5d09ab4f,request_procedure,,,,,,
R040C30A564BA,primary,8,3d7846e0-f17b-4e2e-a83b-4d62a8558608,request_procedure,,,,,,
R040C30A564BA,second,8,3d7846e0-f17b-4e2e-a83b-4d62a8558608,request_procedure,,,,,,
R040C30A564BA,consensus,8,3d7846e0-f17b-4e2e-a83b-4d62a8558608,request_procedure,,,,,,
R040C30A564BA,primary,9,56c873d0-8ec2-4ef2-9e67-767992bcc610,final_diagnosis,,,,,,
R040C30A564BA,second,9,56c873d0-8ec2-4ef2-9e67-767992bcc610,final_diagnosis,,,,,,
R040C30A564BA,consensus,9,56c873d0-8ec2-4ef2-9e67-767992bcc610,final_diagnosis,,,,,,
R040C30A564BA,primary,10,0b2e4c27-bb23-471a-8207-3f8017e16163,disposition,,,,,,
R040C30A564BA,second,10,0b2e4c27-bb23-471a-8207-3f8017e16163,disposition,,,,,,
R040C30A564BA,consensus,10,0b2e4c27-bb23-471a-8207-3f8017e16163,disposition,,,,,,
R5FC98E2DC36B,primary,1,8c34bc8f-da13-4f23-b2c7-1a1e755f57a1,ask_history,,,,,,
R5FC98E2DC36B,second,1,8c34bc8f-da13-4f23-b2c7-1a1e755f57a1,ask_history,,,,,,
R5FC98E2DC36B,consensus,1,8c34bc8f-da13-4f23-b2c7-1a1e755f57a1,ask_history,,,,,,
R5FC98E2DC36B,primary,2,870bcb64-e01f-468d-8b2e-52e968c252ea,request_physical_exam,,,,,,
R5FC98E2DC36B,second,2,870bcb64-e01f-468d-8b2e-52e968c252ea,request_physical_exam,,,,,,
R5FC98E2DC36B,consensus,2,870bcb64-e01f-468d-8b2e-52e968c252ea,request_physical_exam,,,,,,
R5FC98E2DC36B,primary,3,8bdfafe7-e94d-48d3-875f-c8730a2d926d,request_lab,,,,,,
R5FC98E2DC36B,second,3,8bdfafe7-e94d-48d3-875f-c8730a2d926d,request_lab,,,,,,
R5FC98E2DC36B,consensus,3,8bdfafe7-e94d-48d3-875f-c8730a2d926d,request_lab,,,,,,
R5FC98E2DC36B,primary,4,77f8ac6a-3b04-4139-b63a-d140bb6105bb,ask_history,,,,,,
R5FC98E2DC36B,second,4,77f8ac6a-3b04-4139-b63a-d140bb6105bb,ask_history,,,,,,
R5FC98E2DC36B,consensus,4,77f8ac6a-3b04-4139-b63a-d140bb6105bb,ask_history,,,,,,
R5FC98E2DC36B,primary,5,78bbcba6-7699-4a5e-b214-93ac18ce4e88,request_imaging,,,,,,
R5FC98E2DC36B,second,5,78bbcba6-7699-4a5e-b214-93ac18ce4e88,request_imaging,,,,,,
R5FC98E2DC36B,consensus,5,78bbcba6-7699-4a5e-b214-93ac18ce4e88,request_imaging,,,,,,
R5FC98E2DC36B,primary,6,0ce09f39-1e8d-490d-a495-d9c19b446807,request_lab,,,,,,
R5FC98E2DC36B,second,6,0ce09f39-1e8d-490d-a495-d9c19b446807,request_lab,,,,,,
R5FC98E2DC36B,consensus,6,0ce09f39-1e8d-490d-a495-d9c19b446807,request_lab,,,,,,
R5FC98E2DC36B,primary,7,da01a9c1-ffb1-4e2a-96c1-766f927cf094,request_imaging,,,,,,
R5FC98E2DC36B,second,7,da01a9c1-ffb1-4e2a-96c1-766f927cf094,request_imaging,,,,,,
R5FC98E2DC36B,consensus,7,da01a9c1-ffb1-4e2a-96c1-766f927cf094,request_imaging,,,,,,
R5FC98E2DC36B,primary,8,6f99456b-7110-4051-bdf6-da61d5c5e5a7,request_imaging,,,,,,
R5FC98E2DC36B,second,8,6f99456b-7110-4051-bdf6-da61d5c5e5a7,request_imaging,,,,,,
R5FC98E2DC36B,consensus,8,6f99456b-7110-4051-bdf6-da61d5c5e5a7,request_imaging,,,,,,
R5FC98E2DC36B,primary,9,6b64fc8d-1cfd-46a4-b3bb-aca185745857,request_imaging,,,,,,
R5FC98E2DC36B,second,9,6b64fc8d-1cfd-46a4-b3bb-aca185745857,request_imaging,,,,,,
R5FC98E2DC36B,consensus,9,6b64fc8d-1cfd-46a4-b3bb-aca185745857,request_imaging,,,,,,
R5FC98E2DC36B,primary,10,eeaefd78-451c-43a8-b40d-8e24b6910dc7,plan_reason,,,,,,
R5FC98E2DC36B,second,10,eeaefd78-451c-43a8-b40d-8e24b6910dc7,plan_reason,,,,,,
R5FC98E2DC36B,consensus,10,eeaefd78-451c-43a8-b40d-8e24b6910dc7,plan_reason,,,,,,
R5FC98E2DC36B,primary,11,34210e45-1d06-4350-a6dc-d3a49752faa6,request_imaging,,,,,,
R5FC98E2DC36B,second,11,34210e45-1d06-4350-a6dc-d3a49752faa6,request_imaging,,,,,,
R5FC98E2DC36B,consensus,11,34210e45-1d06-4350-a6dc-d3a49752faa6,request_imaging,,,,,,
R5FC98E2DC36B,primary,12,4188106a-806f-4139-bac8-954ff6a5815f,request_procedure,,,,,,
R5FC98E2DC36B,second,12,4188106a-806f-4139-bac8-954ff6a5815f,request_procedure,,,,,,
R5FC98E2DC36B,consensus,12,4188106a-806f-4139-bac8-954ff6a5815f,request_procedure,,,,,,
R5FC98E2DC36B,primary,13,840a91e4-699f-4cfd-8686-993b6fb101da,request_procedure,,,,,,
R5FC98E2DC36B,second,13,840a91e4-699f-4cfd-8686-993b6fb101da,request_procedure,,,,,,
R5FC98E2DC36B,consensus,13,840a91e4-699f-4cfd-8686-993b6fb101da,request_procedure,,,,,,
R5FC98E2DC36B,primary,14,7c8a6b01-43d5-492d-b724-cf442cbf0ddc,final_diagnosis,,,,,,
R5FC98E2DC36B,second,14,7c8a6b01-43d5-492d-b724-cf442cbf0ddc,final_diagnosis,,,,,,
R5FC98E2DC36B,consensus,14,7c8a6b01-43d5-492d-b724-cf442cbf0ddc,final_diagnosis,,,,,,
R5FC98E2DC36B,primary,15,97599c24-7163-47af-be4a-2315a0d6ab65,disposition,,,,,,
R5FC98E2DC36B,second,15,97599c24-7163-47af-be4a-2315a0d6ab65,disposition,,,,,,
R5FC98E2DC36B,consensus,15,97599c24-7163-47af-be4a-2315a0d6ab65,disposition,,,,,,
RAF07B910772D,primary,1,97a45ba0-07c7-4486-98f8-cb94034197d5,plan_reason,,,,,,
RAF07B910772D,second,1,97a45ba0-07c7-4486-98f8-cb94034197d5,plan_reason,,,,,,
RAF07B910772D,consensus,1,97a45ba0-07c7-4486-98f8-cb94034197d5,plan_reason,,,,,,
RAF07B910772D,primary,2,77b8223e-548e-4246-8e42-b160f6579e46,ask_history,,,,,,
RAF07B910772D,second,2,77b8223e-548e-4246-8e42-b160f6579e46,ask_history,,,,,,
RAF07B910772D,consensus,2,77b8223e-548e-4246-8e42-b160f6579e46,ask_history,,,,,,
RAF07B910772D,primary,3,113b8cd7-f4ca-4610-8a19-79fc46e263f0,request_physical_exam,,,,,,
RAF07B910772D,second,3,113b8cd7-f4ca-4610-8a19-79fc46e263f0,request_physical_exam,,,,,,
RAF07B910772D,consensus,3,113b8cd7-f4ca-4610-8a19-79fc46e263f0,request_physical_exam,,,,,,
RAF07B910772D,primary,4,4aa5fc48-faf1-42a1-8fc9-b96db3a8e65a,request_lab,,,,,,
RAF07B910772D,second,4,4aa5fc48-faf1-42a1-8fc9-b96db3a8e65a,request_lab,,,,,,
RAF07B910772D,consensus,4,4aa5fc48-faf1-42a1-8fc9-b96db3a8e65a,request_lab,,,,,,
RAF07B910772D,primary,5,333cbdf1-d352-4e29-a1f6-8976980762ed,request_imaging,,,,,,
RAF07B910772D,second,5,333cbdf1-d352-4e29-a1f6-8976980762ed,request_imaging,,,,,,
RAF07B910772D,consensus,5,333cbdf1-d352-4e29-a1f6-8976980762ed,request_imaging,,,,,,
RAF07B910772D,primary,6,8d386bb6-619c-4ddc-a069-c779ebcaf131,request_imaging,,,,,,
RAF07B910772D,second,6,8d386bb6-619c-4ddc-a069-c779ebcaf131,request_imaging,,,,,,
RAF07B910772D,consensus,6,8d386bb6-619c-4ddc-a069-c779ebcaf131,request_imaging,,,,,,
RAF07B910772D,primary,7,0a69396b-644d-4b50-ac89-2f7a726b66bd,request_imaging,,,,,,
RAF07B910772D,second,7,0a69396b-644d-4b50-ac89-2f7a726b66bd,request_imaging,,,,,,
RAF07B910772D,consensus,7,0a69396b-644d-4b50-ac89-2f7a726b66bd,request_imaging,,,,,,
R3A4F6C6FA341,primary,1,f3e59090-2cf7-495b-8aa7-4d1edc7b4c74,plan_reason,,,,,,
R3A4F6C6FA341,second,1,f3e59090-2cf7-495b-8aa7-4d1edc7b4c74,plan_reason,,,,,,
R3A4F6C6FA341,consensus,1,f3e59090-2cf7-495b-8aa7-4d1edc7b4c74,plan_reason,,,,,,
R3A4F6C6FA341,primary,2,8cb2cc10-5232-4466-8ddc-1ee6710f3535,request_physical_exam,,,,,,
R3A4F6C6FA341,second,2,8cb2cc10-5232-4466-8ddc-1ee6710f3535,request_physical_exam,,,,,,
R3A4F6C6FA341,consensus,2,8cb2cc10-5232-4466-8ddc-1ee6710f3535,request_physical_exam,,,,,,
R3A4F6C6FA341,primary,3,6d973726-328d-4052-8c19-0d3e35911f41,request_imaging,,,,,,
R3A4F6C6FA341,second,3,6d973726-328d-4052-8c19-0d3e35911f41,request_imaging,,,,,,
R3A4F6C6FA341,consensus,3,6d973726-328d-4052-8c19-0d3e35911f41,request_imaging,,,,,,
R3A4F6C6FA341,primary,4,6ab1427a-0320-438e-aba2-973b0c4d6a8d,request_lab,,,,,,
R3A4F6C6FA341,second,4,6ab1427a-0320-438e-aba2-973b0c4d6a8d,request_lab,,,,,,
R3A4F6C6FA341,consensus,4,6ab1427a-0320-438e-aba2-973b0c4d6a8d,request_lab,,,,,,
R3A4F6C6FA341,primary,5,5efff95a-4528-4a24-bbef-0eb5ecbd7f21,request_ecg_or_test,,,,,,
R3A4F6C6FA341,second,5,5efff95a-4528-4a24-bbef-0eb5ecbd7f21,request_ecg_or_test,,,,,,
R3A4F6C6FA341,consensus,5,5efff95a-4528-4a24-bbef-0eb5ecbd7f21,request_ecg_or_test,,,,,,
R3A4F6C6FA341,primary,6,b90d0356-bfaf-4e5f-8ff5-3829e0b4037a,final_diagnosis,,,,,,
R3A4F6C6FA341,second,6,b90d0356-bfaf-4e5f-8ff5-3829e0b4037a,final_diagnosis,,,,,,
R3A4F6C6FA341,consensus,6,b90d0356-bfaf-4e5f-8ff5-3829e0b4037a,final_diagnosis,,,,,,
R3A4F6C6FA341,primary,7,6e462d1a-b5db-4bd0-a852-27c378101df5,disposition,,,,,,
R3A4F6C6FA341,second,7,6e462d1a-b5db-4bd0-a852-27c378101df5,disposition,,,,,,
R3A4F6C6FA341,consensus,7,6e462d1a-b5db-4bd0-a852-27c378101df5,disposition,,,,,,
R08D1897C4143,primary,1,786e6af5-74a0-4cca-b890-45d68dd23a80,ask_history,,,,,,
R08D1897C4143,second,1,786e6af5-74a0-4cca-b890-45d68dd23a80,ask_history,,,,,,
R08D1897C4143,consensus,1,786e6af5-74a0-4cca-b890-45d68dd23a80,ask_history,,,,,,
R08D1897C4143,primary,2,8b591431-be12-4f0a-8d92-d9ff75132394,request_physical_exam,,,,,,
R08D1897C4143,second,2,8b591431-be12-4f0a-8d92-d9ff75132394,request_physical_exam,,,,,,
R08D1897C4143,consensus,2,8b591431-be12-4f0a-8d92-d9ff75132394,request_physical_exam,,,,,,
R08D1897C4143,primary,3,0b0ca737-3102-4180-b0a7-99bf0f2f3f8c,request_lab,,,,,,
R08D1897C4143,second,3,0b0ca737-3102-4180-b0a7-99bf0f2f3f8c,request_lab,,,,,,
R08D1897C4143,consensus,3,0b0ca737-3102-4180-b0a7-99bf0f2f3f8c,request_lab,,,,,,
R08D1897C4143,primary,4,ee2048b4-77b8-42cf-9386-ed664839857a,request_lab,,,,,,
R08D1897C4143,second,4,ee2048b4-77b8-42cf-9386-ed664839857a,request_lab,,,,,,
R08D1897C4143,consensus,4,ee2048b4-77b8-42cf-9386-ed664839857a,request_lab,,,,,,
R08D1897C4143,primary,5,dfbc524f-a4da-4812-9a90-1fc095983ca2,request_lab,,,,,,
R08D1897C4143,second,5,dfbc524f-a4da-4812-9a90-1fc095983ca2,request_lab,,,,,,
R08D1897C4143,consensus,5,dfbc524f-a4da-4812-9a90-1fc095983ca2,request_lab,,,,,,
R08D1897C4143,primary,6,5df437d5-87a5-49ec-97dc-7ff4a3dca9c6,request_lab,,,,,,
R08D1897C4143,second,6,5df437d5-87a5-49ec-97dc-7ff4a3dca9c6,request_lab,,,,,,
R08D1897C4143,consensus,6,5df437d5-87a5-49ec-97dc-7ff4a3dca9c6,request_lab,,,,,,
R08D1897C4143,primary,7,28f6af13-aa4c-48ef-bf73-42398f193ee9,request_lab,,,,,,
R08D1897C4143,second,7,28f6af13-aa4c-48ef-bf73-42398f193ee9,request_lab,,,,,,
R08D1897C4143,consensus,7,28f6af13-aa4c-48ef-bf73-42398f193ee9,request_lab,,,,,,
R08D1897C4143,primary,8,ea16ca46-fe80-4681-8fee-39b32c732080,plan_reason,,,,,,
R08D1897C4143,second,8,ea16ca46-fe80-4681-8fee-39b32c732080,plan_reason,,,,,,
R08D1897C4143,consensus,8,ea16ca46-fe80-4681-8fee-39b32c732080,plan_reason,,,,,,
R08D1897C4143,primary,9,2a905605-6cfb-4b45-a73e-21725abd8c84,request_lab,,,,,,
R08D1897C4143,second,9,2a905605-6cfb-4b45-a73e-21725abd8c84,request_lab,,,,,,
R08D1897C4143,consensus,9,2a905605-6cfb-4b45-a73e-21725abd8c84,request_lab,,,,,,
R08D1897C4143,primary,10,e2773b46-8273-42cf-aa6f-e43132e550ad,request_lab,,,,,,
R08D1897C4143,second,10,e2773b46-8273-42cf-aa6f-e43132e550ad,request_lab,,,,,,
R08D1897C4143,consensus,10,e2773b46-8273-42cf-aa6f-e43132e550ad,request_lab,,,,,,
R08D1897C4143,primary,11,731342cb-806f-4385-a19b-2bb71e2cfeb5,request_lab,,,,,,
R08D1897C4143,second,11,731342cb-806f-4385-a19b-2bb71e2cfeb5,request_lab,,,,,,
R08D1897C4143,consensus,11,731342cb-806f-4385-a19b-2bb71e2cfeb5,request_lab,,,,,,
R08D1897C4143,primary,12,5f43d5cf-8299-433c-b78a-beb8727ecf9d,request_lab,,,,,,
R08D1897C4143,second,12,5f43d5cf-8299-433c-b78a-beb8727ecf9d,request_lab,,,,,,
R08D1897C4143,consensus,12,5f43d5cf-8299-433c-b78a-beb8727ecf9d,request_lab,,,,,,
R08D1897C4143,primary,13,9730f004-2eea-4806-963e-41636325b26e,request_lab,,,,,,
R08D1897C4143,second,13,9730f004-2eea-4806-963e-41636325b26e,request_lab,,,,,,
R08D1897C4143,consensus,13,9730f004-2eea-4806-963e-41636325b26e,request_lab,,,,,,
R08D1897C4143,primary,14,05c387bb-85e3-4fa5-9503-b01015921511,request_lab,,,,,,
R08D1897C4143,second,14,05c387bb-85e3-4fa5-9503-b01015921511,request_lab,,,,,,
R08D1897C4143,consensus,14,05c387bb-85e3-4fa5-9503-b01015921511,request_lab,,,,,,
R08D1897C4143,primary,15,32ef9bc9-0197-4bbc-8a9b-560b7d7d496e,request_lab,,,,,,
R08D1897C4143,second,15,32ef9bc9-0197-4bbc-8a9b-560b7d7d496e,request_lab,,,,,,
R08D1897C4143,consensus,15,32ef9bc9-0197-4bbc-8a9b-560b7d7d496e,request_lab,,,,,,
R08D1897C4143,primary,16,e5210538-4ca7-41fb-b887-df0414fc9520,request_lab,,,,,,
R08D1897C4143,second,16,e5210538-4ca7-41fb-b887-df0414fc9520,request_lab,,,,,,
R08D1897C4143,consensus,16,e5210538-4ca7-41fb-b887-df0414fc9520,request_lab,,,,,,
R08D1897C4143,primary,17,b11cbc24-3821-4ee9-9ad9-ed0cef5034e4,request_lab,,,,,,
R08D1897C4143,second,17,b11cbc24-3821-4ee9-9ad9-ed0cef5034e4,request_lab,,,,,,
R08D1897C4143,consensus,17,b11cbc24-3821-4ee9-9ad9-ed0cef5034e4,request_lab,,,,,,
R08D1897C4143,primary,18,cecc2ecc-0645-4747-bb1c-2d6e07faf2e4,request_lab,,,,,,
R08D1897C4143,second,18,cecc2ecc-0645-4747-bb1c-2d6e07faf2e4,request_lab,,,,,,
R08D1897C4143,consensus,18,cecc2ecc-0645-4747-bb1c-2d6e07faf2e4,request_lab,,,,,,
R08D1897C4143,primary,19,37f3a2d1-8394-4c8d-9b1e-5ddfda5e9142,request_lab,,,,,,
R08D1897C4143,second,19,37f3a2d1-8394-4c8d-9b1e-5ddfda5e9142,request_lab,,,,,,
R08D1897C4143,consensus,19,37f3a2d1-8394-4c8d-9b1e-5ddfda5e9142,request_lab,,,,,,
R08D1897C4143,primary,20,44075028-d751-4c86-997c-bbf42b73e55a,request_lab,,,,,,
R08D1897C4143,second,20,44075028-d751-4c86-997c-bbf42b73e55a,request_lab,,,,,,
R08D1897C4143,consensus,20,44075028-d751-4c86-997c-bbf42b73e55a,request_lab,,,,,,
R08D1897C4143,primary,21,4dbbfa93-32e3-455e-982b-7a74b1fe8a5b,request_lab,,,,,,
R08D1897C4143,second,21,4dbbfa93-32e3-455e-982b-7a74b1fe8a5b,request_lab,,,,,,
R08D1897C4143,consensus,21,4dbbfa93-32e3-455e-982b-7a74b1fe8a5b,request_lab,,,,,,
R08D1897C4143,primary,22,e23866f2-d5fe-4f45-a03b-5e3fe29e5c85,request_lab,,,,,,
R08D1897C4143,second,22,e23866f2-d5fe-4f45-a03b-5e3fe29e5c85,request_lab,,,,,,
R08D1897C4143,consensus,22,e23866f2-d5fe-4f45-a03b-5e3fe29e5c85,request_lab,,,,,,
R08D1897C4143,primary,23,10360725-9325-4073-b031-97029e534320,request_lab,,,,,,
R08D1897C4143,second,23,10360725-9325-4073-b031-97029e534320,request_lab,,,,,,
R08D1897C4143,consensus,23,10360725-9325-4073-b031-97029e534320,request_lab,,,,,,
R08D1897C4143,primary,24,6d93c0b8-6b02-4840-af6b-768dd6b092d3,request_lab,,,,,,
R08D1897C4143,second,24,6d93c0b8-6b02-4840-af6b-768dd6b092d3,request_lab,,,,,,
R08D1897C4143,consensus,24,6d93c0b8-6b02-4840-af6b-768dd6b092d3,request_lab,,,,,,
R08D1897C4143,primary,25,2ad7e648-a681-4dc4-89ae-bf718ccc2116,request_lab,,,,,,
R08D1897C4143,second,25,2ad7e648-a681-4dc4-89ae-bf718ccc2116,request_lab,,,,,,
R08D1897C4143,consensus,25,2ad7e648-a681-4dc4-89ae-bf718ccc2116,request_lab,,,,,,
R08D1897C4143,primary,26,0b972cfb-dfac-4400-8b96-b023625c55aa,request_lab,,,,,,
R08D1897C4143,second,26,0b972cfb-dfac-4400-8b96-b023625c55aa,request_lab,,,,,,
R08D1897C4143,consensus,26,0b972cfb-dfac-4400-8b96-b023625c55aa,request_lab,,,,,,
R08D1897C4143,primary,27,453f53f3-cc5f-47df-b38b-bde3a23b7b18,request_lab,,,,,,
R08D1897C4143,second,27,453f53f3-cc5f-47df-b38b-bde3a23b7b18,request_lab,,,,,,
R08D1897C4143,consensus,27,453f53f3-cc5f-47df-b38b-bde3a23b7b18,request_lab,,,,,,
R08D1897C4143,primary,28,f22f2441-9572-434f-b65e-cbe17b7992fd,request_lab,,,,,,
R08D1897C4143,second,28,f22f2441-9572-434f-b65e-cbe17b7992fd,request_lab,,,,,,
R08D1897C4143,consensus,28,f22f2441-9572-434f-b65e-cbe17b7992fd,request_lab,,,,,,
R08D1897C4143,primary,29,d59fe352-1967-4213-9645-f2e40028da06,request_lab,,,,,,
R08D1897C4143,second,29,d59fe352-1967-4213-9645-f2e40028da06,request_lab,,,,,,
R08D1897C4143,consensus,29,d59fe352-1967-4213-9645-f2e40028da06,request_lab,,,,,,
R08D1897C4143,primary,30,caf588f4-e67d-4700-9866-b26fcba1aac1,request_lab,,,,,,
R08D1897C4143,second,30,caf588f4-e67d-4700-9866-b26fcba1aac1,request_lab,,,,,,
R08D1897C4143,consensus,30,caf588f4-e67d-4700-9866-b26fcba1aac1,request_lab,,,,,,
R08D1897C4143,primary,31,6843bb4c-83c8-4ceb-ad12-ff99ba745cc9,request_lab,,,,,,
R08D1897C4143,second,31,6843bb4c-83c8-4ceb-ad12-ff99ba745cc9,request_lab,,,,,,
R08D1897C4143,consensus,31,6843bb4c-83c8-4ceb-ad12-ff99ba745cc9,request_lab,,,,,,
R08D1897C4143,primary,32,a7cd0732-5732-4e78-983d-2243fc08a13e,request_lab,,,,,,
R08D1897C4143,second,32,a7cd0732-5732-4e78-983d-2243fc08a13e,request_lab,,,,,,
R08D1897C4143,consensus,32,a7cd0732-5732-4e78-983d-2243fc08a13e,request_lab,,,,,,
R08D1897C4143,primary,33,c5eeacd9-e059-49d4-888b-529d620219bc,request_lab,,,,,,
R08D1897C4143,second,33,c5eeacd9-e059-49d4-888b-529d620219bc,request_lab,,,,,,
R08D1897C4143,consensus,33,c5eeacd9-e059-49d4-888b-529d620219bc,request_lab,,,,,,
R08D1897C4143,primary,34,183545d7-fc0c-4edc-8380-a80afbd59b4a,request_lab,,,,,,
R08D1897C4143,second,34,183545d7-fc0c-4edc-8380-a80afbd59b4a,request_lab,,,,,,
R08D1897C4143,consensus,34,183545d7-fc0c-4edc-8380-a80afbd59b4a,request_lab,,,,,,
R08D1897C4143,primary,35,b6717426-39dc-490e-87b8-ee27670ae7c0,request_lab,,,,,,
R08D1897C4143,second,35,b6717426-39dc-490e-87b8-ee27670ae7c0,request_lab,,,,,,
R08D1897C4143,consensus,35,b6717426-39dc-490e-87b8-ee27670ae7c0,request_lab,,,,,,
R08D1897C4143,primary,36,6c152f27-304d-4f07-a402-5a33804afd32,request_lab,,,,,,
R08D1897C4143,second,36,6c152f27-304d-4f07-a402-5a33804afd32,request_lab,,,,,,
R08D1897C4143,consensus,36,6c152f27-304d-4f07-a402-5a33804afd32,request_lab,,,,,,
R08D1897C4143,primary,37,91091bc6-9313-4820-82a9-b26b04c2d522,request_lab,,,,,,
R08D1897C4143,second,37,91091bc6-9313-4820-82a9-b26b04c2d522,request_lab,,,,,,
R08D1897C4143,consensus,37,91091bc6-9313-4820-82a9-b26b04c2d522,request_lab,,,,,,
R08D1897C4143,primary,38,c3c697a3-b9e6-4a48-a1a5-22ad48606918,request_lab,,,,,,
R08D1897C4143,second,38,c3c697a3-b9e6-4a48-a1a5-22ad48606918,request_lab,,,,,,
R08D1897C4143,consensus,38,c3c697a3-b9e6-4a48-a1a5-22ad48606918,request_lab,,,,,,
R08D1897C4143,primary,39,213b4e88-8d10-4e61-8cd8-06d610d44dc8,request_lab,,,,,,
R08D1897C4143,second,39,213b4e88-8d10-4e61-8cd8-06d610d44dc8,request_lab,,,,,,
R08D1897C4143,consensus,39,213b4e88-8d10-4e61-8cd8-06d610d44dc8,request_lab,,,,,,
R08D1897C4143,primary,40,d191f04a-cd18-4f46-948a-9500a6befa7f,request_lab,,,,,,
R08D1897C4143,second,40,d191f04a-cd18-4f46-948a-9500a6befa7f,request_lab,,,,,,
R08D1897C4143,consensus,40,d191f04a-cd18-4f46-948a-9500a6befa7f,request_lab,,,,,,
R6432B83E8149,primary,1,86b32155-4a12-4cac-ba69-2de0cf1e5354,ask_history,,,,,,
R6432B83E8149,second,1,86b32155-4a12-4cac-ba69-2de0cf1e5354,ask_history,,,,,,
R6432B83E8149,consensus,1,86b32155-4a12-4cac-ba69-2de0cf1e5354,ask_history,,,,,,
R6432B83E8149,primary,2,8cb873f5-872f-4a3a-8671-17af0d55f243,request_physical_exam,,,,,,
R6432B83E8149,second,2,8cb873f5-872f-4a3a-8671-17af0d55f243,request_physical_exam,,,,,,
R6432B83E8149,consensus,2,8cb873f5-872f-4a3a-8671-17af0d55f243,request_physical_exam,,,,,,
R6432B83E8149,primary,3,4b3c880d-5971-4f31-8b75-234ca5a70a4f,request_ecg_or_test,,,,,,
R6432B83E8149,second,3,4b3c880d-5971-4f31-8b75-234ca5a70a4f,request_ecg_or_test,,,,,,
R6432B83E8149,consensus,3,4b3c880d-5971-4f31-8b75-234ca5a70a4f,request_ecg_or_test,,,,,,
R6432B83E8149,primary,4,9084c56d-836c-47aa-bf2c-deefd8bb6da7,request_ecg_or_test,,,,,,
R6432B83E8149,second,4,9084c56d-836c-47aa-bf2c-deefd8bb6da7,request_ecg_or_test,,,,,,
R6432B83E8149,consensus,4,9084c56d-836c-47aa-bf2c-deefd8bb6da7,request_ecg_or_test,,,,,,
R6432B83E8149,primary,5,b40b98ba-3f69-4a88-9ea8-74f940f313b9,plan_reason,,,,,,
R6432B83E8149,second,5,b40b98ba-3f69-4a88-9ea8-74f940f313b9,plan_reason,,,,,,
R6432B83E8149,consensus,5,b40b98ba-3f69-4a88-9ea8-74f940f313b9,plan_reason,,,,,,
R6432B83E8149,primary,6,d8f0d175-b0cc-492a-a01b-c5b8bd7712d6,request_procedure,,,,,,
R6432B83E8149,second,6,d8f0d175-b0cc-492a-a01b-c5b8bd7712d6,request_procedure,,,,,,
R6432B83E8149,consensus,6,d8f0d175-b0cc-492a-a01b-c5b8bd7712d6,request_procedure,,,,,,
R6432B83E8149,primary,7,5977aab2-a7f0-4376-a74f-1f7d8f3dcbf9,request_microbiology,,,,,,
R6432B83E8149,second,7,5977aab2-a7f0-4376-a74f-1f7d8f3dcbf9,request_microbiology,,,,,,
R6432B83E8149,consensus,7,5977aab2-a7f0-4376-a74f-1f7d8f3dcbf9,request_microbiology,,,,,,
R6432B83E8149,primary,8,f0ce0166-986f-4ac8-bb6c-5d0a62b6dbeb,request_ecg_or_test,,,,,,
R6432B83E8149,second,8,f0ce0166-986f-4ac8-bb6c-5d0a62b6dbeb,request_ecg_or_test,,,,,,
R6432B83E8149,consensus,8,f0ce0166-986f-4ac8-bb6c-5d0a62b6dbeb,request_ecg_or_test,,,,,,
R6432B83E8149,primary,9,8d929218-fb0b-4222-9474-4e36970efa71,request_lab,,,,,,
R6432B83E8149,second,9,8d929218-fb0b-4222-9474-4e36970efa71,request_lab,,,,,,
R6432B83E8149,consensus,9,8d929218-fb0b-4222-9474-4e36970efa71,request_lab,,,,,,
R6432B83E8149,primary,10,dacc9059-38b7-40f8-a53d-f253369cfde1,request_procedure,,,,,,
R6432B83E8149,second,10,dacc9059-38b7-40f8-a53d-f253369cfde1,request_procedure,,,,,,
R6432B83E8149,consensus,10,dacc9059-38b7-40f8-a53d-f253369cfde1,request_procedure,,,,,,
R6432B83E8149,primary,11,c1560666-2b7b-40c1-8046-6e18539ccfba,final_diagnosis,,,,,,
R6432B83E8149,second,11,c1560666-2b7b-40c1-8046-6e18539ccfba,final_diagnosis,,,,,,
R6432B83E8149,consensus,11,c1560666-2b7b-40c1-8046-6e18539ccfba,final_diagnosis,,,,,,
R6432B83E8149,primary,12,e5b92aee-64fe-42d1-b0e9-3220fa690e23,disposition,,,,,,
R6432B83E8149,second,12,e5b92aee-64fe-42d1-b0e9-3220fa690e23,disposition,,,,,,
R6432B83E8149,consensus,12,e5b92aee-64fe-42d1-b0e9-3220fa690e23,disposition,,,,,,
R1E76E4519FC4,primary,1,2d37d32a-5b2b-43f7-826e-7a9d9ee05d12,ask_history,,,,,,
R1E76E4519FC4,second,1,2d37d32a-5b2b-43f7-826e-7a9d9ee05d12,ask_history,,,,,,
R1E76E4519FC4,consensus,1,2d37d32a-5b2b-43f7-826e-7a9d9ee05d12,ask_history,,,,,,
R1E76E4519FC4,primary,2,a1bf9088-9970-417f-886a-45eae5b24be5,ask_history,,,,,,
R1E76E4519FC4,second,2,a1bf9088-9970-417f-886a-45eae5b24be5,ask_history,,,,,,
R1E76E4519FC4,consensus,2,a1bf9088-9970-417f-886a-45eae5b24be5,ask_history,,,,,,
R1E76E4519FC4,primary,3,a9f38b29-71fa-4317-a64f-122d6df5491a,request_physical_exam,,,,,,
R1E76E4519FC4,second,3,a9f38b29-71fa-4317-a64f-122d6df5491a,request_physical_exam,,,,,,
R1E76E4519FC4,consensus,3,a9f38b29-71fa-4317-a64f-122d6df5491a,request_physical_exam,,,,,,
R1E76E4519FC4,primary,4,33907c34-1d26-417a-99c4-0cb18db9b683,ask_history,,,,,,
R1E76E4519FC4,second,4,33907c34-1d26-417a-99c4-0cb18db9b683,ask_history,,,,,,
R1E76E4519FC4,consensus,4,33907c34-1d26-417a-99c4-0cb18db9b683,ask_history,,,,,,
R1E76E4519FC4,primary,5,30b703aa-3d8f-4154-b69d-5f394ecdaf4e,ask_history,,,,,,
R1E76E4519FC4,second,5,30b703aa-3d8f-4154-b69d-5f394ecdaf4e,ask_history,,,,,,
R1E76E4519FC4,consensus,5,30b703aa-3d8f-4154-b69d-5f394ecdaf4e,ask_history,,,,,,
R1E76E4519FC4,primary,6,60fc39c6-7aaa-4ad2-8960-6f60257905a0,ask_history,,,,,,
R1E76E4519FC4,second,6,60fc39c6-7aaa-4ad2-8960-6f60257905a0,ask_history,,,,,,
R1E76E4519FC4,consensus,6,60fc39c6-7aaa-4ad2-8960-6f60257905a0,ask_history,,,,,,
R35F59ABE0CA3,primary,1,bb5dc938-06d8-4908-8e74-2f4e1a91bf3a,request_physical_exam,,,,,,
R35F59ABE0CA3,second,1,bb5dc938-06d8-4908-8e74-2f4e1a91bf3a,request_physical_exam,,,,,,
R35F59ABE0CA3,consensus,1,bb5dc938-06d8-4908-8e74-2f4e1a91bf3a,request_physical_exam,,,,,,
R35F59ABE0CA3,primary,2,5984e7ea-886c-4427-8585-9eb3bb96d3f6,ask_history,,,,,,
R35F59ABE0CA3,second,2,5984e7ea-886c-4427-8585-9eb3bb96d3f6,ask_history,,,,,,
R35F59ABE0CA3,consensus,2,5984e7ea-886c-4427-8585-9eb3bb96d3f6,ask_history,,,,,,
R35F59ABE0CA3,primary,3,aadb8b44-71d6-43db-aec0-0a9fe534f160,request_imaging,,,,,,
R35F59ABE0CA3,second,3,aadb8b44-71d6-43db-aec0-0a9fe534f160,request_imaging,,,,,,
R35F59ABE0CA3,consensus,3,aadb8b44-71d6-43db-aec0-0a9fe534f160,request_imaging,,,,,,
R35F59ABE0CA3,primary,4,acba0e73-ca1a-417e-8cad-b9bfba1e82d8,ask_history,,,,,,
R35F59ABE0CA3,second,4,acba0e73-ca1a-417e-8cad-b9bfba1e82d8,ask_history,,,,,,
R35F59ABE0CA3,consensus,4,acba0e73-ca1a-417e-8cad-b9bfba1e82d8,ask_history,,,,,,
R35F59ABE0CA3,primary,5,e16ae133-b5b5-4fa1-b464-4a86e64aba1f,request_lab,,,,,,
R35F59ABE0CA3,second,5,e16ae133-b5b5-4fa1-b464-4a86e64aba1f,request_lab,,,,,,
R35F59ABE0CA3,consensus,5,e16ae133-b5b5-4fa1-b464-4a86e64aba1f,request_lab,,,,,,
R35F59ABE0CA3,primary,6,e0ddf472-e50b-48c6-bd70-c1b323169878,ask_history,,,,,,
R35F59ABE0CA3,second,6,e0ddf472-e50b-48c6-bd70-c1b323169878,ask_history,,,,,,
R35F59ABE0CA3,consensus,6,e0ddf472-e50b-48c6-bd70-c1b323169878,ask_history,,,,,,
R35F59ABE0CA3,primary,7,d7b7c5f6-b468-47a8-b869-d8ecd1b5ec18,request_imaging,,,,,,
R35F59ABE0CA3,second,7,d7b7c5f6-b468-47a8-b869-d8ecd1b5ec18,request_imaging,,,,,,
R35F59ABE0CA3,consensus,7,d7b7c5f6-b468-47a8-b869-d8ecd1b5ec18,request_imaging,,,,,,
R35F59ABE0CA3,primary,8,b33a4d3a-884d-42d5-9205-360d22971323,request_imaging,,,,,,
R35F59ABE0CA3,second,8,b33a4d3a-884d-42d5-9205-360d22971323,request_imaging,,,,,,
R35F59ABE0CA3,consensus,8,b33a4d3a-884d-42d5-9205-360d22971323,request_imaging,,,,,,
R35F59ABE0CA3,primary,9,67317585-ecff-448b-9d6e-5d81f2e4dfa5,plan_reason,,,,,,
R35F59ABE0CA3,second,9,67317585-ecff-448b-9d6e-5d81f2e4dfa5,plan_reason,,,,,,
R35F59ABE0CA3,consensus,9,67317585-ecff-448b-9d6e-5d81f2e4dfa5,plan_reason,,,,,,
R35F59ABE0CA3,primary,10,6a42da89-7d70-474a-9feb-4024c07cd677,request_procedure,,,,,,
R35F59ABE0CA3,second,10,6a42da89-7d70-474a-9feb-4024c07cd677,request_procedure,,,,,,
R35F59ABE0CA3,consensus,10,6a42da89-7d70-474a-9feb-4024c07cd677,request_procedure,,,,,,
R35F59ABE0CA3,primary,11,573d73ec-d946-4dcd-97d3-17f5adc1d1ce,request_procedure,,,,,,
R35F59ABE0CA3,second,11,573d73ec-d946-4dcd-97d3-17f5adc1d1ce,request_procedure,,,,,,
R35F59ABE0CA3,consensus,11,573d73ec-d946-4dcd-97d3-17f5adc1d1ce,request_procedure,,,,,,
R35F59ABE0CA3,primary,12,673e9f73-ae87-421c-9245-ba2f9f6d5bca,request_procedure,,,,,,
R35F59ABE0CA3,second,12,673e9f73-ae87-421c-9245-ba2f9f6d5bca,request_procedure,,,,,,
R35F59ABE0CA3,consensus,12,673e9f73-ae87-421c-9245-ba2f9f6d5bca,request_procedure,,,,,,
R35F59ABE0CA3,primary,13,82015897-bbaf-4d92-9279-937c43f4a266,final_diagnosis,,,,,,
R35F59ABE0CA3,second,13,82015897-bbaf-4d92-9279-937c43f4a266,final_diagnosis,,,,,,
R35F59ABE0CA3,consensus,13,82015897-bbaf-4d92-9279-937c43f4a266,final_diagnosis,,,,,,
R35F59ABE0CA3,primary,14,4f0371fe-fea4-44b0-af22-433003cc7b79,disposition,,,,,,
R35F59ABE0CA3,second,14,4f0371fe-fea4-44b0-af22-433003cc7b79,disposition,,,,,,
R35F59ABE0CA3,consensus,14,4f0371fe-fea4-44b0-af22-433003cc7b79,disposition,,,,,,
R6986543AF50A,primary,1,2143b2d7-3619-47d1-a545-3d8eb7e2e16b,ask_history,,,,,,
R6986543AF50A,second,1,2143b2d7-3619-47d1-a545-3d8eb7e2e16b,ask_history,,,,,,
R6986543AF50A,consensus,1,2143b2d7-3619-47d1-a545-3d8eb7e2e16b,ask_history,,,,,,
R6986543AF50A,primary,2,8b7a7165-df53-4bed-bff1-3a195ec706fc,ask_history,,,,,,
R6986543AF50A,second,2,8b7a7165-df53-4bed-bff1-3a195ec706fc,ask_history,,,,,,
R6986543AF50A,consensus,2,8b7a7165-df53-4bed-bff1-3a195ec706fc,ask_history,,,,,,
R6986543AF50A,primary,3,5f50a4d1-226d-4139-8f69-697a5208ebe9,request_physical_exam,,,,,,
R6986543AF50A,second,3,5f50a4d1-226d-4139-8f69-697a5208ebe9,request_physical_exam,,,,,,
R6986543AF50A,consensus,3,5f50a4d1-226d-4139-8f69-697a5208ebe9,request_physical_exam,,,,,,
R6986543AF50A,primary,4,c954f6ec-ecb8-4d93-bd5e-2dd94b9ef119,request_lab,,,,,,
R6986543AF50A,second,4,c954f6ec-ecb8-4d93-bd5e-2dd94b9ef119,request_lab,,,,,,
R6986543AF50A,consensus,4,c954f6ec-ecb8-4d93-bd5e-2dd94b9ef119,request_lab,,,,,,
R6986543AF50A,primary,5,21133435-1c18-492b-81ef-2aaedff9cb2f,request_imaging,,,,,,
R6986543AF50A,second,5,21133435-1c18-492b-81ef-2aaedff9cb2f,request_imaging,,,,,,
R6986543AF50A,consensus,5,21133435-1c18-492b-81ef-2aaedff9cb2f,request_imaging,,,,,,
R6986543AF50A,primary,6,c4b0240e-84b4-4e9b-a2d5-79e996a558a5,request_ecg_or_test,,,,,,
R6986543AF50A,second,6,c4b0240e-84b4-4e9b-a2d5-79e996a558a5,request_ecg_or_test,,,,,,
R6986543AF50A,consensus,6,c4b0240e-84b4-4e9b-a2d5-79e996a558a5,request_ecg_or_test,,,,,,
R6986543AF50A,primary,7,e07563b0-fca8-427b-a318-57e3bd263f40,plan_reason,,,,,,
R6986543AF50A,second,7,e07563b0-fca8-427b-a318-57e3bd263f40,plan_reason,,,,,,
R6986543AF50A,consensus,7,e07563b0-fca8-427b-a318-57e3bd263f40,plan_reason,,,,,,
R6986543AF50A,primary,8,ab24889d-62e1-4b4d-9141-a87a35546174,final_diagnosis,,,,,,
R6986543AF50A,second,8,ab24889d-62e1-4b4d-9141-a87a35546174,final_diagnosis,,,,,,
R6986543AF50A,consensus,8,ab24889d-62e1-4b4d-9141-a87a35546174,final_diagnosis,,,,,,
R6986543AF50A,primary,9,9c4ad016-8eda-4621-bd56-d1aa6fbcbcb5,disposition,,,,,,
R6986543AF50A,second,9,9c4ad016-8eda-4621-bd56-d1aa6fbcbcb5,disposition,,,,,,
R6986543AF50A,consensus,9,9c4ad016-8eda-4621-bd56-d1aa6fbcbcb5,disposition,,,,,,
R098E7DD94421,primary,1,25d1d687-3759-464a-be0b-0a50ec3b065f,ask_history,,,,,,
R098E7DD94421,second,1,25d1d687-3759-464a-be0b-0a50ec3b065f,ask_history,,,,,,
R098E7DD94421,consensus,1,25d1d687-3759-464a-be0b-0a50ec3b065f,ask_history,,,,,,
R098E7DD94421,primary,2,bcfad66b-2656-48ea-954d-212f3bd06a52,request_physical_exam,,,,,,
R098E7DD94421,second,2,bcfad66b-2656-48ea-954d-212f3bd06a52,request_physical_exam,,,,,,
R098E7DD94421,consensus,2,bcfad66b-2656-48ea-954d-212f3bd06a52,request_physical_exam,,,,,,
R098E7DD94421,primary,3,f37fea54-3dac-4095-8f8a-35f9a17f5760,request_physical_exam,,,,,,
R098E7DD94421,second,3,f37fea54-3dac-4095-8f8a-35f9a17f5760,request_physical_exam,,,,,,
R098E7DD94421,consensus,3,f37fea54-3dac-4095-8f8a-35f9a17f5760,request_physical_exam,,,,,,
R098E7DD94421,primary,4,7a282178-7049-43ed-bf4e-87495239424e,request_physical_exam,,,,,,
R098E7DD94421,second,4,7a282178-7049-43ed-bf4e-87495239424e,request_physical_exam,,,,,,
R098E7DD94421,consensus,4,7a282178-7049-43ed-bf4e-87495239424e,request_physical_exam,,,,,,
R9AA188455D11,primary,1,60b4c756-1fe5-47df-9d97-2df34750f272,request_physical_exam,,,,,,
R9AA188455D11,second,1,60b4c756-1fe5-47df-9d97-2df34750f272,request_physical_exam,,,,,,
R9AA188455D11,consensus,1,60b4c756-1fe5-47df-9d97-2df34750f272,request_physical_exam,,,,,,
R9AA188455D11,primary,2,2e1fb2cd-ed60-4509-9e78-09face80ed8f,ask_history,,,,,,
R9AA188455D11,second,2,2e1fb2cd-ed60-4509-9e78-09face80ed8f,ask_history,,,,,,
R9AA188455D11,consensus,2,2e1fb2cd-ed60-4509-9e78-09face80ed8f,ask_history,,,,,,
R9AA188455D11,primary,3,82674817-fe5a-4d3e-aadd-0ae217d35802,request_lab,,,,,,
R9AA188455D11,second,3,82674817-fe5a-4d3e-aadd-0ae217d35802,request_lab,,,,,,
R9AA188455D11,consensus,3,82674817-fe5a-4d3e-aadd-0ae217d35802,request_lab,,,,,,
R9AA188455D11,primary,4,39720d3e-d971-49ac-bdec-7a8d07a33113,request_lab,,,,,,
R9AA188455D11,second,4,39720d3e-d971-49ac-bdec-7a8d07a33113,request_lab,,,,,,
R9AA188455D11,consensus,4,39720d3e-d971-49ac-bdec-7a8d07a33113,request_lab,,,,,,
R9AA188455D11,primary,5,5a53bb79-9f48-4f5e-995f-e6d14f2d696b,ask_history,,,,,,
R9AA188455D11,second,5,5a53bb79-9f48-4f5e-995f-e6d14f2d696b,ask_history,,,,,,
R9AA188455D11,consensus,5,5a53bb79-9f48-4f5e-995f-e6d14f2d696b,ask_history,,,,,,
R9AA188455D11,primary,6,dd4f4b76-6a48-411f-8569-3ed9e8cd7d34,ask_history,,,,,,
R9AA188455D11,second,6,dd4f4b76-6a48-411f-8569-3ed9e8cd7d34,ask_history,,,,,,
R9AA188455D11,consensus,6,dd4f4b76-6a48-411f-8569-3ed9e8cd7d34,ask_history,,,,,,
R9AA188455D11,primary,7,084e1bee-4e98-4582-a3e3-d103f64e3965,request_physical_exam,,,,,,
R9AA188455D11,second,7,084e1bee-4e98-4582-a3e3-d103f64e3965,request_physical_exam,,,,,,
R9AA188455D11,consensus,7,084e1bee-4e98-4582-a3e3-d103f64e3965,request_physical_exam,,,,,,
R9AA188455D11,primary,8,b01b3916-6b45-414b-941e-50a961c9a611,request_imaging,,,,,,
R9AA188455D11,second,8,b01b3916-6b45-414b-941e-50a961c9a611,request_imaging,,,,,,
R9AA188455D11,consensus,8,b01b3916-6b45-414b-941e-50a961c9a611,request_imaging,,,,,,
R9AA188455D11,primary,9,c8fd38b4-6673-4ae2-b85a-be9358c4e177,request_lab,,,,,,
R9AA188455D11,second,9,c8fd38b4-6673-4ae2-b85a-be9358c4e177,request_lab,,,,,,
R9AA188455D11,consensus,9,c8fd38b4-6673-4ae2-b85a-be9358c4e177,request_lab,,,,,,
R9AA188455D11,primary,10,d19f26fc-a834-43ae-8e3c-9ae6dfb9b8cd,plan_reason,,,,,,
R9AA188455D11,second,10,d19f26fc-a834-43ae-8e3c-9ae6dfb9b8cd,plan_reason,,,,,,
R9AA188455D11,consensus,10,d19f26fc-a834-43ae-8e3c-9ae6dfb9b8cd,plan_reason,,,,,,
R9AA188455D11,primary,11,de8941ab-fc59-41b1-a575-8222f8662909,prescribe_medication,,,,,,
R9AA188455D11,second,11,de8941ab-fc59-41b1-a575-8222f8662909,prescribe_medication,,,,,,
R9AA188455D11,consensus,11,de8941ab-fc59-41b1-a575-8222f8662909,prescribe_medication,,,,,,
R9AA188455D11,primary,12,91de9d2f-9839-4b9d-859a-1d848c581eb4,request_lab,,,,,,
R9AA188455D11,second,12,91de9d2f-9839-4b9d-859a-1d848c581eb4,request_lab,,,,,,
R9AA188455D11,consensus,12,91de9d2f-9839-4b9d-859a-1d848c581eb4,request_lab,,,,,,
R9AA188455D11,primary,13,f72c23e6-c45c-4e29-b27e-cf69c278fe52,request_procedure,,,,,,
R9AA188455D11,second,13,f72c23e6-c45c-4e29-b27e-cf69c278fe52,request_procedure,,,,,,
R9AA188455D11,consensus,13,f72c23e6-c45c-4e29-b27e-cf69c278fe52,request_procedure,,,,,,
R9AA188455D11,primary,14,fe0bb6be-c5d5-48d5-a7a4-662ec2fb403d,prescribe_medication,,,,,,
R9AA188455D11,second,14,fe0bb6be-c5d5-48d5-a7a4-662ec2fb403d,prescribe_medication,,,,,,
R9AA188455D11,consensus,14,fe0bb6be-c5d5-48d5-a7a4-662ec2fb403d,prescribe_medication,,,,,,
R9AA188455D11,primary,15,c55f6e99-66a4-4994-9d2c-735510cc17bd,ask_history,,,,,,
R9AA188455D11,second,15,c55f6e99-66a4-4994-9d2c-735510cc17bd,ask_history,,,,,,
R9AA188455D11,consensus,15,c55f6e99-66a4-4994-9d2c-735510cc17bd,ask_history,,,,,,
R9AA188455D11,primary,16,11dbf28d-2f73-48c0-b7a6-c754fde03f00,request_ecg_or_test,,,,,,
R9AA188455D11,second,16,11dbf28d-2f73-48c0-b7a6-c754fde03f00,request_ecg_or_test,,,,,,
R9AA188455D11,consensus,16,11dbf28d-2f73-48c0-b7a6-c754fde03f00,request_ecg_or_test,,,,,,
R9AA188455D11,primary,17,d84c4282-9386-4de1-997b-299c4e490565,request_lab,,,,,,
R9AA188455D11,second,17,d84c4282-9386-4de1-997b-299c4e490565,request_lab,,,,,,
R9AA188455D11,consensus,17,d84c4282-9386-4de1-997b-299c4e490565,request_lab,,,,,,
R9AA188455D11,primary,18,89e83f7b-6d0f-401f-89ec-921540a8d732,request_microbiology,,,,,,
R9AA188455D11,second,18,89e83f7b-6d0f-401f-89ec-921540a8d732,request_microbiology,,,,,,
R9AA188455D11,consensus,18,89e83f7b-6d0f-401f-89ec-921540a8d732,request_microbiology,,,,,,
R9AA188455D11,primary,19,48fb9673-0ea2-4c98-a52e-be5e1ab80e39,request_physical_exam,,,,,,
R9AA188455D11,second,19,48fb9673-0ea2-4c98-a52e-be5e1ab80e39,request_physical_exam,,,,,,
R9AA188455D11,consensus,19,48fb9673-0ea2-4c98-a52e-be5e1ab80e39,request_physical_exam,,,,,,
R9AA188455D11,primary,20,57796e02-b9e2-45da-b584-5eccde829012,request_lab,,,,,,
R9AA188455D11,second,20,57796e02-b9e2-45da-b584-5eccde829012,request_lab,,,,,,
R9AA188455D11,consensus,20,57796e02-b9e2-45da-b584-5eccde829012,request_lab,,,,,,
R9AA188455D11,primary,21,c2b53f70-1c96-4b3f-b256-1b33b22cc316,ask_history,,,,,,
R9AA188455D11,second,21,c2b53f70-1c96-4b3f-b256-1b33b22cc316,ask_history,,,,,,
R9AA188455D11,consensus,21,c2b53f70-1c96-4b3f-b256-1b33b22cc316,ask_history,,,,,,
R9AA188455D11,primary,22,9fe522a4-0104-4d52-aecd-f622c9752538,ask_history,,,,,,
R9AA188455D11,second,22,9fe522a4-0104-4d52-aecd-f622c9752538,ask_history,,,,,,
R9AA188455D11,consensus,22,9fe522a4-0104-4d52-aecd-f622c9752538,ask_history,,,,,,
R9AA188455D11,primary,23,7838e22c-02d2-4ec0-a178-cede95f8617e,request_imaging,,,,,,
R9AA188455D11,second,23,7838e22c-02d2-4ec0-a178-cede95f8617e,request_imaging,,,,,,
R9AA188455D11,consensus,23,7838e22c-02d2-4ec0-a178-cede95f8617e,request_imaging,,,,,,
R9AA188455D11,primary,24,761a941d-0c64-42fe-8a9b-a72de343bc2b,request_lab,,,,,,
R9AA188455D11,second,24,761a941d-0c64-42fe-8a9b-a72de343bc2b,request_lab,,,,,,
R9AA188455D11,consensus,24,761a941d-0c64-42fe-8a9b-a72de343bc2b,request_lab,,,,,,
R9AA188455D11,primary,25,5eb781bf-29da-46e1-8209-4f2b09119c6e,ask_history,,,,,,
R9AA188455D11,second,25,5eb781bf-29da-46e1-8209-4f2b09119c6e,ask_history,,,,,,
R9AA188455D11,consensus,25,5eb781bf-29da-46e1-8209-4f2b09119c6e,ask_history,,,,,,
R9AA188455D11,primary,26,ce33e553-deb6-4968-9c40-ec37ab848622,final_diagnosis,,,,,,
R9AA188455D11,second,26,ce33e553-deb6-4968-9c40-ec37ab848622,final_diagnosis,,,,,,
R9AA188455D11,consensus,26,ce33e553-deb6-4968-9c40-ec37ab848622,final_diagnosis,,,,,,
R9AA188455D11,primary,27,6b555678-92e8-4b0f-84bd-15fba3f22c85,disposition,,,,,,
R9AA188455D11,second,27,6b555678-92e8-4b0f-84bd-15fba3f22c85,disposition,,,,,,
R9AA188455D11,consensus,27,6b555678-92e8-4b0f-84bd-15fba3f22c85,disposition,,,,,,
R0B3A6920B58C,primary,1,0b2130c2-53c4-4720-8cd7-bcfc5ea65008,plan_reason,,,,,,
R0B3A6920B58C,second,1,0b2130c2-53c4-4720-8cd7-bcfc5ea65008,plan_reason,,,,,,
R0B3A6920B58C,consensus,1,0b2130c2-53c4-4720-8cd7-bcfc5ea65008,plan_reason,,,,,,
R0B3A6920B58C,primary,2,36cb3085-004c-4567-817f-08262bbf141a,request_physical_exam,,,,,,
R0B3A6920B58C,second,2,36cb3085-004c-4567-817f-08262bbf141a,request_physical_exam,,,,,,
R0B3A6920B58C,consensus,2,36cb3085-004c-4567-817f-08262bbf141a,request_physical_exam,,,,,,
R0B3A6920B58C,primary,3,7cb3538a-bc28-436c-a8eb-2a29fd04fa8c,request_lab,,,,,,
R0B3A6920B58C,second,3,7cb3538a-bc28-436c-a8eb-2a29fd04fa8c,request_lab,,,,,,
R0B3A6920B58C,consensus,3,7cb3538a-bc28-436c-a8eb-2a29fd04fa8c,request_lab,,,,,,
R0B3A6920B58C,primary,4,da3bce16-11b6-40fa-a4f5-d739ea334af8,request_imaging,,,,,,
R0B3A6920B58C,second,4,da3bce16-11b6-40fa-a4f5-d739ea334af8,request_imaging,,,,,,
R0B3A6920B58C,consensus,4,da3bce16-11b6-40fa-a4f5-d739ea334af8,request_imaging,,,,,,
R0B3A6920B58C,primary,5,554c9bd6-4596-4967-a965-29a33a33c126,request_imaging,,,,,,
R0B3A6920B58C,second,5,554c9bd6-4596-4967-a965-29a33a33c126,request_imaging,,,,,,
R0B3A6920B58C,consensus,5,554c9bd6-4596-4967-a965-29a33a33c126,request_imaging,,,,,,
R0B3A6920B58C,primary,6,8f35c610-863c-4c05-90d5-b45928dba11c,request_imaging,,,,,,
R0B3A6920B58C,second,6,8f35c610-863c-4c05-90d5-b45928dba11c,request_imaging,,,,,,
R0B3A6920B58C,consensus,6,8f35c610-863c-4c05-90d5-b45928dba11c,request_imaging,,,,,,
R44B60FA193E7,primary,1,2ee8c572-c5c7-483a-be36-0bfd55656a1e,ask_history,,,,,,
R44B60FA193E7,second,1,2ee8c572-c5c7-483a-be36-0bfd55656a1e,ask_history,,,,,,
R44B60FA193E7,consensus,1,2ee8c572-c5c7-483a-be36-0bfd55656a1e,ask_history,,,,,,
R44B60FA193E7,primary,2,16eacc1a-8555-4415-b948-c7b0fe373d45,request_physical_exam,,,,,,
R44B60FA193E7,second,2,16eacc1a-8555-4415-b948-c7b0fe373d45,request_physical_exam,,,,,,
R44B60FA193E7,consensus,2,16eacc1a-8555-4415-b948-c7b0fe373d45,request_physical_exam,,,,,,
R44B60FA193E7,primary,3,c1779d25-9906-4c7b-bc58-e32a4a64d9c6,ask_history,,,,,,
R44B60FA193E7,second,3,c1779d25-9906-4c7b-bc58-e32a4a64d9c6,ask_history,,,,,,
R44B60FA193E7,consensus,3,c1779d25-9906-4c7b-bc58-e32a4a64d9c6,ask_history,,,,,,
R44B60FA193E7,primary,4,d609c7e1-560f-4a61-b847-8b88927501f5,request_physical_exam,,,,,,
R44B60FA193E7,second,4,d609c7e1-560f-4a61-b847-8b88927501f5,request_physical_exam,,,,,,
R44B60FA193E7,consensus,4,d609c7e1-560f-4a61-b847-8b88927501f5,request_physical_exam,,,,,,
R44B60FA193E7,primary,5,5c414fc9-6c22-468f-b1a6-ef29a1c53472,plan_reason,,,,,,
R44B60FA193E7,second,5,5c414fc9-6c22-468f-b1a6-ef29a1c53472,plan_reason,,,,,,
R44B60FA193E7,consensus,5,5c414fc9-6c22-468f-b1a6-ef29a1c53472,plan_reason,,,,,,
R44B60FA193E7,primary,6,e9a799e2-de0e-458e-9d5d-dfe068a0771f,request_lab,,,,,,
R44B60FA193E7,second,6,e9a799e2-de0e-458e-9d5d-dfe068a0771f,request_lab,,,,,,
R44B60FA193E7,consensus,6,e9a799e2-de0e-458e-9d5d-dfe068a0771f,request_lab,,,,,,
R44B60FA193E7,primary,7,d0a4a3e1-9371-44af-971c-2e57c9a44af4,request_lab,,,,,,
R44B60FA193E7,second,7,d0a4a3e1-9371-44af-971c-2e57c9a44af4,request_lab,,,,,,
R44B60FA193E7,consensus,7,d0a4a3e1-9371-44af-971c-2e57c9a44af4,request_lab,,,,,,
R44B60FA193E7,primary,8,1dc46f81-a57d-465c-a8f7-83871c55b8fb,request_lab,,,,,,
R44B60FA193E7,second,8,1dc46f81-a57d-465c-a8f7-83871c55b8fb,request_lab,,,,,,
R44B60FA193E7,consensus,8,1dc46f81-a57d-465c-a8f7-83871c55b8fb,request_lab,,,,,,
RCE9045E94117,primary,1,c6f2fc9a-8965-4ea3-809e-324463805151,ask_history,,,,,,
RCE9045E94117,second,1,c6f2fc9a-8965-4ea3-809e-324463805151,ask_history,,,,,,
RCE9045E94117,consensus,1,c6f2fc9a-8965-4ea3-809e-324463805151,ask_history,,,,,,
RCE9045E94117,primary,2,85214426-190f-40b5-9f73-461785636a80,request_physical_exam,,,,,,
RCE9045E94117,second,2,85214426-190f-40b5-9f73-461785636a80,request_physical_exam,,,,,,
RCE9045E94117,consensus,2,85214426-190f-40b5-9f73-461785636a80,request_physical_exam,,,,,,
RCE9045E94117,primary,3,72d66a81-117c-4da6-82ea-34c19e1886c7,ask_history,,,,,,
RCE9045E94117,second,3,72d66a81-117c-4da6-82ea-34c19e1886c7,ask_history,,,,,,
RCE9045E94117,consensus,3,72d66a81-117c-4da6-82ea-34c19e1886c7,ask_history,,,,,,
RCE9045E94117,primary,4,f4167307-ddbc-4a0d-a7ac-842e3edfda2f,request_lab,,,,,,
RCE9045E94117,second,4,f4167307-ddbc-4a0d-a7ac-842e3edfda2f,request_lab,,,,,,
RCE9045E94117,consensus,4,f4167307-ddbc-4a0d-a7ac-842e3edfda2f,request_lab,,,,,,
RCE9045E94117,primary,5,661b3c45-7b00-45d9-ac63-94c71641c7fd,plan_reason,,,,,,
RCE9045E94117,second,5,661b3c45-7b00-45d9-ac63-94c71641c7fd,plan_reason,,,,,,
RCE9045E94117,consensus,5,661b3c45-7b00-45d9-ac63-94c71641c7fd,plan_reason,,,,,,
RCE9045E94117,primary,6,7e6bedc3-ad85-4f0b-9cb1-7415ee94bf23,final_diagnosis,,,,,,
RCE9045E94117,second,6,7e6bedc3-ad85-4f0b-9cb1-7415ee94bf23,final_diagnosis,,,,,,
RCE9045E94117,consensus,6,7e6bedc3-ad85-4f0b-9cb1-7415ee94bf23,final_diagnosis,,,,,,
RCE9045E94117,primary,7,1a35d444-f32b-455b-b635-5b9ddc3c9814,disposition,,,,,,
RCE9045E94117,second,7,1a35d444-f32b-455b-b635-5b9ddc3c9814,disposition,,,,,,
RCE9045E94117,consensus,7,1a35d444-f32b-455b-b635-5b9ddc3c9814,disposition,,,,,,
RCE9045E94117,primary,8,eafe0e64-412b-43a4-82ca-b24e332caf01,ask_history,,,,,,
RCE9045E94117,second,8,eafe0e64-412b-43a4-82ca-b24e332caf01,ask_history,,,,,,
RCE9045E94117,consensus,8,eafe0e64-412b-43a4-82ca-b24e332caf01,ask_history,,,,,,
RCE9045E94117,primary,9,3cb765f6-77d0-415b-a6c6-41a67fe2df23,request_physical_exam,,,,,,
RCE9045E94117,second,9,3cb765f6-77d0-415b-a6c6-41a67fe2df23,request_physical_exam,,,,,,
RCE9045E94117,consensus,9,3cb765f6-77d0-415b-a6c6-41a67fe2df23,request_physical_exam,,,,,,
RCE9045E94117,primary,10,b2f06d4c-3698-484a-8290-d9ef6f1719e7,ask_history,,,,,,
RCE9045E94117,second,10,b2f06d4c-3698-484a-8290-d9ef6f1719e7,ask_history,,,,,,
RCE9045E94117,consensus,10,b2f06d4c-3698-484a-8290-d9ef6f1719e7,ask_history,,,,,,
RCE9045E94117,primary,11,a00dbae9-84cb-4531-8e38-f044d6fbd423,request_lab,,,,,,
RCE9045E94117,second,11,a00dbae9-84cb-4531-8e38-f044d6fbd423,request_lab,,,,,,
RCE9045E94117,consensus,11,a00dbae9-84cb-4531-8e38-f044d6fbd423,request_lab,,,,,,
RCE9045E94117,primary,12,99a05325-527a-4fa9-8f8a-99343b62bd10,plan_reason,,,,,,
RCE9045E94117,second,12,99a05325-527a-4fa9-8f8a-99343b62bd10,plan_reason,,,,,,
RCE9045E94117,consensus,12,99a05325-527a-4fa9-8f8a-99343b62bd10,plan_reason,,,,,,
RCE9045E94117,primary,13,109de09b-a98a-4e87-bcc3-fe3b9ee6ab51,final_diagnosis,,,,,,
RCE9045E94117,second,13,109de09b-a98a-4e87-bcc3-fe3b9ee6ab51,final_diagnosis,,,,,,
RCE9045E94117,consensus,13,109de09b-a98a-4e87-bcc3-fe3b9ee6ab51,final_diagnosis,,,,,,
RCE9045E94117,primary,14,6589944a-d4d5-4be6-ac8e-c6aab6078cdf,disposition,,,,,,
RCE9045E94117,second,14,6589944a-d4d5-4be6-ac8e-c6aab6078cdf,disposition,,,,,,
RCE9045E94117,consensus,14,6589944a-d4d5-4be6-ac8e-c6aab6078cdf,disposition,,,,,,
RCE9045E94117,primary,15,353de82c-f832-45aa-ba67-d77c2372b0fe,plan_reason,,,,,,
RCE9045E94117,second,15,353de82c-f832-45aa-ba67-d77c2372b0fe,plan_reason,,,,,,
RCE9045E94117,consensus,15,353de82c-f832-45aa-ba67-d77c2372b0fe,plan_reason,,,,,,
RCE9045E94117,primary,16,313559ac-777f-41dc-8303-4da457074061,final_diagnosis,,,,,,
RCE9045E94117,second,16,313559ac-777f-41dc-8303-4da457074061,final_diagnosis,,,,,,
RCE9045E94117,consensus,16,313559ac-777f-41dc-8303-4da457074061,final_diagnosis,,,,,,
RCE9045E94117,primary,17,c629be77-5097-4437-8d5e-786adad47e65,disposition,,,,,,
RCE9045E94117,second,17,c629be77-5097-4437-8d5e-786adad47e65,disposition,,,,,,
RCE9045E94117,consensus,17,c629be77-5097-4437-8d5e-786adad47e65,disposition,,,,,,
RCE9045E94117,primary,18,c5361c10-83f2-4e23-a451-8c11a16984a0,ask_history,,,,,,
RCE9045E94117,second,18,c5361c10-83f2-4e23-a451-8c11a16984a0,ask_history,,,,,,
RCE9045E94117,consensus,18,c5361c10-83f2-4e23-a451-8c11a16984a0,ask_history,,,,,,
RCE9045E94117,primary,19,86b848c5-1bc9-4897-a5c4-2b04ccb9a063,request_physical_exam,,,,,,
RCE9045E94117,second,19,86b848c5-1bc9-4897-a5c4-2b04ccb9a063,request_physical_exam,,,,,,
RCE9045E94117,consensus,19,86b848c5-1bc9-4897-a5c4-2b04ccb9a063,request_physical_exam,,,,,,
RCE9045E94117,primary,20,9b07d947-41ed-4af8-9c27-3e70c0e88072,ask_history,,,,,,
RCE9045E94117,second,20,9b07d947-41ed-4af8-9c27-3e70c0e88072,ask_history,,,,,,
RCE9045E94117,consensus,20,9b07d947-41ed-4af8-9c27-3e70c0e88072,ask_history,,,,,,
RCE9045E94117,primary,21,a90c1fff-d018-4fe0-89e5-52c4fd46c19b,request_lab,,,,,,
RCE9045E94117,second,21,a90c1fff-d018-4fe0-89e5-52c4fd46c19b,request_lab,,,,,,
RCE9045E94117,consensus,21,a90c1fff-d018-4fe0-89e5-52c4fd46c19b,request_lab,,,,,,
RCE9045E94117,primary,22,1d8da244-5c8a-444c-8a8d-e6521d92244a,plan_reason,,,,,,
RCE9045E94117,second,22,1d8da244-5c8a-444c-8a8d-e6521d92244a,plan_reason,,,,,,
RCE9045E94117,consensus,22,1d8da244-5c8a-444c-8a8d-e6521d92244a,plan_reason,,,,,,
RCE9045E94117,primary,23,7c5974fa-7b7e-4248-a399-734e2d83bf0a,final_diagnosis,,,,,,
RCE9045E94117,second,23,7c5974fa-7b7e-4248-a399-734e2d83bf0a,final_diagnosis,,,,,,
RCE9045E94117,consensus,23,7c5974fa-7b7e-4248-a399-734e2d83bf0a,final_diagnosis,,,,,,
RCE9045E94117,primary,24,d194f1fb-6e59-4fa3-85ce-04900d0c216a,disposition,,,,,,
RCE9045E94117,second,24,d194f1fb-6e59-4fa3-85ce-04900d0c216a,disposition,,,,,,
RCE9045E94117,consensus,24,d194f1fb-6e59-4fa3-85ce-04900d0c216a,disposition,,,,,,
RCE9045E94117,primary,25,f2418257-8c49-47e0-add5-94833a2ec8c7,plan_reason,,,,,,
RCE9045E94117,second,25,f2418257-8c49-47e0-add5-94833a2ec8c7,plan_reason,,,,,,
RCE9045E94117,consensus,25,f2418257-8c49-47e0-add5-94833a2ec8c7,plan_reason,,,,,,
RCE9045E94117,primary,26,ba5f065a-1a0c-4fbc-8bb8-c75165151e43,final_diagnosis,,,,,,
RCE9045E94117,second,26,ba5f065a-1a0c-4fbc-8bb8-c75165151e43,final_diagnosis,,,,,,
RCE9045E94117,consensus,26,ba5f065a-1a0c-4fbc-8bb8-c75165151e43,final_diagnosis,,,,,,
RCE9045E94117,primary,27,b3225793-fc29-4074-a6aa-ac2a4124278d,disposition,,,,,,
RCE9045E94117,second,27,b3225793-fc29-4074-a6aa-ac2a4124278d,disposition,,,,,,
RCE9045E94117,consensus,27,b3225793-fc29-4074-a6aa-ac2a4124278d,disposition,,,,,,
RCE9045E94117,primary,28,7b9e1bd4-06f6-46f7-bc19-5328716bec55,ask_history,,,,,,
RCE9045E94117,second,28,7b9e1bd4-06f6-46f7-bc19-5328716bec55,ask_history,,,,,,
RCE9045E94117,consensus,28,7b9e1bd4-06f6-46f7-bc19-5328716bec55,ask_history,,,,,,
RCE9045E94117,primary,29,39f71c71-29d8-4b7a-b6f2-30d932354303,request_physical_exam,,,,,,
RCE9045E94117,second,29,39f71c71-29d8-4b7a-b6f2-30d932354303,request_physical_exam,,,,,,
RCE9045E94117,consensus,29,39f71c71-29d8-4b7a-b6f2-30d932354303,request_physical_exam,,,,,,
RCE9045E94117,primary,30,ee80418e-920e-4fcb-83e2-27ccfc4ceeef,ask_history,,,,,,
RCE9045E94117,second,30,ee80418e-920e-4fcb-83e2-27ccfc4ceeef,ask_history,,,,,,
RCE9045E94117,consensus,30,ee80418e-920e-4fcb-83e2-27ccfc4ceeef,ask_history,,,,,,
RCE9045E94117,primary,31,44cda43d-5993-408b-bfb7-6338a870d28b,request_lab,,,,,,
RCE9045E94117,second,31,44cda43d-5993-408b-bfb7-6338a870d28b,request_lab,,,,,,
RCE9045E94117,consensus,31,44cda43d-5993-408b-bfb7-6338a870d28b,request_lab,,,,,,
RCE9045E94117,primary,32,1eddd3e1-f3c5-46ff-9312-c2c27794eabb,plan_reason,,,,,,
RCE9045E94117,second,32,1eddd3e1-f3c5-46ff-9312-c2c27794eabb,plan_reason,,,,,,
RCE9045E94117,consensus,32,1eddd3e1-f3c5-46ff-9312-c2c27794eabb,plan_reason,,,,,,
RCE9045E94117,primary,33,c094f94c-8b49-43e9-a021-275e3d829f94,final_diagnosis,,,,,,
RCE9045E94117,second,33,c094f94c-8b49-43e9-a021-275e3d829f94,final_diagnosis,,,,,,
RCE9045E94117,consensus,33,c094f94c-8b49-43e9-a021-275e3d829f94,final_diagnosis,,,,,,
RCE9045E94117,primary,34,74bc6b8d-ecb8-4cfc-bc71-6d4420399c7d,disposition,,,,,,
RCE9045E94117,second,34,74bc6b8d-ecb8-4cfc-bc71-6d4420399c7d,disposition,,,,,,
RCE9045E94117,consensus,34,74bc6b8d-ecb8-4cfc-bc71-6d4420399c7d,disposition,,,,,,
RCE9045E94117,primary,35,f3bb5a52-df68-4e4b-ac03-47a1c8eba9ff,plan_reason,,,,,,
RCE9045E94117,second,35,f3bb5a52-df68-4e4b-ac03-47a1c8eba9ff,plan_reason,,,,,,
RCE9045E94117,consensus,35,f3bb5a52-df68-4e4b-ac03-47a1c8eba9ff,plan_reason,,,,,,
RCE9045E94117,primary,36,7312f1c9-103a-426c-88b0-7fd68f7b54c1,final_diagnosis,,,,,,
RCE9045E94117,second,36,7312f1c9-103a-426c-88b0-7fd68f7b54c1,final_diagnosis,,,,,,
RCE9045E94117,consensus,36,7312f1c9-103a-426c-88b0-7fd68f7b54c1,final_diagnosis,,,,,,
RCE9045E94117,primary,37,30e2e4ca-8a7c-4641-9af4-26132ef94aee,disposition,,,,,,
RCE9045E94117,second,37,30e2e4ca-8a7c-4641-9af4-26132ef94aee,disposition,,,,,,
RCE9045E94117,consensus,37,30e2e4ca-8a7c-4641-9af4-26132ef94aee,disposition,,,,,,
RCE9045E94117,primary,38,94fb2ae8-4a84-4f7d-9f34-bc854fabbcac,ask_history,,,,,,
RCE9045E94117,second,38,94fb2ae8-4a84-4f7d-9f34-bc854fabbcac,ask_history,,,,,,
RCE9045E94117,consensus,38,94fb2ae8-4a84-4f7d-9f34-bc854fabbcac,ask_history,,,,,,
RCE9045E94117,primary,39,7867700c-dafb-43e3-b248-db49e327b05f,request_physical_exam,,,,,,
RCE9045E94117,second,39,7867700c-dafb-43e3-b248-db49e327b05f,request_physical_exam,,,,,,
RCE9045E94117,consensus,39,7867700c-dafb-43e3-b248-db49e327b05f,request_physical_exam,,,,,,
RCE9045E94117,primary,40,93dc316c-8908-4f4f-b357-055cc5834a9b,ask_history,,,,,,
RCE9045E94117,second,40,93dc316c-8908-4f4f-b357-055cc5834a9b,ask_history,,,,,,
RCE9045E94117,consensus,40,93dc316c-8908-4f4f-b357-055cc5834a9b,ask_history,,,,,,
RE80883F9A52F,primary,1,3b6078eb-623d-4d7a-bf23-a2d406171545,ask_history,,,,,,
RE80883F9A52F,second,1,3b6078eb-623d-4d7a-bf23-a2d406171545,ask_history,,,,,,
RE80883F9A52F,consensus,1,3b6078eb-623d-4d7a-bf23-a2d406171545,ask_history,,,,,,
RE80883F9A52F,primary,2,fe8cdcb2-46d3-41fc-881d-9cc15513c909,request_physical_exam,,,,,,
RE80883F9A52F,second,2,fe8cdcb2-46d3-41fc-881d-9cc15513c909,request_physical_exam,,,,,,
RE80883F9A52F,consensus,2,fe8cdcb2-46d3-41fc-881d-9cc15513c909,request_physical_exam,,,,,,
RE80883F9A52F,primary,3,12f8d58d-d11b-4f35-ac62-c4ee8c2fe5e6,request_ecg_or_test,,,,,,
RE80883F9A52F,second,3,12f8d58d-d11b-4f35-ac62-c4ee8c2fe5e6,request_ecg_or_test,,,,,,
RE80883F9A52F,consensus,3,12f8d58d-d11b-4f35-ac62-c4ee8c2fe5e6,request_ecg_or_test,,,,,,
RE80883F9A52F,primary,4,d32109a9-685e-421c-830e-06ac1b94c437,request_ecg_or_test,,,,,,
RE80883F9A52F,second,4,d32109a9-685e-421c-830e-06ac1b94c437,request_ecg_or_test,,,,,,
RE80883F9A52F,consensus,4,d32109a9-685e-421c-830e-06ac1b94c437,request_ecg_or_test,,,,,,
RE80883F9A52F,primary,5,52d170dd-045a-40af-8a9a-c13f207e9a7e,ask_history,,,,,,
RE80883F9A52F,second,5,52d170dd-045a-40af-8a9a-c13f207e9a7e,ask_history,,,,,,
RE80883F9A52F,consensus,5,52d170dd-045a-40af-8a9a-c13f207e9a7e,ask_history,,,,,,
RE80883F9A52F,primary,6,12c57f07-bb2b-441f-8689-a6c40c54e443,request_lab,,,,,,
RE80883F9A52F,second,6,12c57f07-bb2b-441f-8689-a6c40c54e443,request_lab,,,,,,
RE80883F9A52F,consensus,6,12c57f07-bb2b-441f-8689-a6c40c54e443,request_lab,,,,,,
RE80883F9A52F,primary,7,48a66edf-a18f-4b95-80a1-7827ee90a826,request_physical_exam,,,,,,
RE80883F9A52F,second,7,48a66edf-a18f-4b95-80a1-7827ee90a826,request_physical_exam,,,,,,
RE80883F9A52F,consensus,7,48a66edf-a18f-4b95-80a1-7827ee90a826,request_physical_exam,,,,,,
RE80883F9A52F,primary,8,9d6783ec-9882-4fde-b391-ae74124415bf,plan_reason,,,,,,
RE80883F9A52F,second,8,9d6783ec-9882-4fde-b391-ae74124415bf,plan_reason,,,,,,
RE80883F9A52F,consensus,8,9d6783ec-9882-4fde-b391-ae74124415bf,plan_reason,,,,,,
RE80883F9A52F,primary,9,835895d9-e0b9-40c6-bb2b-4547a408dafd,request_imaging,,,,,,
RE80883F9A52F,second,9,835895d9-e0b9-40c6-bb2b-4547a408dafd,request_imaging,,,,,,
RE80883F9A52F,consensus,9,835895d9-e0b9-40c6-bb2b-4547a408dafd,request_imaging,,,,,,
RE80883F9A52F,primary,10,eb4833a5-8abc-4efa-90cf-b98e681263a8,request_imaging,,,,,,
RE80883F9A52F,second,10,eb4833a5-8abc-4efa-90cf-b98e681263a8,request_imaging,,,,,,
RE80883F9A52F,consensus,10,eb4833a5-8abc-4efa-90cf-b98e681263a8,request_imaging,,,,,,
RE80883F9A52F,primary,11,d91cc235-8442-4664-a98c-53922ed41ac7,request_ecg_or_test,,,,,,
RE80883F9A52F,second,11,d91cc235-8442-4664-a98c-53922ed41ac7,request_ecg_or_test,,,,,,
RE80883F9A52F,consensus,11,d91cc235-8442-4664-a98c-53922ed41ac7,request_ecg_or_test,,,,,,
RE80883F9A52F,primary,12,a4a75e3d-d75b-4879-b479-5bef04f572b0,request_procedure,,,,,,
RE80883F9A52F,second,12,a4a75e3d-d75b-4879-b479-5bef04f572b0,request_procedure,,,,,,
RE80883F9A52F,consensus,12,a4a75e3d-d75b-4879-b479-5bef04f572b0,request_procedure,,,,,,
RE80883F9A52F,primary,13,4ddfc422-374b-4377-9197-f22f92ee8e3b,ask_history,,,,,,
RE80883F9A52F,second,13,4ddfc422-374b-4377-9197-f22f92ee8e3b,ask_history,,,,,,
RE80883F9A52F,consensus,13,4ddfc422-374b-4377-9197-f22f92ee8e3b,ask_history,,,,,,
RE80883F9A52F,primary,14,da931bdd-7f26-43e3-acc1-f7adcb3f34bd,request_ecg_or_test,,,,,,
RE80883F9A52F,second,14,da931bdd-7f26-43e3-acc1-f7adcb3f34bd,request_ecg_or_test,,,,,,
RE80883F9A52F,consensus,14,da931bdd-7f26-43e3-acc1-f7adcb3f34bd,request_ecg_or_test,,,,,,
RE80883F9A52F,primary,15,76701577-d34e-4005-9a16-924c727d772d,prescribe_medication,,,,,,
RE80883F9A52F,second,15,76701577-d34e-4005-9a16-924c727d772d,prescribe_medication,,,,,,
RE80883F9A52F,consensus,15,76701577-d34e-4005-9a16-924c727d772d,prescribe_medication,,,,,,
RE80883F9A52F,primary,16,07430180-d97d-4cf7-8246-3a517bdc4903,final_diagnosis,,,,,,
RE80883F9A52F,second,16,07430180-d97d-4cf7-8246-3a517bdc4903,final_diagnosis,,,,,,
RE80883F9A52F,consensus,16,07430180-d97d-4cf7-8246-3a517bdc4903,final_diagnosis,,,,,,
RE80883F9A52F,primary,17,ba342c8e-64f7-41d0-b3fa-d1dd42045eb9,disposition,,,,,,
RE80883F9A52F,second,17,ba342c8e-64f7-41d0-b3fa-d1dd42045eb9,disposition,,,,,,
RE80883F9A52F,consensus,17,ba342c8e-64f7-41d0-b3fa-d1dd42045eb9,disposition,,,,,,
R932E5AD8563E,primary,1,e3a667b4-9c63-4bdc-b131-691f29ea7492,ask_history,,,,,,
R932E5AD8563E,second,1,e3a667b4-9c63-4bdc-b131-691f29ea7492,ask_history,,,,,,
R932E5AD8563E,consensus,1,e3a667b4-9c63-4bdc-b131-691f29ea7492,ask_history,,,,,,
R932E5AD8563E,primary,2,4d8800bf-bf9c-49f0-a98e-5847f3e41127,plan_reason,,,,,,
R932E5AD8563E,second,2,4d8800bf-bf9c-49f0-a98e-5847f3e41127,plan_reason,,,,,,
R932E5AD8563E,consensus,2,4d8800bf-bf9c-49f0-a98e-5847f3e41127,plan_reason,,,,,,
R932E5AD8563E,primary,3,30ecf440-d716-4c66-85da-89bb82fa41e2,request_physical_exam,,,,,,
R932E5AD8563E,second,3,30ecf440-d716-4c66-85da-89bb82fa41e2,request_physical_exam,,,,,,
R932E5AD8563E,consensus,3,30ecf440-d716-4c66-85da-89bb82fa41e2,request_physical_exam,,,,,,
R932E5AD8563E,primary,4,e56f3e17-d02f-4656-a1e8-77d55bc19aca,request_lab,,,,,,
R932E5AD8563E,second,4,e56f3e17-d02f-4656-a1e8-77d55bc19aca,request_lab,,,,,,
R932E5AD8563E,consensus,4,e56f3e17-d02f-4656-a1e8-77d55bc19aca,request_lab,,,,,,
R932E5AD8563E,primary,5,3754f7c7-6f7a-4b60-acc0-a6a77e087e8d,request_lab,,,,,,
R932E5AD8563E,second,5,3754f7c7-6f7a-4b60-acc0-a6a77e087e8d,request_lab,,,,,,
R932E5AD8563E,consensus,5,3754f7c7-6f7a-4b60-acc0-a6a77e087e8d,request_lab,,,,,,
R932E5AD8563E,primary,6,f5991635-5d8d-4bdc-a749-f7e2091f0a4b,request_lab,,,,,,
R932E5AD8563E,second,6,f5991635-5d8d-4bdc-a749-f7e2091f0a4b,request_lab,,,,,,
R932E5AD8563E,consensus,6,f5991635-5d8d-4bdc-a749-f7e2091f0a4b,request_lab,,,,,,
R4CCCD9747401,primary,1,33c61310-fbdb-49d5-b995-6d8298799a88,plan_reason,,,,,,
R4CCCD9747401,second,1,33c61310-fbdb-49d5-b995-6d8298799a88,plan_reason,,,,,,
R4CCCD9747401,consensus,1,33c61310-fbdb-49d5-b995-6d8298799a88,plan_reason,,,,,,
R4CCCD9747401,primary,2,882c6fb5-2f32-4989-b6c3-85c4b3b74584,request_physical_exam,,,,,,
R4CCCD9747401,second,2,882c6fb5-2f32-4989-b6c3-85c4b3b74584,request_physical_exam,,,,,,
R4CCCD9747401,consensus,2,882c6fb5-2f32-4989-b6c3-85c4b3b74584,request_physical_exam,,,,,,
R4CCCD9747401,primary,3,4278505f-597e-4920-a125-e2b264cd0c4d,request_imaging,,,,,,
R4CCCD9747401,second,3,4278505f-597e-4920-a125-e2b264cd0c4d,request_imaging,,,,,,
R4CCCD9747401,consensus,3,4278505f-597e-4920-a125-e2b264cd0c4d,request_imaging,,,,,,
R4CCCD9747401,primary,4,0a43292b-1803-4310-b786-ade42664a297,request_lab,,,,,,
R4CCCD9747401,second,4,0a43292b-1803-4310-b786-ade42664a297,request_lab,,,,,,
R4CCCD9747401,consensus,4,0a43292b-1803-4310-b786-ade42664a297,request_lab,,,,,,
R4CCCD9747401,primary,5,450d4675-7378-4bcd-bc38-a1f70d87cfba,request_ecg_or_test,,,,,,
R4CCCD9747401,second,5,450d4675-7378-4bcd-bc38-a1f70d87cfba,request_ecg_or_test,,,,,,
R4CCCD9747401,consensus,5,450d4675-7378-4bcd-bc38-a1f70d87cfba,request_ecg_or_test,,,,,,
R4CCCD9747401,primary,6,3e9c4f83-916d-4e70-a43d-9786e4134a1a,ask_history,,,,,,
R4CCCD9747401,second,6,3e9c4f83-916d-4e70-a43d-9786e4134a1a,ask_history,,,,,,
R4CCCD9747401,consensus,6,3e9c4f83-916d-4e70-a43d-9786e4134a1a,ask_history,,,,,,
R4CCCD9747401,primary,7,027c9c0b-7e75-47b2-b3f9-e5a8c837e371,ask_history,,,,,,
R4CCCD9747401,second,7,027c9c0b-7e75-47b2-b3f9-e5a8c837e371,ask_history,,,,,,
R4CCCD9747401,consensus,7,027c9c0b-7e75-47b2-b3f9-e5a8c837e371,ask_history,,,,,,
R4CCCD9747401,primary,8,dbc731af-2a59-4beb-965e-323abd0fe882,ask_history,,,,,,
R4CCCD9747401,second,8,dbc731af-2a59-4beb-965e-323abd0fe882,ask_history,,,,,,
R4CCCD9747401,consensus,8,dbc731af-2a59-4beb-965e-323abd0fe882,ask_history,,,,,,
REDB56D896321,primary,1,16907a02-162b-41e0-af61-c56e4e18f5eb,request_physical_exam,,,,,,
REDB56D896321,second,1,16907a02-162b-41e0-af61-c56e4e18f5eb,request_physical_exam,,,,,,
REDB56D896321,consensus,1,16907a02-162b-41e0-af61-c56e4e18f5eb,request_physical_exam,,,,,,
REDB56D896321,primary,2,6373a4ad-bb7f-420f-8d52-233ef68c97de,request_ecg_or_test,,,,,,
REDB56D896321,second,2,6373a4ad-bb7f-420f-8d52-233ef68c97de,request_ecg_or_test,,,,,,
REDB56D896321,consensus,2,6373a4ad-bb7f-420f-8d52-233ef68c97de,request_ecg_or_test,,,,,,
REDB56D896321,primary,3,9afcd95c-0daa-4b7b-9530-6b7b7c044739,request_lab,,,,,,
REDB56D896321,second,3,9afcd95c-0daa-4b7b-9530-6b7b7c044739,request_lab,,,,,,
REDB56D896321,consensus,3,9afcd95c-0daa-4b7b-9530-6b7b7c044739,request_lab,,,,,,
REDB56D896321,primary,4,f5580ee5-6e61-498d-a633-84704d07e313,ask_history,,,,,,
REDB56D896321,second,4,f5580ee5-6e61-498d-a633-84704d07e313,ask_history,,,,,,
REDB56D896321,consensus,4,f5580ee5-6e61-498d-a633-84704d07e313,ask_history,,,,,,
REDB56D896321,primary,5,21fb70a0-7336-4b73-97e0-f2e503a51a37,request_ecg_or_test,,,,,,
REDB56D896321,second,5,21fb70a0-7336-4b73-97e0-f2e503a51a37,request_ecg_or_test,,,,,,
REDB56D896321,consensus,5,21fb70a0-7336-4b73-97e0-f2e503a51a37,request_ecg_or_test,,,,,,
REDB56D896321,primary,6,9347cd43-868d-4c02-b9e3-28e3f22cb27c,request_lab,,,,,,
REDB56D896321,second,6,9347cd43-868d-4c02-b9e3-28e3f22cb27c,request_lab,,,,,,
REDB56D896321,consensus,6,9347cd43-868d-4c02-b9e3-28e3f22cb27c,request_lab,,,,,,
REDB56D896321,primary,7,7c4805dc-0752-4378-8ba8-10234f728100,request_imaging,,,,,,
REDB56D896321,second,7,7c4805dc-0752-4378-8ba8-10234f728100,request_imaging,,,,,,
REDB56D896321,consensus,7,7c4805dc-0752-4378-8ba8-10234f728100,request_imaging,,,,,,
REDB56D896321,primary,8,ed33f55c-93ec-497b-9644-a94157a58679,request_imaging,,,,,,
REDB56D896321,second,8,ed33f55c-93ec-497b-9644-a94157a58679,request_imaging,,,,,,
REDB56D896321,consensus,8,ed33f55c-93ec-497b-9644-a94157a58679,request_imaging,,,,,,
REDB56D896321,primary,9,c9115f48-ab37-4a5a-9fd2-2fb63c29d8ac,plan_reason,,,,,,
REDB56D896321,second,9,c9115f48-ab37-4a5a-9fd2-2fb63c29d8ac,plan_reason,,,,,,
REDB56D896321,consensus,9,c9115f48-ab37-4a5a-9fd2-2fb63c29d8ac,plan_reason,,,,,,
REDB56D896321,primary,10,2ea3d8d1-3e89-446c-90d7-a8b565f19a46,request_procedure,,,,,,
REDB56D896321,second,10,2ea3d8d1-3e89-446c-90d7-a8b565f19a46,request_procedure,,,,,,
REDB56D896321,consensus,10,2ea3d8d1-3e89-446c-90d7-a8b565f19a46,request_procedure,,,,,,
REDB56D896321,primary,11,07477d32-c30f-4672-bbdf-891d7e5d5e12,prescribe_medication,,,,,,
REDB56D896321,second,11,07477d32-c30f-4672-bbdf-891d7e5d5e12,prescribe_medication,,,,,,
REDB56D896321,consensus,11,07477d32-c30f-4672-bbdf-891d7e5d5e12,prescribe_medication,,,,,,
REDB56D896321,primary,12,2f741d84-a6be-4515-a857-679a56738eed,request_procedure,,,,,,
REDB56D896321,second,12,2f741d84-a6be-4515-a857-679a56738eed,request_procedure,,,,,,
REDB56D896321,consensus,12,2f741d84-a6be-4515-a857-679a56738eed,request_procedure,,,,,,
REDB56D896321,primary,13,d4d51130-17d3-489b-b848-e9b440514105,final_diagnosis,,,,,,
REDB56D896321,second,13,d4d51130-17d3-489b-b848-e9b440514105,final_diagnosis,,,,,,
REDB56D896321,consensus,13,d4d51130-17d3-489b-b848-e9b440514105,final_diagnosis,,,,,,
REDB56D896321,primary,14,40ea0959-4dfd-496d-a7d8-6ab1ee3201e5,disposition,,,,,,
REDB56D896321,second,14,40ea0959-4dfd-496d-a7d8-6ab1ee3201e5,disposition,,,,,,
REDB56D896321,consensus,14,40ea0959-4dfd-496d-a7d8-6ab1ee3201e5,disposition,,,,,,
R051DDFFDFC3C,primary,1,c71fb3f6-cbd0-4c9d-a2ed-847bd1ddcc7d,request_physical_exam,,,,,,
R051DDFFDFC3C,second,1,c71fb3f6-cbd0-4c9d-a2ed-847bd1ddcc7d,request_physical_exam,,,,,,
R051DDFFDFC3C,consensus,1,c71fb3f6-cbd0-4c9d-a2ed-847bd1ddcc7d,request_physical_exam,,,,,,
R051DDFFDFC3C,primary,2,0290fb10-2c8c-4f61-a034-ce20ffcafc47,ask_history,,,,,,
R051DDFFDFC3C,second,2,0290fb10-2c8c-4f61-a034-ce20ffcafc47,ask_history,,,,,,
R051DDFFDFC3C,consensus,2,0290fb10-2c8c-4f61-a034-ce20ffcafc47,ask_history,,,,,,
R051DDFFDFC3C,primary,3,ce3a4d08-b41c-41a0-90e6-e8fa3121357b,request_lab,,,,,,
R051DDFFDFC3C,second,3,ce3a4d08-b41c-41a0-90e6-e8fa3121357b,request_lab,,,,,,
R051DDFFDFC3C,consensus,3,ce3a4d08-b41c-41a0-90e6-e8fa3121357b,request_lab,,,,,,
R051DDFFDFC3C,primary,4,611167c2-c982-422a-9080-f28c06526deb,request_imaging,,,,,,
R051DDFFDFC3C,second,4,611167c2-c982-422a-9080-f28c06526deb,request_imaging,,,,,,
R051DDFFDFC3C,consensus,4,611167c2-c982-422a-9080-f28c06526deb,request_imaging,,,,,,
R051DDFFDFC3C,primary,5,3683e35b-ef47-434f-8acb-73cd5d7d108a,plan_reason,,,,,,
R051DDFFDFC3C,second,5,3683e35b-ef47-434f-8acb-73cd5d7d108a,plan_reason,,,,,,
R051DDFFDFC3C,consensus,5,3683e35b-ef47-434f-8acb-73cd5d7d108a,plan_reason,,,,,,
R051DDFFDFC3C,primary,6,ce3d88f9-aac5-4003-b60c-abaa58e521f3,ask_history,,,,,,
R051DDFFDFC3C,second,6,ce3d88f9-aac5-4003-b60c-abaa58e521f3,ask_history,,,,,,
R051DDFFDFC3C,consensus,6,ce3d88f9-aac5-4003-b60c-abaa58e521f3,ask_history,,,,,,
R051DDFFDFC3C,primary,7,990c7db2-fefb-4571-b0c5-1f0bc14ba636,request_procedure,,,,,,
R051DDFFDFC3C,second,7,990c7db2-fefb-4571-b0c5-1f0bc14ba636,request_procedure,,,,,,
R051DDFFDFC3C,consensus,7,990c7db2-fefb-4571-b0c5-1f0bc14ba636,request_procedure,,,,,,
R051DDFFDFC3C,primary,8,7df578c0-68e5-468e-a83f-f846e0671dec,final_diagnosis,,,,,,
R051DDFFDFC3C,second,8,7df578c0-68e5-468e-a83f-f846e0671dec,final_diagnosis,,,,,,
R051DDFFDFC3C,consensus,8,7df578c0-68e5-468e-a83f-f846e0671dec,final_diagnosis,,,,,,
R051DDFFDFC3C,primary,9,05a9ef9a-bfe5-48a3-9c07-8d77c3f6d895,disposition,,,,,,
R051DDFFDFC3C,second,9,05a9ef9a-bfe5-48a3-9c07-8d77c3f6d895,disposition,,,,,,
R051DDFFDFC3C,consensus,9,05a9ef9a-bfe5-48a3-9c07-8d77c3f6d895,disposition,,,,,,
R5E5E6CD59168,primary,1,e0880999-22a7-475b-a860-542794278fec,plan_reason,,,,,,
R5E5E6CD59168,second,1,e0880999-22a7-475b-a860-542794278fec,plan_reason,,,,,,
R5E5E6CD59168,consensus,1,e0880999-22a7-475b-a860-542794278fec,plan_reason,,,,,,
R5E5E6CD59168,primary,2,7bcdda7e-d5ce-4a16-96c6-808880f4632e,request_physical_exam,,,,,,
R5E5E6CD59168,second,2,7bcdda7e-d5ce-4a16-96c6-808880f4632e,request_physical_exam,,,,,,
R5E5E6CD59168,consensus,2,7bcdda7e-d5ce-4a16-96c6-808880f4632e,request_physical_exam,,,,,,
R5E5E6CD59168,primary,3,e7c50ab6-8cce-4c32-93c6-9da34ab247ed,request_lab,,,,,,
R5E5E6CD59168,second,3,e7c50ab6-8cce-4c32-93c6-9da34ab247ed,request_lab,,,,,,
R5E5E6CD59168,consensus,3,e7c50ab6-8cce-4c32-93c6-9da34ab247ed,request_lab,,,,,,
R5E5E6CD59168,primary,4,fbbbeadf-b263-4caa-a538-9c0374606ba2,request_imaging,,,,,,
R5E5E6CD59168,second,4,fbbbeadf-b263-4caa-a538-9c0374606ba2,request_imaging,,,,,,
R5E5E6CD59168,consensus,4,fbbbeadf-b263-4caa-a538-9c0374606ba2,request_imaging,,,,,,
R5E5E6CD59168,primary,5,5e05b2ea-0577-426d-bfe3-d26a35cdfc59,plan_reason,,,,,,
R5E5E6CD59168,second,5,5e05b2ea-0577-426d-bfe3-d26a35cdfc59,plan_reason,,,,,,
R5E5E6CD59168,consensus,5,5e05b2ea-0577-426d-bfe3-d26a35cdfc59,plan_reason,,,,,,
R5E5E6CD59168,primary,6,1b1e678d-4161-4498-9c21-7438ea15810e,final_diagnosis,,,,,,
R5E5E6CD59168,second,6,1b1e678d-4161-4498-9c21-7438ea15810e,final_diagnosis,,,,,,
R5E5E6CD59168,consensus,6,1b1e678d-4161-4498-9c21-7438ea15810e,final_diagnosis,,,,,,
R5E5E6CD59168,primary,7,9d128f6c-3509-4bfb-92c4-744886d16a75,disposition,,,,,,
R5E5E6CD59168,second,7,9d128f6c-3509-4bfb-92c4-744886d16a75,disposition,,,,,,
R5E5E6CD59168,consensus,7,9d128f6c-3509-4bfb-92c4-744886d16a75,disposition,,,,,,
RDC08AE36E29D,primary,1,e9147f92-3815-4bb9-b966-6466d1002bdb,ask_history,,,,,,
RDC08AE36E29D,second,1,e9147f92-3815-4bb9-b966-6466d1002bdb,ask_history,,,,,,
RDC08AE36E29D,consensus,1,e9147f92-3815-4bb9-b966-6466d1002bdb,ask_history,,,,,,
RDC08AE36E29D,primary,2,d4609330-44c1-4f4e-935e-ceee227dcefa,request_physical_exam,,,,,,
RDC08AE36E29D,second,2,d4609330-44c1-4f4e-935e-ceee227dcefa,request_physical_exam,,,,,,
RDC08AE36E29D,consensus,2,d4609330-44c1-4f4e-935e-ceee227dcefa,request_physical_exam,,,,,,
RDC08AE36E29D,primary,3,5474db93-558f-462c-bcc5-14664a7df113,request_physical_exam,,,,,,
RDC08AE36E29D,second,3,5474db93-558f-462c-bcc5-14664a7df113,request_physical_exam,,,,,,
RDC08AE36E29D,consensus,3,5474db93-558f-462c-bcc5-14664a7df113,request_physical_exam,,,,,,
RDC08AE36E29D,primary,4,fd3f5fb2-6d28-4798-a0cd-a4b82a825572,request_physical_exam,,,,,,
RDC08AE36E29D,second,4,fd3f5fb2-6d28-4798-a0cd-a4b82a825572,request_physical_exam,,,,,,
RDC08AE36E29D,consensus,4,fd3f5fb2-6d28-4798-a0cd-a4b82a825572,request_physical_exam,,,,,,
R45DD8B8640EE,primary,1,720d2355-0aa4-4c82-9367-3373db7a5350,ask_history,,,,,,
R45DD8B8640EE,second,1,720d2355-0aa4-4c82-9367-3373db7a5350,ask_history,,,,,,
R45DD8B8640EE,consensus,1,720d2355-0aa4-4c82-9367-3373db7a5350,ask_history,,,,,,
R45DD8B8640EE,primary,2,0c34b4c5-1c9a-4da8-8355-76e7201ffadb,request_physical_exam,,,,,,
R45DD8B8640EE,second,2,0c34b4c5-1c9a-4da8-8355-76e7201ffadb,request_physical_exam,,,,,,
R45DD8B8640EE,consensus,2,0c34b4c5-1c9a-4da8-8355-76e7201ffadb,request_physical_exam,,,,,,
R45DD8B8640EE,primary,3,729ea193-34dc-490b-bd7d-232275e0772f,ask_history,,,,,,
R45DD8B8640EE,second,3,729ea193-34dc-490b-bd7d-232275e0772f,ask_history,,,,,,
R45DD8B8640EE,consensus,3,729ea193-34dc-490b-bd7d-232275e0772f,ask_history,,,,,,
R45DD8B8640EE,primary,4,71aa0f26-f20b-45c9-80b3-50c95242964e,request_physical_exam,,,,,,
R45DD8B8640EE,second,4,71aa0f26-f20b-45c9-80b3-50c95242964e,request_physical_exam,,,,,,
R45DD8B8640EE,consensus,4,71aa0f26-f20b-45c9-80b3-50c95242964e,request_physical_exam,,,,,,
R45DD8B8640EE,primary,5,b718d364-acf5-44a3-a31e-6fd1be874e6d,request_lab,,,,,,
R45DD8B8640EE,second,5,b718d364-acf5-44a3-a31e-6fd1be874e6d,request_lab,,,,,,
R45DD8B8640EE,consensus,5,b718d364-acf5-44a3-a31e-6fd1be874e6d,request_lab,,,,,,
R45DD8B8640EE,primary,6,f764a2a7-c536-4a61-bffe-1918b3605776,plan_reason,,,,,,
R45DD8B8640EE,second,6,f764a2a7-c536-4a61-bffe-1918b3605776,plan_reason,,,,,,
R45DD8B8640EE,consensus,6,f764a2a7-c536-4a61-bffe-1918b3605776,plan_reason,,,,,,
R45DD8B8640EE,primary,7,69e86667-08a3-49fd-a213-1c3f486e22b9,request_procedure,,,,,,
R45DD8B8640EE,second,7,69e86667-08a3-49fd-a213-1c3f486e22b9,request_procedure,,,,,,
R45DD8B8640EE,consensus,7,69e86667-08a3-49fd-a213-1c3f486e22b9,request_procedure,,,,,,
R45DD8B8640EE,primary,8,1087944a-42d6-4132-89dd-f993cb2521d1,final_diagnosis,,,,,,
R45DD8B8640EE,second,8,1087944a-42d6-4132-89dd-f993cb2521d1,final_diagnosis,,,,,,
R45DD8B8640EE,consensus,8,1087944a-42d6-4132-89dd-f993cb2521d1,final_diagnosis,,,,,,
R45DD8B8640EE,primary,9,ab871e0e-62d1-4a59-84fc-0ece5e5ce600,disposition,,,,,,
R45DD8B8640EE,second,9,ab871e0e-62d1-4a59-84fc-0ece5e5ce600,disposition,,,,,,
R45DD8B8640EE,consensus,9,ab871e0e-62d1-4a59-84fc-0ece5e5ce600,disposition,,,,,,
R45DD8B8640EE,primary,10,3e195a61-8581-491a-8749-00e4132cb8cc,ask_history,,,,,,
R45DD8B8640EE,second,10,3e195a61-8581-491a-8749-00e4132cb8cc,ask_history,,,,,,
R45DD8B8640EE,consensus,10,3e195a61-8581-491a-8749-00e4132cb8cc,ask_history,,,,,,
R45DD8B8640EE,primary,11,a6828e4e-d23d-4612-a2a9-bf3be8267095,request_physical_exam,,,,,,
R45DD8B8640EE,second,11,a6828e4e-d23d-4612-a2a9-bf3be8267095,request_physical_exam,,,,,,
R45DD8B8640EE,consensus,11,a6828e4e-d23d-4612-a2a9-bf3be8267095,request_physical_exam,,,,,,
R45DD8B8640EE,primary,12,233aaec3-e626-4231-ad20-3b623bc80442,ask_history,,,,,,
R45DD8B8640EE,second,12,233aaec3-e626-4231-ad20-3b623bc80442,ask_history,,,,,,
R45DD8B8640EE,consensus,12,233aaec3-e626-4231-ad20-3b623bc80442,ask_history,,,,,,
R45DD8B8640EE,primary,13,cd03b125-fe50-4541-9e4b-e86d1b490ec0,request_physical_exam,,,,,,
R45DD8B8640EE,second,13,cd03b125-fe50-4541-9e4b-e86d1b490ec0,request_physical_exam,,,,,,
R45DD8B8640EE,consensus,13,cd03b125-fe50-4541-9e4b-e86d1b490ec0,request_physical_exam,,,,,,
R45DD8B8640EE,primary,14,1264a205-34aa-4de2-a300-1c00423b4446,request_lab,,,,,,
R45DD8B8640EE,second,14,1264a205-34aa-4de2-a300-1c00423b4446,request_lab,,,,,,
R45DD8B8640EE,consensus,14,1264a205-34aa-4de2-a300-1c00423b4446,request_lab,,,,,,
R45DD8B8640EE,primary,15,d4308216-67d2-4a98-8ce8-05d17cfcfee2,plan_reason,,,,,,
R45DD8B8640EE,second,15,d4308216-67d2-4a98-8ce8-05d17cfcfee2,plan_reason,,,,,,
R45DD8B8640EE,consensus,15,d4308216-67d2-4a98-8ce8-05d17cfcfee2,plan_reason,,,,,,
R45DD8B8640EE,primary,16,3795716f-df32-4d4f-8b1e-0ed726808867,request_procedure,,,,,,
R45DD8B8640EE,second,16,3795716f-df32-4d4f-8b1e-0ed726808867,request_procedure,,,,,,
R45DD8B8640EE,consensus,16,3795716f-df32-4d4f-8b1e-0ed726808867,request_procedure,,,,,,
R45DD8B8640EE,primary,17,ccea5468-9b2d-43ca-9ae8-586f3ec9b633,final_diagnosis,,,,,,
R45DD8B8640EE,second,17,ccea5468-9b2d-43ca-9ae8-586f3ec9b633,final_diagnosis,,,,,,
R45DD8B8640EE,consensus,17,ccea5468-9b2d-43ca-9ae8-586f3ec9b633,final_diagnosis,,,,,,
R45DD8B8640EE,primary,18,df26df96-a9d5-4502-9a49-14b17a48bb45,disposition,,,,,,
R45DD8B8640EE,second,18,df26df96-a9d5-4502-9a49-14b17a48bb45,disposition,,,,,,
R45DD8B8640EE,consensus,18,df26df96-a9d5-4502-9a49-14b17a48bb45,disposition,,,,,,
R45DD8B8640EE,primary,19,b8ff393b-32a3-4b7a-b768-10be80d79bed,ask_history,,,,,,
R45DD8B8640EE,second,19,b8ff393b-32a3-4b7a-b768-10be80d79bed,ask_history,,,,,,
R45DD8B8640EE,consensus,19,b8ff393b-32a3-4b7a-b768-10be80d79bed,ask_history,,,,,,
R45DD8B8640EE,primary,20,b97271b6-4872-4a89-95ce-dfee8bc49aa4,request_physical_exam,,,,,,
R45DD8B8640EE,second,20,b97271b6-4872-4a89-95ce-dfee8bc49aa4,request_physical_exam,,,,,,
R45DD8B8640EE,consensus,20,b97271b6-4872-4a89-95ce-dfee8bc49aa4,request_physical_exam,,,,,,
R45DD8B8640EE,primary,21,2184e2b4-0351-4fad-95f5-57402da9c75d,ask_history,,,,,,
R45DD8B8640EE,second,21,2184e2b4-0351-4fad-95f5-57402da9c75d,ask_history,,,,,,
R45DD8B8640EE,consensus,21,2184e2b4-0351-4fad-95f5-57402da9c75d,ask_history,,,,,,
R45DD8B8640EE,primary,22,d3c641e8-19b5-46f8-8c88-c29bb671bc7e,request_physical_exam,,,,,,
R45DD8B8640EE,second,22,d3c641e8-19b5-46f8-8c88-c29bb671bc7e,request_physical_exam,,,,,,
R45DD8B8640EE,consensus,22,d3c641e8-19b5-46f8-8c88-c29bb671bc7e,request_physical_exam,,,,,,
R45DD8B8640EE,primary,23,5b58402d-8b3a-4509-899e-80167d3788a0,request_lab,,,,,,
R45DD8B8640EE,second,23,5b58402d-8b3a-4509-899e-80167d3788a0,request_lab,,,,,,
R45DD8B8640EE,consensus,23,5b58402d-8b3a-4509-899e-80167d3788a0,request_lab,,,,,,
R45DD8B8640EE,primary,24,6454f930-c216-43b9-a04b-c35968a12116,plan_reason,,,,,,
R45DD8B8640EE,second,24,6454f930-c216-43b9-a04b-c35968a12116,plan_reason,,,,,,
R45DD8B8640EE,consensus,24,6454f930-c216-43b9-a04b-c35968a12116,plan_reason,,,,,,
R45DD8B8640EE,primary,25,ba4f0fe8-f123-40da-a208-559df18f4a18,request_procedure,,,,,,
R45DD8B8640EE,second,25,ba4f0fe8-f123-40da-a208-559df18f4a18,request_procedure,,,,,,
R45DD8B8640EE,consensus,25,ba4f0fe8-f123-40da-a208-559df18f4a18,request_procedure,,,,,,
R45DD8B8640EE,primary,26,741f4d4d-0d65-419f-9a7a-8ee31124a5a2,final_diagnosis,,,,,,
R45DD8B8640EE,second,26,741f4d4d-0d65-419f-9a7a-8ee31124a5a2,final_diagnosis,,,,,,
R45DD8B8640EE,consensus,26,741f4d4d-0d65-419f-9a7a-8ee31124a5a2,final_diagnosis,,,,,,
R45DD8B8640EE,primary,27,fbb75f41-3735-48a1-9b7b-935728c32f3f,disposition,,,,,,
R45DD8B8640EE,second,27,fbb75f41-3735-48a1-9b7b-935728c32f3f,disposition,,,,,,
R45DD8B8640EE,consensus,27,fbb75f41-3735-48a1-9b7b-935728c32f3f,disposition,,,,,,
R45DD8B8640EE,primary,28,98fec487-e9b2-49f7-ac65-1e47bcfa073b,ask_history,,,,,,
R45DD8B8640EE,second,28,98fec487-e9b2-49f7-ac65-1e47bcfa073b,ask_history,,,,,,
R45DD8B8640EE,consensus,28,98fec487-e9b2-49f7-ac65-1e47bcfa073b,ask_history,,,,,,
R45DD8B8640EE,primary,29,efbf89bc-c6a0-42db-b16e-53cc4653395e,request_physical_exam,,,,,,
R45DD8B8640EE,second,29,efbf89bc-c6a0-42db-b16e-53cc4653395e,request_physical_exam,,,,,,
R45DD8B8640EE,consensus,29,efbf89bc-c6a0-42db-b16e-53cc4653395e,request_physical_exam,,,,,,
R45DD8B8640EE,primary,30,1738affb-b0e6-417f-86a8-0c83bf138b6c,ask_history,,,,,,
R45DD8B8640EE,second,30,1738affb-b0e6-417f-86a8-0c83bf138b6c,ask_history,,,,,,
R45DD8B8640EE,consensus,30,1738affb-b0e6-417f-86a8-0c83bf138b6c,ask_history,,,,,,
R45DD8B8640EE,primary,31,e0354be5-e086-472d-82d8-4e406ad7fea9,request_physical_exam,,,,,,
R45DD8B8640EE,second,31,e0354be5-e086-472d-82d8-4e406ad7fea9,request_physical_exam,,,,,,
R45DD8B8640EE,consensus,31,e0354be5-e086-472d-82d8-4e406ad7fea9,request_physical_exam,,,,,,
R45DD8B8640EE,primary,32,0b5781d0-6818-4d0b-aee6-326a48bf5af8,request_lab,,,,,,
R45DD8B8640EE,second,32,0b5781d0-6818-4d0b-aee6-326a48bf5af8,request_lab,,,,,,
R45DD8B8640EE,consensus,32,0b5781d0-6818-4d0b-aee6-326a48bf5af8,request_lab,,,,,,
R45DD8B8640EE,primary,33,9a27ede2-9785-4639-ba80-a18f274210dc,plan_reason,,,,,,
R45DD8B8640EE,second,33,9a27ede2-9785-4639-ba80-a18f274210dc,plan_reason,,,,,,
R45DD8B8640EE,consensus,33,9a27ede2-9785-4639-ba80-a18f274210dc,plan_reason,,,,,,
R45DD8B8640EE,primary,34,27565969-cbbe-47e0-8562-69886e7ce17e,request_procedure,,,,,,
R45DD8B8640EE,second,34,27565969-cbbe-47e0-8562-69886e7ce17e,request_procedure,,,,,,
R45DD8B8640EE,consensus,34,27565969-cbbe-47e0-8562-69886e7ce17e,request_procedure,,,,,,
R45DD8B8640EE,primary,35,3b89ee8d-2985-46cb-87ca-5075e59457a7,final_diagnosis,,,,,,
R45DD8B8640EE,second,35,3b89ee8d-2985-46cb-87ca-5075e59457a7,final_diagnosis,,,,,,
R45DD8B8640EE,consensus,35,3b89ee8d-2985-46cb-87ca-5075e59457a7,final_diagnosis,,,,,,
R45DD8B8640EE,primary,36,9c086848-1be6-4680-bcc7-4aa5df5494d4,disposition,,,,,,
R45DD8B8640EE,second,36,9c086848-1be6-4680-bcc7-4aa5df5494d4,disposition,,,,,,
R45DD8B8640EE,consensus,36,9c086848-1be6-4680-bcc7-4aa5df5494d4,disposition,,,,,,
R45DD8B8640EE,primary,37,d6faa1df-c201-42be-b8e7-53615aaf4f68,ask_history,,,,,,
R45DD8B8640EE,second,37,d6faa1df-c201-42be-b8e7-53615aaf4f68,ask_history,,,,,,
R45DD8B8640EE,consensus,37,d6faa1df-c201-42be-b8e7-53615aaf4f68,ask_history,,,,,,
R45DD8B8640EE,primary,38,538104c5-a12f-48d8-a415-d2adbd1046fb,request_physical_exam,,,,,,
R45DD8B8640EE,second,38,538104c5-a12f-48d8-a415-d2adbd1046fb,request_physical_exam,,,,,,
R45DD8B8640EE,consensus,38,538104c5-a12f-48d8-a415-d2adbd1046fb,request_physical_exam,,,,,,
R45DD8B8640EE,primary,39,7d070a12-6464-466e-a16a-e1ae283b6a76,ask_history,,,,,,
R45DD8B8640EE,second,39,7d070a12-6464-466e-a16a-e1ae283b6a76,ask_history,,,,,,
R45DD8B8640EE,consensus,39,7d070a12-6464-466e-a16a-e1ae283b6a76,ask_history,,,,,,
R45DD8B8640EE,primary,40,3647692b-2402-4a63-a36e-8f025e1b32ab,request_physical_exam,,,,,,
R45DD8B8640EE,second,40,3647692b-2402-4a63-a36e-8f025e1b32ab,request_physical_exam,,,,,,
R45DD8B8640EE,consensus,40,3647692b-2402-4a63-a36e-8f025e1b32ab,request_physical_exam,,,,,,
R37275438C710,primary,1,d0723b73-dd93-406c-a6e2-c6f87e7c930e,request_physical_exam,,,,,,
R37275438C710,second,1,d0723b73-dd93-406c-a6e2-c6f87e7c930e,request_physical_exam,,,,,,
R37275438C710,consensus,1,d0723b73-dd93-406c-a6e2-c6f87e7c930e,request_physical_exam,,,,,,
R37275438C710,primary,2,7bb7213a-c961-41c0-bb90-3e7234e75ba9,request_lab,,,,,,
R37275438C710,second,2,7bb7213a-c961-41c0-bb90-3e7234e75ba9,request_lab,,,,,,
R37275438C710,consensus,2,7bb7213a-c961-41c0-bb90-3e7234e75ba9,request_lab,,,,,,
R37275438C710,primary,3,15bfdcf5-dd17-454f-9d03-d02ac3c4d981,ask_history,,,,,,
R37275438C710,second,3,15bfdcf5-dd17-454f-9d03-d02ac3c4d981,ask_history,,,,,,
R37275438C710,consensus,3,15bfdcf5-dd17-454f-9d03-d02ac3c4d981,ask_history,,,,,,
R37275438C710,primary,4,2114b2dc-f733-4a81-835d-772678427621,request_imaging,,,,,,
R37275438C710,second,4,2114b2dc-f733-4a81-835d-772678427621,request_imaging,,,,,,
R37275438C710,consensus,4,2114b2dc-f733-4a81-835d-772678427621,request_imaging,,,,,,
R37275438C710,primary,5,eeab1ee0-727f-4a8c-9409-ccd2b9a7d2cc,request_imaging,,,,,,
R37275438C710,second,5,eeab1ee0-727f-4a8c-9409-ccd2b9a7d2cc,request_imaging,,,,,,
R37275438C710,consensus,5,eeab1ee0-727f-4a8c-9409-ccd2b9a7d2cc,request_imaging,,,,,,
R37275438C710,primary,6,325ae35f-4321-4687-87f5-ca9ddd16e1cd,request_lab,,,,,,
R37275438C710,second,6,325ae35f-4321-4687-87f5-ca9ddd16e1cd,request_lab,,,,,,
R37275438C710,consensus,6,325ae35f-4321-4687-87f5-ca9ddd16e1cd,request_lab,,,,,,
R37275438C710,primary,7,149ea55f-8943-41df-ad68-a30e62483a4b,request_imaging,,,,,,
R37275438C710,second,7,149ea55f-8943-41df-ad68-a30e62483a4b,request_imaging,,,,,,
R37275438C710,consensus,7,149ea55f-8943-41df-ad68-a30e62483a4b,request_imaging,,,,,,
R37275438C710,primary,8,99015ce3-df8c-4516-8bef-a7f909a106de,plan_reason,,,,,,
R37275438C710,second,8,99015ce3-df8c-4516-8bef-a7f909a106de,plan_reason,,,,,,
R37275438C710,consensus,8,99015ce3-df8c-4516-8bef-a7f909a106de,plan_reason,,,,,,
R37275438C710,primary,9,6f7f9f8a-f950-48e3-b8b3-244fe0fc3198,request_procedure,,,,,,
R37275438C710,second,9,6f7f9f8a-f950-48e3-b8b3-244fe0fc3198,request_procedure,,,,,,
R37275438C710,consensus,9,6f7f9f8a-f950-48e3-b8b3-244fe0fc3198,request_procedure,,,,,,
R37275438C710,primary,10,514ecff9-2e2e-4afc-bc05-7df9c934ff67,request_lab,,,,,,
R37275438C710,second,10,514ecff9-2e2e-4afc-bc05-7df9c934ff67,request_lab,,,,,,
R37275438C710,consensus,10,514ecff9-2e2e-4afc-bc05-7df9c934ff67,request_lab,,,,,,
R37275438C710,primary,11,ca715ec9-7abe-4b7e-8a7b-8f5d60f98966,final_diagnosis,,,,,,
R37275438C710,second,11,ca715ec9-7abe-4b7e-8a7b-8f5d60f98966,final_diagnosis,,,,,,
R37275438C710,consensus,11,ca715ec9-7abe-4b7e-8a7b-8f5d60f98966,final_diagnosis,,,,,,
R37275438C710,primary,12,590489e6-54ed-4deb-ba57-6bcd778f6be9,disposition,,,,,,
R37275438C710,second,12,590489e6-54ed-4deb-ba57-6bcd778f6be9,disposition,,,,,,
R37275438C710,consensus,12,590489e6-54ed-4deb-ba57-6bcd778f6be9,disposition,,,,,,
R9B3A8E533086,primary,1,0a794376-3d44-4ccb-91aa-df02efad211d,ask_history,,,,,,
R9B3A8E533086,second,1,0a794376-3d44-4ccb-91aa-df02efad211d,ask_history,,,,,,
R9B3A8E533086,consensus,1,0a794376-3d44-4ccb-91aa-df02efad211d,ask_history,,,,,,
R9B3A8E533086,primary,2,fe183562-2942-4c25-8775-f8639889096e,ask_history,,,,,,
R9B3A8E533086,second,2,fe183562-2942-4c25-8775-f8639889096e,ask_history,,,,,,
R9B3A8E533086,consensus,2,fe183562-2942-4c25-8775-f8639889096e,ask_history,,,,,,
R9B3A8E533086,primary,3,b0bc03e4-e954-436e-b0ad-812077768a09,ask_history,,,,,,
R9B3A8E533086,second,3,b0bc03e4-e954-436e-b0ad-812077768a09,ask_history,,,,,,
R9B3A8E533086,consensus,3,b0bc03e4-e954-436e-b0ad-812077768a09,ask_history,,,,,,
R9B3A8E533086,primary,4,b701cad2-3c98-4b11-b2fa-ed55a7d006a5,request_physical_exam,,,,,,
R9B3A8E533086,second,4,b701cad2-3c98-4b11-b2fa-ed55a7d006a5,request_physical_exam,,,,,,
R9B3A8E533086,consensus,4,b701cad2-3c98-4b11-b2fa-ed55a7d006a5,request_physical_exam,,,,,,
R9B3A8E533086,primary,5,7e1727df-4ee2-4274-a393-54b8b2420f0c,ask_history,,,,,,
R9B3A8E533086,second,5,7e1727df-4ee2-4274-a393-54b8b2420f0c,ask_history,,,,,,
R9B3A8E533086,consensus,5,7e1727df-4ee2-4274-a393-54b8b2420f0c,ask_history,,,,,,
R9B3A8E533086,primary,6,b025ac00-00bd-4d01-b315-7bf214f44e70,plan_reason,,,,,,
R9B3A8E533086,second,6,b025ac00-00bd-4d01-b315-7bf214f44e70,plan_reason,,,,,,
R9B3A8E533086,consensus,6,b025ac00-00bd-4d01-b315-7bf214f44e70,plan_reason,,,,,,
R9B3A8E533086,primary,7,e02a6de0-bff7-4a69-9d36-8a69201725e6,request_imaging,,,,,,
R9B3A8E533086,second,7,e02a6de0-bff7-4a69-9d36-8a69201725e6,request_imaging,,,,,,
R9B3A8E533086,consensus,7,e02a6de0-bff7-4a69-9d36-8a69201725e6,request_imaging,,,,,,
R9B3A8E533086,primary,8,6c7f028b-776f-4e57-9b50-3750b9c0156f,plan_reason,,,,,,
R9B3A8E533086,second,8,6c7f028b-776f-4e57-9b50-3750b9c0156f,plan_reason,,,,,,
R9B3A8E533086,consensus,8,6c7f028b-776f-4e57-9b50-3750b9c0156f,plan_reason,,,,,,
R9B3A8E533086,primary,9,fade7639-3ae9-4049-a9b8-abb0f98e3a32,request_procedure,,,,,,
R9B3A8E533086,second,9,fade7639-3ae9-4049-a9b8-abb0f98e3a32,request_procedure,,,,,,
R9B3A8E533086,consensus,9,fade7639-3ae9-4049-a9b8-abb0f98e3a32,request_procedure,,,,,,
R9B3A8E533086,primary,10,ef7b4bf5-15cb-44d7-8aed-4477d386b11b,final_diagnosis,,,,,,
R9B3A8E533086,second,10,ef7b4bf5-15cb-44d7-8aed-4477d386b11b,final_diagnosis,,,,,,
R9B3A8E533086,consensus,10,ef7b4bf5-15cb-44d7-8aed-4477d386b11b,final_diagnosis,,,,,,
R9B3A8E533086,primary,11,bf0e42c4-c744-4465-86ff-00f66fa6ff0a,disposition,,,,,,
R9B3A8E533086,second,11,bf0e42c4-c744-4465-86ff-00f66fa6ff0a,disposition,,,,,,
R9B3A8E533086,consensus,11,bf0e42c4-c744-4465-86ff-00f66fa6ff0a,disposition,,,,,,
RC015455050E5,primary,1,ddd4236c-6a64-41e2-bf04-53315f4f3e06,request_physical_exam,,,,,,
RC015455050E5,second,1,ddd4236c-6a64-41e2-bf04-53315f4f3e06,request_physical_exam,,,,,,
RC015455050E5,consensus,1,ddd4236c-6a64-41e2-bf04-53315f4f3e06,request_physical_exam,,,,,,
RC015455050E5,primary,2,39e7c387-b6c4-4e60-8ce8-ccba9a23d722,ask_history,,,,,,
RC015455050E5,second,2,39e7c387-b6c4-4e60-8ce8-ccba9a23d722,ask_history,,,,,,
RC015455050E5,consensus,2,39e7c387-b6c4-4e60-8ce8-ccba9a23d722,ask_history,,,,,,
RC015455050E5,primary,3,9e650e38-d8df-4b2f-8786-b068294efe52,request_imaging,,,,,,
RC015455050E5,second,3,9e650e38-d8df-4b2f-8786-b068294efe52,request_imaging,,,,,,
RC015455050E5,consensus,3,9e650e38-d8df-4b2f-8786-b068294efe52,request_imaging,,,,,,
RC015455050E5,primary,4,6f60389e-2820-4b2b-abbd-a12249e5e9b7,request_lab,,,,,,
RC015455050E5,second,4,6f60389e-2820-4b2b-abbd-a12249e5e9b7,request_lab,,,,,,
RC015455050E5,consensus,4,6f60389e-2820-4b2b-abbd-a12249e5e9b7,request_lab,,,,,,
RC015455050E5,primary,5,e22089c9-b246-43e2-8f73-a8b27b3627d6,plan_reason,,,,,,
RC015455050E5,second,5,e22089c9-b246-43e2-8f73-a8b27b3627d6,plan_reason,,,,,,
RC015455050E5,consensus,5,e22089c9-b246-43e2-8f73-a8b27b3627d6,plan_reason,,,,,,
RC015455050E5,primary,6,3d804109-8f95-4dfc-b91a-ec03b72a78e0,request_procedure,,,,,,
RC015455050E5,second,6,3d804109-8f95-4dfc-b91a-ec03b72a78e0,request_procedure,,,,,,
RC015455050E5,consensus,6,3d804109-8f95-4dfc-b91a-ec03b72a78e0,request_procedure,,,,,,
RC015455050E5,primary,7,580e2982-2ebe-43a4-a4af-034a3431970a,final_diagnosis,,,,,,
RC015455050E5,second,7,580e2982-2ebe-43a4-a4af-034a3431970a,final_diagnosis,,,,,,
RC015455050E5,consensus,7,580e2982-2ebe-43a4-a4af-034a3431970a,final_diagnosis,,,,,,
RC015455050E5,primary,8,08a1a9e7-c85d-4e25-b07f-cd5eef185b06,disposition,,,,,,
RC015455050E5,second,8,08a1a9e7-c85d-4e25-b07f-cd5eef185b06,disposition,,,,,,
RC015455050E5,consensus,8,08a1a9e7-c85d-4e25-b07f-cd5eef185b06,disposition,,,,,,
R2D4FB3C454C0,primary,1,bbb8434d-2821-4011-bc4f-3b0339443494,request_physical_exam,,,,,,
R2D4FB3C454C0,second,1,bbb8434d-2821-4011-bc4f-3b0339443494,request_physical_exam,,,,,,
R2D4FB3C454C0,consensus,1,bbb8434d-2821-4011-bc4f-3b0339443494,request_physical_exam,,,,,,
R2D4FB3C454C0,primary,2,de184c4f-d50c-463a-8cd1-8957edbdc63e,request_lab,,,,,,
R2D4FB3C454C0,second,2,de184c4f-d50c-463a-8cd1-8957edbdc63e,request_lab,,,,,,
R2D4FB3C454C0,consensus,2,de184c4f-d50c-463a-8cd1-8957edbdc63e,request_lab,,,,,,
R2D4FB3C454C0,primary,3,c4585be8-2a01-4407-8be4-3dfb88917c5d,ask_history,,,,,,
R2D4FB3C454C0,second,3,c4585be8-2a01-4407-8be4-3dfb88917c5d,ask_history,,,,,,
R2D4FB3C454C0,consensus,3,c4585be8-2a01-4407-8be4-3dfb88917c5d,ask_history,,,,,,
R2D4FB3C454C0,primary,4,c86d24eb-97fb-433d-9e74-3e3b529553ae,ask_history,,,,,,
R2D4FB3C454C0,second,4,c86d24eb-97fb-433d-9e74-3e3b529553ae,ask_history,,,,,,
R2D4FB3C454C0,consensus,4,c86d24eb-97fb-433d-9e74-3e3b529553ae,ask_history,,,,,,
R2D4FB3C454C0,primary,5,cbd8b0a0-94be-46df-bdc6-8be1181ff55e,request_physical_exam,,,,,,
R2D4FB3C454C0,second,5,cbd8b0a0-94be-46df-bdc6-8be1181ff55e,request_physical_exam,,,,,,
R2D4FB3C454C0,consensus,5,cbd8b0a0-94be-46df-bdc6-8be1181ff55e,request_physical_exam,,,,,,
R2D4FB3C454C0,primary,6,105b2a84-eaff-4bfb-bdfd-96d51543abcb,request_lab,,,,,,
R2D4FB3C454C0,second,6,105b2a84-eaff-4bfb-bdfd-96d51543abcb,request_lab,,,,,,
R2D4FB3C454C0,consensus,6,105b2a84-eaff-4bfb-bdfd-96d51543abcb,request_lab,,,,,,
R2D4FB3C454C0,primary,7,cd95a747-fa28-42c3-8ff4-c4bf235f9af3,plan_reason,,,,,,
R2D4FB3C454C0,second,7,cd95a747-fa28-42c3-8ff4-c4bf235f9af3,plan_reason,,,,,,
R2D4FB3C454C0,consensus,7,cd95a747-fa28-42c3-8ff4-c4bf235f9af3,plan_reason,,,,,,
R2D4FB3C454C0,primary,8,1f0016c8-dd29-4932-b7af-d74e4bd70f64,request_lab,,,,,,
R2D4FB3C454C0,second,8,1f0016c8-dd29-4932-b7af-d74e4bd70f64,request_lab,,,,,,
R2D4FB3C454C0,consensus,8,1f0016c8-dd29-4932-b7af-d74e4bd70f64,request_lab,,,,,,
R2D4FB3C454C0,primary,9,13f54350-4258-4b73-9249-4e8baa7fe323,request_procedure,,,,,,
R2D4FB3C454C0,second,9,13f54350-4258-4b73-9249-4e8baa7fe323,request_procedure,,,,,,
R2D4FB3C454C0,consensus,9,13f54350-4258-4b73-9249-4e8baa7fe323,request_procedure,,,,,,
R2D4FB3C454C0,primary,10,c4d8c648-e098-4451-8bd2-c7ab0fbed4e7,request_lab,,,,,,
R2D4FB3C454C0,second,10,c4d8c648-e098-4451-8bd2-c7ab0fbed4e7,request_lab,,,,,,
R2D4FB3C454C0,consensus,10,c4d8c648-e098-4451-8bd2-c7ab0fbed4e7,request_lab,,,,,,
R2D4FB3C454C0,primary,11,da2235de-820b-439b-868a-2a52830894ae,request_imaging,,,,,,
R2D4FB3C454C0,second,11,da2235de-820b-439b-868a-2a52830894ae,request_imaging,,,,,,
R2D4FB3C454C0,consensus,11,da2235de-820b-439b-868a-2a52830894ae,request_imaging,,,,,,
R2D4FB3C454C0,primary,12,95871b3d-20bd-4791-bf64-6d03b1927151,request_procedure,,,,,,
R2D4FB3C454C0,second,12,95871b3d-20bd-4791-bf64-6d03b1927151,request_procedure,,,,,,
R2D4FB3C454C0,consensus,12,95871b3d-20bd-4791-bf64-6d03b1927151,request_procedure,,,,,,
R2D4FB3C454C0,primary,13,2f06913c-8da6-4780-824c-6f2616166fca,ask_history,,,,,,
R2D4FB3C454C0,second,13,2f06913c-8da6-4780-824c-6f2616166fca,ask_history,,,,,,
R2D4FB3C454C0,consensus,13,2f06913c-8da6-4780-824c-6f2616166fca,ask_history,,,,,,
R2D4FB3C454C0,primary,14,bcf4855e-791c-4412-a056-1aaa61b02441,request_lab,,,,,,
R2D4FB3C454C0,second,14,bcf4855e-791c-4412-a056-1aaa61b02441,request_lab,,,,,,
R2D4FB3C454C0,consensus,14,bcf4855e-791c-4412-a056-1aaa61b02441,request_lab,,,,,,
R2D4FB3C454C0,primary,15,e591e41b-c415-4f46-b3a0-70a1ed9c7c6d,request_imaging,,,,,,
R2D4FB3C454C0,second,15,e591e41b-c415-4f46-b3a0-70a1ed9c7c6d,request_imaging,,,,,,
R2D4FB3C454C0,consensus,15,e591e41b-c415-4f46-b3a0-70a1ed9c7c6d,request_imaging,,,,,,
R2D4FB3C454C0,primary,16,4bc3e87f-e25d-4684-8f38-142df02bc452,ask_history,,,,,,
R2D4FB3C454C0,second,16,4bc3e87f-e25d-4684-8f38-142df02bc452,ask_history,,,,,,
R2D4FB3C454C0,consensus,16,4bc3e87f-e25d-4684-8f38-142df02bc452,ask_history,,,,,,
R2D4FB3C454C0,primary,17,4effd4fa-e97d-49cb-a572-57aa474d21ea,request_imaging,,,,,,
R2D4FB3C454C0,second,17,4effd4fa-e97d-49cb-a572-57aa474d21ea,request_imaging,,,,,,
R2D4FB3C454C0,consensus,17,4effd4fa-e97d-49cb-a572-57aa474d21ea,request_imaging,,,,,,
R2D4FB3C454C0,primary,18,b5c55f6f-f711-4dcf-8c74-48dacbf192dd,ask_history,,,,,,
R2D4FB3C454C0,second,18,b5c55f6f-f711-4dcf-8c74-48dacbf192dd,ask_history,,,,,,
R2D4FB3C454C0,consensus,18,b5c55f6f-f711-4dcf-8c74-48dacbf192dd,ask_history,,,,,,
R2D4FB3C454C0,primary,19,ed62dcf7-88b7-436f-a8a3-d979df7630f5,request_lab,,,,,,
R2D4FB3C454C0,second,19,ed62dcf7-88b7-436f-a8a3-d979df7630f5,request_lab,,,,,,
R2D4FB3C454C0,consensus,19,ed62dcf7-88b7-436f-a8a3-d979df7630f5,request_lab,,,,,,
R2D4FB3C454C0,primary,20,fc1438ca-cf43-40e6-b9d6-33377c2c6211,prescribe_medication,,,,,,
R2D4FB3C454C0,second,20,fc1438ca-cf43-40e6-b9d6-33377c2c6211,prescribe_medication,,,,,,
R2D4FB3C454C0,consensus,20,fc1438ca-cf43-40e6-b9d6-33377c2c6211,prescribe_medication,,,,,,
R2D4FB3C454C0,primary,21,2a946752-376e-4763-b019-c27191ab3f2b,ask_history,,,,,,
R2D4FB3C454C0,second,21,2a946752-376e-4763-b019-c27191ab3f2b,ask_history,,,,,,
R2D4FB3C454C0,consensus,21,2a946752-376e-4763-b019-c27191ab3f2b,ask_history,,,,,,
R2D4FB3C454C0,primary,22,90098005-3d00-4e18-98f9-30cc9e404860,request_lab,,,,,,
R2D4FB3C454C0,second,22,90098005-3d00-4e18-98f9-30cc9e404860,request_lab,,,,,,
R2D4FB3C454C0,consensus,22,90098005-3d00-4e18-98f9-30cc9e404860,request_lab,,,,,,
R2D4FB3C454C0,primary,23,484166d2-dca5-4de9-aa68-99afa0906486,final_diagnosis,,,,,,
R2D4FB3C454C0,second,23,484166d2-dca5-4de9-aa68-99afa0906486,final_diagnosis,,,,,,
R2D4FB3C454C0,consensus,23,484166d2-dca5-4de9-aa68-99afa0906486,final_diagnosis,,,,,,
R2D4FB3C454C0,primary,24,ad9b0bfb-c988-4b58-8c89-3ebc246ba019,disposition,,,,,,
R2D4FB3C454C0,second,24,ad9b0bfb-c988-4b58-8c89-3ebc246ba019,disposition,,,,,,
R2D4FB3C454C0,consensus,24,ad9b0bfb-c988-4b58-8c89-3ebc246ba019,disposition,,,,,,
RFB1CCDDDF8F5,primary,1,d2c5e4e8-b0df-4621-a6fa-2fa0989db3a2,ask_history,,,,,,
RFB1CCDDDF8F5,second,1,d2c5e4e8-b0df-4621-a6fa-2fa0989db3a2,ask_history,,,,,,
RFB1CCDDDF8F5,consensus,1,d2c5e4e8-b0df-4621-a6fa-2fa0989db3a2,ask_history,,,,,,
RFB1CCDDDF8F5,primary,2,beaee5a6-823e-4341-8a36-f69c6fb62cce,ask_history,,,,,,
RFB1CCDDDF8F5,second,2,beaee5a6-823e-4341-8a36-f69c6fb62cce,ask_history,,,,,,
RFB1CCDDDF8F5,consensus,2,beaee5a6-823e-4341-8a36-f69c6fb62cce,ask_history,,,,,,
RFB1CCDDDF8F5,primary,3,5bdb2c97-50f0-4b5c-86ef-89f327d61e27,ask_history,,,,,,
RFB1CCDDDF8F5,second,3,5bdb2c97-50f0-4b5c-86ef-89f327d61e27,ask_history,,,,,,
RFB1CCDDDF8F5,consensus,3,5bdb2c97-50f0-4b5c-86ef-89f327d61e27,ask_history,,,,,,
RFB1CCDDDF8F5,primary,4,4b1998ee-4e3b-4f0d-87bb-c627a085c48e,request_physical_exam,,,,,,
RFB1CCDDDF8F5,second,4,4b1998ee-4e3b-4f0d-87bb-c627a085c48e,request_physical_exam,,,,,,
RFB1CCDDDF8F5,consensus,4,4b1998ee-4e3b-4f0d-87bb-c627a085c48e,request_physical_exam,,,,,,
RFB1CCDDDF8F5,primary,5,71905911-9cd6-45c1-8ca6-1152fad63974,plan_reason,,,,,,
RFB1CCDDDF8F5,second,5,71905911-9cd6-45c1-8ca6-1152fad63974,plan_reason,,,,,,
RFB1CCDDDF8F5,consensus,5,71905911-9cd6-45c1-8ca6-1152fad63974,plan_reason,,,,,,
RFB1CCDDDF8F5,primary,6,5b24cf42-0ca7-4916-850d-f7d3ff535da2,request_imaging,,,,,,
RFB1CCDDDF8F5,second,6,5b24cf42-0ca7-4916-850d-f7d3ff535da2,request_imaging,,,,,,
RFB1CCDDDF8F5,consensus,6,5b24cf42-0ca7-4916-850d-f7d3ff535da2,request_imaging,,,,,,
RFB1CCDDDF8F5,primary,7,d7929154-d41b-49b2-bda7-3b743f466934,plan_reason,,,,,,
RFB1CCDDDF8F5,second,7,d7929154-d41b-49b2-bda7-3b743f466934,plan_reason,,,,,,
RFB1CCDDDF8F5,consensus,7,d7929154-d41b-49b2-bda7-3b743f466934,plan_reason,,,,,,
RFB1CCDDDF8F5,primary,8,faae90ac-dfa3-4534-b55c-b887ff96bc62,request_procedure,,,,,,
RFB1CCDDDF8F5,second,8,faae90ac-dfa3-4534-b55c-b887ff96bc62,request_procedure,,,,,,
RFB1CCDDDF8F5,consensus,8,faae90ac-dfa3-4534-b55c-b887ff96bc62,request_procedure,,,,,,
RFB1CCDDDF8F5,primary,9,b03645be-c1bc-4a8c-b8dc-3482a0eac5e6,prescribe_medication,,,,,,
RFB1CCDDDF8F5,second,9,b03645be-c1bc-4a8c-b8dc-3482a0eac5e6,prescribe_medication,,,,,,
RFB1CCDDDF8F5,consensus,9,b03645be-c1bc-4a8c-b8dc-3482a0eac5e6,prescribe_medication,,,,,,
RFB1CCDDDF8F5,primary,10,ce1be754-b6d7-40f6-bf6e-aec50d4dacd8,final_diagnosis,,,,,,
RFB1CCDDDF8F5,second,10,ce1be754-b6d7-40f6-bf6e-aec50d4dacd8,final_diagnosis,,,,,,
RFB1CCDDDF8F5,consensus,10,ce1be754-b6d7-40f6-bf6e-aec50d4dacd8,final_diagnosis,,,,,,
RFB1CCDDDF8F5,primary,11,f908ac5c-94c8-4697-8453-bcc2547989b8,disposition,,,,,,
RFB1CCDDDF8F5,second,11,f908ac5c-94c8-4697-8453-bcc2547989b8,disposition,,,,,,
RFB1CCDDDF8F5,consensus,11,f908ac5c-94c8-4697-8453-bcc2547989b8,disposition,,,,,,
R7E1A7D63FDAA,primary,1,260b0288-9353-4f63-80af-bad94acca9ef,plan_reason,,,,,,
R7E1A7D63FDAA,second,1,260b0288-9353-4f63-80af-bad94acca9ef,plan_reason,,,,,,
R7E1A7D63FDAA,consensus,1,260b0288-9353-4f63-80af-bad94acca9ef,plan_reason,,,,,,
R7E1A7D63FDAA,primary,2,304f129b-e840-47b9-9cdc-71b792062a66,request_physical_exam,,,,,,
R7E1A7D63FDAA,second,2,304f129b-e840-47b9-9cdc-71b792062a66,request_physical_exam,,,,,,
R7E1A7D63FDAA,consensus,2,304f129b-e840-47b9-9cdc-71b792062a66,request_physical_exam,,,,,,
R7E1A7D63FDAA,primary,3,ba13685d-5cdd-4868-8248-6c648c0010f5,request_lab,,,,,,
R7E1A7D63FDAA,second,3,ba13685d-5cdd-4868-8248-6c648c0010f5,request_lab,,,,,,
R7E1A7D63FDAA,consensus,3,ba13685d-5cdd-4868-8248-6c648c0010f5,request_lab,,,,,,
R7E1A7D63FDAA,primary,4,42f84c92-5ae1-42e6-b4a0-62e64f395d94,request_imaging,,,,,,
R7E1A7D63FDAA,second,4,42f84c92-5ae1-42e6-b4a0-62e64f395d94,request_imaging,,,,,,
R7E1A7D63FDAA,consensus,4,42f84c92-5ae1-42e6-b4a0-62e64f395d94,request_imaging,,,,,,
R7E1A7D63FDAA,primary,5,a1d5040d-c78b-46af-8390-38d157265c2f,plan_reason,,,,,,
R7E1A7D63FDAA,second,5,a1d5040d-c78b-46af-8390-38d157265c2f,plan_reason,,,,,,
R7E1A7D63FDAA,consensus,5,a1d5040d-c78b-46af-8390-38d157265c2f,plan_reason,,,,,,
R7E1A7D63FDAA,primary,6,820e00b2-776e-4d08-a6d8-520c06ab5348,final_diagnosis,,,,,,
R7E1A7D63FDAA,second,6,820e00b2-776e-4d08-a6d8-520c06ab5348,final_diagnosis,,,,,,
R7E1A7D63FDAA,consensus,6,820e00b2-776e-4d08-a6d8-520c06ab5348,final_diagnosis,,,,,,
R7E1A7D63FDAA,primary,7,28b8af4f-5ac7-40db-8da0-2c462939d4d0,disposition,,,,,,
R7E1A7D63FDAA,second,7,28b8af4f-5ac7-40db-8da0-2c462939d4d0,disposition,,,,,,
R7E1A7D63FDAA,consensus,7,28b8af4f-5ac7-40db-8da0-2c462939d4d0,disposition,,,,,,
R70C560A488F5,primary,1,7150986d-dd87-42a8-8432-64547ff8690e,ask_history,,,,,,
R70C560A488F5,second,1,7150986d-dd87-42a8-8432-64547ff8690e,ask_history,,,,,,
R70C560A488F5,consensus,1,7150986d-dd87-42a8-8432-64547ff8690e,ask_history,,,,,,
R70C560A488F5,primary,2,6ce1d4d1-0211-4c00-8e2b-82227ec66479,ask_history,,,,,,
R70C560A488F5,second,2,6ce1d4d1-0211-4c00-8e2b-82227ec66479,ask_history,,,,,,
R70C560A488F5,consensus,2,6ce1d4d1-0211-4c00-8e2b-82227ec66479,ask_history,,,,,,
R70C560A488F5,primary,3,5ce5056f-e8b9-47d9-81c4-30cf2acd1b26,ask_history,,,,,,
R70C560A488F5,second,3,5ce5056f-e8b9-47d9-81c4-30cf2acd1b26,ask_history,,,,,,
R70C560A488F5,consensus,3,5ce5056f-e8b9-47d9-81c4-30cf2acd1b26,ask_history,,,,,,
R70C560A488F5,primary,4,3fef9ff0-6bed-4d06-9ecd-292204769ffe,request_physical_exam,,,,,,
R70C560A488F5,second,4,3fef9ff0-6bed-4d06-9ecd-292204769ffe,request_physical_exam,,,,,,
R70C560A488F5,consensus,4,3fef9ff0-6bed-4d06-9ecd-292204769ffe,request_physical_exam,,,,,,
R70C560A488F5,primary,5,ca2dab4a-7492-4a02-b284-2abc27702344,plan_reason,,,,,,
R70C560A488F5,second,5,ca2dab4a-7492-4a02-b284-2abc27702344,plan_reason,,,,,,
R70C560A488F5,consensus,5,ca2dab4a-7492-4a02-b284-2abc27702344,plan_reason,,,,,,
R70C560A488F5,primary,6,a4a58240-2b36-407d-876b-5b59b868a0a6,request_imaging,,,,,,
R70C560A488F5,second,6,a4a58240-2b36-407d-876b-5b59b868a0a6,request_imaging,,,,,,
R70C560A488F5,consensus,6,a4a58240-2b36-407d-876b-5b59b868a0a6,request_imaging,,,,,,
R70C560A488F5,primary,7,0d74250a-0544-44d4-a9a1-e0a0dac667ef,plan_reason,,,,,,
R70C560A488F5,second,7,0d74250a-0544-44d4-a9a1-e0a0dac667ef,plan_reason,,,,,,
R70C560A488F5,consensus,7,0d74250a-0544-44d4-a9a1-e0a0dac667ef,plan_reason,,,,,,
R70C560A488F5,primary,8,f05dc1fa-3430-431c-994e-322c70c0481b,prescribe_medication,,,,,,
R70C560A488F5,second,8,f05dc1fa-3430-431c-994e-322c70c0481b,prescribe_medication,,,,,,
R70C560A488F5,consensus,8,f05dc1fa-3430-431c-994e-322c70c0481b,prescribe_medication,,,,,,
R70C560A488F5,primary,9,63c58d9c-7122-44cc-8434-310bb04665c3,request_procedure,,,,,,
R70C560A488F5,second,9,63c58d9c-7122-44cc-8434-310bb04665c3,request_procedure,,,,,,
R70C560A488F5,consensus,9,63c58d9c-7122-44cc-8434-310bb04665c3,request_procedure,,,,,,
R70C560A488F5,primary,10,4162e179-a3ed-402f-b7bb-02707ac1aebc,request_procedure,,,,,,
R70C560A488F5,second,10,4162e179-a3ed-402f-b7bb-02707ac1aebc,request_procedure,,,,,,
R70C560A488F5,consensus,10,4162e179-a3ed-402f-b7bb-02707ac1aebc,request_procedure,,,,,,
R70C560A488F5,primary,11,8846897f-07da-4cf7-955e-457290a31138,final_diagnosis,,,,,,
R70C560A488F5,second,11,8846897f-07da-4cf7-955e-457290a31138,final_diagnosis,,,,,,
R70C560A488F5,consensus,11,8846897f-07da-4cf7-955e-457290a31138,final_diagnosis,,,,,,
R70C560A488F5,primary,12,e1572909-9a10-4b14-9923-542993a6b350,disposition,,,,,,
R70C560A488F5,second,12,e1572909-9a10-4b14-9923-542993a6b350,disposition,,,,,,
R70C560A488F5,consensus,12,e1572909-9a10-4b14-9923-542993a6b350,disposition,,,,,,
R4551FD3C7DCC,primary,1,6415265d-abeb-428a-8d0a-f182593d7a4a,request_physical_exam,,,,,,
R4551FD3C7DCC,second,1,6415265d-abeb-428a-8d0a-f182593d7a4a,request_physical_exam,,,,,,
R4551FD3C7DCC,consensus,1,6415265d-abeb-428a-8d0a-f182593d7a4a,request_physical_exam,,,,,,
R4551FD3C7DCC,primary,2,88e76159-e43e-4cb8-b17a-409436aa21de,request_ecg_or_test,,,,,,
R4551FD3C7DCC,second,2,88e76159-e43e-4cb8-b17a-409436aa21de,request_ecg_or_test,,,,,,
R4551FD3C7DCC,consensus,2,88e76159-e43e-4cb8-b17a-409436aa21de,request_ecg_or_test,,,,,,
R4551FD3C7DCC,primary,3,73655940-4fb1-4ae2-8584-a9929051e833,request_lab,,,,,,
R4551FD3C7DCC,second,3,73655940-4fb1-4ae2-8584-a9929051e833,request_lab,,,,,,
R4551FD3C7DCC,consensus,3,73655940-4fb1-4ae2-8584-a9929051e833,request_lab,,,,,,
R4551FD3C7DCC,primary,4,1ea41281-34d7-40fc-85ed-33402842d38c,ask_history,,,,,,
R4551FD3C7DCC,second,4,1ea41281-34d7-40fc-85ed-33402842d38c,ask_history,,,,,,
R4551FD3C7DCC,consensus,4,1ea41281-34d7-40fc-85ed-33402842d38c,ask_history,,,,,,
R4551FD3C7DCC,primary,5,547031bd-c919-471a-b2d6-ca9905a4e51c,request_ecg_or_test,,,,,,
R4551FD3C7DCC,second,5,547031bd-c919-471a-b2d6-ca9905a4e51c,request_ecg_or_test,,,,,,
R4551FD3C7DCC,consensus,5,547031bd-c919-471a-b2d6-ca9905a4e51c,request_ecg_or_test,,,,,,
R4551FD3C7DCC,primary,6,4e2b5ebe-9cf9-4847-8b98-bdfb27d94f13,plan_reason,,,,,,
R4551FD3C7DCC,second,6,4e2b5ebe-9cf9-4847-8b98-bdfb27d94f13,plan_reason,,,,,,
R4551FD3C7DCC,consensus,6,4e2b5ebe-9cf9-4847-8b98-bdfb27d94f13,plan_reason,,,,,,
R4551FD3C7DCC,primary,7,928f5e1e-fe89-45d3-ac79-6597b53c5af8,request_imaging,,,,,,
R4551FD3C7DCC,second,7,928f5e1e-fe89-45d3-ac79-6597b53c5af8,request_imaging,,,,,,
R4551FD3C7DCC,consensus,7,928f5e1e-fe89-45d3-ac79-6597b53c5af8,request_imaging,,,,,,
R4551FD3C7DCC,primary,8,d254d092-f382-4a1f-a51b-a110b7e0669c,request_imaging,,,,,,
R4551FD3C7DCC,second,8,d254d092-f382-4a1f-a51b-a110b7e0669c,request_imaging,,,,,,
R4551FD3C7DCC,consensus,8,d254d092-f382-4a1f-a51b-a110b7e0669c,request_imaging,,,,,,
R4551FD3C7DCC,primary,9,07faccb8-6d0f-45a1-8424-03146f6f76a7,request_lab,,,,,,
R4551FD3C7DCC,second,9,07faccb8-6d0f-45a1-8424-03146f6f76a7,request_lab,,,,,,
R4551FD3C7DCC,consensus,9,07faccb8-6d0f-45a1-8424-03146f6f76a7,request_lab,,,,,,
R4551FD3C7DCC,primary,10,4c1f194e-ebf0-40fb-801e-6b72481542a0,request_physical_exam,,,,,,
R4551FD3C7DCC,second,10,4c1f194e-ebf0-40fb-801e-6b72481542a0,request_physical_exam,,,,,,
R4551FD3C7DCC,consensus,10,4c1f194e-ebf0-40fb-801e-6b72481542a0,request_physical_exam,,,,,,
R4551FD3C7DCC,primary,11,fbb7501b-e949-45b5-878d-6e739469de1e,request_ecg_or_test,,,,,,
R4551FD3C7DCC,second,11,fbb7501b-e949-45b5-878d-6e739469de1e,request_ecg_or_test,,,,,,
R4551FD3C7DCC,consensus,11,fbb7501b-e949-45b5-878d-6e739469de1e,request_ecg_or_test,,,,,,
R4551FD3C7DCC,primary,12,8af3377e-153f-4b49-9fa3-8d4c2decd3d6,prescribe_medication,,,,,,
R4551FD3C7DCC,second,12,8af3377e-153f-4b49-9fa3-8d4c2decd3d6,prescribe_medication,,,,,,
R4551FD3C7DCC,consensus,12,8af3377e-153f-4b49-9fa3-8d4c2decd3d6,prescribe_medication,,,,,,
R4551FD3C7DCC,primary,13,04af7b1b-8e51-4fb9-b60b-39ebb669ba4a,final_diagnosis,,,,,,
R4551FD3C7DCC,second,13,04af7b1b-8e51-4fb9-b60b-39ebb669ba4a,final_diagnosis,,,,,,
R4551FD3C7DCC,consensus,13,04af7b1b-8e51-4fb9-b60b-39ebb669ba4a,final_diagnosis,,,,,,
R4551FD3C7DCC,primary,14,89f8d547-bfaf-44fe-b0e1-1f8ed667b19e,disposition,,,,,,
R4551FD3C7DCC,second,14,89f8d547-bfaf-44fe-b0e1-1f8ed667b19e,disposition,,,,,,
R4551FD3C7DCC,consensus,14,89f8d547-bfaf-44fe-b0e1-1f8ed667b19e,disposition,,,,,,
R04E9D10DA6B9,primary,1,d2cc4799-76cc-46aa-a41b-0640526f5bd7,request_physical_exam,,,,,,
R04E9D10DA6B9,second,1,d2cc4799-76cc-46aa-a41b-0640526f5bd7,request_physical_exam,,,,,,
R04E9D10DA6B9,consensus,1,d2cc4799-76cc-46aa-a41b-0640526f5bd7,request_physical_exam,,,,,,
R04E9D10DA6B9,primary,2,a6d05729-2f59-470c-a579-5e7345392873,ask_history,,,,,,
R04E9D10DA6B9,second,2,a6d05729-2f59-470c-a579-5e7345392873,ask_history,,,,,,
R04E9D10DA6B9,consensus,2,a6d05729-2f59-470c-a579-5e7345392873,ask_history,,,,,,
R04E9D10DA6B9,primary,3,a2224b51-f841-45c2-ba3a-c745b2be539e,request_imaging,,,,,,
R04E9D10DA6B9,second,3,a2224b51-f841-45c2-ba3a-c745b2be539e,request_imaging,,,,,,
R04E9D10DA6B9,consensus,3,a2224b51-f841-45c2-ba3a-c745b2be539e,request_imaging,,,,,,
R04E9D10DA6B9,primary,4,ef880323-3edb-4507-95e9-de64cc1e0e18,plan_reason,,,,,,
R04E9D10DA6B9,second,4,ef880323-3edb-4507-95e9-de64cc1e0e18,plan_reason,,,,,,
R04E9D10DA6B9,consensus,4,ef880323-3edb-4507-95e9-de64cc1e0e18,plan_reason,,,,,,
R04E9D10DA6B9,primary,5,e3f26696-e0f3-4b7c-953b-0910c9cd1d2d,request_lab,,,,,,
R04E9D10DA6B9,second,5,e3f26696-e0f3-4b7c-953b-0910c9cd1d2d,request_lab,,,,,,
R04E9D10DA6B9,consensus,5,e3f26696-e0f3-4b7c-953b-0910c9cd1d2d,request_lab,,,,,,
R04E9D10DA6B9,primary,6,2a6f06c0-b0bf-4ab0-9075-459684d4bf50,request_procedure,,,,,,
R04E9D10DA6B9,second,6,2a6f06c0-b0bf-4ab0-9075-459684d4bf50,request_procedure,,,,,,
R04E9D10DA6B9,consensus,6,2a6f06c0-b0bf-4ab0-9075-459684d4bf50,request_procedure,,,,,,
R04E9D10DA6B9,primary,7,4760f2bb-bfac-4f7f-bc77-40ba8836167b,final_diagnosis,,,,,,
R04E9D10DA6B9,second,7,4760f2bb-bfac-4f7f-bc77-40ba8836167b,final_diagnosis,,,,,,
R04E9D10DA6B9,consensus,7,4760f2bb-bfac-4f7f-bc77-40ba8836167b,final_diagnosis,,,,,,
R04E9D10DA6B9,primary,8,087c68ba-0300-402b-9f08-683b20145f62,disposition,,,,,,
R04E9D10DA6B9,second,8,087c68ba-0300-402b-9f08-683b20145f62,disposition,,,,,,
R04E9D10DA6B9,consensus,8,087c68ba-0300-402b-9f08-683b20145f62,disposition,,,,,,
RD7BD0617F18D,primary,1,c94192c6-e909-4a4a-b608-7570fb635d56,ask_history,,,,,,
RD7BD0617F18D,second,1,c94192c6-e909-4a4a-b608-7570fb635d56,ask_history,,,,,,
RD7BD0617F18D,consensus,1,c94192c6-e909-4a4a-b608-7570fb635d56,ask_history,,,,,,
RD7BD0617F18D,primary,2,baa4dfb2-e49f-45eb-9151-96fa27e04b4e,request_physical_exam,,,,,,
RD7BD0617F18D,second,2,baa4dfb2-e49f-45eb-9151-96fa27e04b4e,request_physical_exam,,,,,,
RD7BD0617F18D,consensus,2,baa4dfb2-e49f-45eb-9151-96fa27e04b4e,request_physical_exam,,,,,,
RD7BD0617F18D,primary,3,ba99d4bf-51f2-405d-9904-64d0339ed6f9,ask_history,,,,,,
RD7BD0617F18D,second,3,ba99d4bf-51f2-405d-9904-64d0339ed6f9,ask_history,,,,,,
RD7BD0617F18D,consensus,3,ba99d4bf-51f2-405d-9904-64d0339ed6f9,ask_history,,,,,,
RD7BD0617F18D,primary,4,ec334240-9099-46c1-bde2-cf30556eb660,request_physical_exam,,,,,,
RD7BD0617F18D,second,4,ec334240-9099-46c1-bde2-cf30556eb660,request_physical_exam,,,,,,
RD7BD0617F18D,consensus,4,ec334240-9099-46c1-bde2-cf30556eb660,request_physical_exam,,,,,,
RD7BD0617F18D,primary,5,b988ae25-5d39-4c6f-9793-2fc4ebc50dd0,ask_history,,,,,,
RD7BD0617F18D,second,5,b988ae25-5d39-4c6f-9793-2fc4ebc50dd0,ask_history,,,,,,
RD7BD0617F18D,consensus,5,b988ae25-5d39-4c6f-9793-2fc4ebc50dd0,ask_history,,,,,,
RD7BD0617F18D,primary,6,5ee3244b-2128-4a49-8927-bbc0e8666f86,request_physical_exam,,,,,,
RD7BD0617F18D,second,6,5ee3244b-2128-4a49-8927-bbc0e8666f86,request_physical_exam,,,,,,
RD7BD0617F18D,consensus,6,5ee3244b-2128-4a49-8927-bbc0e8666f86,request_physical_exam,,,,,,
RD7BD0617F18D,primary,7,60a9f99b-dd23-4568-8742-67c560fcd5a0,plan_reason,,,,,,
RD7BD0617F18D,second,7,60a9f99b-dd23-4568-8742-67c560fcd5a0,plan_reason,,,,,,
RD7BD0617F18D,consensus,7,60a9f99b-dd23-4568-8742-67c560fcd5a0,plan_reason,,,,,,
RD7BD0617F18D,primary,8,1710cb07-d37f-4cf9-bc85-8f7d6bd10371,request_lab,,,,,,
RD7BD0617F18D,second,8,1710cb07-d37f-4cf9-bc85-8f7d6bd10371,request_lab,,,,,,
RD7BD0617F18D,consensus,8,1710cb07-d37f-4cf9-bc85-8f7d6bd10371,request_lab,,,,,,
RD7BD0617F18D,primary,9,cff9da48-1081-4139-9deb-3b67f48512fc,request_lab,,,,,,
RD7BD0617F18D,second,9,cff9da48-1081-4139-9deb-3b67f48512fc,request_lab,,,,,,
RD7BD0617F18D,consensus,9,cff9da48-1081-4139-9deb-3b67f48512fc,request_lab,,,,,,
RD7BD0617F18D,primary,10,7e59a6b2-8903-4ddb-be72-6e6e97bdccad,request_lab,,,,,,
RD7BD0617F18D,second,10,7e59a6b2-8903-4ddb-be72-6e6e97bdccad,request_lab,,,,,,
RD7BD0617F18D,consensus,10,7e59a6b2-8903-4ddb-be72-6e6e97bdccad,request_lab,,,,,,
RD7BD0617F18D,primary,11,ae8f1eba-96b9-4a9b-857b-b3e21efa256f,request_lab,,,,,,
RD7BD0617F18D,second,11,ae8f1eba-96b9-4a9b-857b-b3e21efa256f,request_lab,,,,,,
RD7BD0617F18D,consensus,11,ae8f1eba-96b9-4a9b-857b-b3e21efa256f,request_lab,,,,,,
RD7BD0617F18D,primary,12,17a0bb0b-d9ae-443d-8eba-70ac6969f841,request_lab,,,,,,
RD7BD0617F18D,second,12,17a0bb0b-d9ae-443d-8eba-70ac6969f841,request_lab,,,,,,
RD7BD0617F18D,consensus,12,17a0bb0b-d9ae-443d-8eba-70ac6969f841,request_lab,,,,,,
RD7BD0617F18D,primary,13,33f57255-0845-4f8e-a2a1-bdefc70849ca,request_lab,,,,,,
RD7BD0617F18D,second,13,33f57255-0845-4f8e-a2a1-bdefc70849ca,request_lab,,,,,,
RD7BD0617F18D,consensus,13,33f57255-0845-4f8e-a2a1-bdefc70849ca,request_lab,,,,,,
RD7BD0617F18D,primary,14,74f20d46-0f48-48cc-b8f5-7e2c8a1942ca,request_lab,,,,,,
RD7BD0617F18D,second,14,74f20d46-0f48-48cc-b8f5-7e2c8a1942ca,request_lab,,,,,,
RD7BD0617F18D,consensus,14,74f20d46-0f48-48cc-b8f5-7e2c8a1942ca,request_lab,,,,,,
RD7BD0617F18D,primary,15,f09c6fd1-5fea-42c6-ad12-b28b02eb65b6,request_lab,,,,,,
RD7BD0617F18D,second,15,f09c6fd1-5fea-42c6-ad12-b28b02eb65b6,request_lab,,,,,,
RD7BD0617F18D,consensus,15,f09c6fd1-5fea-42c6-ad12-b28b02eb65b6,request_lab,,,,,,
RD7BD0617F18D,primary,16,094c2fe0-8c9d-4e4c-ba2c-6a095d6f173f,plan_reason,,,,,,
RD7BD0617F18D,second,16,094c2fe0-8c9d-4e4c-ba2c-6a095d6f173f,plan_reason,,,,,,
RD7BD0617F18D,consensus,16,094c2fe0-8c9d-4e4c-ba2c-6a095d6f173f,plan_reason,,,,,,
RD7BD0617F18D,primary,17,e8c1753c-4ccf-4e6f-93bd-cbd776259a95,request_lab,,,,,,
RD7BD0617F18D,second,17,e8c1753c-4ccf-4e6f-93bd-cbd776259a95,request_lab,,,,,,
RD7BD0617F18D,consensus,17,e8c1753c-4ccf-4e6f-93bd-cbd776259a95,request_lab,,,,,,
RD7BD0617F18D,primary,18,130ceaff-5387-4d60-939d-1c8fd96bb897,request_lab,,,,,,
RD7BD0617F18D,second,18,130ceaff-5387-4d60-939d-1c8fd96bb897,request_lab,,,,,,
RD7BD0617F18D,consensus,18,130ceaff-5387-4d60-939d-1c8fd96bb897,request_lab,,,,,,
RD7BD0617F18D,primary,19,185e187c-a76f-4302-87a2-02eaa089fbbf,request_lab,,,,,,
RD7BD0617F18D,second,19,185e187c-a76f-4302-87a2-02eaa089fbbf,request_lab,,,,,,
RD7BD0617F18D,consensus,19,185e187c-a76f-4302-87a2-02eaa089fbbf,request_lab,,,,,,
RD7BD0617F18D,primary,20,41e6213d-7a5f-42d1-bf74-d1b0296585ed,request_lab,,,,,,
RD7BD0617F18D,second,20,41e6213d-7a5f-42d1-bf74-d1b0296585ed,request_lab,,,,,,
RD7BD0617F18D,consensus,20,41e6213d-7a5f-42d1-bf74-d1b0296585ed,request_lab,,,,,,
RD7BD0617F18D,primary,21,40613804-c048-481c-a243-98ea2327efc4,request_lab,,,,,,
RD7BD0617F18D,second,21,40613804-c048-481c-a243-98ea2327efc4,request_lab,,,,,,
RD7BD0617F18D,consensus,21,40613804-c048-481c-a243-98ea2327efc4,request_lab,,,,,,
RD7BD0617F18D,primary,22,4dbf519e-47bf-49f9-ac5f-b43bc40bd56b,request_lab,,,,,,
RD7BD0617F18D,second,22,4dbf519e-47bf-49f9-ac5f-b43bc40bd56b,request_lab,,,,,,
RD7BD0617F18D,consensus,22,4dbf519e-47bf-49f9-ac5f-b43bc40bd56b,request_lab,,,,,,
RD7BD0617F18D,primary,23,82c68b9e-0791-4c82-869d-5a8dd571cb4f,request_lab,,,,,,
RD7BD0617F18D,second,23,82c68b9e-0791-4c82-869d-5a8dd571cb4f,request_lab,,,,,,
RD7BD0617F18D,consensus,23,82c68b9e-0791-4c82-869d-5a8dd571cb4f,request_lab,,,,,,
RD7BD0617F18D,primary,24,3c695b32-5cd9-4d43-8951-132102cf4934,request_lab,,,,,,
RD7BD0617F18D,second,24,3c695b32-5cd9-4d43-8951-132102cf4934,request_lab,,,,,,
RD7BD0617F18D,consensus,24,3c695b32-5cd9-4d43-8951-132102cf4934,request_lab,,,,,,
RD7BD0617F18D,primary,25,43954b5e-46bd-4c6e-b235-e406bec29f0c,plan_reason,,,,,,
RD7BD0617F18D,second,25,43954b5e-46bd-4c6e-b235-e406bec29f0c,plan_reason,,,,,,
RD7BD0617F18D,consensus,25,43954b5e-46bd-4c6e-b235-e406bec29f0c,plan_reason,,,,,,
RD7BD0617F18D,primary,26,cc47f991-b3ca-4cd2-96bc-14f44123d962,request_lab,,,,,,
RD7BD0617F18D,second,26,cc47f991-b3ca-4cd2-96bc-14f44123d962,request_lab,,,,,,
RD7BD0617F18D,consensus,26,cc47f991-b3ca-4cd2-96bc-14f44123d962,request_lab,,,,,,
RD7BD0617F18D,primary,27,e67bb0ab-0ead-4905-b916-62513cf13ce0,request_lab,,,,,,
RD7BD0617F18D,second,27,e67bb0ab-0ead-4905-b916-62513cf13ce0,request_lab,,,,,,
RD7BD0617F18D,consensus,27,e67bb0ab-0ead-4905-b916-62513cf13ce0,request_lab,,,,,,
RD7BD0617F18D,primary,28,8bbd2512-f375-4061-abb6-2fdacbce1653,request_lab,,,,,,
RD7BD0617F18D,second,28,8bbd2512-f375-4061-abb6-2fdacbce1653,request_lab,,,,,,
RD7BD0617F18D,consensus,28,8bbd2512-f375-4061-abb6-2fdacbce1653,request_lab,,,,,,
RD7BD0617F18D,primary,29,022aef1e-70ef-4c62-96a6-a56b16a8b644,request_lab,,,,,,
RD7BD0617F18D,second,29,022aef1e-70ef-4c62-96a6-a56b16a8b644,request_lab,,,,,,
RD7BD0617F18D,consensus,29,022aef1e-70ef-4c62-96a6-a56b16a8b644,request_lab,,,,,,
RD7BD0617F18D,primary,30,3e07bce6-b856-476d-954e-6d27869cc2a2,request_lab,,,,,,
RD7BD0617F18D,second,30,3e07bce6-b856-476d-954e-6d27869cc2a2,request_lab,,,,,,
RD7BD0617F18D,consensus,30,3e07bce6-b856-476d-954e-6d27869cc2a2,request_lab,,,,,,
RD7BD0617F18D,primary,31,f9b97446-2116-47aa-9db4-c2054f990812,request_lab,,,,,,
RD7BD0617F18D,second,31,f9b97446-2116-47aa-9db4-c2054f990812,request_lab,,,,,,
RD7BD0617F18D,consensus,31,f9b97446-2116-47aa-9db4-c2054f990812,request_lab,,,,,,
RD7BD0617F18D,primary,32,264ec5fa-0484-4b96-9377-36e9a946e106,request_lab,,,,,,
RD7BD0617F18D,second,32,264ec5fa-0484-4b96-9377-36e9a946e106,request_lab,,,,,,
RD7BD0617F18D,consensus,32,264ec5fa-0484-4b96-9377-36e9a946e106,request_lab,,,,,,
RD7BD0617F18D,primary,33,12f0bd74-caa6-4aa0-9738-9fb96f77b55e,request_lab,,,,,,
RD7BD0617F18D,second,33,12f0bd74-caa6-4aa0-9738-9fb96f77b55e,request_lab,,,,,,
RD7BD0617F18D,consensus,33,12f0bd74-caa6-4aa0-9738-9fb96f77b55e,request_lab,,,,,,
RD7BD0617F18D,primary,34,aafa795e-5eea-4f6f-aed3-a5287beaa1d0,plan_reason,,,,,,
RD7BD0617F18D,second,34,aafa795e-5eea-4f6f-aed3-a5287beaa1d0,plan_reason,,,,,,
RD7BD0617F18D,consensus,34,aafa795e-5eea-4f6f-aed3-a5287beaa1d0,plan_reason,,,,,,
RD7BD0617F18D,primary,35,4b9096f6-bebf-4821-91fc-fb642a26cc3d,request_lab,,,,,,
RD7BD0617F18D,second,35,4b9096f6-bebf-4821-91fc-fb642a26cc3d,request_lab,,,,,,
RD7BD0617F18D,consensus,35,4b9096f6-bebf-4821-91fc-fb642a26cc3d,request_lab,,,,,,
RD7BD0617F18D,primary,36,84116438-ada0-46c8-9fa5-b2a180420e90,request_lab,,,,,,
RD7BD0617F18D,second,36,84116438-ada0-46c8-9fa5-b2a180420e90,request_lab,,,,,,
RD7BD0617F18D,consensus,36,84116438-ada0-46c8-9fa5-b2a180420e90,request_lab,,,,,,
RD7BD0617F18D,primary,37,d2c750cb-3445-44d8-add8-14b765fb3d56,request_lab,,,,,,
RD7BD0617F18D,second,37,d2c750cb-3445-44d8-add8-14b765fb3d56,request_lab,,,,,,
RD7BD0617F18D,consensus,37,d2c750cb-3445-44d8-add8-14b765fb3d56,request_lab,,,,,,
RD7BD0617F18D,primary,38,58300146-b868-4f95-b4a4-50e2c38d5e25,request_lab,,,,,,
RD7BD0617F18D,second,38,58300146-b868-4f95-b4a4-50e2c38d5e25,request_lab,,,,,,
RD7BD0617F18D,consensus,38,58300146-b868-4f95-b4a4-50e2c38d5e25,request_lab,,,,,,
RD7BD0617F18D,primary,39,9974b2f6-820c-4770-a2c0-2a0f5d54bc35,request_lab,,,,,,
RD7BD0617F18D,second,39,9974b2f6-820c-4770-a2c0-2a0f5d54bc35,request_lab,,,,,,
RD7BD0617F18D,consensus,39,9974b2f6-820c-4770-a2c0-2a0f5d54bc35,request_lab,,,,,,
RD7BD0617F18D,primary,40,116cc0ea-cee1-4980-9259-6cb9dab842dc,request_lab,,,,,,
RD7BD0617F18D,second,40,116cc0ea-cee1-4980-9259-6cb9dab842dc,request_lab,,,,,,
RD7BD0617F18D,consensus,40,116cc0ea-cee1-4980-9259-6cb9dab842dc,request_lab,,,,,,
R648CC19AFE2C,primary,1,fe78bba3-8c4a-4c7a-916d-1686eeba8fae,request_physical_exam,,,,,,
R648CC19AFE2C,second,1,fe78bba3-8c4a-4c7a-916d-1686eeba8fae,request_physical_exam,,,,,,
R648CC19AFE2C,consensus,1,fe78bba3-8c4a-4c7a-916d-1686eeba8fae,request_physical_exam,,,,,,
R648CC19AFE2C,primary,2,ba5d26a7-1857-4b13-8a7b-1bb422061bc9,ask_history,,,,,,
R648CC19AFE2C,second,2,ba5d26a7-1857-4b13-8a7b-1bb422061bc9,ask_history,,,,,,
R648CC19AFE2C,consensus,2,ba5d26a7-1857-4b13-8a7b-1bb422061bc9,ask_history,,,,,,
R648CC19AFE2C,primary,3,4ef37c12-42c9-471c-9035-3d3c6c9a94cb,request_lab,,,,,,
R648CC19AFE2C,second,3,4ef37c12-42c9-471c-9035-3d3c6c9a94cb,request_lab,,,,,,
R648CC19AFE2C,consensus,3,4ef37c12-42c9-471c-9035-3d3c6c9a94cb,request_lab,,,,,,
R648CC19AFE2C,primary,4,f8a6f094-20ef-418d-9ffc-1de756f42a9c,request_imaging,,,,,,
R648CC19AFE2C,second,4,f8a6f094-20ef-418d-9ffc-1de756f42a9c,request_imaging,,,,,,
R648CC19AFE2C,consensus,4,f8a6f094-20ef-418d-9ffc-1de756f42a9c,request_imaging,,,,,,
R648CC19AFE2C,primary,5,70cf6d8f-8b1a-41dc-b16b-012e259f2d00,ask_history,,,,,,
R648CC19AFE2C,second,5,70cf6d8f-8b1a-41dc-b16b-012e259f2d00,ask_history,,,,,,
R648CC19AFE2C,consensus,5,70cf6d8f-8b1a-41dc-b16b-012e259f2d00,ask_history,,,,,,
R648CC19AFE2C,primary,6,03c25a59-c4e0-43cf-891d-f4cf721b135d,plan_reason,,,,,,
R648CC19AFE2C,second,6,03c25a59-c4e0-43cf-891d-f4cf721b135d,plan_reason,,,,,,
R648CC19AFE2C,consensus,6,03c25a59-c4e0-43cf-891d-f4cf721b135d,plan_reason,,,,,,
R648CC19AFE2C,primary,7,bb5f0a50-f0ec-4d94-8bd7-41213b1fd2ab,request_ecg_or_test,,,,,,
R648CC19AFE2C,second,7,bb5f0a50-f0ec-4d94-8bd7-41213b1fd2ab,request_ecg_or_test,,,,,,
R648CC19AFE2C,consensus,7,bb5f0a50-f0ec-4d94-8bd7-41213b1fd2ab,request_ecg_or_test,,,,,,
R648CC19AFE2C,primary,8,a6a2788f-6c30-4229-9bde-73c768715105,request_lab,,,,,,
R648CC19AFE2C,second,8,a6a2788f-6c30-4229-9bde-73c768715105,request_lab,,,,,,
R648CC19AFE2C,consensus,8,a6a2788f-6c30-4229-9bde-73c768715105,request_lab,,,,,,
R648CC19AFE2C,primary,9,405ad20d-ff9a-460b-9393-be8d5a8e371d,request_lab,,,,,,
R648CC19AFE2C,second,9,405ad20d-ff9a-460b-9393-be8d5a8e371d,request_lab,,,,,,
R648CC19AFE2C,consensus,9,405ad20d-ff9a-460b-9393-be8d5a8e371d,request_lab,,,,,,
R648CC19AFE2C,primary,10,2bfb9242-87a1-4a80-bbec-0c960fd3dc16,request_procedure,,,,,,
R648CC19AFE2C,second,10,2bfb9242-87a1-4a80-bbec-0c960fd3dc16,request_procedure,,,,,,
R648CC19AFE2C,consensus,10,2bfb9242-87a1-4a80-bbec-0c960fd3dc16,request_procedure,,,,,,
R648CC19AFE2C,primary,11,13f40c71-744f-47e4-ac46-d23aaa222b6d,request_microbiology,,,,,,
R648CC19AFE2C,second,11,13f40c71-744f-47e4-ac46-d23aaa222b6d,request_microbiology,,,,,,
R648CC19AFE2C,consensus,11,13f40c71-744f-47e4-ac46-d23aaa222b6d,request_microbiology,,,,,,
R648CC19AFE2C,primary,12,e3559090-4516-4c43-a7a1-5c76f9ffe104,request_microbiology,,,,,,
R648CC19AFE2C,second,12,e3559090-4516-4c43-a7a1-5c76f9ffe104,request_microbiology,,,,,,
R648CC19AFE2C,consensus,12,e3559090-4516-4c43-a7a1-5c76f9ffe104,request_microbiology,,,,,,
R648CC19AFE2C,primary,13,674433bc-78b1-4217-b4e1-948c619b71a5,ask_history,,,,,,
R648CC19AFE2C,second,13,674433bc-78b1-4217-b4e1-948c619b71a5,ask_history,,,,,,
R648CC19AFE2C,consensus,13,674433bc-78b1-4217-b4e1-948c619b71a5,ask_history,,,,,,
R648CC19AFE2C,primary,14,ace2c023-1fa6-4890-bc90-7ac1afb3874a,request_physical_exam,,,,,,
R648CC19AFE2C,second,14,ace2c023-1fa6-4890-bc90-7ac1afb3874a,request_physical_exam,,,,,,
R648CC19AFE2C,consensus,14,ace2c023-1fa6-4890-bc90-7ac1afb3874a,request_physical_exam,,,,,,
R648CC19AFE2C,primary,15,843b0197-175d-49b2-9ebd-b5b4fe53ee25,final_diagnosis,,,,,,
R648CC19AFE2C,second,15,843b0197-175d-49b2-9ebd-b5b4fe53ee25,final_diagnosis,,,,,,
R648CC19AFE2C,consensus,15,843b0197-175d-49b2-9ebd-b5b4fe53ee25,final_diagnosis,,,,,,
R648CC19AFE2C,primary,16,2a017d10-42cb-4325-b88c-e67bf580d394,disposition,,,,,,
R648CC19AFE2C,second,16,2a017d10-42cb-4325-b88c-e67bf580d394,disposition,,,,,,
R648CC19AFE2C,consensus,16,2a017d10-42cb-4325-b88c-e67bf580d394,disposition,,,,,,
R9C8328A1D99C,primary,1,55d27f5d-81bc-40d5-ad32-0d1eaf94fd1b,request_physical_exam,,,,,,
R9C8328A1D99C,second,1,55d27f5d-81bc-40d5-ad32-0d1eaf94fd1b,request_physical_exam,,,,,,
R9C8328A1D99C,consensus,1,55d27f5d-81bc-40d5-ad32-0d1eaf94fd1b,request_physical_exam,,,,,,
R9C8328A1D99C,primary,2,56b97d73-e3eb-4b9f-9aae-c25522461a54,request_lab,,,,,,
R9C8328A1D99C,second,2,56b97d73-e3eb-4b9f-9aae-c25522461a54,request_lab,,,,,,
R9C8328A1D99C,consensus,2,56b97d73-e3eb-4b9f-9aae-c25522461a54,request_lab,,,,,,
R9C8328A1D99C,primary,3,23c7e17c-5945-45f0-909c-a7de85d77576,ask_history,,,,,,
R9C8328A1D99C,second,3,23c7e17c-5945-45f0-909c-a7de85d77576,ask_history,,,,,,
R9C8328A1D99C,consensus,3,23c7e17c-5945-45f0-909c-a7de85d77576,ask_history,,,,,,
R9C8328A1D99C,primary,4,8eaeb22d-4dc9-4afa-a306-94f5200c4740,request_imaging,,,,,,
R9C8328A1D99C,second,4,8eaeb22d-4dc9-4afa-a306-94f5200c4740,request_imaging,,,,,,
R9C8328A1D99C,consensus,4,8eaeb22d-4dc9-4afa-a306-94f5200c4740,request_imaging,,,,,,
R9C8328A1D99C,primary,5,8dbcb6c7-acb0-4f4d-837b-898944180ca6,request_lab,,,,,,
R9C8328A1D99C,second,5,8dbcb6c7-acb0-4f4d-837b-898944180ca6,request_lab,,,,,,
R9C8328A1D99C,consensus,5,8dbcb6c7-acb0-4f4d-837b-898944180ca6,request_lab,,,,,,
R9C8328A1D99C,primary,6,fedf78c8-f75d-4f48-a9b5-b0676047c1d5,ask_history,,,,,,
R9C8328A1D99C,second,6,fedf78c8-f75d-4f48-a9b5-b0676047c1d5,ask_history,,,,,,
R9C8328A1D99C,consensus,6,fedf78c8-f75d-4f48-a9b5-b0676047c1d5,ask_history,,,,,,
R9C8328A1D99C,primary,7,849cb6aa-ff55-4259-8cd1-06620c101306,request_imaging,,,,,,
R9C8328A1D99C,second,7,849cb6aa-ff55-4259-8cd1-06620c101306,request_imaging,,,,,,
R9C8328A1D99C,consensus,7,849cb6aa-ff55-4259-8cd1-06620c101306,request_imaging,,,,,,
R9C8328A1D99C,primary,8,9051813a-1908-43f6-aa43-06e20353c578,request_imaging,,,,,,
R9C8328A1D99C,second,8,9051813a-1908-43f6-aa43-06e20353c578,request_imaging,,,,,,
R9C8328A1D99C,consensus,8,9051813a-1908-43f6-aa43-06e20353c578,request_imaging,,,,,,
R9C8328A1D99C,primary,9,4112d90e-8cef-47b1-a823-b5e02c57b969,plan_reason,,,,,,
R9C8328A1D99C,second,9,4112d90e-8cef-47b1-a823-b5e02c57b969,plan_reason,,,,,,
R9C8328A1D99C,consensus,9,4112d90e-8cef-47b1-a823-b5e02c57b969,plan_reason,,,,,,
R9C8328A1D99C,primary,10,16204d10-c998-4f87-a9ab-73dceb345a07,request_procedure,,,,,,
R9C8328A1D99C,second,10,16204d10-c998-4f87-a9ab-73dceb345a07,request_procedure,,,,,,
R9C8328A1D99C,consensus,10,16204d10-c998-4f87-a9ab-73dceb345a07,request_procedure,,,,,,
R9C8328A1D99C,primary,11,ba47e026-71bd-4fbe-993a-b0c06dbaea1a,request_procedure,,,,,,
R9C8328A1D99C,second,11,ba47e026-71bd-4fbe-993a-b0c06dbaea1a,request_procedure,,,,,,
R9C8328A1D99C,consensus,11,ba47e026-71bd-4fbe-993a-b0c06dbaea1a,request_procedure,,,,,,
R9C8328A1D99C,primary,12,dd599da2-6c94-43d1-904b-8ea93ba40d4d,request_lab,,,,,,
R9C8328A1D99C,second,12,dd599da2-6c94-43d1-904b-8ea93ba40d4d,request_lab,,,,,,
R9C8328A1D99C,consensus,12,dd599da2-6c94-43d1-904b-8ea93ba40d4d,request_lab,,,,,,
R9C8328A1D99C,primary,13,e4d46902-56da-4575-a73a-da12374bf980,final_diagnosis,,,,,,
R9C8328A1D99C,second,13,e4d46902-56da-4575-a73a-da12374bf980,final_diagnosis,,,,,,
R9C8328A1D99C,consensus,13,e4d46902-56da-4575-a73a-da12374bf980,final_diagnosis,,,,,,
R9C8328A1D99C,primary,14,e121c800-0212-416e-9be6-1f235776d8bf,disposition,,,,,,
R9C8328A1D99C,second,14,e121c800-0212-416e-9be6-1f235776d8bf,disposition,,,,,,
R9C8328A1D99C,consensus,14,e121c800-0212-416e-9be6-1f235776d8bf,disposition,,,,,,
R8CA0ABAA0F29,primary,1,10fe266d-9add-4f06-9b4a-da21ba7bfa40,ask_history,,,,,,
R8CA0ABAA0F29,second,1,10fe266d-9add-4f06-9b4a-da21ba7bfa40,ask_history,,,,,,
R8CA0ABAA0F29,consensus,1,10fe266d-9add-4f06-9b4a-da21ba7bfa40,ask_history,,,,,,
R8CA0ABAA0F29,primary,2,60bcbeae-e873-4c0f-bded-2ca801db39d4,request_physical_exam,,,,,,
R8CA0ABAA0F29,second,2,60bcbeae-e873-4c0f-bded-2ca801db39d4,request_physical_exam,,,,,,
R8CA0ABAA0F29,consensus,2,60bcbeae-e873-4c0f-bded-2ca801db39d4,request_physical_exam,,,,,,
R8CA0ABAA0F29,primary,3,a0f96dda-7603-4904-9c92-a5b3e6aa2640,request_imaging,,,,,,
R8CA0ABAA0F29,second,3,a0f96dda-7603-4904-9c92-a5b3e6aa2640,request_imaging,,,,,,
R8CA0ABAA0F29,consensus,3,a0f96dda-7603-4904-9c92-a5b3e6aa2640,request_imaging,,,,,,
R8CA0ABAA0F29,primary,4,893cb920-7937-4c6d-a7a2-3fb3282d6784,plan_reason,,,,,,
R8CA0ABAA0F29,second,4,893cb920-7937-4c6d-a7a2-3fb3282d6784,plan_reason,,,,,,
R8CA0ABAA0F29,consensus,4,893cb920-7937-4c6d-a7a2-3fb3282d6784,plan_reason,,,,,,
R8CA0ABAA0F29,primary,5,85f28527-eca0-4cf9-b4c5-7a21e1471fba,request_procedure,,,,,,
R8CA0ABAA0F29,second,5,85f28527-eca0-4cf9-b4c5-7a21e1471fba,request_procedure,,,,,,
R8CA0ABAA0F29,consensus,5,85f28527-eca0-4cf9-b4c5-7a21e1471fba,request_procedure,,,,,,
R8CA0ABAA0F29,primary,6,e011fe21-f7f6-4c37-9809-e3b373888e75,ask_history,,,,,,
R8CA0ABAA0F29,second,6,e011fe21-f7f6-4c37-9809-e3b373888e75,ask_history,,,,,,
R8CA0ABAA0F29,consensus,6,e011fe21-f7f6-4c37-9809-e3b373888e75,ask_history,,,,,,
R8CA0ABAA0F29,primary,7,8bb26a5a-fccd-46d9-907d-f914bbb31e51,prescribe_medication,,,,,,
R8CA0ABAA0F29,second,7,8bb26a5a-fccd-46d9-907d-f914bbb31e51,prescribe_medication,,,,,,
R8CA0ABAA0F29,consensus,7,8bb26a5a-fccd-46d9-907d-f914bbb31e51,prescribe_medication,,,,,,
R8CA0ABAA0F29,primary,8,081ee432-3d8a-427f-b879-e284d77408e2,final_diagnosis,,,,,,
R8CA0ABAA0F29,second,8,081ee432-3d8a-427f-b879-e284d77408e2,final_diagnosis,,,,,,
R8CA0ABAA0F29,consensus,8,081ee432-3d8a-427f-b879-e284d77408e2,final_diagnosis,,,,,,
R8CA0ABAA0F29,primary,9,057f22ad-f205-4181-9431-5f2011028d86,disposition,,,,,,
R8CA0ABAA0F29,second,9,057f22ad-f205-4181-9431-5f2011028d86,disposition,,,,,,
R8CA0ABAA0F29,consensus,9,057f22ad-f205-4181-9431-5f2011028d86,disposition,,,,,,
RA3A1C82394CA,primary,1,aa2dafd5-2396-4f35-9227-2c680f238525,plan_reason,,,,,,
RA3A1C82394CA,second,1,aa2dafd5-2396-4f35-9227-2c680f238525,plan_reason,,,,,,
RA3A1C82394CA,consensus,1,aa2dafd5-2396-4f35-9227-2c680f238525,plan_reason,,,,,,
RA3A1C82394CA,primary,2,5dd9177c-4f28-4856-807f-bde5cd9d7853,request_physical_exam,,,,,,
RA3A1C82394CA,second,2,5dd9177c-4f28-4856-807f-bde5cd9d7853,request_physical_exam,,,,,,
RA3A1C82394CA,consensus,2,5dd9177c-4f28-4856-807f-bde5cd9d7853,request_physical_exam,,,,,,
RA3A1C82394CA,primary,3,77f50137-3e70-4ef8-8ff9-9de308c78556,request_lab,,,,,,
RA3A1C82394CA,second,3,77f50137-3e70-4ef8-8ff9-9de308c78556,request_lab,,,,,,
RA3A1C82394CA,consensus,3,77f50137-3e70-4ef8-8ff9-9de308c78556,request_lab,,,,,,
RA3A1C82394CA,primary,4,698e0787-dd9f-422c-8e0a-9cfb8999e8fa,request_lab,,,,,,
RA3A1C82394CA,second,4,698e0787-dd9f-422c-8e0a-9cfb8999e8fa,request_lab,,,,,,
RA3A1C82394CA,consensus,4,698e0787-dd9f-422c-8e0a-9cfb8999e8fa,request_lab,,,,,,
RA3A1C82394CA,primary,5,637d15f5-5d25-4b91-b3e3-2488e8cfb6e4,request_lab,,,,,,
RA3A1C82394CA,second,5,637d15f5-5d25-4b91-b3e3-2488e8cfb6e4,request_lab,,,,,,
RA3A1C82394CA,consensus,5,637d15f5-5d25-4b91-b3e3-2488e8cfb6e4,request_lab,,,,,,
RA3A1C82394CA,primary,6,c0dbc490-7310-40fb-9b72-e41712a60d83,request_lab,,,,,,
RA3A1C82394CA,second,6,c0dbc490-7310-40fb-9b72-e41712a60d83,request_lab,,,,,,
RA3A1C82394CA,consensus,6,c0dbc490-7310-40fb-9b72-e41712a60d83,request_lab,,,,,,
RA3A1C82394CA,primary,7,2fdf7cb1-aec6-45cb-9283-73a26ae86a08,request_lab,,,,,,
RA3A1C82394CA,second,7,2fdf7cb1-aec6-45cb-9283-73a26ae86a08,request_lab,,,,,,
RA3A1C82394CA,consensus,7,2fdf7cb1-aec6-45cb-9283-73a26ae86a08,request_lab,,,,,,
RA3A1C82394CA,primary,8,9c8700c2-ff4c-4713-8527-c22642dadff1,request_lab,,,,,,
RA3A1C82394CA,second,8,9c8700c2-ff4c-4713-8527-c22642dadff1,request_lab,,,,,,
RA3A1C82394CA,consensus,8,9c8700c2-ff4c-4713-8527-c22642dadff1,request_lab,,,,,,
RA3A1C82394CA,primary,9,5d9c90de-bc68-4991-936c-cd12a1a2823c,request_lab,,,,,,
RA3A1C82394CA,second,9,5d9c90de-bc68-4991-936c-cd12a1a2823c,request_lab,,,,,,
RA3A1C82394CA,consensus,9,5d9c90de-bc68-4991-936c-cd12a1a2823c,request_lab,,,,,,
RA3A1C82394CA,primary,10,483d81c7-b277-4f67-8269-19ebb1d66889,request_lab,,,,,,
RA3A1C82394CA,second,10,483d81c7-b277-4f67-8269-19ebb1d66889,request_lab,,,,,,
RA3A1C82394CA,consensus,10,483d81c7-b277-4f67-8269-19ebb1d66889,request_lab,,,,,,
RA3A1C82394CA,primary,11,57b1420c-7688-47b2-a09e-3a17d1937776,request_lab,,,,,,
RA3A1C82394CA,second,11,57b1420c-7688-47b2-a09e-3a17d1937776,request_lab,,,,,,
RA3A1C82394CA,consensus,11,57b1420c-7688-47b2-a09e-3a17d1937776,request_lab,,,,,,
RA3A1C82394CA,primary,12,0a32970a-e7f4-4199-9967-03991656e825,request_lab,,,,,,
RA3A1C82394CA,second,12,0a32970a-e7f4-4199-9967-03991656e825,request_lab,,,,,,
RA3A1C82394CA,consensus,12,0a32970a-e7f4-4199-9967-03991656e825,request_lab,,,,,,
RA3A1C82394CA,primary,13,acdebcca-9a12-4cb7-84e5-db84541d5bcb,request_lab,,,,,,
RA3A1C82394CA,second,13,acdebcca-9a12-4cb7-84e5-db84541d5bcb,request_lab,,,,,,
RA3A1C82394CA,consensus,13,acdebcca-9a12-4cb7-84e5-db84541d5bcb,request_lab,,,,,,
RA3A1C82394CA,primary,14,df958f8c-506d-44f3-9639-6d9c6c62fd8a,request_lab,,,,,,
RA3A1C82394CA,second,14,df958f8c-506d-44f3-9639-6d9c6c62fd8a,request_lab,,,,,,
RA3A1C82394CA,consensus,14,df958f8c-506d-44f3-9639-6d9c6c62fd8a,request_lab,,,,,,
R6521CF6AF351,primary,1,258a77a6-bb84-4fee-8a67-5abf9ab4dc61,plan_reason,,,,,,
R6521CF6AF351,second,1,258a77a6-bb84-4fee-8a67-5abf9ab4dc61,plan_reason,,,,,,
R6521CF6AF351,consensus,1,258a77a6-bb84-4fee-8a67-5abf9ab4dc61,plan_reason,,,,,,
R6521CF6AF351,primary,2,a9486aa8-c970-403f-8ca1-c7d65f5aa463,request_physical_exam,,,,,,
R6521CF6AF351,second,2,a9486aa8-c970-403f-8ca1-c7d65f5aa463,request_physical_exam,,,,,,
R6521CF6AF351,consensus,2,a9486aa8-c970-403f-8ca1-c7d65f5aa463,request_physical_exam,,,,,,
R6521CF6AF351,primary,3,3637c470-d547-4253-9c7d-38d8c762737e,request_lab,,,,,,
R6521CF6AF351,second,3,3637c470-d547-4253-9c7d-38d8c762737e,request_lab,,,,,,
R6521CF6AF351,consensus,3,3637c470-d547-4253-9c7d-38d8c762737e,request_lab,,,,,,
R6521CF6AF351,primary,4,c9dd79f5-cb2d-48f2-8ed1-4d3b26640321,request_lab,,,,,,
R6521CF6AF351,second,4,c9dd79f5-cb2d-48f2-8ed1-4d3b26640321,request_lab,,,,,,
R6521CF6AF351,consensus,4,c9dd79f5-cb2d-48f2-8ed1-4d3b26640321,request_lab,,,,,,
R6521CF6AF351,primary,5,ac0b552c-0f42-49dc-914c-5d4b14aae643,request_lab,,,,,,
R6521CF6AF351,second,5,ac0b552c-0f42-49dc-914c-5d4b14aae643,request_lab,,,,,,
R6521CF6AF351,consensus,5,ac0b552c-0f42-49dc-914c-5d4b14aae643,request_lab,,,,,,
RC4703F1175B7,primary,1,16d9bbe0-6ee7-4c80-9cc0-0642b56d182c,ask_history,,,,,,
RC4703F1175B7,second,1,16d9bbe0-6ee7-4c80-9cc0-0642b56d182c,ask_history,,,,,,
RC4703F1175B7,consensus,1,16d9bbe0-6ee7-4c80-9cc0-0642b56d182c,ask_history,,,,,,
RC4703F1175B7,primary,2,50f98a0a-7de2-4758-a7ed-20dada381ef7,ask_history,,,,,,
RC4703F1175B7,second,2,50f98a0a-7de2-4758-a7ed-20dada381ef7,ask_history,,,,,,
RC4703F1175B7,consensus,2,50f98a0a-7de2-4758-a7ed-20dada381ef7,ask_history,,,,,,
RC4703F1175B7,primary,3,eb767aab-e0f2-4b76-887d-a7e3dea26948,ask_history,,,,,,
RC4703F1175B7,second,3,eb767aab-e0f2-4b76-887d-a7e3dea26948,ask_history,,,,,,
RC4703F1175B7,consensus,3,eb767aab-e0f2-4b76-887d-a7e3dea26948,ask_history,,,,,,
RC4703F1175B7,primary,4,733ccd98-211d-4872-a583-12c29e530f38,ask_history,,,,,,
RC4703F1175B7,second,4,733ccd98-211d-4872-a583-12c29e530f38,ask_history,,,,,,
RC4703F1175B7,consensus,4,733ccd98-211d-4872-a583-12c29e530f38,ask_history,,,,,,
RC4703F1175B7,primary,5,2c2dd557-073b-498a-aa3c-651677647457,request_physical_exam,,,,,,
RC4703F1175B7,second,5,2c2dd557-073b-498a-aa3c-651677647457,request_physical_exam,,,,,,
RC4703F1175B7,consensus,5,2c2dd557-073b-498a-aa3c-651677647457,request_physical_exam,,,,,,
RC4703F1175B7,primary,6,79df0d06-2b02-4485-ace9-c8f796090983,plan_reason,,,,,,
RC4703F1175B7,second,6,79df0d06-2b02-4485-ace9-c8f796090983,plan_reason,,,,,,
RC4703F1175B7,consensus,6,79df0d06-2b02-4485-ace9-c8f796090983,plan_reason,,,,,,
RC4703F1175B7,primary,7,8656ef0f-fc80-473b-909b-b8cd55e3fe08,request_ecg_or_test,,,,,,
RC4703F1175B7,second,7,8656ef0f-fc80-473b-909b-b8cd55e3fe08,request_ecg_or_test,,,,,,
RC4703F1175B7,consensus,7,8656ef0f-fc80-473b-909b-b8cd55e3fe08,request_ecg_or_test,,,,,,
RC4703F1175B7,primary,8,f6c106ca-2009-4fa3-90dc-12ce40efbe6f,request_imaging,,,,,,
RC4703F1175B7,second,8,f6c106ca-2009-4fa3-90dc-12ce40efbe6f,request_imaging,,,,,,
RC4703F1175B7,consensus,8,f6c106ca-2009-4fa3-90dc-12ce40efbe6f,request_imaging,,,,,,
RC4703F1175B7,primary,9,7ebf161a-74d9-4013-b2e6-1b30d880ac39,request_imaging,,,,,,
RC4703F1175B7,second,9,7ebf161a-74d9-4013-b2e6-1b30d880ac39,request_imaging,,,,,,
RC4703F1175B7,consensus,9,7ebf161a-74d9-4013-b2e6-1b30d880ac39,request_imaging,,,,,,
RC4703F1175B7,primary,10,0d1e2325-682e-4527-b93a-e8862dedcff4,request_lab,,,,,,
RC4703F1175B7,second,10,0d1e2325-682e-4527-b93a-e8862dedcff4,request_lab,,,,,,
RC4703F1175B7,consensus,10,0d1e2325-682e-4527-b93a-e8862dedcff4,request_lab,,,,,,
RC4703F1175B7,primary,11,7adcc74f-1f47-44b6-9f29-c518dd602fac,plan_reason,,,,,,
RC4703F1175B7,second,11,7adcc74f-1f47-44b6-9f29-c518dd602fac,plan_reason,,,,,,
RC4703F1175B7,consensus,11,7adcc74f-1f47-44b6-9f29-c518dd602fac,plan_reason,,,,,,
RC4703F1175B7,primary,12,ad26f298-4b0f-4ba7-a771-ab18d63f8d00,plan_reason,,,,,,
RC4703F1175B7,second,12,ad26f298-4b0f-4ba7-a771-ab18d63f8d00,plan_reason,,,,,,
RC4703F1175B7,consensus,12,ad26f298-4b0f-4ba7-a771-ab18d63f8d00,plan_reason,,,,,,
RC4703F1175B7,primary,13,b728ea4b-a20a-4240-8d0e-e8eb34caac16,plan_reason,,,,,,
RC4703F1175B7,second,13,b728ea4b-a20a-4240-8d0e-e8eb34caac16,plan_reason,,,,,,
RC4703F1175B7,consensus,13,b728ea4b-a20a-4240-8d0e-e8eb34caac16,plan_reason,,,,,,
R4ED475FF8BEB,primary,1,b30f019a-96b1-43be-8f06-51923ec1fcdd,ask_history,,,,,,
R4ED475FF8BEB,second,1,b30f019a-96b1-43be-8f06-51923ec1fcdd,ask_history,,,,,,
R4ED475FF8BEB,consensus,1,b30f019a-96b1-43be-8f06-51923ec1fcdd,ask_history,,,,,,
R4ED475FF8BEB,primary,2,c1664390-c2e6-4376-ba0c-995d4c8990dd,request_physical_exam,,,,,,
R4ED475FF8BEB,second,2,c1664390-c2e6-4376-ba0c-995d4c8990dd,request_physical_exam,,,,,,
R4ED475FF8BEB,consensus,2,c1664390-c2e6-4376-ba0c-995d4c8990dd,request_physical_exam,,,,,,
R4ED475FF8BEB,primary,3,0d0e1065-bf05-442c-8153-43ebd4dd6d58,ask_history,,,,,,
R4ED475FF8BEB,second,3,0d0e1065-bf05-442c-8153-43ebd4dd6d58,ask_history,,,,,,
R4ED475FF8BEB,consensus,3,0d0e1065-bf05-442c-8153-43ebd4dd6d58,ask_history,,,,,,
R4ED475FF8BEB,primary,4,ab09493e-ac3d-4dbc-b671-0aab955e87f9,request_physical_exam,,,,,,
R4ED475FF8BEB,second,4,ab09493e-ac3d-4dbc-b671-0aab955e87f9,request_physical_exam,,,,,,
R4ED475FF8BEB,consensus,4,ab09493e-ac3d-4dbc-b671-0aab955e87f9,request_physical_exam,,,,,,
R4ED475FF8BEB,primary,5,f2b0f15c-0815-4d67-8ea8-929cfc53b7b9,request_lab,,,,,,
R4ED475FF8BEB,second,5,f2b0f15c-0815-4d67-8ea8-929cfc53b7b9,request_lab,,,,,,
R4ED475FF8BEB,consensus,5,f2b0f15c-0815-4d67-8ea8-929cfc53b7b9,request_lab,,,,,,
R4ED475FF8BEB,primary,6,711d0d95-e751-455d-b2aa-8e337f2fe76d,plan_reason,,,,,,
R4ED475FF8BEB,second,6,711d0d95-e751-455d-b2aa-8e337f2fe76d,plan_reason,,,,,,
R4ED475FF8BEB,consensus,6,711d0d95-e751-455d-b2aa-8e337f2fe76d,plan_reason,,,,,,
R4ED475FF8BEB,primary,7,dbd616e7-0f01-4270-8956-ba02abee2eae,request_lab,,,,,,
R4ED475FF8BEB,second,7,dbd616e7-0f01-4270-8956-ba02abee2eae,request_lab,,,,,,
R4ED475FF8BEB,consensus,7,dbd616e7-0f01-4270-8956-ba02abee2eae,request_lab,,,,,,
R4ED475FF8BEB,primary,8,76f51834-b539-4070-a40c-3946190f1bc5,plan_reason,,,,,,
R4ED475FF8BEB,second,8,76f51834-b539-4070-a40c-3946190f1bc5,plan_reason,,,,,,
R4ED475FF8BEB,consensus,8,76f51834-b539-4070-a40c-3946190f1bc5,plan_reason,,,,,,
R4ED475FF8BEB,primary,9,05ec1926-9f05-4797-9525-8fa8a59a7dc9,request_lab,,,,,,
R4ED475FF8BEB,second,9,05ec1926-9f05-4797-9525-8fa8a59a7dc9,request_lab,,,,,,
R4ED475FF8BEB,consensus,9,05ec1926-9f05-4797-9525-8fa8a59a7dc9,request_lab,,,,,,
R4ED475FF8BEB,primary,10,d753443f-c6f6-4d55-b7fe-127f5c1bb3fa,plan_reason,,,,,,
R4ED475FF8BEB,second,10,d753443f-c6f6-4d55-b7fe-127f5c1bb3fa,plan_reason,,,,,,
R4ED475FF8BEB,consensus,10,d753443f-c6f6-4d55-b7fe-127f5c1bb3fa,plan_reason,,,,,,
R4ED475FF8BEB,primary,11,1ce6e45e-a06e-4231-ba74-0edeb4892d94,request_lab,,,,,,
R4ED475FF8BEB,second,11,1ce6e45e-a06e-4231-ba74-0edeb4892d94,request_lab,,,,,,
R4ED475FF8BEB,consensus,11,1ce6e45e-a06e-4231-ba74-0edeb4892d94,request_lab,,,,,,
R4ED475FF8BEB,primary,12,2c7215db-2973-4591-84a7-b871cc2b17fb,plan_reason,,,,,,
R4ED475FF8BEB,second,12,2c7215db-2973-4591-84a7-b871cc2b17fb,plan_reason,,,,,,
R4ED475FF8BEB,consensus,12,2c7215db-2973-4591-84a7-b871cc2b17fb,plan_reason,,,,,,
R4ED475FF8BEB,primary,13,c08e53cd-d018-4f2d-b848-2183bc81fa7a,request_lab,,,,,,
R4ED475FF8BEB,second,13,c08e53cd-d018-4f2d-b848-2183bc81fa7a,request_lab,,,,,,
R4ED475FF8BEB,consensus,13,c08e53cd-d018-4f2d-b848-2183bc81fa7a,request_lab,,,,,,
R4ED475FF8BEB,primary,14,cab88d2f-34ce-4460-b713-31125ee6a87c,plan_reason,,,,,,
R4ED475FF8BEB,second,14,cab88d2f-34ce-4460-b713-31125ee6a87c,plan_reason,,,,,,
R4ED475FF8BEB,consensus,14,cab88d2f-34ce-4460-b713-31125ee6a87c,plan_reason,,,,,,
R4ED475FF8BEB,primary,15,bdac147b-b771-4550-8f85-b8b0733ac324,request_lab,,,,,,
R4ED475FF8BEB,second,15,bdac147b-b771-4550-8f85-b8b0733ac324,request_lab,,,,,,
R4ED475FF8BEB,consensus,15,bdac147b-b771-4550-8f85-b8b0733ac324,request_lab,,,,,,
R4ED475FF8BEB,primary,16,979804be-71e4-4d34-905f-1d86e94811d7,plan_reason,,,,,,
R4ED475FF8BEB,second,16,979804be-71e4-4d34-905f-1d86e94811d7,plan_reason,,,,,,
R4ED475FF8BEB,consensus,16,979804be-71e4-4d34-905f-1d86e94811d7,plan_reason,,,,,,
R4ED475FF8BEB,primary,17,8eed168a-345d-41a4-a630-a0e1c416ea48,request_lab,,,,,,
R4ED475FF8BEB,second,17,8eed168a-345d-41a4-a630-a0e1c416ea48,request_lab,,,,,,
R4ED475FF8BEB,consensus,17,8eed168a-345d-41a4-a630-a0e1c416ea48,request_lab,,,,,,
R4ED475FF8BEB,primary,18,c77200b0-af04-4006-bab6-2dd4608ce267,plan_reason,,,,,,
R4ED475FF8BEB,second,18,c77200b0-af04-4006-bab6-2dd4608ce267,plan_reason,,,,,,
R4ED475FF8BEB,consensus,18,c77200b0-af04-4006-bab6-2dd4608ce267,plan_reason,,,,,,
R4ED475FF8BEB,primary,19,91413eaf-86a7-4a8d-98fd-9803acaa428d,request_lab,,,,,,
R4ED475FF8BEB,second,19,91413eaf-86a7-4a8d-98fd-9803acaa428d,request_lab,,,,,,
R4ED475FF8BEB,consensus,19,91413eaf-86a7-4a8d-98fd-9803acaa428d,request_lab,,,,,,
R4ED475FF8BEB,primary,20,688be7d7-ce2b-4a32-8e7e-1e2d5bcb382f,plan_reason,,,,,,
R4ED475FF8BEB,second,20,688be7d7-ce2b-4a32-8e7e-1e2d5bcb382f,plan_reason,,,,,,
R4ED475FF8BEB,consensus,20,688be7d7-ce2b-4a32-8e7e-1e2d5bcb382f,plan_reason,,,,,,
R4ED475FF8BEB,primary,21,7ca80d51-5d26-46e9-84c7-81d1232e29f9,request_lab,,,,,,
R4ED475FF8BEB,second,21,7ca80d51-5d26-46e9-84c7-81d1232e29f9,request_lab,,,,,,
R4ED475FF8BEB,consensus,21,7ca80d51-5d26-46e9-84c7-81d1232e29f9,request_lab,,,,,,
R4ED475FF8BEB,primary,22,f81a98cf-0a83-4e65-8fb2-82aa2031b662,plan_reason,,,,,,
R4ED475FF8BEB,second,22,f81a98cf-0a83-4e65-8fb2-82aa2031b662,plan_reason,,,,,,
R4ED475FF8BEB,consensus,22,f81a98cf-0a83-4e65-8fb2-82aa2031b662,plan_reason,,,,,,
R4ED475FF8BEB,primary,23,e6f07440-d47f-438e-9cd5-d7e8fcc5b7ac,request_lab,,,,,,
R4ED475FF8BEB,second,23,e6f07440-d47f-438e-9cd5-d7e8fcc5b7ac,request_lab,,,,,,
R4ED475FF8BEB,consensus,23,e6f07440-d47f-438e-9cd5-d7e8fcc5b7ac,request_lab,,,,,,
R4ED475FF8BEB,primary,24,618bb964-2417-4c6c-a51b-8d7159fe727f,plan_reason,,,,,,
R4ED475FF8BEB,second,24,618bb964-2417-4c6c-a51b-8d7159fe727f,plan_reason,,,,,,
R4ED475FF8BEB,consensus,24,618bb964-2417-4c6c-a51b-8d7159fe727f,plan_reason,,,,,,
R4ED475FF8BEB,primary,25,708c23ad-b4e6-48e1-8f7b-5b19b58ce06c,request_lab,,,,,,
R4ED475FF8BEB,second,25,708c23ad-b4e6-48e1-8f7b-5b19b58ce06c,request_lab,,,,,,
R4ED475FF8BEB,consensus,25,708c23ad-b4e6-48e1-8f7b-5b19b58ce06c,request_lab,,,,,,
R4ED475FF8BEB,primary,26,cf39c14f-5276-4f53-9741-3c12ce13d348,plan_reason,,,,,,
R4ED475FF8BEB,second,26,cf39c14f-5276-4f53-9741-3c12ce13d348,plan_reason,,,,,,
R4ED475FF8BEB,consensus,26,cf39c14f-5276-4f53-9741-3c12ce13d348,plan_reason,,,,,,
R4ED475FF8BEB,primary,27,8c8f150b-565d-4e13-a82c-1bae5527341e,request_lab,,,,,,
R4ED475FF8BEB,second,27,8c8f150b-565d-4e13-a82c-1bae5527341e,request_lab,,,,,,
R4ED475FF8BEB,consensus,27,8c8f150b-565d-4e13-a82c-1bae5527341e,request_lab,,,,,,
R4ED475FF8BEB,primary,28,ae7a5495-37b9-49cf-a904-a1ef583b0e61,plan_reason,,,,,,
R4ED475FF8BEB,second,28,ae7a5495-37b9-49cf-a904-a1ef583b0e61,plan_reason,,,,,,
R4ED475FF8BEB,consensus,28,ae7a5495-37b9-49cf-a904-a1ef583b0e61,plan_reason,,,,,,
R4ED475FF8BEB,primary,29,06aee48f-61de-4ce3-b26e-8561e2151956,request_lab,,,,,,
R4ED475FF8BEB,second,29,06aee48f-61de-4ce3-b26e-8561e2151956,request_lab,,,,,,
R4ED475FF8BEB,consensus,29,06aee48f-61de-4ce3-b26e-8561e2151956,request_lab,,,,,,
R4ED475FF8BEB,primary,30,ca052347-4dbf-4451-a99f-2ec95d90c726,plan_reason,,,,,,
R4ED475FF8BEB,second,30,ca052347-4dbf-4451-a99f-2ec95d90c726,plan_reason,,,,,,
R4ED475FF8BEB,consensus,30,ca052347-4dbf-4451-a99f-2ec95d90c726,plan_reason,,,,,,
R4ED475FF8BEB,primary,31,c90db05a-a81a-469c-ae94-05cc8de92691,request_lab,,,,,,
R4ED475FF8BEB,second,31,c90db05a-a81a-469c-ae94-05cc8de92691,request_lab,,,,,,
R4ED475FF8BEB,consensus,31,c90db05a-a81a-469c-ae94-05cc8de92691,request_lab,,,,,,
R4ED475FF8BEB,primary,32,dbce5b2d-4feb-41db-8fe1-9f9bb766aaf2,plan_reason,,,,,,
R4ED475FF8BEB,second,32,dbce5b2d-4feb-41db-8fe1-9f9bb766aaf2,plan_reason,,,,,,
R4ED475FF8BEB,consensus,32,dbce5b2d-4feb-41db-8fe1-9f9bb766aaf2,plan_reason,,,,,,
R4ED475FF8BEB,primary,33,6a74cc49-ce82-46c2-b797-8a08090fe87f,request_lab,,,,,,
R4ED475FF8BEB,second,33,6a74cc49-ce82-46c2-b797-8a08090fe87f,request_lab,,,,,,
R4ED475FF8BEB,consensus,33,6a74cc49-ce82-46c2-b797-8a08090fe87f,request_lab,,,,,,
R4ED475FF8BEB,primary,34,17382e03-d8de-4519-a9f2-930ed863ec18,plan_reason,,,,,,
R4ED475FF8BEB,second,34,17382e03-d8de-4519-a9f2-930ed863ec18,plan_reason,,,,,,
R4ED475FF8BEB,consensus,34,17382e03-d8de-4519-a9f2-930ed863ec18,plan_reason,,,,,,
R4ED475FF8BEB,primary,35,d2278b34-bb3f-4aba-a630-bfa17d455e25,request_lab,,,,,,
R4ED475FF8BEB,second,35,d2278b34-bb3f-4aba-a630-bfa17d455e25,request_lab,,,,,,
R4ED475FF8BEB,consensus,35,d2278b34-bb3f-4aba-a630-bfa17d455e25,request_lab,,,,,,
R4ED475FF8BEB,primary,36,e6b666aa-6e17-427b-b082-d918f0eaca30,plan_reason,,,,,,
R4ED475FF8BEB,second,36,e6b666aa-6e17-427b-b082-d918f0eaca30,plan_reason,,,,,,
R4ED475FF8BEB,consensus,36,e6b666aa-6e17-427b-b082-d918f0eaca30,plan_reason,,,,,,
R4ED475FF8BEB,primary,37,ef5d72e2-e94f-4d86-8f7f-5c8e4fccb6e9,request_lab,,,,,,
R4ED475FF8BEB,second,37,ef5d72e2-e94f-4d86-8f7f-5c8e4fccb6e9,request_lab,,,,,,
R4ED475FF8BEB,consensus,37,ef5d72e2-e94f-4d86-8f7f-5c8e4fccb6e9,request_lab,,,,,,
R4ED475FF8BEB,primary,38,535a4ba1-bc45-424e-9c52-c53d9ab5a5b4,plan_reason,,,,,,
R4ED475FF8BEB,second,38,535a4ba1-bc45-424e-9c52-c53d9ab5a5b4,plan_reason,,,,,,
R4ED475FF8BEB,consensus,38,535a4ba1-bc45-424e-9c52-c53d9ab5a5b4,plan_reason,,,,,,
R4ED475FF8BEB,primary,39,ea465cf7-8448-4f27-a0c8-8e6f2f0b221b,request_lab,,,,,,
R4ED475FF8BEB,second,39,ea465cf7-8448-4f27-a0c8-8e6f2f0b221b,request_lab,,,,,,
R4ED475FF8BEB,consensus,39,ea465cf7-8448-4f27-a0c8-8e6f2f0b221b,request_lab,,,,,,
R4ED475FF8BEB,primary,40,f194374e-7b4c-42dc-bb02-71f8ba98e847,plan_reason,,,,,,
R4ED475FF8BEB,second,40,f194374e-7b4c-42dc-bb02-71f8ba98e847,plan_reason,,,,,,
R4ED475FF8BEB,consensus,40,f194374e-7b4c-42dc-bb02-71f8ba98e847,plan_reason,,,,,,
RD3AA91BF4038,primary,1,ad329877-171d-4c52-b46b-d2585cf84e72,ask_history,,,,,,
RD3AA91BF4038,second,1,ad329877-171d-4c52-b46b-d2585cf84e72,ask_history,,,,,,
RD3AA91BF4038,consensus,1,ad329877-171d-4c52-b46b-d2585cf84e72,ask_history,,,,,,
RD3AA91BF4038,primary,2,20b57a12-3f0a-4feb-ab9b-bfbdde23b37c,request_physical_exam,,,,,,
RD3AA91BF4038,second,2,20b57a12-3f0a-4feb-ab9b-bfbdde23b37c,request_physical_exam,,,,,,
RD3AA91BF4038,consensus,2,20b57a12-3f0a-4feb-ab9b-bfbdde23b37c,request_physical_exam,,,,,,
RD3AA91BF4038,primary,3,7525412c-18af-4e3c-9322-1dbbaa1165cf,request_ecg_or_test,,,,,,
RD3AA91BF4038,second,3,7525412c-18af-4e3c-9322-1dbbaa1165cf,request_ecg_or_test,,,,,,
RD3AA91BF4038,consensus,3,7525412c-18af-4e3c-9322-1dbbaa1165cf,request_ecg_or_test,,,,,,
RD3AA91BF4038,primary,4,3c6a6d05-ca18-4064-8279-8f9bf4b04548,request_ecg_or_test,,,,,,
RD3AA91BF4038,second,4,3c6a6d05-ca18-4064-8279-8f9bf4b04548,request_ecg_or_test,,,,,,
RD3AA91BF4038,consensus,4,3c6a6d05-ca18-4064-8279-8f9bf4b04548,request_ecg_or_test,,,,,,
RD3AA91BF4038,primary,5,ab139717-cd10-4034-9661-74d291ba1860,request_lab,,,,,,
RD3AA91BF4038,second,5,ab139717-cd10-4034-9661-74d291ba1860,request_lab,,,,,,
RD3AA91BF4038,consensus,5,ab139717-cd10-4034-9661-74d291ba1860,request_lab,,,,,,
RD3AA91BF4038,primary,6,0b528a46-9777-404d-b9fa-3e5bf9c58660,request_physical_exam,,,,,,
RD3AA91BF4038,second,6,0b528a46-9777-404d-b9fa-3e5bf9c58660,request_physical_exam,,,,,,
RD3AA91BF4038,consensus,6,0b528a46-9777-404d-b9fa-3e5bf9c58660,request_physical_exam,,,,,,
RD3AA91BF4038,primary,7,9a558632-3507-4da6-9e6d-e2f9ca28f8a3,ask_history,,,,,,
RD3AA91BF4038,second,7,9a558632-3507-4da6-9e6d-e2f9ca28f8a3,ask_history,,,,,,
RD3AA91BF4038,consensus,7,9a558632-3507-4da6-9e6d-e2f9ca28f8a3,ask_history,,,,,,
RD3AA91BF4038,primary,8,0f92d45f-2e80-4ff6-875c-60fcf0a078df,plan_reason,,,,,,
RD3AA91BF4038,second,8,0f92d45f-2e80-4ff6-875c-60fcf0a078df,plan_reason,,,,,,
RD3AA91BF4038,consensus,8,0f92d45f-2e80-4ff6-875c-60fcf0a078df,plan_reason,,,,,,
RD3AA91BF4038,primary,9,4d39a152-0774-4ef9-be0c-cc1b9975cd24,request_imaging,,,,,,
RD3AA91BF4038,second,9,4d39a152-0774-4ef9-be0c-cc1b9975cd24,request_imaging,,,,,,
RD3AA91BF4038,consensus,9,4d39a152-0774-4ef9-be0c-cc1b9975cd24,request_imaging,,,,,,
RD3AA91BF4038,primary,10,5d365667-82d2-42bc-82aa-02729eb4f7f0,request_procedure,,,,,,
RD3AA91BF4038,second,10,5d365667-82d2-42bc-82aa-02729eb4f7f0,request_procedure,,,,,,
RD3AA91BF4038,consensus,10,5d365667-82d2-42bc-82aa-02729eb4f7f0,request_procedure,,,,,,
RD3AA91BF4038,primary,11,9b7efe2b-57bb-4a35-b4c8-8e946f94a3c3,ask_history,,,,,,
RD3AA91BF4038,second,11,9b7efe2b-57bb-4a35-b4c8-8e946f94a3c3,ask_history,,,,,,
RD3AA91BF4038,consensus,11,9b7efe2b-57bb-4a35-b4c8-8e946f94a3c3,ask_history,,,,,,
RD3AA91BF4038,primary,12,b10f2663-69fb-48cf-bd35-63d4955cb707,request_ecg_or_test,,,,,,
RD3AA91BF4038,second,12,b10f2663-69fb-48cf-bd35-63d4955cb707,request_ecg_or_test,,,,,,
RD3AA91BF4038,consensus,12,b10f2663-69fb-48cf-bd35-63d4955cb707,request_ecg_or_test,,,,,,
RD3AA91BF4038,primary,13,424ac1d3-f21e-4997-a9ba-112e6a11a9f6,request_ecg_or_test,,,,,,
RD3AA91BF4038,second,13,424ac1d3-f21e-4997-a9ba-112e6a11a9f6,request_ecg_or_test,,,,,,
RD3AA91BF4038,consensus,13,424ac1d3-f21e-4997-a9ba-112e6a11a9f6,request_ecg_or_test,,,,,,
RD3AA91BF4038,primary,14,0822d63a-8de9-4412-b258-5bd073713bd7,request_imaging,,,,,,
RD3AA91BF4038,second,14,0822d63a-8de9-4412-b258-5bd073713bd7,request_imaging,,,,,,
RD3AA91BF4038,consensus,14,0822d63a-8de9-4412-b258-5bd073713bd7,request_imaging,,,,,,
RD3AA91BF4038,primary,15,31b9eada-3f02-4ea1-976e-78c566ac1229,prescribe_medication,,,,,,
RD3AA91BF4038,second,15,31b9eada-3f02-4ea1-976e-78c566ac1229,prescribe_medication,,,,,,
RD3AA91BF4038,consensus,15,31b9eada-3f02-4ea1-976e-78c566ac1229,prescribe_medication,,,,,,
RD3AA91BF4038,primary,16,773fec35-efc1-454e-a7dd-52be90589475,final_diagnosis,,,,,,
RD3AA91BF4038,second,16,773fec35-efc1-454e-a7dd-52be90589475,final_diagnosis,,,,,,
RD3AA91BF4038,consensus,16,773fec35-efc1-454e-a7dd-52be90589475,final_diagnosis,,,,,,
RD3AA91BF4038,primary,17,8ba96e99-3f2d-42d4-a91b-d643ff77e842,disposition,,,,,,
RD3AA91BF4038,second,17,8ba96e99-3f2d-42d4-a91b-d643ff77e842,disposition,,,,,,
RD3AA91BF4038,consensus,17,8ba96e99-3f2d-42d4-a91b-d643ff77e842,disposition,,,,,,
REF94C5C43A06,primary,1,762026c6-6fab-4b7c-b072-912ede56ac82,request_physical_exam,,,,,,
REF94C5C43A06,second,1,762026c6-6fab-4b7c-b072-912ede56ac82,request_physical_exam,,,,,,
REF94C5C43A06,consensus,1,762026c6-6fab-4b7c-b072-912ede56ac82,request_physical_exam,,,,,,
REF94C5C43A06,primary,2,1eda8bb8-5d51-4fb8-b6c2-ba4a83139f8e,request_imaging,,,,,,
REF94C5C43A06,second,2,1eda8bb8-5d51-4fb8-b6c2-ba4a83139f8e,request_imaging,,,,,,
REF94C5C43A06,consensus,2,1eda8bb8-5d51-4fb8-b6c2-ba4a83139f8e,request_imaging,,,,,,
REF94C5C43A06,primary,3,f7037d02-18af-4f8c-965c-c01274fa1c60,ask_history,,,,,,
REF94C5C43A06,second,3,f7037d02-18af-4f8c-965c-c01274fa1c60,ask_history,,,,,,
REF94C5C43A06,consensus,3,f7037d02-18af-4f8c-965c-c01274fa1c60,ask_history,,,,,,
REF94C5C43A06,primary,4,9b814ec1-7b1e-450b-ae60-f0d98d9d4b37,ask_history,,,,,,
REF94C5C43A06,second,4,9b814ec1-7b1e-450b-ae60-f0d98d9d4b37,ask_history,,,,,,
REF94C5C43A06,consensus,4,9b814ec1-7b1e-450b-ae60-f0d98d9d4b37,ask_history,,,,,,
REF94C5C43A06,primary,5,63328535-4415-448a-87d1-3c91de98eeed,request_imaging,,,,,,
REF94C5C43A06,second,5,63328535-4415-448a-87d1-3c91de98eeed,request_imaging,,,,,,
REF94C5C43A06,consensus,5,63328535-4415-448a-87d1-3c91de98eeed,request_imaging,,,,,,
REF94C5C43A06,primary,6,c967c315-6b35-4f79-869d-aacdc5b3b53a,plan_reason,,,,,,
REF94C5C43A06,second,6,c967c315-6b35-4f79-869d-aacdc5b3b53a,plan_reason,,,,,,
REF94C5C43A06,consensus,6,c967c315-6b35-4f79-869d-aacdc5b3b53a,plan_reason,,,,,,
REF94C5C43A06,primary,7,b30fc4f9-7109-434e-84fa-9b0048ff3d24,request_procedure,,,,,,
REF94C5C43A06,second,7,b30fc4f9-7109-434e-84fa-9b0048ff3d24,request_procedure,,,,,,
REF94C5C43A06,consensus,7,b30fc4f9-7109-434e-84fa-9b0048ff3d24,request_procedure,,,,,,
REF94C5C43A06,primary,8,9df4ec9c-7d5a-4624-9862-fcc2d8b72402,ask_history,,,,,,
REF94C5C43A06,second,8,9df4ec9c-7d5a-4624-9862-fcc2d8b72402,ask_history,,,,,,
REF94C5C43A06,consensus,8,9df4ec9c-7d5a-4624-9862-fcc2d8b72402,ask_history,,,,,,
REF94C5C43A06,primary,9,a5d72c2d-66e5-472c-82ab-cfc9fa66b484,request_procedure,,,,,,
REF94C5C43A06,second,9,a5d72c2d-66e5-472c-82ab-cfc9fa66b484,request_procedure,,,,,,
REF94C5C43A06,consensus,9,a5d72c2d-66e5-472c-82ab-cfc9fa66b484,request_procedure,,,,,,
REF94C5C43A06,primary,10,20d6b33d-cd3a-47c6-8d45-e9c15575ff99,request_imaging,,,,,,
REF94C5C43A06,second,10,20d6b33d-cd3a-47c6-8d45-e9c15575ff99,request_imaging,,,,,,
REF94C5C43A06,consensus,10,20d6b33d-cd3a-47c6-8d45-e9c15575ff99,request_imaging,,,,,,
REF94C5C43A06,primary,11,fd8b9723-18de-4ee6-8df3-d2376703bce1,final_diagnosis,,,,,,
REF94C5C43A06,second,11,fd8b9723-18de-4ee6-8df3-d2376703bce1,final_diagnosis,,,,,,
REF94C5C43A06,consensus,11,fd8b9723-18de-4ee6-8df3-d2376703bce1,final_diagnosis,,,,,,
REF94C5C43A06,primary,12,4a7d41e3-63cd-41ca-ad6a-1809c7fe09c9,disposition,,,,,,
REF94C5C43A06,second,12,4a7d41e3-63cd-41ca-ad6a-1809c7fe09c9,disposition,,,,,,
REF94C5C43A06,consensus,12,4a7d41e3-63cd-41ca-ad6a-1809c7fe09c9,disposition,,,,,,
RDC2444BB5524,primary,1,d92f3c36-d12b-4e60-9ede-6f6e4b0d173a,ask_history,,,,,,
RDC2444BB5524,second,1,d92f3c36-d12b-4e60-9ede-6f6e4b0d173a,ask_history,,,,,,
RDC2444BB5524,consensus,1,d92f3c36-d12b-4e60-9ede-6f6e4b0d173a,ask_history,,,,,,
RDC2444BB5524,primary,2,859be29c-b299-45a3-82da-ccc77e84577c,request_physical_exam,,,,,,
RDC2444BB5524,second,2,859be29c-b299-45a3-82da-ccc77e84577c,request_physical_exam,,,,,,
RDC2444BB5524,consensus,2,859be29c-b299-45a3-82da-ccc77e84577c,request_physical_exam,,,,,,
RDC2444BB5524,primary,3,996012cc-a43e-407f-9b4c-c43a0f5af527,ask_history,,,,,,
RDC2444BB5524,second,3,996012cc-a43e-407f-9b4c-c43a0f5af527,ask_history,,,,,,
RDC2444BB5524,consensus,3,996012cc-a43e-407f-9b4c-c43a0f5af527,ask_history,,,,,,
RDC2444BB5524,primary,4,a8264223-0961-48e6-a005-48e8e6e98294,request_physical_exam,,,,,,
RDC2444BB5524,second,4,a8264223-0961-48e6-a005-48e8e6e98294,request_physical_exam,,,,,,
RDC2444BB5524,consensus,4,a8264223-0961-48e6-a005-48e8e6e98294,request_physical_exam,,,,,,
RDC2444BB5524,primary,5,c2cb75de-3ea2-4076-9cd3-b366d8ec513d,request_lab,,,,,,
RDC2444BB5524,second,5,c2cb75de-3ea2-4076-9cd3-b366d8ec513d,request_lab,,,,,,
RDC2444BB5524,consensus,5,c2cb75de-3ea2-4076-9cd3-b366d8ec513d,request_lab,,,,,,
RDC2444BB5524,primary,6,d6018bd8-0ebc-4634-b867-b71cc694e9dc,request_lab,,,,,,
RDC2444BB5524,second,6,d6018bd8-0ebc-4634-b867-b71cc694e9dc,request_lab,,,,,,
RDC2444BB5524,consensus,6,d6018bd8-0ebc-4634-b867-b71cc694e9dc,request_lab,,,,,,
RDC2444BB5524,primary,7,a68eb259-d66b-4783-80b8-b253cc748c2c,request_lab,,,,,,
RDC2444BB5524,second,7,a68eb259-d66b-4783-80b8-b253cc748c2c,request_lab,,,,,,
RDC2444BB5524,consensus,7,a68eb259-d66b-4783-80b8-b253cc748c2c,request_lab,,,,,,
RDC2444BB5524,primary,8,d910af51-748f-4ebb-844d-2b164e867f64,plan_reason,,,,,,
RDC2444BB5524,second,8,d910af51-748f-4ebb-844d-2b164e867f64,plan_reason,,,,,,
RDC2444BB5524,consensus,8,d910af51-748f-4ebb-844d-2b164e867f64,plan_reason,,,,,,
RDC2444BB5524,primary,9,46328b72-c45f-4bef-a36b-80d6b6a73f22,request_lab,,,,,,
RDC2444BB5524,second,9,46328b72-c45f-4bef-a36b-80d6b6a73f22,request_lab,,,,,,
RDC2444BB5524,consensus,9,46328b72-c45f-4bef-a36b-80d6b6a73f22,request_lab,,,,,,
RDC2444BB5524,primary,10,b060964e-177e-42db-9689-540a87f21186,request_lab,,,,,,
RDC2444BB5524,second,10,b060964e-177e-42db-9689-540a87f21186,request_lab,,,,,,
RDC2444BB5524,consensus,10,b060964e-177e-42db-9689-540a87f21186,request_lab,,,,,,
RDC2444BB5524,primary,11,66a9f79a-4ba4-433f-b9a1-20c8212dacb3,request_lab,,,,,,
RDC2444BB5524,second,11,66a9f79a-4ba4-433f-b9a1-20c8212dacb3,request_lab,,,,,,
RDC2444BB5524,consensus,11,66a9f79a-4ba4-433f-b9a1-20c8212dacb3,request_lab,,,,,,
RDC2444BB5524,primary,12,a1e8cb3e-02a8-40a6-814a-23aeda22e980,plan_reason,,,,,,
RDC2444BB5524,second,12,a1e8cb3e-02a8-40a6-814a-23aeda22e980,plan_reason,,,,,,
RDC2444BB5524,consensus,12,a1e8cb3e-02a8-40a6-814a-23aeda22e980,plan_reason,,,,,,
RDC2444BB5524,primary,13,d388d45c-f946-47f5-aaca-6db0b7e4cc47,request_lab,,,,,,
RDC2444BB5524,second,13,d388d45c-f946-47f5-aaca-6db0b7e4cc47,request_lab,,,,,,
RDC2444BB5524,consensus,13,d388d45c-f946-47f5-aaca-6db0b7e4cc47,request_lab,,,,,,
RDC2444BB5524,primary,14,56306581-98f3-4511-a87b-6c2d5ea92f15,request_lab,,,,,,
RDC2444BB5524,second,14,56306581-98f3-4511-a87b-6c2d5ea92f15,request_lab,,,,,,
RDC2444BB5524,consensus,14,56306581-98f3-4511-a87b-6c2d5ea92f15,request_lab,,,,,,
RDC2444BB5524,primary,15,9c7c693c-6bf4-4962-a27d-0d6e4f2a213b,plan_reason,,,,,,
RDC2444BB5524,second,15,9c7c693c-6bf4-4962-a27d-0d6e4f2a213b,plan_reason,,,,,,
RDC2444BB5524,consensus,15,9c7c693c-6bf4-4962-a27d-0d6e4f2a213b,plan_reason,,,,,,
RDC2444BB5524,primary,16,2c584fdd-cc92-469d-a8aa-a2ae2970c42d,request_lab,,,,,,
RDC2444BB5524,second,16,2c584fdd-cc92-469d-a8aa-a2ae2970c42d,request_lab,,,,,,
RDC2444BB5524,consensus,16,2c584fdd-cc92-469d-a8aa-a2ae2970c42d,request_lab,,,,,,
RDC2444BB5524,primary,17,611fab3c-d836-4234-b930-db2833aa53ce,request_lab,,,,,,
RDC2444BB5524,second,17,611fab3c-d836-4234-b930-db2833aa53ce,request_lab,,,,,,
RDC2444BB5524,consensus,17,611fab3c-d836-4234-b930-db2833aa53ce,request_lab,,,,,,
RDC2444BB5524,primary,18,ff33add4-02a3-4955-bb8b-a1c5c458418e,plan_reason,,,,,,
RDC2444BB5524,second,18,ff33add4-02a3-4955-bb8b-a1c5c458418e,plan_reason,,,,,,
RDC2444BB5524,consensus,18,ff33add4-02a3-4955-bb8b-a1c5c458418e,plan_reason,,,,,,
RDC2444BB5524,primary,19,cc6d603c-7f9f-4856-83ae-15f583209e54,request_lab,,,,,,
RDC2444BB5524,second,19,cc6d603c-7f9f-4856-83ae-15f583209e54,request_lab,,,,,,
RDC2444BB5524,consensus,19,cc6d603c-7f9f-4856-83ae-15f583209e54,request_lab,,,,,,
RDC2444BB5524,primary,20,e0c2aa02-ed25-4e67-947e-1f3684de872f,plan_reason,,,,,,
RDC2444BB5524,second,20,e0c2aa02-ed25-4e67-947e-1f3684de872f,plan_reason,,,,,,
RDC2444BB5524,consensus,20,e0c2aa02-ed25-4e67-947e-1f3684de872f,plan_reason,,,,,,
RDC2444BB5524,primary,21,2fc38de6-e513-4945-a673-1021185afca1,request_lab,,,,,,
RDC2444BB5524,second,21,2fc38de6-e513-4945-a673-1021185afca1,request_lab,,,,,,
RDC2444BB5524,consensus,21,2fc38de6-e513-4945-a673-1021185afca1,request_lab,,,,,,
RDC2444BB5524,primary,22,f68db7b4-e4cf-4f73-9b9c-170cde8faf5f,request_lab,,,,,,
RDC2444BB5524,second,22,f68db7b4-e4cf-4f73-9b9c-170cde8faf5f,request_lab,,,,,,
RDC2444BB5524,consensus,22,f68db7b4-e4cf-4f73-9b9c-170cde8faf5f,request_lab,,,,,,
RDC2444BB5524,primary,23,57d17a80-c8e0-4b4e-9653-81ace2339e63,plan_reason,,,,,,
RDC2444BB5524,second,23,57d17a80-c8e0-4b4e-9653-81ace2339e63,plan_reason,,,,,,
RDC2444BB5524,consensus,23,57d17a80-c8e0-4b4e-9653-81ace2339e63,plan_reason,,,,,,
RDC2444BB5524,primary,24,33a56164-dcd4-4ed7-bf18-05fa40a2edf1,request_lab,,,,,,
RDC2444BB5524,second,24,33a56164-dcd4-4ed7-bf18-05fa40a2edf1,request_lab,,,,,,
RDC2444BB5524,consensus,24,33a56164-dcd4-4ed7-bf18-05fa40a2edf1,request_lab,,,,,,
RDC2444BB5524,primary,25,0ba00de4-5e9d-4f0d-a366-7676ab78e4fc,plan_reason,,,,,,
RDC2444BB5524,second,25,0ba00de4-5e9d-4f0d-a366-7676ab78e4fc,plan_reason,,,,,,
RDC2444BB5524,consensus,25,0ba00de4-5e9d-4f0d-a366-7676ab78e4fc,plan_reason,,,,,,
RDC2444BB5524,primary,26,ae12784e-0d54-4bd0-b761-5e742773844c,request_lab,,,,,,
RDC2444BB5524,second,26,ae12784e-0d54-4bd0-b761-5e742773844c,request_lab,,,,,,
RDC2444BB5524,consensus,26,ae12784e-0d54-4bd0-b761-5e742773844c,request_lab,,,,,,
RDC2444BB5524,primary,27,34f43dd4-5cf8-4b8a-a395-2e23f6e37b10,request_lab,,,,,,
RDC2444BB5524,second,27,34f43dd4-5cf8-4b8a-a395-2e23f6e37b10,request_lab,,,,,,
RDC2444BB5524,consensus,27,34f43dd4-5cf8-4b8a-a395-2e23f6e37b10,request_lab,,,,,,
RDC2444BB5524,primary,28,536f87c0-3b01-4860-98cb-8a599b38dc16,plan_reason,,,,,,
RDC2444BB5524,second,28,536f87c0-3b01-4860-98cb-8a599b38dc16,plan_reason,,,,,,
RDC2444BB5524,consensus,28,536f87c0-3b01-4860-98cb-8a599b38dc16,plan_reason,,,,,,
RDC2444BB5524,primary,29,9d9e5cdb-2bba-4f32-bfb7-3ca467d36e06,request_lab,,,,,,
RDC2444BB5524,second,29,9d9e5cdb-2bba-4f32-bfb7-3ca467d36e06,request_lab,,,,,,
RDC2444BB5524,consensus,29,9d9e5cdb-2bba-4f32-bfb7-3ca467d36e06,request_lab,,,,,,
RDC2444BB5524,primary,30,0ce5d0df-84df-435b-99f0-06cda2fd6f10,plan_reason,,,,,,
RDC2444BB5524,second,30,0ce5d0df-84df-435b-99f0-06cda2fd6f10,plan_reason,,,,,,
RDC2444BB5524,consensus,30,0ce5d0df-84df-435b-99f0-06cda2fd6f10,plan_reason,,,,,,
RDC2444BB5524,primary,31,5a621e45-d534-4c68-9df7-40ff312b2bfa,request_lab,,,,,,
RDC2444BB5524,second,31,5a621e45-d534-4c68-9df7-40ff312b2bfa,request_lab,,,,,,
RDC2444BB5524,consensus,31,5a621e45-d534-4c68-9df7-40ff312b2bfa,request_lab,,,,,,
RDC2444BB5524,primary,32,3518dfec-676a-49fb-9cab-17d96bc81dea,request_lab,,,,,,
RDC2444BB5524,second,32,3518dfec-676a-49fb-9cab-17d96bc81dea,request_lab,,,,,,
RDC2444BB5524,consensus,32,3518dfec-676a-49fb-9cab-17d96bc81dea,request_lab,,,,,,
RDC2444BB5524,primary,33,2693a683-1e3b-408e-890e-8ad33274ca8f,plan_reason,,,,,,
RDC2444BB5524,second,33,2693a683-1e3b-408e-890e-8ad33274ca8f,plan_reason,,,,,,
RDC2444BB5524,consensus,33,2693a683-1e3b-408e-890e-8ad33274ca8f,plan_reason,,,,,,
RDC2444BB5524,primary,34,9f5352df-088b-4612-aa5f-d30c86d68dee,request_lab,,,,,,
RDC2444BB5524,second,34,9f5352df-088b-4612-aa5f-d30c86d68dee,request_lab,,,,,,
RDC2444BB5524,consensus,34,9f5352df-088b-4612-aa5f-d30c86d68dee,request_lab,,,,,,
RDC2444BB5524,primary,35,ae671224-581e-4820-9bba-f7bbc7865dcd,plan_reason,,,,,,
RDC2444BB5524,second,35,ae671224-581e-4820-9bba-f7bbc7865dcd,plan_reason,,,,,,
RDC2444BB5524,consensus,35,ae671224-581e-4820-9bba-f7bbc7865dcd,plan_reason,,,,,,
RDC2444BB5524,primary,36,707f7024-c110-4f78-b2fe-075401bde32b,request_lab,,,,,,
RDC2444BB5524,second,36,707f7024-c110-4f78-b2fe-075401bde32b,request_lab,,,,,,
RDC2444BB5524,consensus,36,707f7024-c110-4f78-b2fe-075401bde32b,request_lab,,,,,,
RDC2444BB5524,primary,37,16a9a94a-c174-451f-a012-022a6f4e0338,request_lab,,,,,,
RDC2444BB5524,second,37,16a9a94a-c174-451f-a012-022a6f4e0338,request_lab,,,,,,
RDC2444BB5524,consensus,37,16a9a94a-c174-451f-a012-022a6f4e0338,request_lab,,,,,,
RDC2444BB5524,primary,38,18e24fc6-2776-41bd-97dc-9082c6ab13fa,plan_reason,,,,,,
RDC2444BB5524,second,38,18e24fc6-2776-41bd-97dc-9082c6ab13fa,plan_reason,,,,,,
RDC2444BB5524,consensus,38,18e24fc6-2776-41bd-97dc-9082c6ab13fa,plan_reason,,,,,,
RDC2444BB5524,primary,39,3576c632-3018-4a24-8b1b-c6ca8e7597dd,request_lab,,,,,,
RDC2444BB5524,second,39,3576c632-3018-4a24-8b1b-c6ca8e7597dd,request_lab,,,,,,
RDC2444BB5524,consensus,39,3576c632-3018-4a24-8b1b-c6ca8e7597dd,request_lab,,,,,,
RDC2444BB5524,primary,40,0d9093fc-2531-4e9d-976c-a0bda7460b9a,plan_reason,,,,,,
RDC2444BB5524,second,40,0d9093fc-2531-4e9d-976c-a0bda7460b9a,plan_reason,,,,,,
RDC2444BB5524,consensus,40,0d9093fc-2531-4e9d-976c-a0bda7460b9a,plan_reason,,,,,,
RAF4979880326,primary,1,9b267d25-5574-4b65-b243-5fc34e3c28cd,request_physical_exam,,,,,,
RAF4979880326,second,1,9b267d25-5574-4b65-b243-5fc34e3c28cd,request_physical_exam,,,,,,
RAF4979880326,consensus,1,9b267d25-5574-4b65-b243-5fc34e3c28cd,request_physical_exam,,,,,,
RAF4979880326,primary,2,cc386165-aa6d-4876-af60-30113bf31c45,request_lab,,,,,,
RAF4979880326,second,2,cc386165-aa6d-4876-af60-30113bf31c45,request_lab,,,,,,
RAF4979880326,consensus,2,cc386165-aa6d-4876-af60-30113bf31c45,request_lab,,,,,,
RAF4979880326,primary,3,aa2585b8-d8f4-4422-afa2-f101008b96ab,ask_history,,,,,,
RAF4979880326,second,3,aa2585b8-d8f4-4422-afa2-f101008b96ab,ask_history,,,,,,
RAF4979880326,consensus,3,aa2585b8-d8f4-4422-afa2-f101008b96ab,ask_history,,,,,,
RAF4979880326,primary,4,528f85a7-9754-4778-8c17-c7cf58654b29,ask_history,,,,,,
RAF4979880326,second,4,528f85a7-9754-4778-8c17-c7cf58654b29,ask_history,,,,,,
RAF4979880326,consensus,4,528f85a7-9754-4778-8c17-c7cf58654b29,ask_history,,,,,,
RAF4979880326,primary,5,c7853901-4865-4deb-8f4a-a24aad48ddbf,ask_history,,,,,,
RAF4979880326,second,5,c7853901-4865-4deb-8f4a-a24aad48ddbf,ask_history,,,,,,
RAF4979880326,consensus,5,c7853901-4865-4deb-8f4a-a24aad48ddbf,ask_history,,,,,,
RAF4979880326,primary,6,44e6906c-867b-4ad3-a5c7-199dc8eef0b4,request_physical_exam,,,,,,
RAF4979880326,second,6,44e6906c-867b-4ad3-a5c7-199dc8eef0b4,request_physical_exam,,,,,,
RAF4979880326,consensus,6,44e6906c-867b-4ad3-a5c7-199dc8eef0b4,request_physical_exam,,,,,,
RAF4979880326,primary,7,9d020ad3-84c6-4e65-b1ba-14d1c6087cc9,request_lab,,,,,,
RAF4979880326,second,7,9d020ad3-84c6-4e65-b1ba-14d1c6087cc9,request_lab,,,,,,
RAF4979880326,consensus,7,9d020ad3-84c6-4e65-b1ba-14d1c6087cc9,request_lab,,,,,,
RAF4979880326,primary,8,b52ea555-d4a2-49dd-aeaa-366b8e209256,plan_reason,,,,,,
RAF4979880326,second,8,b52ea555-d4a2-49dd-aeaa-366b8e209256,plan_reason,,,,,,
RAF4979880326,consensus,8,b52ea555-d4a2-49dd-aeaa-366b8e209256,plan_reason,,,,,,
RAF4979880326,primary,9,fbda5fa6-4a1e-4042-99a1-ef924960b50a,request_procedure,,,,,,
RAF4979880326,second,9,fbda5fa6-4a1e-4042-99a1-ef924960b50a,request_procedure,,,,,,
RAF4979880326,consensus,9,fbda5fa6-4a1e-4042-99a1-ef924960b50a,request_procedure,,,,,,
RAF4979880326,primary,10,9e82657b-aa66-48b3-94ad-e39f23f16552,request_lab,,,,,,
RAF4979880326,second,10,9e82657b-aa66-48b3-94ad-e39f23f16552,request_lab,,,,,,
RAF4979880326,consensus,10,9e82657b-aa66-48b3-94ad-e39f23f16552,request_lab,,,,,,
RAF4979880326,primary,11,6ba632c9-879d-47fb-946b-89ec890e19dd,prescribe_medication,,,,,,
RAF4979880326,second,11,6ba632c9-879d-47fb-946b-89ec890e19dd,prescribe_medication,,,,,,
RAF4979880326,consensus,11,6ba632c9-879d-47fb-946b-89ec890e19dd,prescribe_medication,,,,,,
RAF4979880326,primary,12,0aff164e-f607-4376-8e30-ad94a942d990,request_procedure,,,,,,
RAF4979880326,second,12,0aff164e-f607-4376-8e30-ad94a942d990,request_procedure,,,,,,
RAF4979880326,consensus,12,0aff164e-f607-4376-8e30-ad94a942d990,request_procedure,,,,,,
RAF4979880326,primary,13,cdc77600-9c86-408d-a2e3-d37614642525,request_imaging,,,,,,
RAF4979880326,second,13,cdc77600-9c86-408d-a2e3-d37614642525,request_imaging,,,,,,
RAF4979880326,consensus,13,cdc77600-9c86-408d-a2e3-d37614642525,request_imaging,,,,,,
RAF4979880326,primary,14,3d167627-710e-4795-9c6d-bf82a4f93ce2,ask_history,,,,,,
RAF4979880326,second,14,3d167627-710e-4795-9c6d-bf82a4f93ce2,ask_history,,,,,,
RAF4979880326,consensus,14,3d167627-710e-4795-9c6d-bf82a4f93ce2,ask_history,,,,,,
RAF4979880326,primary,15,20d56997-da94-422a-8cf3-234bd3f3b587,request_lab,,,,,,
RAF4979880326,second,15,20d56997-da94-422a-8cf3-234bd3f3b587,request_lab,,,,,,
RAF4979880326,consensus,15,20d56997-da94-422a-8cf3-234bd3f3b587,request_lab,,,,,,
RAF4979880326,primary,16,eece9a4a-6c7b-41b0-9a1c-33ac1aaf0f8c,request_lab,,,,,,
RAF4979880326,second,16,eece9a4a-6c7b-41b0-9a1c-33ac1aaf0f8c,request_lab,,,,,,
RAF4979880326,consensus,16,eece9a4a-6c7b-41b0-9a1c-33ac1aaf0f8c,request_lab,,,,,,
RAF4979880326,primary,17,d9749b16-0231-471a-bf43-3906e35b9368,prescribe_medication,,,,,,
RAF4979880326,second,17,d9749b16-0231-471a-bf43-3906e35b9368,prescribe_medication,,,,,,
RAF4979880326,consensus,17,d9749b16-0231-471a-bf43-3906e35b9368,prescribe_medication,,,,,,
RAF4979880326,primary,18,04b1bc53-2912-4cf9-8d94-04844de46b08,request_lab,,,,,,
RAF4979880326,second,18,04b1bc53-2912-4cf9-8d94-04844de46b08,request_lab,,,,,,
RAF4979880326,consensus,18,04b1bc53-2912-4cf9-8d94-04844de46b08,request_lab,,,,,,
RAF4979880326,primary,19,9f5d035a-e1b7-4fb3-8be8-b1dcd28d3786,final_diagnosis,,,,,,
RAF4979880326,second,19,9f5d035a-e1b7-4fb3-8be8-b1dcd28d3786,final_diagnosis,,,,,,
RAF4979880326,consensus,19,9f5d035a-e1b7-4fb3-8be8-b1dcd28d3786,final_diagnosis,,,,,,
RAF4979880326,primary,20,de6a7317-3bca-4d9b-a7f3-749ed6ff9bab,disposition,,,,,,
RAF4979880326,second,20,de6a7317-3bca-4d9b-a7f3-749ed6ff9bab,disposition,,,,,,
RAF4979880326,consensus,20,de6a7317-3bca-4d9b-a7f3-749ed6ff9bab,disposition,,,,,,
RD8CE80682192,primary,1,a04453f0-6a89-440e-9684-5f4f3ad14e9c,ask_history,,,,,,
RD8CE80682192,second,1,a04453f0-6a89-440e-9684-5f4f3ad14e9c,ask_history,,,,,,
RD8CE80682192,consensus,1,a04453f0-6a89-440e-9684-5f4f3ad14e9c,ask_history,,,,,,
RD8CE80682192,primary,2,4009706f-d214-48e1-b2aa-15c6537b0913,request_physical_exam,,,,,,
RD8CE80682192,second,2,4009706f-d214-48e1-b2aa-15c6537b0913,request_physical_exam,,,,,,
RD8CE80682192,consensus,2,4009706f-d214-48e1-b2aa-15c6537b0913,request_physical_exam,,,,,,
RD8CE80682192,primary,3,ecf9f802-767a-45ce-91a5-5c60253e91b5,request_ecg_or_test,,,,,,
RD8CE80682192,second,3,ecf9f802-767a-45ce-91a5-5c60253e91b5,request_ecg_or_test,,,,,,
RD8CE80682192,consensus,3,ecf9f802-767a-45ce-91a5-5c60253e91b5,request_ecg_or_test,,,,,,
RD8CE80682192,primary,4,1ce54c6f-4683-40b4-ad4b-d85d36e211d1,request_ecg_or_test,,,,,,
RD8CE80682192,second,4,1ce54c6f-4683-40b4-ad4b-d85d36e211d1,request_ecg_or_test,,,,,,
RD8CE80682192,consensus,4,1ce54c6f-4683-40b4-ad4b-d85d36e211d1,request_ecg_or_test,,,,,,
RD8CE80682192,primary,5,494407e9-f169-4136-8eb1-ec6a5377fdb6,ask_history,,,,,,
RD8CE80682192,second,5,494407e9-f169-4136-8eb1-ec6a5377fdb6,ask_history,,,,,,
RD8CE80682192,consensus,5,494407e9-f169-4136-8eb1-ec6a5377fdb6,ask_history,,,,,,
RD8CE80682192,primary,6,39f20ca0-d464-4998-a789-e1733dcf15c7,request_physical_exam,,,,,,
RD8CE80682192,second,6,39f20ca0-d464-4998-a789-e1733dcf15c7,request_physical_exam,,,,,,
RD8CE80682192,consensus,6,39f20ca0-d464-4998-a789-e1733dcf15c7,request_physical_exam,,,,,,
RD8CE80682192,primary,7,8edebfef-ba98-42b9-94e6-e19f7653483d,request_lab,,,,,,
RD8CE80682192,second,7,8edebfef-ba98-42b9-94e6-e19f7653483d,request_lab,,,,,,
RD8CE80682192,consensus,7,8edebfef-ba98-42b9-94e6-e19f7653483d,request_lab,,,,,,
RD8CE80682192,primary,8,28c08584-5f15-4825-9351-f7a6317d1be0,request_imaging,,,,,,
RD8CE80682192,second,8,28c08584-5f15-4825-9351-f7a6317d1be0,request_imaging,,,,,,
RD8CE80682192,consensus,8,28c08584-5f15-4825-9351-f7a6317d1be0,request_imaging,,,,,,
RD8CE80682192,primary,9,ac244fbd-9680-413a-9974-06882a494ee9,ask_history,,,,,,
RD8CE80682192,second,9,ac244fbd-9680-413a-9974-06882a494ee9,ask_history,,,,,,
RD8CE80682192,consensus,9,ac244fbd-9680-413a-9974-06882a494ee9,ask_history,,,,,,
RD8CE80682192,primary,10,79f18a18-aa3a-49fc-b716-8070f6316ddb,plan_reason,,,,,,
RD8CE80682192,second,10,79f18a18-aa3a-49fc-b716-8070f6316ddb,plan_reason,,,,,,
RD8CE80682192,consensus,10,79f18a18-aa3a-49fc-b716-8070f6316ddb,plan_reason,,,,,,
RD8CE80682192,primary,11,8556b261-20f8-42df-a10e-c59dc10d258a,request_procedure,,,,,,
RD8CE80682192,second,11,8556b261-20f8-42df-a10e-c59dc10d258a,request_procedure,,,,,,
RD8CE80682192,consensus,11,8556b261-20f8-42df-a10e-c59dc10d258a,request_procedure,,,,,,
RD8CE80682192,primary,12,517a8fec-1d18-48d4-bf32-96d27d141bad,ask_history,,,,,,
RD8CE80682192,second,12,517a8fec-1d18-48d4-bf32-96d27d141bad,ask_history,,,,,,
RD8CE80682192,consensus,12,517a8fec-1d18-48d4-bf32-96d27d141bad,ask_history,,,,,,
RD8CE80682192,primary,13,f1ec456b-1012-4cdc-a7ec-cc1490f72f15,ask_history,,,,,,
RD8CE80682192,second,13,f1ec456b-1012-4cdc-a7ec-cc1490f72f15,ask_history,,,,,,
RD8CE80682192,consensus,13,f1ec456b-1012-4cdc-a7ec-cc1490f72f15,ask_history,,,,,,
RD8CE80682192,primary,14,50a1373a-4b11-4600-98b2-411849a08262,request_procedure,,,,,,
RD8CE80682192,second,14,50a1373a-4b11-4600-98b2-411849a08262,request_procedure,,,,,,
RD8CE80682192,consensus,14,50a1373a-4b11-4600-98b2-411849a08262,request_procedure,,,,,,
RD8CE80682192,primary,15,a920ec4e-24f4-49a8-9eb5-7264b8841bb1,request_procedure,,,,,,
RD8CE80682192,second,15,a920ec4e-24f4-49a8-9eb5-7264b8841bb1,request_procedure,,,,,,
RD8CE80682192,consensus,15,a920ec4e-24f4-49a8-9eb5-7264b8841bb1,request_procedure,,,,,,
RD8CE80682192,primary,16,84d26d66-0228-48a8-ae09-1a467eb66b44,final_diagnosis,,,,,,
RD8CE80682192,second,16,84d26d66-0228-48a8-ae09-1a467eb66b44,final_diagnosis,,,,,,
RD8CE80682192,consensus,16,84d26d66-0228-48a8-ae09-1a467eb66b44,final_diagnosis,,,,,,
RD8CE80682192,primary,17,0f2a7c15-0987-4512-968e-8e0f0ee83365,disposition,,,,,,
RD8CE80682192,second,17,0f2a7c15-0987-4512-968e-8e0f0ee83365,disposition,,,,,,
RD8CE80682192,consensus,17,0f2a7c15-0987-4512-968e-8e0f0ee83365,disposition,,,,,,
R3BEABB2FAE0A,primary,1,247ee972-dfa3-4add-a5d1-e290392d5823,ask_history,,,,,,
R3BEABB2FAE0A,second,1,247ee972-dfa3-4add-a5d1-e290392d5823,ask_history,,,,,,
R3BEABB2FAE0A,consensus,1,247ee972-dfa3-4add-a5d1-e290392d5823,ask_history,,,,,,
R3BEABB2FAE0A,primary,2,dc60ad5c-ac9c-4e5b-956f-7826aef95c44,ask_history,,,,,,
R3BEABB2FAE0A,second,2,dc60ad5c-ac9c-4e5b-956f-7826aef95c44,ask_history,,,,,,
R3BEABB2FAE0A,consensus,2,dc60ad5c-ac9c-4e5b-956f-7826aef95c44,ask_history,,,,,,
R3BEABB2FAE0A,primary,3,9c62249a-68bc-43fe-b3c7-9c844637b949,request_physical_exam,,,,,,
R3BEABB2FAE0A,second,3,9c62249a-68bc-43fe-b3c7-9c844637b949,request_physical_exam,,,,,,
R3BEABB2FAE0A,consensus,3,9c62249a-68bc-43fe-b3c7-9c844637b949,request_physical_exam,,,,,,
R3BEABB2FAE0A,primary,4,7b4ce1d0-0376-4e7c-9d3c-0887cf066704,ask_history,,,,,,
R3BEABB2FAE0A,second,4,7b4ce1d0-0376-4e7c-9d3c-0887cf066704,ask_history,,,,,,
R3BEABB2FAE0A,consensus,4,7b4ce1d0-0376-4e7c-9d3c-0887cf066704,ask_history,,,,,,
R3BEABB2FAE0A,primary,5,b310e739-1830-47f6-9759-2746c0321900,ask_history,,,,,,
R3BEABB2FAE0A,second,5,b310e739-1830-47f6-9759-2746c0321900,ask_history,,,,,,
R3BEABB2FAE0A,consensus,5,b310e739-1830-47f6-9759-2746c0321900,ask_history,,,,,,
R3BEABB2FAE0A,primary,6,14d10737-0edc-48e4-a6cf-e7cb166ee780,ask_history,,,,,,
R3BEABB2FAE0A,second,6,14d10737-0edc-48e4-a6cf-e7cb166ee780,ask_history,,,,,,
R3BEABB2FAE0A,consensus,6,14d10737-0edc-48e4-a6cf-e7cb166ee780,ask_history,,,,,,
R6F034F0BA483,primary,1,bebb5d30-4870-4c92-b1ac-f2f298ba295a,request_physical_exam,,,,,,
R6F034F0BA483,second,1,bebb5d30-4870-4c92-b1ac-f2f298ba295a,request_physical_exam,,,,,,
R6F034F0BA483,consensus,1,bebb5d30-4870-4c92-b1ac-f2f298ba295a,request_physical_exam,,,,,,
R6F034F0BA483,primary,2,f8389dc8-ac30-4ac0-ad88-0e7a3be4d535,ask_history,,,,,,
R6F034F0BA483,second,2,f8389dc8-ac30-4ac0-ad88-0e7a3be4d535,ask_history,,,,,,
R6F034F0BA483,consensus,2,f8389dc8-ac30-4ac0-ad88-0e7a3be4d535,ask_history,,,,,,
R6F034F0BA483,primary,3,9c3f5dfb-3125-4e89-97de-a1cc160715d7,request_imaging,,,,,,
R6F034F0BA483,second,3,9c3f5dfb-3125-4e89-97de-a1cc160715d7,request_imaging,,,,,,
R6F034F0BA483,consensus,3,9c3f5dfb-3125-4e89-97de-a1cc160715d7,request_imaging,,,,,,
R6F034F0BA483,primary,4,17cbc745-273d-423c-8e5a-d7bee38f326c,plan_reason,,,,,,
R6F034F0BA483,second,4,17cbc745-273d-423c-8e5a-d7bee38f326c,plan_reason,,,,,,
R6F034F0BA483,consensus,4,17cbc745-273d-423c-8e5a-d7bee38f326c,plan_reason,,,,,,
R6F034F0BA483,primary,5,a96126b5-ba8f-4901-904b-d2842b261645,request_procedure,,,,,,
R6F034F0BA483,second,5,a96126b5-ba8f-4901-904b-d2842b261645,request_procedure,,,,,,
R6F034F0BA483,consensus,5,a96126b5-ba8f-4901-904b-d2842b261645,request_procedure,,,,,,
R6F034F0BA483,primary,6,b155460c-15d6-4323-beb9-f18bbd47f2bb,request_procedure,,,,,,
R6F034F0BA483,second,6,b155460c-15d6-4323-beb9-f18bbd47f2bb,request_procedure,,,,,,
R6F034F0BA483,consensus,6,b155460c-15d6-4323-beb9-f18bbd47f2bb,request_procedure,,,,,,
R6F034F0BA483,primary,7,a6d1e0bc-006c-4245-96dc-597253d4a3a0,request_procedure,,,,,,
R6F034F0BA483,second,7,a6d1e0bc-006c-4245-96dc-597253d4a3a0,request_procedure,,,,,,
R6F034F0BA483,consensus,7,a6d1e0bc-006c-4245-96dc-597253d4a3a0,request_procedure,,,,,,
R6F034F0BA483,primary,8,8382a443-d72e-418e-84d8-3090831b0031,ask_history,,,,,,
R6F034F0BA483,second,8,8382a443-d72e-418e-84d8-3090831b0031,ask_history,,,,,,
R6F034F0BA483,consensus,8,8382a443-d72e-418e-84d8-3090831b0031,ask_history,,,,,,
R6F034F0BA483,primary,9,1a961423-6d32-4388-9b57-f0082064e3df,prescribe_medication,,,,,,
R6F034F0BA483,second,9,1a961423-6d32-4388-9b57-f0082064e3df,prescribe_medication,,,,,,
R6F034F0BA483,consensus,9,1a961423-6d32-4388-9b57-f0082064e3df,prescribe_medication,,,,,,
R6F034F0BA483,primary,10,da55631f-2ac5-466a-8232-2a672a43e805,final_diagnosis,,,,,,
R6F034F0BA483,second,10,da55631f-2ac5-466a-8232-2a672a43e805,final_diagnosis,,,,,,
R6F034F0BA483,consensus,10,da55631f-2ac5-466a-8232-2a672a43e805,final_diagnosis,,,,,,
R6F034F0BA483,primary,11,55ac4fec-f5f8-459c-8568-4eea42e9f53e,disposition,,,,,,
R6F034F0BA483,second,11,55ac4fec-f5f8-459c-8568-4eea42e9f53e,disposition,,,,,,
R6F034F0BA483,consensus,11,55ac4fec-f5f8-459c-8568-4eea42e9f53e,disposition,,,,,,
R8591F1872042,primary,1,c3bb7cc5-9ac9-418b-b857-e75aa81cc866,request_physical_exam,,,,,,
R8591F1872042,second,1,c3bb7cc5-9ac9-418b-b857-e75aa81cc866,request_physical_exam,,,,,,
R8591F1872042,consensus,1,c3bb7cc5-9ac9-418b-b857-e75aa81cc866,request_physical_exam,,,,,,
R8591F1872042,primary,2,d285df47-06a5-47e9-9887-51cee581e3ff,ask_history,,,,,,
R8591F1872042,second,2,d285df47-06a5-47e9-9887-51cee581e3ff,ask_history,,,,,,
R8591F1872042,consensus,2,d285df47-06a5-47e9-9887-51cee581e3ff,ask_history,,,,,,
R8591F1872042,primary,3,0d9236e6-100f-4533-8154-5deccf5da6b6,request_imaging,,,,,,
R8591F1872042,second,3,0d9236e6-100f-4533-8154-5deccf5da6b6,request_imaging,,,,,,
R8591F1872042,consensus,3,0d9236e6-100f-4533-8154-5deccf5da6b6,request_imaging,,,,,,
R8591F1872042,primary,4,e903da8a-c9c8-43ea-83ed-5ca7213cbff8,plan_reason,,,,,,
R8591F1872042,second,4,e903da8a-c9c8-43ea-83ed-5ca7213cbff8,plan_reason,,,,,,
R8591F1872042,consensus,4,e903da8a-c9c8-43ea-83ed-5ca7213cbff8,plan_reason,,,,,,
R8591F1872042,primary,5,190f70ba-5c60-48ab-80a3-4ab81d180bb4,request_procedure,,,,,,
R8591F1872042,second,5,190f70ba-5c60-48ab-80a3-4ab81d180bb4,request_procedure,,,,,,
R8591F1872042,consensus,5,190f70ba-5c60-48ab-80a3-4ab81d180bb4,request_procedure,,,,,,
R8591F1872042,primary,6,74949051-5809-4b58-90d3-6b40ae5f2483,final_diagnosis,,,,,,
R8591F1872042,second,6,74949051-5809-4b58-90d3-6b40ae5f2483,final_diagnosis,,,,,,
R8591F1872042,consensus,6,74949051-5809-4b58-90d3-6b40ae5f2483,final_diagnosis,,,,,,
R8591F1872042,primary,7,9cd80a8f-1be9-48f4-9e39-a2d79965f132,disposition,,,,,,
R8591F1872042,second,7,9cd80a8f-1be9-48f4-9e39-a2d79965f132,disposition,,,,,,
R8591F1872042,consensus,7,9cd80a8f-1be9-48f4-9e39-a2d79965f132,disposition,,,,,,
R426E52648332,primary,1,281e10e4-716a-49b3-a07c-9369b6f173b8,plan_reason,,,,,,
R426E52648332,second,1,281e10e4-716a-49b3-a07c-9369b6f173b8,plan_reason,,,,,,
R426E52648332,consensus,1,281e10e4-716a-49b3-a07c-9369b6f173b8,plan_reason,,,,,,
R426E52648332,primary,2,cbe28392-8555-4913-8859-7786914c70ed,request_physical_exam,,,,,,
R426E52648332,second,2,cbe28392-8555-4913-8859-7786914c70ed,request_physical_exam,,,,,,
R426E52648332,consensus,2,cbe28392-8555-4913-8859-7786914c70ed,request_physical_exam,,,,,,
R426E52648332,primary,3,23144def-701f-4802-9bd8-456ddf5922f7,request_lab,,,,,,
R426E52648332,second,3,23144def-701f-4802-9bd8-456ddf5922f7,request_lab,,,,,,
R426E52648332,consensus,3,23144def-701f-4802-9bd8-456ddf5922f7,request_lab,,,,,,
R426E52648332,primary,4,7f286735-09df-4839-8db6-0e7945fc600f,request_lab,,,,,,
R426E52648332,second,4,7f286735-09df-4839-8db6-0e7945fc600f,request_lab,,,,,,
R426E52648332,consensus,4,7f286735-09df-4839-8db6-0e7945fc600f,request_lab,,,,,,
R426E52648332,primary,5,1af232f6-2128-4198-94c5-b4b347c19ba5,request_lab,,,,,,
R426E52648332,second,5,1af232f6-2128-4198-94c5-b4b347c19ba5,request_lab,,,,,,
R426E52648332,consensus,5,1af232f6-2128-4198-94c5-b4b347c19ba5,request_lab,,,,,,
R426E52648332,primary,6,8fb88351-f4be-48a9-91d6-0a743a3e283f,request_lab,,,,,,
R426E52648332,second,6,8fb88351-f4be-48a9-91d6-0a743a3e283f,request_lab,,,,,,
R426E52648332,consensus,6,8fb88351-f4be-48a9-91d6-0a743a3e283f,request_lab,,,,,,
R4C44377862E6,primary,1,a0dfd55d-e83f-4a89-8073-e96727c03d3b,request_physical_exam,,,,,,
R4C44377862E6,second,1,a0dfd55d-e83f-4a89-8073-e96727c03d3b,request_physical_exam,,,,,,
R4C44377862E6,consensus,1,a0dfd55d-e83f-4a89-8073-e96727c03d3b,request_physical_exam,,,,,,
R4C44377862E6,primary,2,23037a60-5628-4dcf-9781-243a5adb9875,ask_history,,,,,,
R4C44377862E6,second,2,23037a60-5628-4dcf-9781-243a5adb9875,ask_history,,,,,,
R4C44377862E6,consensus,2,23037a60-5628-4dcf-9781-243a5adb9875,ask_history,,,,,,
R4C44377862E6,primary,3,4c181530-03d9-4f87-a27b-f9f20011c6f5,request_lab,,,,,,
R4C44377862E6,second,3,4c181530-03d9-4f87-a27b-f9f20011c6f5,request_lab,,,,,,
R4C44377862E6,consensus,3,4c181530-03d9-4f87-a27b-f9f20011c6f5,request_lab,,,,,,
R4C44377862E6,primary,4,ea9568f2-0147-4a85-bf90-4ec4e063f2b4,ask_history,,,,,,
R4C44377862E6,second,4,ea9568f2-0147-4a85-bf90-4ec4e063f2b4,ask_history,,,,,,
R4C44377862E6,consensus,4,ea9568f2-0147-4a85-bf90-4ec4e063f2b4,ask_history,,,,,,
R4C44377862E6,primary,5,0702fb5d-e4bb-4e9b-9f67-c12803523898,request_imaging,,,,,,
R4C44377862E6,second,5,0702fb5d-e4bb-4e9b-9f67-c12803523898,request_imaging,,,,,,
R4C44377862E6,consensus,5,0702fb5d-e4bb-4e9b-9f67-c12803523898,request_imaging,,,,,,
R4C44377862E6,primary,6,125e01fe-cf9d-429b-9344-08143281611e,request_ecg_or_test,,,,,,
R4C44377862E6,second,6,125e01fe-cf9d-429b-9344-08143281611e,request_ecg_or_test,,,,,,
R4C44377862E6,consensus,6,125e01fe-cf9d-429b-9344-08143281611e,request_ecg_or_test,,,,,,
R4C44377862E6,primary,7,d7c70b4b-3188-45ef-97d5-8c453e9c0e8b,ask_history,,,,,,
R4C44377862E6,second,7,d7c70b4b-3188-45ef-97d5-8c453e9c0e8b,ask_history,,,,,,
R4C44377862E6,consensus,7,d7c70b4b-3188-45ef-97d5-8c453e9c0e8b,ask_history,,,,,,
R4C44377862E6,primary,8,5b16301a-4235-4f5b-a60d-cad553e32441,request_lab,,,,,,
R4C44377862E6,second,8,5b16301a-4235-4f5b-a60d-cad553e32441,request_lab,,,,,,
R4C44377862E6,consensus,8,5b16301a-4235-4f5b-a60d-cad553e32441,request_lab,,,,,,
R4C44377862E6,primary,9,d4b4f5ab-22dc-4141-83cd-0775e04dd471,request_lab,,,,,,
R4C44377862E6,second,9,d4b4f5ab-22dc-4141-83cd-0775e04dd471,request_lab,,,,,,
R4C44377862E6,consensus,9,d4b4f5ab-22dc-4141-83cd-0775e04dd471,request_lab,,,,,,
R4C44377862E6,primary,10,95386917-ef1a-48a7-9aa3-692700908cb5,request_lab,,,,,,
R4C44377862E6,second,10,95386917-ef1a-48a7-9aa3-692700908cb5,request_lab,,,,,,
R4C44377862E6,consensus,10,95386917-ef1a-48a7-9aa3-692700908cb5,request_lab,,,,,,
R4C44377862E6,primary,11,98e925be-f0b6-4c39-9e87-8b00a05af382,plan_reason,,,,,,
R4C44377862E6,second,11,98e925be-f0b6-4c39-9e87-8b00a05af382,plan_reason,,,,,,
R4C44377862E6,consensus,11,98e925be-f0b6-4c39-9e87-8b00a05af382,plan_reason,,,,,,
R4C44377862E6,primary,12,725614a3-db7f-4b48-8f4f-aa7d9473efc8,ask_history,,,,,,
R4C44377862E6,second,12,725614a3-db7f-4b48-8f4f-aa7d9473efc8,ask_history,,,,,,
R4C44377862E6,consensus,12,725614a3-db7f-4b48-8f4f-aa7d9473efc8,ask_history,,,,,,
R4C44377862E6,primary,13,fd26407b-4b29-4b58-b81c-a7227156dc5a,request_lab,,,,,,
R4C44377862E6,second,13,fd26407b-4b29-4b58-b81c-a7227156dc5a,request_lab,,,,,,
R4C44377862E6,consensus,13,fd26407b-4b29-4b58-b81c-a7227156dc5a,request_lab,,,,,,
R4C44377862E6,primary,14,e5948475-c5d9-45a5-8153-306cb0bae7ae,request_physical_exam,,,,,,
R4C44377862E6,second,14,e5948475-c5d9-45a5-8153-306cb0bae7ae,request_physical_exam,,,,,,
R4C44377862E6,consensus,14,e5948475-c5d9-45a5-8153-306cb0bae7ae,request_physical_exam,,,,,,
R4C44377862E6,primary,15,3ba1c3f6-1e21-4d44-941a-6dc6d8c662d7,final_diagnosis,,,,,,
R4C44377862E6,second,15,3ba1c3f6-1e21-4d44-941a-6dc6d8c662d7,final_diagnosis,,,,,,
R4C44377862E6,consensus,15,3ba1c3f6-1e21-4d44-941a-6dc6d8c662d7,final_diagnosis,,,,,,
R4C44377862E6,primary,16,8e31c169-bea0-4224-8cc1-3b9ebea60f18,disposition,,,,,,
R4C44377862E6,second,16,8e31c169-bea0-4224-8cc1-3b9ebea60f18,disposition,,,,,,
R4C44377862E6,consensus,16,8e31c169-bea0-4224-8cc1-3b9ebea60f18,disposition,,,,,,
R95C4FB1B6E03,primary,1,b969fe3f-88e2-4474-818a-235618b6d676,ask_history,,,,,,
R95C4FB1B6E03,second,1,b969fe3f-88e2-4474-818a-235618b6d676,ask_history,,,,,,
R95C4FB1B6E03,consensus,1,b969fe3f-88e2-4474-818a-235618b6d676,ask_history,,,,,,
R95C4FB1B6E03,primary,2,4971893f-fec5-4649-bb90-fa07f93eaf3b,request_physical_exam,,,,,,
R95C4FB1B6E03,second,2,4971893f-fec5-4649-bb90-fa07f93eaf3b,request_physical_exam,,,,,,
R95C4FB1B6E03,consensus,2,4971893f-fec5-4649-bb90-fa07f93eaf3b,request_physical_exam,,,,,,
R95C4FB1B6E03,primary,3,46da6faa-0611-4685-95a4-4e3d0e4e029c,plan_reason,,,,,,
R95C4FB1B6E03,second,3,46da6faa-0611-4685-95a4-4e3d0e4e029c,plan_reason,,,,,,
R95C4FB1B6E03,consensus,3,46da6faa-0611-4685-95a4-4e3d0e4e029c,plan_reason,,,,,,
R95C4FB1B6E03,primary,4,022e3f3f-cc4c-48d8-b862-d70986e7dfe3,request_imaging,,,,,,
R95C4FB1B6E03,second,4,022e3f3f-cc4c-48d8-b862-d70986e7dfe3,request_imaging,,,,,,
R95C4FB1B6E03,consensus,4,022e3f3f-cc4c-48d8-b862-d70986e7dfe3,request_imaging,,,,,,
R95C4FB1B6E03,primary,5,5368b2bb-87d9-4842-845f-64d304e0731f,request_lab,,,,,,
R95C4FB1B6E03,second,5,5368b2bb-87d9-4842-845f-64d304e0731f,request_lab,,,,,,
R95C4FB1B6E03,consensus,5,5368b2bb-87d9-4842-845f-64d304e0731f,request_lab,,,,,,
R95C4FB1B6E03,primary,6,31f13648-6fbc-46ee-a7bf-c00a6ac46095,plan_reason,,,,,,
R95C4FB1B6E03,second,6,31f13648-6fbc-46ee-a7bf-c00a6ac46095,plan_reason,,,,,,
R95C4FB1B6E03,consensus,6,31f13648-6fbc-46ee-a7bf-c00a6ac46095,plan_reason,,,,,,
R95C4FB1B6E03,primary,7,e1d002ee-4fb4-407c-a5fc-c1915dc8ef2e,final_diagnosis,,,,,,
R95C4FB1B6E03,second,7,e1d002ee-4fb4-407c-a5fc-c1915dc8ef2e,final_diagnosis,,,,,,
R95C4FB1B6E03,consensus,7,e1d002ee-4fb4-407c-a5fc-c1915dc8ef2e,final_diagnosis,,,,,,
R95C4FB1B6E03,primary,8,fd50ffeb-62be-4cfe-9ca7-28c8abf24e5f,disposition,,,,,,
R95C4FB1B6E03,second,8,fd50ffeb-62be-4cfe-9ca7-28c8abf24e5f,disposition,,,,,,
R95C4FB1B6E03,consensus,8,fd50ffeb-62be-4cfe-9ca7-28c8abf24e5f,disposition,,,,,,
R1597369CA3F0,primary,1,80d4f2c9-8eda-4a1f-a8fc-caf6137b92cb,request_physical_exam,,,,,,
R1597369CA3F0,second,1,80d4f2c9-8eda-4a1f-a8fc-caf6137b92cb,request_physical_exam,,,,,,
R1597369CA3F0,consensus,1,80d4f2c9-8eda-4a1f-a8fc-caf6137b92cb,request_physical_exam,,,,,,
R1597369CA3F0,primary,2,2b89c648-c5ad-4173-b723-ecab6c27406c,request_imaging,,,,,,
R1597369CA3F0,second,2,2b89c648-c5ad-4173-b723-ecab6c27406c,request_imaging,,,,,,
R1597369CA3F0,consensus,2,2b89c648-c5ad-4173-b723-ecab6c27406c,request_imaging,,,,,,
R1597369CA3F0,primary,3,9250af77-02fe-47ce-9c36-1f5aada854e3,plan_reason,,,,,,
R1597369CA3F0,second,3,9250af77-02fe-47ce-9c36-1f5aada854e3,plan_reason,,,,,,
R1597369CA3F0,consensus,3,9250af77-02fe-47ce-9c36-1f5aada854e3,plan_reason,,,,,,
R1597369CA3F0,primary,4,54ff7272-b8d9-4583-bc24-ac0ab7b303be,request_procedure,,,,,,
R1597369CA3F0,second,4,54ff7272-b8d9-4583-bc24-ac0ab7b303be,request_procedure,,,,,,
R1597369CA3F0,consensus,4,54ff7272-b8d9-4583-bc24-ac0ab7b303be,request_procedure,,,,,,
R1597369CA3F0,primary,5,64c7b996-db59-42bb-b210-6c5e8232b10d,final_diagnosis,,,,,,
R1597369CA3F0,second,5,64c7b996-db59-42bb-b210-6c5e8232b10d,final_diagnosis,,,,,,
R1597369CA3F0,consensus,5,64c7b996-db59-42bb-b210-6c5e8232b10d,final_diagnosis,,,,,,
R1597369CA3F0,primary,6,f867fd31-5e4c-46a6-8322-a11e6b1e0141,disposition,,,,,,
R1597369CA3F0,second,6,f867fd31-5e4c-46a6-8322-a11e6b1e0141,disposition,,,,,,
R1597369CA3F0,consensus,6,f867fd31-5e4c-46a6-8322-a11e6b1e0141,disposition,,,,,,
R43FA4E02B2AD,primary,1,07616fce-5025-4421-b1d7-201549e86b5e,ask_history,,,,,,
R43FA4E02B2AD,second,1,07616fce-5025-4421-b1d7-201549e86b5e,ask_history,,,,,,
R43FA4E02B2AD,consensus,1,07616fce-5025-4421-b1d7-201549e86b5e,ask_history,,,,,,
R43FA4E02B2AD,primary,2,e47052bc-fdcd-43f1-a9d3-5ef3f1e44602,request_physical_exam,,,,,,
R43FA4E02B2AD,second,2,e47052bc-fdcd-43f1-a9d3-5ef3f1e44602,request_physical_exam,,,,,,
R43FA4E02B2AD,consensus,2,e47052bc-fdcd-43f1-a9d3-5ef3f1e44602,request_physical_exam,,,,,,
R43FA4E02B2AD,primary,3,d0c9c128-95a3-45d9-9d0b-80e9281c06d2,ask_history,,,,,,
R43FA4E02B2AD,second,3,d0c9c128-95a3-45d9-9d0b-80e9281c06d2,ask_history,,,,,,
R43FA4E02B2AD,consensus,3,d0c9c128-95a3-45d9-9d0b-80e9281c06d2,ask_history,,,,,,
R43FA4E02B2AD,primary,4,b6ef1694-024e-4a5b-b09f-3a128d0dbead,request_physical_exam,,,,,,
R43FA4E02B2AD,second,4,b6ef1694-024e-4a5b-b09f-3a128d0dbead,request_physical_exam,,,,,,
R43FA4E02B2AD,consensus,4,b6ef1694-024e-4a5b-b09f-3a128d0dbead,request_physical_exam,,,,,,
R43FA4E02B2AD,primary,5,1ce6f5ae-ab68-49c5-8d63-e28e5585e864,plan_reason,,,,,,
R43FA4E02B2AD,second,5,1ce6f5ae-ab68-49c5-8d63-e28e5585e864,plan_reason,,,,,,
R43FA4E02B2AD,consensus,5,1ce6f5ae-ab68-49c5-8d63-e28e5585e864,plan_reason,,,,,,
R43FA4E02B2AD,primary,6,66a65e20-5510-424f-95c8-8e9435fd4b07,request_lab,,,,,,
R43FA4E02B2AD,second,6,66a65e20-5510-424f-95c8-8e9435fd4b07,request_lab,,,,,,
R43FA4E02B2AD,consensus,6,66a65e20-5510-424f-95c8-8e9435fd4b07,request_lab,,,,,,
R43FA4E02B2AD,primary,7,a2baa597-8c25-4f35-a7a5-8d2c27f2e4c6,request_lab,,,,,,
R43FA4E02B2AD,second,7,a2baa597-8c25-4f35-a7a5-8d2c27f2e4c6,request_lab,,,,,,
R43FA4E02B2AD,consensus,7,a2baa597-8c25-4f35-a7a5-8d2c27f2e4c6,request_lab,,,,,,
R43FA4E02B2AD,primary,8,d7af5eaa-faef-437b-9d73-5ffea15cb211,request_lab,,,,,,
R43FA4E02B2AD,second,8,d7af5eaa-faef-437b-9d73-5ffea15cb211,request_lab,,,,,,
R43FA4E02B2AD,consensus,8,d7af5eaa-faef-437b-9d73-5ffea15cb211,request_lab,,,,,,
R43FA4E02B2AD,primary,9,c83d41db-1770-40e8-9dbc-aa8c80b4c4e5,request_lab,,,,,,
R43FA4E02B2AD,second,9,c83d41db-1770-40e8-9dbc-aa8c80b4c4e5,request_lab,,,,,,
R43FA4E02B2AD,consensus,9,c83d41db-1770-40e8-9dbc-aa8c80b4c4e5,request_lab,,,,,,
R43FA4E02B2AD,primary,10,3464cde8-cf39-4f53-8001-7b23aeba361d,request_lab,,,,,,
R43FA4E02B2AD,second,10,3464cde8-cf39-4f53-8001-7b23aeba361d,request_lab,,,,,,
R43FA4E02B2AD,consensus,10,3464cde8-cf39-4f53-8001-7b23aeba361d,request_lab,,,,,,
R43FA4E02B2AD,primary,11,bca16fa1-7d13-411e-ab34-d85b405f274c,request_lab,,,,,,
R43FA4E02B2AD,second,11,bca16fa1-7d13-411e-ab34-d85b405f274c,request_lab,,,,,,
R43FA4E02B2AD,consensus,11,bca16fa1-7d13-411e-ab34-d85b405f274c,request_lab,,,,,,
R43FA4E02B2AD,primary,12,bb56f3b9-c975-4df8-8ef6-11fbc4239647,request_lab,,,,,,
R43FA4E02B2AD,second,12,bb56f3b9-c975-4df8-8ef6-11fbc4239647,request_lab,,,,,,
R43FA4E02B2AD,consensus,12,bb56f3b9-c975-4df8-8ef6-11fbc4239647,request_lab,,,,,,
R43FA4E02B2AD,primary,13,ff47193d-31ce-4998-a3f4-94e4a88408ee,request_lab,,,,,,
R43FA4E02B2AD,second,13,ff47193d-31ce-4998-a3f4-94e4a88408ee,request_lab,,,,,,
R43FA4E02B2AD,consensus,13,ff47193d-31ce-4998-a3f4-94e4a88408ee,request_lab,,,,,,
R43FA4E02B2AD,primary,14,94509921-3c4c-4efa-9d29-22fcc998b03c,request_lab,,,,,,
R43FA4E02B2AD,second,14,94509921-3c4c-4efa-9d29-22fcc998b03c,request_lab,,,,,,
R43FA4E02B2AD,consensus,14,94509921-3c4c-4efa-9d29-22fcc998b03c,request_lab,,,,,,
R43FA4E02B2AD,primary,15,50c0b91a-9359-4da7-91f6-5335455abe2d,request_lab,,,,,,
R43FA4E02B2AD,second,15,50c0b91a-9359-4da7-91f6-5335455abe2d,request_lab,,,,,,
R43FA4E02B2AD,consensus,15,50c0b91a-9359-4da7-91f6-5335455abe2d,request_lab,,,,,,
R43FA4E02B2AD,primary,16,ef751a0c-a532-4487-aafe-c49a65669890,request_lab,,,,,,
R43FA4E02B2AD,second,16,ef751a0c-a532-4487-aafe-c49a65669890,request_lab,,,,,,
R43FA4E02B2AD,consensus,16,ef751a0c-a532-4487-aafe-c49a65669890,request_lab,,,,,,
R43FA4E02B2AD,primary,17,68f62900-637b-4ddd-b26b-ea1f4c44d73e,request_lab,,,,,,
R43FA4E02B2AD,second,17,68f62900-637b-4ddd-b26b-ea1f4c44d73e,request_lab,,,,,,
R43FA4E02B2AD,consensus,17,68f62900-637b-4ddd-b26b-ea1f4c44d73e,request_lab,,,,,,
R43FA4E02B2AD,primary,18,57625688-1c75-4494-9cd5-ad9159b6a45d,request_lab,,,,,,
R43FA4E02B2AD,second,18,57625688-1c75-4494-9cd5-ad9159b6a45d,request_lab,,,,,,
R43FA4E02B2AD,consensus,18,57625688-1c75-4494-9cd5-ad9159b6a45d,request_lab,,,,,,
R43FA4E02B2AD,primary,19,282d2227-d7e4-44db-b8c4-45828f9be386,request_lab,,,,,,
R43FA4E02B2AD,second,19,282d2227-d7e4-44db-b8c4-45828f9be386,request_lab,,,,,,
R43FA4E02B2AD,consensus,19,282d2227-d7e4-44db-b8c4-45828f9be386,request_lab,,,,,,
R43FA4E02B2AD,primary,20,c8af0f68-4548-4408-b8b8-995b839854d5,request_lab,,,,,,
R43FA4E02B2AD,second,20,c8af0f68-4548-4408-b8b8-995b839854d5,request_lab,,,,,,
R43FA4E02B2AD,consensus,20,c8af0f68-4548-4408-b8b8-995b839854d5,request_lab,,,,,,
R43FA4E02B2AD,primary,21,9aa714fc-e7d3-4d43-9241-bafc803bfaa7,request_lab,,,,,,
R43FA4E02B2AD,second,21,9aa714fc-e7d3-4d43-9241-bafc803bfaa7,request_lab,,,,,,
R43FA4E02B2AD,consensus,21,9aa714fc-e7d3-4d43-9241-bafc803bfaa7,request_lab,,,,,,
R43FA4E02B2AD,primary,22,745dac4d-75d2-4e96-bd79-03ed2af99f3f,request_lab,,,,,,
R43FA4E02B2AD,second,22,745dac4d-75d2-4e96-bd79-03ed2af99f3f,request_lab,,,,,,
R43FA4E02B2AD,consensus,22,745dac4d-75d2-4e96-bd79-03ed2af99f3f,request_lab,,,,,,
R43FA4E02B2AD,primary,23,dc7e3d91-23ef-411e-b9ff-d4c991697602,request_lab,,,,,,
R43FA4E02B2AD,second,23,dc7e3d91-23ef-411e-b9ff-d4c991697602,request_lab,,,,,,
R43FA4E02B2AD,consensus,23,dc7e3d91-23ef-411e-b9ff-d4c991697602,request_lab,,,,,,
R43FA4E02B2AD,primary,24,e0e86161-cb3e-4364-b0e6-0a9d512fd3d8,request_lab,,,,,,
R43FA4E02B2AD,second,24,e0e86161-cb3e-4364-b0e6-0a9d512fd3d8,request_lab,,,,,,
R43FA4E02B2AD,consensus,24,e0e86161-cb3e-4364-b0e6-0a9d512fd3d8,request_lab,,,,,,
R43FA4E02B2AD,primary,25,a524cba2-8f3b-4a73-8d38-b336906cc319,request_lab,,,,,,
R43FA4E02B2AD,second,25,a524cba2-8f3b-4a73-8d38-b336906cc319,request_lab,,,,,,
R43FA4E02B2AD,consensus,25,a524cba2-8f3b-4a73-8d38-b336906cc319,request_lab,,,,,,
R43FA4E02B2AD,primary,26,b045c713-2dea-434c-9ecd-9009ea1347b1,request_lab,,,,,,
R43FA4E02B2AD,second,26,b045c713-2dea-434c-9ecd-9009ea1347b1,request_lab,,,,,,
R43FA4E02B2AD,consensus,26,b045c713-2dea-434c-9ecd-9009ea1347b1,request_lab,,,,,,
R43FA4E02B2AD,primary,27,40b1099f-f4cb-4ca1-b8e7-f49180da3d2c,request_lab,,,,,,
R43FA4E02B2AD,second,27,40b1099f-f4cb-4ca1-b8e7-f49180da3d2c,request_lab,,,,,,
R43FA4E02B2AD,consensus,27,40b1099f-f4cb-4ca1-b8e7-f49180da3d2c,request_lab,,,,,,
R43FA4E02B2AD,primary,28,fd528885-68fe-434f-acb4-b1dfebbe1839,request_lab,,,,,,
R43FA4E02B2AD,second,28,fd528885-68fe-434f-acb4-b1dfebbe1839,request_lab,,,,,,
R43FA4E02B2AD,consensus,28,fd528885-68fe-434f-acb4-b1dfebbe1839,request_lab,,,,,,
R43FA4E02B2AD,primary,29,f6649fb3-3382-4287-b9df-f0ca191d31a6,request_lab,,,,,,
R43FA4E02B2AD,second,29,f6649fb3-3382-4287-b9df-f0ca191d31a6,request_lab,,,,,,
R43FA4E02B2AD,consensus,29,f6649fb3-3382-4287-b9df-f0ca191d31a6,request_lab,,,,,,
R43FA4E02B2AD,primary,30,d96b5053-1b6a-4c92-8394-36cd176c451d,request_lab,,,,,,
R43FA4E02B2AD,second,30,d96b5053-1b6a-4c92-8394-36cd176c451d,request_lab,,,,,,
R43FA4E02B2AD,consensus,30,d96b5053-1b6a-4c92-8394-36cd176c451d,request_lab,,,,,,
R43FA4E02B2AD,primary,31,0f950de3-6088-4dc9-8e6d-60021d00b3ef,request_lab,,,,,,
R43FA4E02B2AD,second,31,0f950de3-6088-4dc9-8e6d-60021d00b3ef,request_lab,,,,,,
R43FA4E02B2AD,consensus,31,0f950de3-6088-4dc9-8e6d-60021d00b3ef,request_lab,,,,,,
R43FA4E02B2AD,primary,32,543f8f3e-c2fe-4fa5-ad09-1dcf421d284b,request_lab,,,,,,
R43FA4E02B2AD,second,32,543f8f3e-c2fe-4fa5-ad09-1dcf421d284b,request_lab,,,,,,
R43FA4E02B2AD,consensus,32,543f8f3e-c2fe-4fa5-ad09-1dcf421d284b,request_lab,,,,,,
R43FA4E02B2AD,primary,33,5a3a420d-1155-4935-9853-412a0b830fec,request_lab,,,,,,
R43FA4E02B2AD,second,33,5a3a420d-1155-4935-9853-412a0b830fec,request_lab,,,,,,
R43FA4E02B2AD,consensus,33,5a3a420d-1155-4935-9853-412a0b830fec,request_lab,,,,,,
R43FA4E02B2AD,primary,34,a6c4dfbc-563a-4585-90b9-7deedb669973,request_lab,,,,,,
R43FA4E02B2AD,second,34,a6c4dfbc-563a-4585-90b9-7deedb669973,request_lab,,,,,,
R43FA4E02B2AD,consensus,34,a6c4dfbc-563a-4585-90b9-7deedb669973,request_lab,,,,,,
R43FA4E02B2AD,primary,35,5c4531b4-9a84-4af2-8663-38334b82a75f,request_lab,,,,,,
R43FA4E02B2AD,second,35,5c4531b4-9a84-4af2-8663-38334b82a75f,request_lab,,,,,,
R43FA4E02B2AD,consensus,35,5c4531b4-9a84-4af2-8663-38334b82a75f,request_lab,,,,,,
R43FA4E02B2AD,primary,36,361ac793-82fe-4972-93c1-5c45cb6e8772,request_lab,,,,,,
R43FA4E02B2AD,second,36,361ac793-82fe-4972-93c1-5c45cb6e8772,request_lab,,,,,,
R43FA4E02B2AD,consensus,36,361ac793-82fe-4972-93c1-5c45cb6e8772,request_lab,,,,,,
R43FA4E02B2AD,primary,37,04f3eb5d-0062-4efd-a9e4-08de4ba74b36,request_lab,,,,,,
R43FA4E02B2AD,second,37,04f3eb5d-0062-4efd-a9e4-08de4ba74b36,request_lab,,,,,,
R43FA4E02B2AD,consensus,37,04f3eb5d-0062-4efd-a9e4-08de4ba74b36,request_lab,,,,,,
R43FA4E02B2AD,primary,38,4a8169cb-7140-4f66-b065-d0b52a4a80c4,request_lab,,,,,,
R43FA4E02B2AD,second,38,4a8169cb-7140-4f66-b065-d0b52a4a80c4,request_lab,,,,,,
R43FA4E02B2AD,consensus,38,4a8169cb-7140-4f66-b065-d0b52a4a80c4,request_lab,,,,,,
R43FA4E02B2AD,primary,39,4ec53762-a9a1-4a09-ad4b-cf3f75779148,request_lab,,,,,,
R43FA4E02B2AD,second,39,4ec53762-a9a1-4a09-ad4b-cf3f75779148,request_lab,,,,,,
R43FA4E02B2AD,consensus,39,4ec53762-a9a1-4a09-ad4b-cf3f75779148,request_lab,,,,,,
R43FA4E02B2AD,primary,40,aa80721d-6c23-4631-b92b-682926b7089d,request_lab,,,,,,
R43FA4E02B2AD,second,40,aa80721d-6c23-4631-b92b-682926b7089d,request_lab,,,,,,
R43FA4E02B2AD,consensus,40,aa80721d-6c23-4631-b92b-682926b7089d,request_lab,,,,,,
R9603D5A78AF6,primary,1,2492232b-e72e-4cb8-8277-0540df1a8735,request_physical_exam,,,,,,
R9603D5A78AF6,second,1,2492232b-e72e-4cb8-8277-0540df1a8735,request_physical_exam,,,,,,
R9603D5A78AF6,consensus,1,2492232b-e72e-4cb8-8277-0540df1a8735,request_physical_exam,,,,,,
R9603D5A78AF6,primary,2,1f06bca8-fb8e-4972-b347-95f8b30ba224,request_lab,,,,,,
R9603D5A78AF6,second,2,1f06bca8-fb8e-4972-b347-95f8b30ba224,request_lab,,,,,,
R9603D5A78AF6,consensus,2,1f06bca8-fb8e-4972-b347-95f8b30ba224,request_lab,,,,,,
R9603D5A78AF6,primary,3,1d33e067-8f66-4d0a-a2c3-3b9333b0b7b5,ask_history,,,,,,
R9603D5A78AF6,second,3,1d33e067-8f66-4d0a-a2c3-3b9333b0b7b5,ask_history,,,,,,
R9603D5A78AF6,consensus,3,1d33e067-8f66-4d0a-a2c3-3b9333b0b7b5,ask_history,,,,,,
R9603D5A78AF6,primary,4,15c0b423-9dd8-4e21-9a73-495872004f44,request_physical_exam,,,,,,
R9603D5A78AF6,second,4,15c0b423-9dd8-4e21-9a73-495872004f44,request_physical_exam,,,,,,
R9603D5A78AF6,consensus,4,15c0b423-9dd8-4e21-9a73-495872004f44,request_physical_exam,,,,,,
R9603D5A78AF6,primary,5,9c21ab71-0789-4043-b33a-b37fa4aec4a8,ask_history,,,,,,
R9603D5A78AF6,second,5,9c21ab71-0789-4043-b33a-b37fa4aec4a8,ask_history,,,,,,
R9603D5A78AF6,consensus,5,9c21ab71-0789-4043-b33a-b37fa4aec4a8,ask_history,,,,,,
R9603D5A78AF6,primary,6,3f30a45c-5c04-4b56-93be-2ba9836e8ca6,request_lab,,,,,,
R9603D5A78AF6,second,6,3f30a45c-5c04-4b56-93be-2ba9836e8ca6,request_lab,,,,,,
R9603D5A78AF6,consensus,6,3f30a45c-5c04-4b56-93be-2ba9836e8ca6,request_lab,,,,,,
R9603D5A78AF6,primary,7,d5583fcd-ee77-4138-9626-98c6732af656,ask_history,,,,,,
R9603D5A78AF6,second,7,d5583fcd-ee77-4138-9626-98c6732af656,ask_history,,,,,,
R9603D5A78AF6,consensus,7,d5583fcd-ee77-4138-9626-98c6732af656,ask_history,,,,,,
R9603D5A78AF6,primary,8,9640cbdb-2755-4386-a7f1-d22577db5e8d,ask_history,,,,,,
R9603D5A78AF6,second,8,9640cbdb-2755-4386-a7f1-d22577db5e8d,ask_history,,,,,,
R9603D5A78AF6,consensus,8,9640cbdb-2755-4386-a7f1-d22577db5e8d,ask_history,,,,,,
R9603D5A78AF6,primary,9,67874e79-daae-47e9-a21d-18acc1196951,request_lab,,,,,,
R9603D5A78AF6,second,9,67874e79-daae-47e9-a21d-18acc1196951,request_lab,,,,,,
R9603D5A78AF6,consensus,9,67874e79-daae-47e9-a21d-18acc1196951,request_lab,,,,,,
R9603D5A78AF6,primary,10,f61ebcf0-80cb-4ad2-97b4-661c90cc890d,plan_reason,,,,,,
R9603D5A78AF6,second,10,f61ebcf0-80cb-4ad2-97b4-661c90cc890d,plan_reason,,,,,,
R9603D5A78AF6,consensus,10,f61ebcf0-80cb-4ad2-97b4-661c90cc890d,plan_reason,,,,,,
R9603D5A78AF6,primary,11,70ca67c4-643c-411a-9e73-0e80decafb97,request_procedure,,,,,,
R9603D5A78AF6,second,11,70ca67c4-643c-411a-9e73-0e80decafb97,request_procedure,,,,,,
R9603D5A78AF6,consensus,11,70ca67c4-643c-411a-9e73-0e80decafb97,request_procedure,,,,,,
R9603D5A78AF6,primary,12,fe8d2d98-137f-46f6-8cff-b440dc47433c,request_lab,,,,,,
R9603D5A78AF6,second,12,fe8d2d98-137f-46f6-8cff-b440dc47433c,request_lab,,,,,,
R9603D5A78AF6,consensus,12,fe8d2d98-137f-46f6-8cff-b440dc47433c,request_lab,,,,,,
R9603D5A78AF6,primary,13,f5c3b14e-cd8c-43e4-94fc-b19c31c9c6a1,prescribe_medication,,,,,,
R9603D5A78AF6,second,13,f5c3b14e-cd8c-43e4-94fc-b19c31c9c6a1,prescribe_medication,,,,,,
R9603D5A78AF6,consensus,13,f5c3b14e-cd8c-43e4-94fc-b19c31c9c6a1,prescribe_medication,,,,,,
R9603D5A78AF6,primary,14,3a8420f8-5e67-492d-bb50-0e67367ffbf3,request_lab,,,,,,
R9603D5A78AF6,second,14,3a8420f8-5e67-492d-bb50-0e67367ffbf3,request_lab,,,,,,
R9603D5A78AF6,consensus,14,3a8420f8-5e67-492d-bb50-0e67367ffbf3,request_lab,,,,,,
R9603D5A78AF6,primary,15,a6de932f-abca-4d08-8689-49df01fd05a5,request_lab,,,,,,
R9603D5A78AF6,second,15,a6de932f-abca-4d08-8689-49df01fd05a5,request_lab,,,,,,
R9603D5A78AF6,consensus,15,a6de932f-abca-4d08-8689-49df01fd05a5,request_lab,,,,,,
R9603D5A78AF6,primary,16,70cdf553-0d1c-4b74-881c-c0f5acae8ad3,final_diagnosis,,,,,,
R9603D5A78AF6,second,16,70cdf553-0d1c-4b74-881c-c0f5acae8ad3,final_diagnosis,,,,,,
R9603D5A78AF6,consensus,16,70cdf553-0d1c-4b74-881c-c0f5acae8ad3,final_diagnosis,,,,,,
R9603D5A78AF6,primary,17,70fb5e07-6fb2-460a-b513-564fb038e15f,disposition,,,,,,
R9603D5A78AF6,second,17,70fb5e07-6fb2-460a-b513-564fb038e15f,disposition,,,,,,
R9603D5A78AF6,consensus,17,70fb5e07-6fb2-460a-b513-564fb038e15f,disposition,,,,,,
R388D3DAD4CD0,primary,1,11fe4c8b-042a-42c6-9ce7-d17f5b5cb879,ask_history,,,,,,
R388D3DAD4CD0,second,1,11fe4c8b-042a-42c6-9ce7-d17f5b5cb879,ask_history,,,,,,
R388D3DAD4CD0,consensus,1,11fe4c8b-042a-42c6-9ce7-d17f5b5cb879,ask_history,,,,,,
R388D3DAD4CD0,primary,2,e1c071d7-36d0-47ea-91b6-3e61ba841ed6,request_ecg_or_test,,,,,,
R388D3DAD4CD0,second,2,e1c071d7-36d0-47ea-91b6-3e61ba841ed6,request_ecg_or_test,,,,,,
R388D3DAD4CD0,consensus,2,e1c071d7-36d0-47ea-91b6-3e61ba841ed6,request_ecg_or_test,,,,,,
R388D3DAD4CD0,primary,3,73d4f153-9c74-41f5-9bc6-c38162764ddc,request_physical_exam,,,,,,
R388D3DAD4CD0,second,3,73d4f153-9c74-41f5-9bc6-c38162764ddc,request_physical_exam,,,,,,
R388D3DAD4CD0,consensus,3,73d4f153-9c74-41f5-9bc6-c38162764ddc,request_physical_exam,,,,,,
R388D3DAD4CD0,primary,4,83297e67-10ae-4d7b-94f5-a895292fb9e8,request_ecg_or_test,,,,,,
R388D3DAD4CD0,second,4,83297e67-10ae-4d7b-94f5-a895292fb9e8,request_ecg_or_test,,,,,,
R388D3DAD4CD0,consensus,4,83297e67-10ae-4d7b-94f5-a895292fb9e8,request_ecg_or_test,,,,,,
R388D3DAD4CD0,primary,5,c8133eaa-c34c-4362-bdef-5c8459c27d45,plan_reason,,,,,,
R388D3DAD4CD0,second,5,c8133eaa-c34c-4362-bdef-5c8459c27d45,plan_reason,,,,,,
R388D3DAD4CD0,consensus,5,c8133eaa-c34c-4362-bdef-5c8459c27d45,plan_reason,,,,,,
R388D3DAD4CD0,primary,6,880ae173-6e3b-45a4-9906-a96c13f3dcd5,request_procedure,,,,,,
R388D3DAD4CD0,second,6,880ae173-6e3b-45a4-9906-a96c13f3dcd5,request_procedure,,,,,,
R388D3DAD4CD0,consensus,6,880ae173-6e3b-45a4-9906-a96c13f3dcd5,request_procedure,,,,,,
R388D3DAD4CD0,primary,7,63ff24ea-bf3f-46aa-9a05-dce658cd704a,request_microbiology,,,,,,
R388D3DAD4CD0,second,7,63ff24ea-bf3f-46aa-9a05-dce658cd704a,request_microbiology,,,,,,
R388D3DAD4CD0,consensus,7,63ff24ea-bf3f-46aa-9a05-dce658cd704a,request_microbiology,,,,,,
R388D3DAD4CD0,primary,8,13a1eaaa-38f5-4a75-964a-2b616903e09b,request_lab,,,,,,
R388D3DAD4CD0,second,8,13a1eaaa-38f5-4a75-964a-2b616903e09b,request_lab,,,,,,
R388D3DAD4CD0,consensus,8,13a1eaaa-38f5-4a75-964a-2b616903e09b,request_lab,,,,,,
R388D3DAD4CD0,primary,9,98787cec-9f74-42ee-bc12-288a61b1d688,request_ecg_or_test,,,,,,
R388D3DAD4CD0,second,9,98787cec-9f74-42ee-bc12-288a61b1d688,request_ecg_or_test,,,,,,
R388D3DAD4CD0,consensus,9,98787cec-9f74-42ee-bc12-288a61b1d688,request_ecg_or_test,,,,,,
R388D3DAD4CD0,primary,10,e80b0750-700b-44f2-ab6f-000b1a1fb6b4,request_procedure,,,,,,
R388D3DAD4CD0,second,10,e80b0750-700b-44f2-ab6f-000b1a1fb6b4,request_procedure,,,,,,
R388D3DAD4CD0,consensus,10,e80b0750-700b-44f2-ab6f-000b1a1fb6b4,request_procedure,,,,,,
R388D3DAD4CD0,primary,11,b61501c0-bbcf-4465-b285-fbd4dcf47bf0,request_procedure,,,,,,
R388D3DAD4CD0,second,11,b61501c0-bbcf-4465-b285-fbd4dcf47bf0,request_procedure,,,,,,
R388D3DAD4CD0,consensus,11,b61501c0-bbcf-4465-b285-fbd4dcf47bf0,request_procedure,,,,,,
R388D3DAD4CD0,primary,12,3a0043d8-9f11-45e3-a3f2-c31c5643cee8,final_diagnosis,,,,,,
R388D3DAD4CD0,second,12,3a0043d8-9f11-45e3-a3f2-c31c5643cee8,final_diagnosis,,,,,,
R388D3DAD4CD0,consensus,12,3a0043d8-9f11-45e3-a3f2-c31c5643cee8,final_diagnosis,,,,,,
R388D3DAD4CD0,primary,13,910ffa88-9b4e-4dde-9af9-d2463288e704,disposition,,,,,,
R388D3DAD4CD0,second,13,910ffa88-9b4e-4dde-9af9-d2463288e704,disposition,,,,,,
R388D3DAD4CD0,consensus,13,910ffa88-9b4e-4dde-9af9-d2463288e704,disposition,,,,,,
RB454AAE6976A,primary,1,ece95d03-3424-4163-8717-6cab97771965,request_physical_exam,,,,,,
RB454AAE6976A,second,1,ece95d03-3424-4163-8717-6cab97771965,request_physical_exam,,,,,,
RB454AAE6976A,consensus,1,ece95d03-3424-4163-8717-6cab97771965,request_physical_exam,,,,,,
RB454AAE6976A,primary,2,6663181d-f498-4b9e-800c-c983c8ed3563,ask_history,,,,,,
RB454AAE6976A,second,2,6663181d-f498-4b9e-800c-c983c8ed3563,ask_history,,,,,,
RB454AAE6976A,consensus,2,6663181d-f498-4b9e-800c-c983c8ed3563,ask_history,,,,,,
RB454AAE6976A,primary,3,fa36b708-c7c7-4de9-829e-84b77f5b4a2f,ask_history,,,,,,
RB454AAE6976A,second,3,fa36b708-c7c7-4de9-829e-84b77f5b4a2f,ask_history,,,,,,
RB454AAE6976A,consensus,3,fa36b708-c7c7-4de9-829e-84b77f5b4a2f,ask_history,,,,,,
RB454AAE6976A,primary,4,c1715ffb-29a6-49fc-9d7b-6f673399ae80,request_physical_exam,,,,,,
RB454AAE6976A,second,4,c1715ffb-29a6-49fc-9d7b-6f673399ae80,request_physical_exam,,,,,,
RB454AAE6976A,consensus,4,c1715ffb-29a6-49fc-9d7b-6f673399ae80,request_physical_exam,,,,,,
RB454AAE6976A,primary,5,1b0d9e86-caea-421e-9e4a-7d7afaf9020f,plan_reason,,,,,,
RB454AAE6976A,second,5,1b0d9e86-caea-421e-9e4a-7d7afaf9020f,plan_reason,,,,,,
RB454AAE6976A,consensus,5,1b0d9e86-caea-421e-9e4a-7d7afaf9020f,plan_reason,,,,,,
RB454AAE6976A,primary,6,238c6037-dd3c-4014-bd49-79172b5a77f6,request_lab,,,,,,
RB454AAE6976A,second,6,238c6037-dd3c-4014-bd49-79172b5a77f6,request_lab,,,,,,
RB454AAE6976A,consensus,6,238c6037-dd3c-4014-bd49-79172b5a77f6,request_lab,,,,,,
RB454AAE6976A,primary,7,f29907e4-73da-4c05-a727-5a33a0b80e92,request_imaging,,,,,,
RB454AAE6976A,second,7,f29907e4-73da-4c05-a727-5a33a0b80e92,request_imaging,,,,,,
RB454AAE6976A,consensus,7,f29907e4-73da-4c05-a727-5a33a0b80e92,request_imaging,,,,,,
RB454AAE6976A,primary,8,bb7a261c-d062-4378-a5f8-b5ff6fdd644d,request_procedure,,,,,,
RB454AAE6976A,second,8,bb7a261c-d062-4378-a5f8-b5ff6fdd644d,request_procedure,,,,,,
RB454AAE6976A,consensus,8,bb7a261c-d062-4378-a5f8-b5ff6fdd644d,request_procedure,,,,,,
RB454AAE6976A,primary,9,4522d7c7-2148-486e-8b8b-19ea4d4c1239,ask_history,,,,,,
RB454AAE6976A,second,9,4522d7c7-2148-486e-8b8b-19ea4d4c1239,ask_history,,,,,,
RB454AAE6976A,consensus,9,4522d7c7-2148-486e-8b8b-19ea4d4c1239,ask_history,,,,,,
RB454AAE6976A,primary,10,bac3ac7d-bc85-43a5-804b-049419eb76b7,prescribe_medication,,,,,,
RB454AAE6976A,second,10,bac3ac7d-bc85-43a5-804b-049419eb76b7,prescribe_medication,,,,,,
RB454AAE6976A,consensus,10,bac3ac7d-bc85-43a5-804b-049419eb76b7,prescribe_medication,,,,,,
RB454AAE6976A,primary,11,844c8e51-0c57-450f-9197-de9ea6e881a6,final_diagnosis,,,,,,
RB454AAE6976A,second,11,844c8e51-0c57-450f-9197-de9ea6e881a6,final_diagnosis,,,,,,
RB454AAE6976A,consensus,11,844c8e51-0c57-450f-9197-de9ea6e881a6,final_diagnosis,,,,,,
RB454AAE6976A,primary,12,e8fe413b-5ad1-4e94-9258-867d89133427,disposition,,,,,,
RB454AAE6976A,second,12,e8fe413b-5ad1-4e94-9258-867d89133427,disposition,,,,,,
RB454AAE6976A,consensus,12,e8fe413b-5ad1-4e94-9258-867d89133427,disposition,,,,,,
RE5845051C831,primary,1,cf71f28e-d85a-4137-b700-7b9b4c7ac5c6,request_physical_exam,,,,,,
RE5845051C831,second,1,cf71f28e-d85a-4137-b700-7b9b4c7ac5c6,request_physical_exam,,,,,,
RE5845051C831,consensus,1,cf71f28e-d85a-4137-b700-7b9b4c7ac5c6,request_physical_exam,,,,,,
RE5845051C831,primary,2,a2a033d8-1cbd-471e-9695-669c22fbfd52,ask_history,,,,,,
RE5845051C831,second,2,a2a033d8-1cbd-471e-9695-669c22fbfd52,ask_history,,,,,,
RE5845051C831,consensus,2,a2a033d8-1cbd-471e-9695-669c22fbfd52,ask_history,,,,,,
RE5845051C831,primary,3,7b180e7b-dcca-44bb-998c-b4fa39b83d41,request_imaging,,,,,,
RE5845051C831,second,3,7b180e7b-dcca-44bb-998c-b4fa39b83d41,request_imaging,,,,,,
RE5845051C831,consensus,3,7b180e7b-dcca-44bb-998c-b4fa39b83d41,request_imaging,,,,,,
RE5845051C831,primary,4,cb1abce5-1933-4c3a-bcf6-660f35b796a7,plan_reason,,,,,,
RE5845051C831,second,4,cb1abce5-1933-4c3a-bcf6-660f35b796a7,plan_reason,,,,,,
RE5845051C831,consensus,4,cb1abce5-1933-4c3a-bcf6-660f35b796a7,plan_reason,,,,,,
RE5845051C831,primary,5,bcade743-a801-4043-b809-f83c1bbe190f,request_procedure,,,,,,
RE5845051C831,second,5,bcade743-a801-4043-b809-f83c1bbe190f,request_procedure,,,,,,
RE5845051C831,consensus,5,bcade743-a801-4043-b809-f83c1bbe190f,request_procedure,,,,,,
RE5845051C831,primary,6,6f32c64a-c841-4cd9-bf3d-84237c72fa58,ask_history,,,,,,
RE5845051C831,second,6,6f32c64a-c841-4cd9-bf3d-84237c72fa58,ask_history,,,,,,
RE5845051C831,consensus,6,6f32c64a-c841-4cd9-bf3d-84237c72fa58,ask_history,,,,,,
RE5845051C831,primary,7,1ecebc8c-c6f6-4ded-9384-81478f5332fb,request_lab,,,,,,
RE5845051C831,second,7,1ecebc8c-c6f6-4ded-9384-81478f5332fb,request_lab,,,,,,
RE5845051C831,consensus,7,1ecebc8c-c6f6-4ded-9384-81478f5332fb,request_lab,,,,,,
RE5845051C831,primary,8,9f72c619-9ab4-431c-a1e5-bc538f8299aa,request_imaging,,,,,,
RE5845051C831,second,8,9f72c619-9ab4-431c-a1e5-bc538f8299aa,request_imaging,,,,,,
RE5845051C831,consensus,8,9f72c619-9ab4-431c-a1e5-bc538f8299aa,request_imaging,,,,,,
RE5845051C831,primary,9,6699282e-8343-47d5-a861-f3f7196c7db6,final_diagnosis,,,,,,
RE5845051C831,second,9,6699282e-8343-47d5-a861-f3f7196c7db6,final_diagnosis,,,,,,
RE5845051C831,consensus,9,6699282e-8343-47d5-a861-f3f7196c7db6,final_diagnosis,,,,,,
RE5845051C831,primary,10,bdd3de16-fd75-4227-91ba-af3e2fd39cdb,disposition,,,,,,
RE5845051C831,second,10,bdd3de16-fd75-4227-91ba-af3e2fd39cdb,disposition,,,,,,
RE5845051C831,consensus,10,bdd3de16-fd75-4227-91ba-af3e2fd39cdb,disposition,,,,,,
RA81918852B44,primary,1,228774c3-582e-4419-a842-0b549388b511,plan_reason,,,,,,
RA81918852B44,second,1,228774c3-582e-4419-a842-0b549388b511,plan_reason,,,,,,
RA81918852B44,consensus,1,228774c3-582e-4419-a842-0b549388b511,plan_reason,,,,,,
RA81918852B44,primary,2,8443f57e-4a6e-4556-b7fd-fdcfa8ee4474,ask_history,,,,,,
RA81918852B44,second,2,8443f57e-4a6e-4556-b7fd-fdcfa8ee4474,ask_history,,,,,,
RA81918852B44,consensus,2,8443f57e-4a6e-4556-b7fd-fdcfa8ee4474,ask_history,,,,,,
RA81918852B44,primary,3,5ef005f9-4b3c-448c-9114-827920f6b426,request_physical_exam,,,,,,
RA81918852B44,second,3,5ef005f9-4b3c-448c-9114-827920f6b426,request_physical_exam,,,,,,
RA81918852B44,consensus,3,5ef005f9-4b3c-448c-9114-827920f6b426,request_physical_exam,,,,,,
RA81918852B44,primary,4,e4cdfc98-a6b7-425c-961f-2ad9079ddaea,request_lab,,,,,,
RA81918852B44,second,4,e4cdfc98-a6b7-425c-961f-2ad9079ddaea,request_lab,,,,,,
RA81918852B44,consensus,4,e4cdfc98-a6b7-425c-961f-2ad9079ddaea,request_lab,,,,,,
RA81918852B44,primary,5,1c69e37a-e664-49a4-9ad4-70e5cd7cfcc0,request_imaging,,,,,,
RA81918852B44,second,5,1c69e37a-e664-49a4-9ad4-70e5cd7cfcc0,request_imaging,,,,,,
RA81918852B44,consensus,5,1c69e37a-e664-49a4-9ad4-70e5cd7cfcc0,request_imaging,,,,,,
RA81918852B44,primary,6,5214b61b-63c7-46cb-b18e-0f2d8d7832d0,request_ecg_or_test,,,,,,
RA81918852B44,second,6,5214b61b-63c7-46cb-b18e-0f2d8d7832d0,request_ecg_or_test,,,,,,
RA81918852B44,consensus,6,5214b61b-63c7-46cb-b18e-0f2d8d7832d0,request_ecg_or_test,,,,,,
RA81918852B44,primary,7,073e6591-687b-49b6-bbaf-dd97478669e3,plan_reason,,,,,,
RA81918852B44,second,7,073e6591-687b-49b6-bbaf-dd97478669e3,plan_reason,,,,,,
RA81918852B44,consensus,7,073e6591-687b-49b6-bbaf-dd97478669e3,plan_reason,,,,,,
RA81918852B44,primary,8,adf482e4-56f8-4c6e-974e-0944ba0e2d30,request_procedure,,,,,,
RA81918852B44,second,8,adf482e4-56f8-4c6e-974e-0944ba0e2d30,request_procedure,,,,,,
RA81918852B44,consensus,8,adf482e4-56f8-4c6e-974e-0944ba0e2d30,request_procedure,,,,,,
RA81918852B44,primary,9,f7872ca4-4ebe-4a1d-a5c7-4de07ece1ede,final_diagnosis,,,,,,
RA81918852B44,second,9,f7872ca4-4ebe-4a1d-a5c7-4de07ece1ede,final_diagnosis,,,,,,
RA81918852B44,consensus,9,f7872ca4-4ebe-4a1d-a5c7-4de07ece1ede,final_diagnosis,,,,,,
RA81918852B44,primary,10,ce93cf21-f0cd-4984-8525-1f7854470da7,disposition,,,,,,
RA81918852B44,second,10,ce93cf21-f0cd-4984-8525-1f7854470da7,disposition,,,,,,
RA81918852B44,consensus,10,ce93cf21-f0cd-4984-8525-1f7854470da7,disposition,,,,,,
R334552E50B94,primary,1,cb5d184e-6321-4a05-9c31-d1e6668f11d5,request_physical_exam,,,,,,
R334552E50B94,second,1,cb5d184e-6321-4a05-9c31-d1e6668f11d5,request_physical_exam,,,,,,
R334552E50B94,consensus,1,cb5d184e-6321-4a05-9c31-d1e6668f11d5,request_physical_exam,,,,,,
R334552E50B94,primary,2,70d8159c-bce6-4d62-b872-b152d890800f,request_lab,,,,,,
R334552E50B94,second,2,70d8159c-bce6-4d62-b872-b152d890800f,request_lab,,,,,,
R334552E50B94,consensus,2,70d8159c-bce6-4d62-b872-b152d890800f,request_lab,,,,,,
R334552E50B94,primary,3,8beb632f-d8d0-4ae8-bc05-ae21c3d8f575,ask_history,,,,,,
R334552E50B94,second,3,8beb632f-d8d0-4ae8-bc05-ae21c3d8f575,ask_history,,,,,,
R334552E50B94,consensus,3,8beb632f-d8d0-4ae8-bc05-ae21c3d8f575,ask_history,,,,,,
R334552E50B94,primary,4,7075e5d0-ebdb-44ad-b695-4cda046cd17f,ask_history,,,,,,
R334552E50B94,second,4,7075e5d0-ebdb-44ad-b695-4cda046cd17f,ask_history,,,,,,
R334552E50B94,consensus,4,7075e5d0-ebdb-44ad-b695-4cda046cd17f,ask_history,,,,,,
R334552E50B94,primary,5,ff1be7eb-63df-4725-a6f6-da0f923dee2f,request_lab,,,,,,
R334552E50B94,second,5,ff1be7eb-63df-4725-a6f6-da0f923dee2f,request_lab,,,,,,
R334552E50B94,consensus,5,ff1be7eb-63df-4725-a6f6-da0f923dee2f,request_lab,,,,,,
R334552E50B94,primary,6,5eff5462-4abe-41dd-97e4-c02c079801ef,plan_reason,,,,,,
R334552E50B94,second,6,5eff5462-4abe-41dd-97e4-c02c079801ef,plan_reason,,,,,,
R334552E50B94,consensus,6,5eff5462-4abe-41dd-97e4-c02c079801ef,plan_reason,,,,,,
R334552E50B94,primary,7,f767b84a-efcc-4699-b927-7ce070eb2760,prescribe_medication,,,,,,
R334552E50B94,second,7,f767b84a-efcc-4699-b927-7ce070eb2760,prescribe_medication,,,,,,
R334552E50B94,consensus,7,f767b84a-efcc-4699-b927-7ce070eb2760,prescribe_medication,,,,,,
R334552E50B94,primary,8,227e09ea-ee02-4cbd-bd07-796a4caf89c2,request_lab,,,,,,
R334552E50B94,second,8,227e09ea-ee02-4cbd-bd07-796a4caf89c2,request_lab,,,,,,
R334552E50B94,consensus,8,227e09ea-ee02-4cbd-bd07-796a4caf89c2,request_lab,,,,,,
R334552E50B94,primary,9,df17ad8e-5624-4454-852a-13c4759f1085,prescribe_medication,,,,,,
R334552E50B94,second,9,df17ad8e-5624-4454-852a-13c4759f1085,prescribe_medication,,,,,,
R334552E50B94,consensus,9,df17ad8e-5624-4454-852a-13c4759f1085,prescribe_medication,,,,,,
R334552E50B94,primary,10,83f0ea39-9d3d-471b-aec6-0568bff7d60a,request_procedure,,,,,,
R334552E50B94,second,10,83f0ea39-9d3d-471b-aec6-0568bff7d60a,request_procedure,,,,,,
R334552E50B94,consensus,10,83f0ea39-9d3d-471b-aec6-0568bff7d60a,request_procedure,,,,,,
R334552E50B94,primary,11,a488d69b-cfe0-4b82-9bc1-c4692f317fed,request_imaging,,,,,,
R334552E50B94,second,11,a488d69b-cfe0-4b82-9bc1-c4692f317fed,request_imaging,,,,,,
R334552E50B94,consensus,11,a488d69b-cfe0-4b82-9bc1-c4692f317fed,request_imaging,,,,,,
R334552E50B94,primary,12,e1aba34f-584b-4e6a-91db-4af60e96e1ac,ask_history,,,,,,
R334552E50B94,second,12,e1aba34f-584b-4e6a-91db-4af60e96e1ac,ask_history,,,,,,
R334552E50B94,consensus,12,e1aba34f-584b-4e6a-91db-4af60e96e1ac,ask_history,,,,,,
R334552E50B94,primary,13,e42570c7-c9c3-44ff-9b89-c95c7ef8ba54,request_lab,,,,,,
R334552E50B94,second,13,e42570c7-c9c3-44ff-9b89-c95c7ef8ba54,request_lab,,,,,,
R334552E50B94,consensus,13,e42570c7-c9c3-44ff-9b89-c95c7ef8ba54,request_lab,,,,,,
R334552E50B94,primary,14,a2ef36c7-b1e9-4c12-bbb7-1d845f030a30,request_lab,,,,,,
R334552E50B94,second,14,a2ef36c7-b1e9-4c12-bbb7-1d845f030a30,request_lab,,,,,,
R334552E50B94,consensus,14,a2ef36c7-b1e9-4c12-bbb7-1d845f030a30,request_lab,,,,,,
R334552E50B94,primary,15,9e3559b1-f1e7-4c18-aac2-f1d64c27716c,prescribe_medication,,,,,,
R334552E50B94,second,15,9e3559b1-f1e7-4c18-aac2-f1d64c27716c,prescribe_medication,,,,,,
R334552E50B94,consensus,15,9e3559b1-f1e7-4c18-aac2-f1d64c27716c,prescribe_medication,,,,,,
R334552E50B94,primary,16,7de400f8-a4f1-40a7-b488-9c058d269bc6,final_diagnosis,,,,,,
R334552E50B94,second,16,7de400f8-a4f1-40a7-b488-9c058d269bc6,final_diagnosis,,,,,,
R334552E50B94,consensus,16,7de400f8-a4f1-40a7-b488-9c058d269bc6,final_diagnosis,,,,,,
R334552E50B94,primary,17,ccfb422a-20e3-4bc2-91c9-33c2f3e9474c,disposition,,,,,,
R334552E50B94,second,17,ccfb422a-20e3-4bc2-91c9-33c2f3e9474c,disposition,,,,,,
R334552E50B94,consensus,17,ccfb422a-20e3-4bc2-91c9-33c2f3e9474c,disposition,,,,,,
R498B048DB1BD,primary,1,2cfbaf25-d4fa-4c6a-a8aa-2a5f633f3f5e,plan_reason,,,,,,
R498B048DB1BD,second,1,2cfbaf25-d4fa-4c6a-a8aa-2a5f633f3f5e,plan_reason,,,,,,
R498B048DB1BD,consensus,1,2cfbaf25-d4fa-4c6a-a8aa-2a5f633f3f5e,plan_reason,,,,,,
R498B048DB1BD,primary,2,0fa1fa4b-c75b-4b32-a5be-c0e1ee811df5,request_physical_exam,,,,,,
R498B048DB1BD,second,2,0fa1fa4b-c75b-4b32-a5be-c0e1ee811df5,request_physical_exam,,,,,,
R498B048DB1BD,consensus,2,0fa1fa4b-c75b-4b32-a5be-c0e1ee811df5,request_physical_exam,,,,,,
R498B048DB1BD,primary,3,ea9dff12-bf6a-4171-8452-56f31d4ec787,request_lab,,,,,,
R498B048DB1BD,second,3,ea9dff12-bf6a-4171-8452-56f31d4ec787,request_lab,,,,,,
R498B048DB1BD,consensus,3,ea9dff12-bf6a-4171-8452-56f31d4ec787,request_lab,,,,,,
R498B048DB1BD,primary,4,8b38d8af-8c39-4eab-a533-e90b6fb50423,request_imaging,,,,,,
R498B048DB1BD,second,4,8b38d8af-8c39-4eab-a533-e90b6fb50423,request_imaging,,,,,,
R498B048DB1BD,consensus,4,8b38d8af-8c39-4eab-a533-e90b6fb50423,request_imaging,,,,,,
R498B048DB1BD,primary,5,737aef9e-a6b9-4a05-a4ae-b17800a04296,request_imaging,,,,,,
R498B048DB1BD,second,5,737aef9e-a6b9-4a05-a4ae-b17800a04296,request_imaging,,,,,,
R498B048DB1BD,consensus,5,737aef9e-a6b9-4a05-a4ae-b17800a04296,request_imaging,,,,,,
R498B048DB1BD,primary,6,379d6ce4-6c5b-4626-bf8f-ca584e0cc186,request_imaging,,,,,,
R498B048DB1BD,second,6,379d6ce4-6c5b-4626-bf8f-ca584e0cc186,request_imaging,,,,,,
R498B048DB1BD,consensus,6,379d6ce4-6c5b-4626-bf8f-ca584e0cc186,request_imaging,,,,,,
RED5E5EE49944,primary,1,73af4cde-b76f-45c9-bb91-41a712a7540e,request_physical_exam,,,,,,
RED5E5EE49944,second,1,73af4cde-b76f-45c9-bb91-41a712a7540e,request_physical_exam,,,,,,
RED5E5EE49944,consensus,1,73af4cde-b76f-45c9-bb91-41a712a7540e,request_physical_exam,,,,,,
RED5E5EE49944,primary,2,d15fd38a-9b50-403e-a010-2dc16c6c872c,ask_history,,,,,,
RED5E5EE49944,second,2,d15fd38a-9b50-403e-a010-2dc16c6c872c,ask_history,,,,,,
RED5E5EE49944,consensus,2,d15fd38a-9b50-403e-a010-2dc16c6c872c,ask_history,,,,,,
RED5E5EE49944,primary,3,972b17fe-8200-4798-8453-7c775fb97151,request_lab,,,,,,
RED5E5EE49944,second,3,972b17fe-8200-4798-8453-7c775fb97151,request_lab,,,,,,
RED5E5EE49944,consensus,3,972b17fe-8200-4798-8453-7c775fb97151,request_lab,,,,,,
RED5E5EE49944,primary,4,8ec22916-8e2d-49a5-bb21-25e9ceb0154d,request_physical_exam,,,,,,
RED5E5EE49944,second,4,8ec22916-8e2d-49a5-bb21-25e9ceb0154d,request_physical_exam,,,,,,
RED5E5EE49944,consensus,4,8ec22916-8e2d-49a5-bb21-25e9ceb0154d,request_physical_exam,,,,,,
RED5E5EE49944,primary,5,3f008711-5b83-4ed3-b284-23da02d20690,ask_history,,,,,,
RED5E5EE49944,second,5,3f008711-5b83-4ed3-b284-23da02d20690,ask_history,,,,,,
RED5E5EE49944,consensus,5,3f008711-5b83-4ed3-b284-23da02d20690,ask_history,,,,,,
RED5E5EE49944,primary,6,dae6acbf-8fed-4a1f-b4ed-1c09871b6bc8,request_lab,,,,,,
RED5E5EE49944,second,6,dae6acbf-8fed-4a1f-b4ed-1c09871b6bc8,request_lab,,,,,,
RED5E5EE49944,consensus,6,dae6acbf-8fed-4a1f-b4ed-1c09871b6bc8,request_lab,,,,,,
RED5E5EE49944,primary,7,bcefb9dd-3ec5-4697-9674-bd6c5c2cc7c1,ask_history,,,,,,
RED5E5EE49944,second,7,bcefb9dd-3ec5-4697-9674-bd6c5c2cc7c1,ask_history,,,,,,
RED5E5EE49944,consensus,7,bcefb9dd-3ec5-4697-9674-bd6c5c2cc7c1,ask_history,,,,,,
RED5E5EE49944,primary,8,2cb195da-b73e-4306-b97a-9d840067fff8,ask_history,,,,,,
RED5E5EE49944,second,8,2cb195da-b73e-4306-b97a-9d840067fff8,ask_history,,,,,,
RED5E5EE49944,consensus,8,2cb195da-b73e-4306-b97a-9d840067fff8,ask_history,,,,,,
RED5E5EE49944,primary,9,367a3d4d-7915-4d33-bad1-2d6b67156e79,request_lab,,,,,,
RED5E5EE49944,second,9,367a3d4d-7915-4d33-bad1-2d6b67156e79,request_lab,,,,,,
RED5E5EE49944,consensus,9,367a3d4d-7915-4d33-bad1-2d6b67156e79,request_lab,,,,,,
RED5E5EE49944,primary,10,269dd7fc-3d11-4728-b6dd-db08daf8896a,plan_reason,,,,,,
RED5E5EE49944,second,10,269dd7fc-3d11-4728-b6dd-db08daf8896a,plan_reason,,,,,,
RED5E5EE49944,consensus,10,269dd7fc-3d11-4728-b6dd-db08daf8896a,plan_reason,,,,,,
RED5E5EE49944,primary,11,db56496b-c043-469d-8055-75882255633e,request_procedure,,,,,,
RED5E5EE49944,second,11,db56496b-c043-469d-8055-75882255633e,request_procedure,,,,,,
RED5E5EE49944,consensus,11,db56496b-c043-469d-8055-75882255633e,request_procedure,,,,,,
RED5E5EE49944,primary,12,200070a1-7613-4b50-82a2-88ad507d355b,request_lab,,,,,,
RED5E5EE49944,second,12,200070a1-7613-4b50-82a2-88ad507d355b,request_lab,,,,,,
RED5E5EE49944,consensus,12,200070a1-7613-4b50-82a2-88ad507d355b,request_lab,,,,,,
RED5E5EE49944,primary,13,6637e4a8-6293-4f47-a43d-d6ecaa3ece1e,request_lab,,,,,,
RED5E5EE49944,second,13,6637e4a8-6293-4f47-a43d-d6ecaa3ece1e,request_lab,,,,,,
RED5E5EE49944,consensus,13,6637e4a8-6293-4f47-a43d-d6ecaa3ece1e,request_lab,,,,,,
RED5E5EE49944,primary,14,15b774c1-e02a-476d-ae1a-46a786d41f30,ask_history,,,,,,
RED5E5EE49944,second,14,15b774c1-e02a-476d-ae1a-46a786d41f30,ask_history,,,,,,
RED5E5EE49944,consensus,14,15b774c1-e02a-476d-ae1a-46a786d41f30,ask_history,,,,,,
RED5E5EE49944,primary,15,6cc24256-b1f6-448e-8dcf-83f999b532fb,prescribe_medication,,,,,,
RED5E5EE49944,second,15,6cc24256-b1f6-448e-8dcf-83f999b532fb,prescribe_medication,,,,,,
RED5E5EE49944,consensus,15,6cc24256-b1f6-448e-8dcf-83f999b532fb,prescribe_medication,,,,,,
RED5E5EE49944,primary,16,f1ab305f-5710-4b82-abdc-629ef4a1844f,final_diagnosis,,,,,,
RED5E5EE49944,second,16,f1ab305f-5710-4b82-abdc-629ef4a1844f,final_diagnosis,,,,,,
RED5E5EE49944,consensus,16,f1ab305f-5710-4b82-abdc-629ef4a1844f,final_diagnosis,,,,,,
RED5E5EE49944,primary,17,511f2e36-f5e8-42eb-95c8-06bff3fdf0de,disposition,,,,,,
RED5E5EE49944,second,17,511f2e36-f5e8-42eb-95c8-06bff3fdf0de,disposition,,,,,,
RED5E5EE49944,consensus,17,511f2e36-f5e8-42eb-95c8-06bff3fdf0de,disposition,,,,,,
RE28A601B01D1,primary,1,67864580-fc5d-4ac6-86d8-5b5d82303bf2,ask_history,,,,,,
RE28A601B01D1,second,1,67864580-fc5d-4ac6-86d8-5b5d82303bf2,ask_history,,,,,,
RE28A601B01D1,consensus,1,67864580-fc5d-4ac6-86d8-5b5d82303bf2,ask_history,,,,,,
RE28A601B01D1,primary,2,5af193b2-4017-4db7-8eef-a98670149ea4,ask_history,,,,,,
RE28A601B01D1,second,2,5af193b2-4017-4db7-8eef-a98670149ea4,ask_history,,,,,,
RE28A601B01D1,consensus,2,5af193b2-4017-4db7-8eef-a98670149ea4,ask_history,,,,,,
RE28A601B01D1,primary,3,067fcf2d-ad61-4e89-a894-6e4a9724472d,ask_history,,,,,,
RE28A601B01D1,second,3,067fcf2d-ad61-4e89-a894-6e4a9724472d,ask_history,,,,,,
RE28A601B01D1,consensus,3,067fcf2d-ad61-4e89-a894-6e4a9724472d,ask_history,,,,,,
RE28A601B01D1,primary,4,52b55d54-8054-4621-a397-5bd879a623b1,ask_history,,,,,,
RE28A601B01D1,second,4,52b55d54-8054-4621-a397-5bd879a623b1,ask_history,,,,,,
RE28A601B01D1,consensus,4,52b55d54-8054-4621-a397-5bd879a623b1,ask_history,,,,,,
RE28A601B01D1,primary,5,6a8e959b-41ae-4341-9685-eeec76c393de,ask_history,,,,,,
RE28A601B01D1,second,5,6a8e959b-41ae-4341-9685-eeec76c393de,ask_history,,,,,,
RE28A601B01D1,consensus,5,6a8e959b-41ae-4341-9685-eeec76c393de,ask_history,,,,,,
RE28A601B01D1,primary,6,9c32b793-49e3-49c7-9764-601911a9dcd0,request_physical_exam,,,,,,
RE28A601B01D1,second,6,9c32b793-49e3-49c7-9764-601911a9dcd0,request_physical_exam,,,,,,
RE28A601B01D1,consensus,6,9c32b793-49e3-49c7-9764-601911a9dcd0,request_physical_exam,,,,,,
RE28A601B01D1,primary,7,82aec19c-1873-4bcf-a684-e7fd492aef7c,request_physical_exam,,,,,,
RE28A601B01D1,second,7,82aec19c-1873-4bcf-a684-e7fd492aef7c,request_physical_exam,,,,,,
RE28A601B01D1,consensus,7,82aec19c-1873-4bcf-a684-e7fd492aef7c,request_physical_exam,,,,,,
RE28A601B01D1,primary,8,0977c6ee-700c-49c4-8444-5ed78425e2c8,plan_reason,,,,,,
RE28A601B01D1,second,8,0977c6ee-700c-49c4-8444-5ed78425e2c8,plan_reason,,,,,,
RE28A601B01D1,consensus,8,0977c6ee-700c-49c4-8444-5ed78425e2c8,plan_reason,,,,,,
RE28A601B01D1,primary,9,929fd05c-99f4-446d-81b4-aa8cc2c0cf56,request_imaging,,,,,,
RE28A601B01D1,second,9,929fd05c-99f4-446d-81b4-aa8cc2c0cf56,request_imaging,,,,,,
RE28A601B01D1,consensus,9,929fd05c-99f4-446d-81b4-aa8cc2c0cf56,request_imaging,,,,,,
RE28A601B01D1,primary,10,788564b5-86e7-4a2f-a179-f49ce28cc136,plan_reason,,,,,,
RE28A601B01D1,second,10,788564b5-86e7-4a2f-a179-f49ce28cc136,plan_reason,,,,,,
RE28A601B01D1,consensus,10,788564b5-86e7-4a2f-a179-f49ce28cc136,plan_reason,,,,,,
RE28A601B01D1,primary,11,a528554b-d44c-4c2d-a59a-fb2879a615a9,request_procedure,,,,,,
RE28A601B01D1,second,11,a528554b-d44c-4c2d-a59a-fb2879a615a9,request_procedure,,,,,,
RE28A601B01D1,consensus,11,a528554b-d44c-4c2d-a59a-fb2879a615a9,request_procedure,,,,,,
RE28A601B01D1,primary,12,d7a1b161-c71e-44cf-b341-4395976dadcd,final_diagnosis,,,,,,
RE28A601B01D1,second,12,d7a1b161-c71e-44cf-b341-4395976dadcd,final_diagnosis,,,,,,
RE28A601B01D1,consensus,12,d7a1b161-c71e-44cf-b341-4395976dadcd,final_diagnosis,,,,,,
RE28A601B01D1,primary,13,7c989fd4-474c-4ac9-9166-c5b703684a48,disposition,,,,,,
RE28A601B01D1,second,13,7c989fd4-474c-4ac9-9166-c5b703684a48,disposition,,,,,,
RE28A601B01D1,consensus,13,7c989fd4-474c-4ac9-9166-c5b703684a48,disposition,,,,,,
R2F06829BCD6B,primary,1,34455c1f-2ed5-44f3-84a2-278db3e8be4a,ask_history,,,,,,
R2F06829BCD6B,second,1,34455c1f-2ed5-44f3-84a2-278db3e8be4a,ask_history,,,,,,
R2F06829BCD6B,consensus,1,34455c1f-2ed5-44f3-84a2-278db3e8be4a,ask_history,,,,,,
R2F06829BCD6B,primary,2,47f68723-56b3-4e53-a6b1-e82f5bae3255,request_physical_exam,,,,,,
R2F06829BCD6B,second,2,47f68723-56b3-4e53-a6b1-e82f5bae3255,request_physical_exam,,,,,,
R2F06829BCD6B,consensus,2,47f68723-56b3-4e53-a6b1-e82f5bae3255,request_physical_exam,,,,,,
R2F06829BCD6B,primary,3,5d405a64-2209-4c73-b634-8f5a00dc2851,request_lab,,,,,,
R2F06829BCD6B,second,3,5d405a64-2209-4c73-b634-8f5a00dc2851,request_lab,,,,,,
R2F06829BCD6B,consensus,3,5d405a64-2209-4c73-b634-8f5a00dc2851,request_lab,,,,,,
R2F06829BCD6B,primary,4,6f36b2d9-a4ba-43de-a65c-224bf214a508,request_lab,,,,,,
R2F06829BCD6B,second,4,6f36b2d9-a4ba-43de-a65c-224bf214a508,request_lab,,,,,,
R2F06829BCD6B,consensus,4,6f36b2d9-a4ba-43de-a65c-224bf214a508,request_lab,,,,,,
R2F06829BCD6B,primary,5,db4ec7ae-f156-4584-b3c3-28d367a3b0e5,plan_reason,,,,,,
R2F06829BCD6B,second,5,db4ec7ae-f156-4584-b3c3-28d367a3b0e5,plan_reason,,,,,,
R2F06829BCD6B,consensus,5,db4ec7ae-f156-4584-b3c3-28d367a3b0e5,plan_reason,,,,,,
R2F06829BCD6B,primary,6,9038fe3e-c6c1-4fb0-ac3d-219887f7ca02,request_lab,,,,,,
R2F06829BCD6B,second,6,9038fe3e-c6c1-4fb0-ac3d-219887f7ca02,request_lab,,,,,,
R2F06829BCD6B,consensus,6,9038fe3e-c6c1-4fb0-ac3d-219887f7ca02,request_lab,,,,,,
R2F06829BCD6B,primary,7,9f983ce2-4a09-42f0-b15a-c23a2832aad9,request_lab,,,,,,
R2F06829BCD6B,second,7,9f983ce2-4a09-42f0-b15a-c23a2832aad9,request_lab,,,,,,
R2F06829BCD6B,consensus,7,9f983ce2-4a09-42f0-b15a-c23a2832aad9,request_lab,,,,,,
R2F06829BCD6B,primary,8,dedc4127-51bd-4f7f-9cca-26a20c3f73f5,request_lab,,,,,,
R2F06829BCD6B,second,8,dedc4127-51bd-4f7f-9cca-26a20c3f73f5,request_lab,,,,,,
R2F06829BCD6B,consensus,8,dedc4127-51bd-4f7f-9cca-26a20c3f73f5,request_lab,,,,,,
R2F06829BCD6B,primary,9,c638c455-7ef1-4334-a8ed-4861d09d41a6,request_lab,,,,,,
R2F06829BCD6B,second,9,c638c455-7ef1-4334-a8ed-4861d09d41a6,request_lab,,,,,,
R2F06829BCD6B,consensus,9,c638c455-7ef1-4334-a8ed-4861d09d41a6,request_lab,,,,,,
R2F06829BCD6B,primary,10,b79f7419-a29d-46e5-98d3-4168a1d00360,plan_reason,,,,,,
R2F06829BCD6B,second,10,b79f7419-a29d-46e5-98d3-4168a1d00360,plan_reason,,,,,,
R2F06829BCD6B,consensus,10,b79f7419-a29d-46e5-98d3-4168a1d00360,plan_reason,,,,,,
R2F06829BCD6B,primary,11,37e0f953-cd2e-4051-8d66-4da3f0486b29,request_lab,,,,,,
R2F06829BCD6B,second,11,37e0f953-cd2e-4051-8d66-4da3f0486b29,request_lab,,,,,,
R2F06829BCD6B,consensus,11,37e0f953-cd2e-4051-8d66-4da3f0486b29,request_lab,,,,,,
R2F06829BCD6B,primary,12,f18f10a0-bf0c-4ff9-996c-76620c221ed5,request_lab,,,,,,
R2F06829BCD6B,second,12,f18f10a0-bf0c-4ff9-996c-76620c221ed5,request_lab,,,,,,
R2F06829BCD6B,consensus,12,f18f10a0-bf0c-4ff9-996c-76620c221ed5,request_lab,,,,,,
R2F06829BCD6B,primary,13,3fa14a51-0fe0-4c4f-b3be-acdc7479021e,plan_reason,,,,,,
R2F06829BCD6B,second,13,3fa14a51-0fe0-4c4f-b3be-acdc7479021e,plan_reason,,,,,,
R2F06829BCD6B,consensus,13,3fa14a51-0fe0-4c4f-b3be-acdc7479021e,plan_reason,,,,,,
R2F06829BCD6B,primary,14,38adaec9-2116-4d7c-b359-86eaf2399ce6,request_lab,,,,,,
R2F06829BCD6B,second,14,38adaec9-2116-4d7c-b359-86eaf2399ce6,request_lab,,,,,,
R2F06829BCD6B,consensus,14,38adaec9-2116-4d7c-b359-86eaf2399ce6,request_lab,,,,,,
R2F06829BCD6B,primary,15,18be9928-fd0c-4db3-9ef7-c911d27a7129,plan_reason,,,,,,
R2F06829BCD6B,second,15,18be9928-fd0c-4db3-9ef7-c911d27a7129,plan_reason,,,,,,
R2F06829BCD6B,consensus,15,18be9928-fd0c-4db3-9ef7-c911d27a7129,plan_reason,,,,,,
R2F06829BCD6B,primary,16,acd3c5b8-e7b5-4c9e-a45e-58560be0f8c0,request_lab,,,,,,
R2F06829BCD6B,second,16,acd3c5b8-e7b5-4c9e-a45e-58560be0f8c0,request_lab,,,,,,
R2F06829BCD6B,consensus,16,acd3c5b8-e7b5-4c9e-a45e-58560be0f8c0,request_lab,,,,,,
R2F06829BCD6B,primary,17,bd02d43c-e8e2-48ea-b04e-04cbf476500c,plan_reason,,,,,,
R2F06829BCD6B,second,17,bd02d43c-e8e2-48ea-b04e-04cbf476500c,plan_reason,,,,,,
R2F06829BCD6B,consensus,17,bd02d43c-e8e2-48ea-b04e-04cbf476500c,plan_reason,,,,,,
R2F06829BCD6B,primary,18,f22081b5-409f-42f7-b5fd-74462605a0bf,final_diagnosis,,,,,,
R2F06829BCD6B,second,18,f22081b5-409f-42f7-b5fd-74462605a0bf,final_diagnosis,,,,,,
R2F06829BCD6B,consensus,18,f22081b5-409f-42f7-b5fd-74462605a0bf,final_diagnosis,,,,,,
R2F06829BCD6B,primary,19,e0edf30e-28f1-408f-9d35-f61207128a5f,disposition,,,,,,
R2F06829BCD6B,second,19,e0edf30e-28f1-408f-9d35-f61207128a5f,disposition,,,,,,
R2F06829BCD6B,consensus,19,e0edf30e-28f1-408f-9d35-f61207128a5f,disposition,,,,,,
R2F06829BCD6B,primary,20,12dd3768-7fdc-4e81-8859-1a4c168b8a8c,ask_history,,,,,,
R2F06829BCD6B,second,20,12dd3768-7fdc-4e81-8859-1a4c168b8a8c,ask_history,,,,,,
R2F06829BCD6B,consensus,20,12dd3768-7fdc-4e81-8859-1a4c168b8a8c,ask_history,,,,,,
R2F06829BCD6B,primary,21,fbb384e7-a6c8-4bfe-bb01-28f230b1e1d3,request_physical_exam,,,,,,
R2F06829BCD6B,second,21,fbb384e7-a6c8-4bfe-bb01-28f230b1e1d3,request_physical_exam,,,,,,
R2F06829BCD6B,consensus,21,fbb384e7-a6c8-4bfe-bb01-28f230b1e1d3,request_physical_exam,,,,,,
R2F06829BCD6B,primary,22,d57e6d31-4a28-4a00-aa41-a6f0a9bc5b8d,request_lab,,,,,,
R2F06829BCD6B,second,22,d57e6d31-4a28-4a00-aa41-a6f0a9bc5b8d,request_lab,,,,,,
R2F06829BCD6B,consensus,22,d57e6d31-4a28-4a00-aa41-a6f0a9bc5b8d,request_lab,,,,,,
R2F06829BCD6B,primary,23,54a387f8-a5b5-4a8e-8072-19eb9ecd1052,request_lab,,,,,,
R2F06829BCD6B,second,23,54a387f8-a5b5-4a8e-8072-19eb9ecd1052,request_lab,,,,,,
R2F06829BCD6B,consensus,23,54a387f8-a5b5-4a8e-8072-19eb9ecd1052,request_lab,,,,,,
R2F06829BCD6B,primary,24,c8c69a15-9d45-4bba-8ee8-a6412065d139,plan_reason,,,,,,
R2F06829BCD6B,second,24,c8c69a15-9d45-4bba-8ee8-a6412065d139,plan_reason,,,,,,
R2F06829BCD6B,consensus,24,c8c69a15-9d45-4bba-8ee8-a6412065d139,plan_reason,,,,,,
R2F06829BCD6B,primary,25,b03b4490-46f9-476c-b9c4-d92864671755,request_lab,,,,,,
R2F06829BCD6B,second,25,b03b4490-46f9-476c-b9c4-d92864671755,request_lab,,,,,,
R2F06829BCD6B,consensus,25,b03b4490-46f9-476c-b9c4-d92864671755,request_lab,,,,,,
R2F06829BCD6B,primary,26,e328237f-2e88-43aa-ac3b-79fc345c8b12,request_lab,,,,,,
R2F06829BCD6B,second,26,e328237f-2e88-43aa-ac3b-79fc345c8b12,request_lab,,,,,,
R2F06829BCD6B,consensus,26,e328237f-2e88-43aa-ac3b-79fc345c8b12,request_lab,,,,,,
R2F06829BCD6B,primary,27,6575a803-4d58-4223-b933-280606d92a86,request_lab,,,,,,
R2F06829BCD6B,second,27,6575a803-4d58-4223-b933-280606d92a86,request_lab,,,,,,
R2F06829BCD6B,consensus,27,6575a803-4d58-4223-b933-280606d92a86,request_lab,,,,,,
R2F06829BCD6B,primary,28,cff2bd3d-6cb4-4ccc-a221-fb7c9b0ffcde,request_lab,,,,,,
R2F06829BCD6B,second,28,cff2bd3d-6cb4-4ccc-a221-fb7c9b0ffcde,request_lab,,,,,,
R2F06829BCD6B,consensus,28,cff2bd3d-6cb4-4ccc-a221-fb7c9b0ffcde,request_lab,,,,,,
R2F06829BCD6B,primary,29,2b52dc5a-e8d3-44b9-8994-7e5f3a2faac2,plan_reason,,,,,,
R2F06829BCD6B,second,29,2b52dc5a-e8d3-44b9-8994-7e5f3a2faac2,plan_reason,,,,,,
R2F06829BCD6B,consensus,29,2b52dc5a-e8d3-44b9-8994-7e5f3a2faac2,plan_reason,,,,,,
R2F06829BCD6B,primary,30,f360a834-8dcb-4b58-970e-317219c4e2b4,request_lab,,,,,,
R2F06829BCD6B,second,30,f360a834-8dcb-4b58-970e-317219c4e2b4,request_lab,,,,,,
R2F06829BCD6B,consensus,30,f360a834-8dcb-4b58-970e-317219c4e2b4,request_lab,,,,,,
R2F06829BCD6B,primary,31,ae33192d-2fcc-40e9-90a3-2468382ba841,request_lab,,,,,,
R2F06829BCD6B,second,31,ae33192d-2fcc-40e9-90a3-2468382ba841,request_lab,,,,,,
R2F06829BCD6B,consensus,31,ae33192d-2fcc-40e9-90a3-2468382ba841,request_lab,,,,,,
R2F06829BCD6B,primary,32,7e41b144-6e1e-483d-84e3-c0de6678f8bb,plan_reason,,,,,,
R2F06829BCD6B,second,32,7e41b144-6e1e-483d-84e3-c0de6678f8bb,plan_reason,,,,,,
R2F06829BCD6B,consensus,32,7e41b144-6e1e-483d-84e3-c0de6678f8bb,plan_reason,,,,,,
R2F06829BCD6B,primary,33,64e74f14-bf39-49dd-b0a1-1d7ca56d2e77,request_lab,,,,,,
R2F06829BCD6B,second,33,64e74f14-bf39-49dd-b0a1-1d7ca56d2e77,request_lab,,,,,,
R2F06829BCD6B,consensus,33,64e74f14-bf39-49dd-b0a1-1d7ca56d2e77,request_lab,,,,,,
R2F06829BCD6B,primary,34,bd55beee-e1fb-4a93-8c56-fd2bd082c5c9,plan_reason,,,,,,
R2F06829BCD6B,second,34,bd55beee-e1fb-4a93-8c56-fd2bd082c5c9,plan_reason,,,,,,
R2F06829BCD6B,consensus,34,bd55beee-e1fb-4a93-8c56-fd2bd082c5c9,plan_reason,,,,,,
R2F06829BCD6B,primary,35,2f5ca8de-2af4-4883-87e7-2b4af54c9dad,request_lab,,,,,,
R2F06829BCD6B,second,35,2f5ca8de-2af4-4883-87e7-2b4af54c9dad,request_lab,,,,,,
R2F06829BCD6B,consensus,35,2f5ca8de-2af4-4883-87e7-2b4af54c9dad,request_lab,,,,,,
R2F06829BCD6B,primary,36,884266ff-aa6f-4ee8-bed0-22b38328a73a,plan_reason,,,,,,
R2F06829BCD6B,second,36,884266ff-aa6f-4ee8-bed0-22b38328a73a,plan_reason,,,,,,
R2F06829BCD6B,consensus,36,884266ff-aa6f-4ee8-bed0-22b38328a73a,plan_reason,,,,,,
R2F06829BCD6B,primary,37,fe25ccd5-b750-4b47-b85d-c8b4b6102405,final_diagnosis,,,,,,
R2F06829BCD6B,second,37,fe25ccd5-b750-4b47-b85d-c8b4b6102405,final_diagnosis,,,,,,
R2F06829BCD6B,consensus,37,fe25ccd5-b750-4b47-b85d-c8b4b6102405,final_diagnosis,,,,,,
R2F06829BCD6B,primary,38,9988d831-a139-4fca-a262-e0fdcfe5b299,disposition,,,,,,
R2F06829BCD6B,second,38,9988d831-a139-4fca-a262-e0fdcfe5b299,disposition,,,,,,
R2F06829BCD6B,consensus,38,9988d831-a139-4fca-a262-e0fdcfe5b299,disposition,,,,,,
R2F06829BCD6B,primary,39,a9185202-74b6-4d58-984a-fa280a16d3ef,ask_history,,,,,,
R2F06829BCD6B,second,39,a9185202-74b6-4d58-984a-fa280a16d3ef,ask_history,,,,,,
R2F06829BCD6B,consensus,39,a9185202-74b6-4d58-984a-fa280a16d3ef,ask_history,,,,,,
R2F06829BCD6B,primary,40,f22423bd-bb2d-4555-9836-b6313206fe71,request_physical_exam,,,,,,
R2F06829BCD6B,second,40,f22423bd-bb2d-4555-9836-b6313206fe71,request_physical_exam,,,,,,
R2F06829BCD6B,consensus,40,f22423bd-bb2d-4555-9836-b6313206fe71,request_physical_exam,,,,,,
RBBD349121FA6,primary,1,2b32153b-8d76-4567-a3fc-254614b5f07f,ask_history,,,,,,
RBBD349121FA6,second,1,2b32153b-8d76-4567-a3fc-254614b5f07f,ask_history,,,,,,
RBBD349121FA6,consensus,1,2b32153b-8d76-4567-a3fc-254614b5f07f,ask_history,,,,,,
RBBD349121FA6,primary,2,4b91b29a-f0b1-4ba9-b9b4-2e39ac4afc3a,ask_history,,,,,,
RBBD349121FA6,second,2,4b91b29a-f0b1-4ba9-b9b4-2e39ac4afc3a,ask_history,,,,,,
RBBD349121FA6,consensus,2,4b91b29a-f0b1-4ba9-b9b4-2e39ac4afc3a,ask_history,,,,,,
RBBD349121FA6,primary,3,f7e836ae-0c0d-45d8-9afc-2015675e0d60,ask_history,,,,,,
RBBD349121FA6,second,3,f7e836ae-0c0d-45d8-9afc-2015675e0d60,ask_history,,,,,,
RBBD349121FA6,consensus,3,f7e836ae-0c0d-45d8-9afc-2015675e0d60,ask_history,,,,,,
RBBD349121FA6,primary,4,38a4d3d9-abed-4aed-8dae-6c54ee7527e5,ask_history,,,,,,
RBBD349121FA6,second,4,38a4d3d9-abed-4aed-8dae-6c54ee7527e5,ask_history,,,,,,
RBBD349121FA6,consensus,4,38a4d3d9-abed-4aed-8dae-6c54ee7527e5,ask_history,,,,,,
RBBD349121FA6,primary,5,292d9225-77c8-4bbd-ad96-240fb5e4ff09,ask_history,,,,,,
RBBD349121FA6,second,5,292d9225-77c8-4bbd-ad96-240fb5e4ff09,ask_history,,,,,,
RBBD349121FA6,consensus,5,292d9225-77c8-4bbd-ad96-240fb5e4ff09,ask_history,,,,,,
RBBD349121FA6,primary,6,a8a4a538-06e6-4069-8c85-53e2c0c463da,ask_history,,,,,,
RBBD349121FA6,second,6,a8a4a538-06e6-4069-8c85-53e2c0c463da,ask_history,,,,,,
RBBD349121FA6,consensus,6,a8a4a538-06e6-4069-8c85-53e2c0c463da,ask_history,,,,,,
RBBD349121FA6,primary,7,0c869b0c-a1ec-4def-8500-c7f6f061c816,ask_history,,,,,,
RBBD349121FA6,second,7,0c869b0c-a1ec-4def-8500-c7f6f061c816,ask_history,,,,,,
RBBD349121FA6,consensus,7,0c869b0c-a1ec-4def-8500-c7f6f061c816,ask_history,,,,,,
RBBD349121FA6,primary,8,38590307-aa4c-47e4-8831-a7c58a18c665,ask_history,,,,,,
RBBD349121FA6,second,8,38590307-aa4c-47e4-8831-a7c58a18c665,ask_history,,,,,,
RBBD349121FA6,consensus,8,38590307-aa4c-47e4-8831-a7c58a18c665,ask_history,,,,,,
RBBD349121FA6,primary,9,fd8ce53f-2c65-42fd-869f-8207b64aaa19,ask_history,,,,,,
RBBD349121FA6,second,9,fd8ce53f-2c65-42fd-869f-8207b64aaa19,ask_history,,,,,,
RBBD349121FA6,consensus,9,fd8ce53f-2c65-42fd-869f-8207b64aaa19,ask_history,,,,,,
R34A3EA30B7B4,primary,1,130fbd99-b1be-41f7-bfef-f5da5d1cb032,ask_history,,,,,,
R34A3EA30B7B4,second,1,130fbd99-b1be-41f7-bfef-f5da5d1cb032,ask_history,,,,,,
R34A3EA30B7B4,consensus,1,130fbd99-b1be-41f7-bfef-f5da5d1cb032,ask_history,,,,,,
R34A3EA30B7B4,primary,2,bbed4b54-746a-4b47-afe5-134449b9b233,ask_history,,,,,,
R34A3EA30B7B4,second,2,bbed4b54-746a-4b47-afe5-134449b9b233,ask_history,,,,,,
R34A3EA30B7B4,consensus,2,bbed4b54-746a-4b47-afe5-134449b9b233,ask_history,,,,,,
R34A3EA30B7B4,primary,3,49bd25f4-bfaf-44e4-9abf-3fa66b96c589,request_physical_exam,,,,,,
R34A3EA30B7B4,second,3,49bd25f4-bfaf-44e4-9abf-3fa66b96c589,request_physical_exam,,,,,,
R34A3EA30B7B4,consensus,3,49bd25f4-bfaf-44e4-9abf-3fa66b96c589,request_physical_exam,,,,,,
R34A3EA30B7B4,primary,4,c0c4e90a-8ebd-4a59-8fc7-c37bea08c1a5,ask_history,,,,,,
R34A3EA30B7B4,second,4,c0c4e90a-8ebd-4a59-8fc7-c37bea08c1a5,ask_history,,,,,,
R34A3EA30B7B4,consensus,4,c0c4e90a-8ebd-4a59-8fc7-c37bea08c1a5,ask_history,,,,,,
R34A3EA30B7B4,primary,5,ba463f51-3680-405e-9c67-720d4d1205d2,ask_history,,,,,,
R34A3EA30B7B4,second,5,ba463f51-3680-405e-9c67-720d4d1205d2,ask_history,,,,,,
R34A3EA30B7B4,consensus,5,ba463f51-3680-405e-9c67-720d4d1205d2,ask_history,,,,,,
R34A3EA30B7B4,primary,6,3711f6d7-12ee-4e23-aceb-b0e332ef1863,ask_history,,,,,,
R34A3EA30B7B4,second,6,3711f6d7-12ee-4e23-aceb-b0e332ef1863,ask_history,,,,,,
R34A3EA30B7B4,consensus,6,3711f6d7-12ee-4e23-aceb-b0e332ef1863,ask_history,,,,,,
R6F3849ED81A3,primary,1,43ba74e5-3f57-4b93-b010-7cd2bd4b0e3e,request_physical_exam,,,,,,
R6F3849ED81A3,second,1,43ba74e5-3f57-4b93-b010-7cd2bd4b0e3e,request_physical_exam,,,,,,
R6F3849ED81A3,consensus,1,43ba74e5-3f57-4b93-b010-7cd2bd4b0e3e,request_physical_exam,,,,,,
R6F3849ED81A3,primary,2,dafad9c5-d27c-4489-8a10-ef6686fbc2ea,request_ecg_or_test,,,,,,
R6F3849ED81A3,second,2,dafad9c5-d27c-4489-8a10-ef6686fbc2ea,request_ecg_or_test,,,,,,
R6F3849ED81A3,consensus,2,dafad9c5-d27c-4489-8a10-ef6686fbc2ea,request_ecg_or_test,,,,,,
R6F3849ED81A3,primary,3,629337a1-ad04-462b-a914-2bb98c882503,request_ecg_or_test,,,,,,
R6F3849ED81A3,second,3,629337a1-ad04-462b-a914-2bb98c882503,request_ecg_or_test,,,,,,
R6F3849ED81A3,consensus,3,629337a1-ad04-462b-a914-2bb98c882503,request_ecg_or_test,,,,,,
R6F3849ED81A3,primary,4,6b2caae5-b813-455b-a512-e5513d444edc,plan_reason,,,,,,
R6F3849ED81A3,second,4,6b2caae5-b813-455b-a512-e5513d444edc,plan_reason,,,,,,
R6F3849ED81A3,consensus,4,6b2caae5-b813-455b-a512-e5513d444edc,plan_reason,,,,,,
R6F3849ED81A3,primary,5,5594f5e8-9bed-4358-a60e-c6691d4ad040,request_procedure,,,,,,
R6F3849ED81A3,second,5,5594f5e8-9bed-4358-a60e-c6691d4ad040,request_procedure,,,,,,
R6F3849ED81A3,consensus,5,5594f5e8-9bed-4358-a60e-c6691d4ad040,request_procedure,,,,,,
R6F3849ED81A3,primary,6,0d6d998e-c51c-4225-aee0-2252068283a9,request_microbiology,,,,,,
R6F3849ED81A3,second,6,0d6d998e-c51c-4225-aee0-2252068283a9,request_microbiology,,,,,,
R6F3849ED81A3,consensus,6,0d6d998e-c51c-4225-aee0-2252068283a9,request_microbiology,,,,,,
R6F3849ED81A3,primary,7,faadc132-a9dc-4a33-9ee4-ad295cb13e9f,ask_history,,,,,,
R6F3849ED81A3,second,7,faadc132-a9dc-4a33-9ee4-ad295cb13e9f,ask_history,,,,,,
R6F3849ED81A3,consensus,7,faadc132-a9dc-4a33-9ee4-ad295cb13e9f,ask_history,,,,,,
R6F3849ED81A3,primary,8,9c9368b0-f2df-4be8-adc8-db308a9c5495,request_lab,,,,,,
R6F3849ED81A3,second,8,9c9368b0-f2df-4be8-adc8-db308a9c5495,request_lab,,,,,,
R6F3849ED81A3,consensus,8,9c9368b0-f2df-4be8-adc8-db308a9c5495,request_lab,,,,,,
R6F3849ED81A3,primary,9,ec48a2d4-fe2c-4b21-a1d6-29701efcecc4,request_ecg_or_test,,,,,,
R6F3849ED81A3,second,9,ec48a2d4-fe2c-4b21-a1d6-29701efcecc4,request_ecg_or_test,,,,,,
R6F3849ED81A3,consensus,9,ec48a2d4-fe2c-4b21-a1d6-29701efcecc4,request_ecg_or_test,,,,,,
R6F3849ED81A3,primary,10,291343e9-e933-4f2d-9e62-00fe3de3cfd8,request_imaging,,,,,,
R6F3849ED81A3,second,10,291343e9-e933-4f2d-9e62-00fe3de3cfd8,request_imaging,,,,,,
R6F3849ED81A3,consensus,10,291343e9-e933-4f2d-9e62-00fe3de3cfd8,request_imaging,,,,,,
R6F3849ED81A3,primary,11,9a07c798-aa0b-43e5-ab8c-abfee2e26ba5,request_procedure,,,,,,
R6F3849ED81A3,second,11,9a07c798-aa0b-43e5-ab8c-abfee2e26ba5,request_procedure,,,,,,
R6F3849ED81A3,consensus,11,9a07c798-aa0b-43e5-ab8c-abfee2e26ba5,request_procedure,,,,,,
R6F3849ED81A3,primary,12,28b79021-69df-4893-b451-cd793de66daf,final_diagnosis,,,,,,
R6F3849ED81A3,second,12,28b79021-69df-4893-b451-cd793de66daf,final_diagnosis,,,,,,
R6F3849ED81A3,consensus,12,28b79021-69df-4893-b451-cd793de66daf,final_diagnosis,,,,,,
R6F3849ED81A3,primary,13,a0c0f240-6f73-4f11-a5b7-a44325733ebe,disposition,,,,,,
R6F3849ED81A3,second,13,a0c0f240-6f73-4f11-a5b7-a44325733ebe,disposition,,,,,,
R6F3849ED81A3,consensus,13,a0c0f240-6f73-4f11-a5b7-a44325733ebe,disposition,,,,,,
RD3E32DFF9BF6,primary,1,d7ad6fd5-2a15-4c7d-8e25-8a41702a66c6,request_physical_exam,,,,,,
RD3E32DFF9BF6,second,1,d7ad6fd5-2a15-4c7d-8e25-8a41702a66c6,request_physical_exam,,,,,,
RD3E32DFF9BF6,consensus,1,d7ad6fd5-2a15-4c7d-8e25-8a41702a66c6,request_physical_exam,,,,,,
RD3E32DFF9BF6,primary,2,39ebbff0-b684-45a1-9635-1dd0dc814b88,ask_history,,,,,,
RD3E32DFF9BF6,second,2,39ebbff0-b684-45a1-9635-1dd0dc814b88,ask_history,,,,,,
RD3E32DFF9BF6,consensus,2,39ebbff0-b684-45a1-9635-1dd0dc814b88,ask_history,,,,,,
RD3E32DFF9BF6,primary,3,4520f987-f414-4a95-8362-4177ac17f9a3,request_imaging,,,,,,
RD3E32DFF9BF6,second,3,4520f987-f414-4a95-8362-4177ac17f9a3,request_imaging,,,,,,
RD3E32DFF9BF6,consensus,3,4520f987-f414-4a95-8362-4177ac17f9a3,request_imaging,,,,,,
RD3E32DFF9BF6,primary,4,f3e82f0a-000d-402a-ae39-e28f071c59ce,plan_reason,,,,,,
RD3E32DFF9BF6,second,4,f3e82f0a-000d-402a-ae39-e28f071c59ce,plan_reason,,,,,,
RD3E32DFF9BF6,consensus,4,f3e82f0a-000d-402a-ae39-e28f071c59ce,plan_reason,,,,,,
RD3E32DFF9BF6,primary,5,dbc252a0-3dac-4fab-892e-5480f3702054,request_lab,,,,,,
RD3E32DFF9BF6,second,5,dbc252a0-3dac-4fab-892e-5480f3702054,request_lab,,,,,,
RD3E32DFF9BF6,consensus,5,dbc252a0-3dac-4fab-892e-5480f3702054,request_lab,,,,,,
RD3E32DFF9BF6,primary,6,62e61382-74c5-435f-aab5-459f81ff7ae3,request_procedure,,,,,,
RD3E32DFF9BF6,second,6,62e61382-74c5-435f-aab5-459f81ff7ae3,request_procedure,,,,,,
RD3E32DFF9BF6,consensus,6,62e61382-74c5-435f-aab5-459f81ff7ae3,request_procedure,,,,,,
RD3E32DFF9BF6,primary,7,240ef6c5-ea87-44ba-89d4-c192e7b6622f,final_diagnosis,,,,,,
RD3E32DFF9BF6,second,7,240ef6c5-ea87-44ba-89d4-c192e7b6622f,final_diagnosis,,,,,,
RD3E32DFF9BF6,consensus,7,240ef6c5-ea87-44ba-89d4-c192e7b6622f,final_diagnosis,,,,,,
RD3E32DFF9BF6,primary,8,50e13fe1-d5d1-43a3-8668-fc2cb6597037,disposition,,,,,,
RD3E32DFF9BF6,second,8,50e13fe1-d5d1-43a3-8668-fc2cb6597037,disposition,,,,,,
RD3E32DFF9BF6,consensus,8,50e13fe1-d5d1-43a3-8668-fc2cb6597037,disposition,,,,,,
RA132D0CF31DD,primary,1,f800b72f-ea13-4627-9dd3-b3687162fe0f,ask_history,,,,,,
RA132D0CF31DD,second,1,f800b72f-ea13-4627-9dd3-b3687162fe0f,ask_history,,,,,,
RA132D0CF31DD,consensus,1,f800b72f-ea13-4627-9dd3-b3687162fe0f,ask_history,,,,,,
RA132D0CF31DD,primary,2,7f7d10d5-693f-467f-9428-18fbbded62cd,request_physical_exam,,,,,,
RA132D0CF31DD,second,2,7f7d10d5-693f-467f-9428-18fbbded62cd,request_physical_exam,,,,,,
RA132D0CF31DD,consensus,2,7f7d10d5-693f-467f-9428-18fbbded62cd,request_physical_exam,,,,,,
RA132D0CF31DD,primary,3,f583ecd0-d544-49d2-a099-b7db00d116f3,request_imaging,,,,,,
RA132D0CF31DD,second,3,f583ecd0-d544-49d2-a099-b7db00d116f3,request_imaging,,,,,,
RA132D0CF31DD,consensus,3,f583ecd0-d544-49d2-a099-b7db00d116f3,request_imaging,,,,,,
RA132D0CF31DD,primary,4,5d01a329-81a9-412a-85a3-865a4947144c,ask_history,,,,,,
RA132D0CF31DD,second,4,5d01a329-81a9-412a-85a3-865a4947144c,ask_history,,,,,,
RA132D0CF31DD,consensus,4,5d01a329-81a9-412a-85a3-865a4947144c,ask_history,,,,,,
RA132D0CF31DD,primary,5,33da689e-d32e-4c74-ba8a-f8cadd9ecfa8,ask_history,,,,,,
RA132D0CF31DD,second,5,33da689e-d32e-4c74-ba8a-f8cadd9ecfa8,ask_history,,,,,,
RA132D0CF31DD,consensus,5,33da689e-d32e-4c74-ba8a-f8cadd9ecfa8,ask_history,,,,,,
RA132D0CF31DD,primary,6,1d7b40f9-6639-4509-ab26-9644be7e55f1,request_imaging,,,,,,
RA132D0CF31DD,second,6,1d7b40f9-6639-4509-ab26-9644be7e55f1,request_imaging,,,,,,
RA132D0CF31DD,consensus,6,1d7b40f9-6639-4509-ab26-9644be7e55f1,request_imaging,,,,,,
RA132D0CF31DD,primary,7,dceab3ca-f79c-41d5-a9d3-a745a4429cc7,plan_reason,,,,,,
RA132D0CF31DD,second,7,dceab3ca-f79c-41d5-a9d3-a745a4429cc7,plan_reason,,,,,,
RA132D0CF31DD,consensus,7,dceab3ca-f79c-41d5-a9d3-a745a4429cc7,plan_reason,,,,,,
RA132D0CF31DD,primary,8,d15ece81-da36-467c-9c7c-c2bb51a9d795,request_procedure,,,,,,
RA132D0CF31DD,second,8,d15ece81-da36-467c-9c7c-c2bb51a9d795,request_procedure,,,,,,
RA132D0CF31DD,consensus,8,d15ece81-da36-467c-9c7c-c2bb51a9d795,request_procedure,,,,,,
RA132D0CF31DD,primary,9,30342295-60fc-4b39-ba20-bf3f6d9b13b7,request_lab,,,,,,
RA132D0CF31DD,second,9,30342295-60fc-4b39-ba20-bf3f6d9b13b7,request_lab,,,,,,
RA132D0CF31DD,consensus,9,30342295-60fc-4b39-ba20-bf3f6d9b13b7,request_lab,,,,,,
RA132D0CF31DD,primary,10,081b539d-ae0a-474e-87f1-50fdb40ef665,request_procedure,,,,,,
RA132D0CF31DD,second,10,081b539d-ae0a-474e-87f1-50fdb40ef665,request_procedure,,,,,,
RA132D0CF31DD,consensus,10,081b539d-ae0a-474e-87f1-50fdb40ef665,request_procedure,,,,,,
RA132D0CF31DD,primary,11,76b2f7bb-f0ab-4805-8c2d-9f7ccd2fd6ad,request_procedure,,,,,,
RA132D0CF31DD,second,11,76b2f7bb-f0ab-4805-8c2d-9f7ccd2fd6ad,request_procedure,,,,,,
RA132D0CF31DD,consensus,11,76b2f7bb-f0ab-4805-8c2d-9f7ccd2fd6ad,request_procedure,,,,,,
RA132D0CF31DD,primary,12,0b510a06-0c43-48c7-9960-547743488020,final_diagnosis,,,,,,
RA132D0CF31DD,second,12,0b510a06-0c43-48c7-9960-547743488020,final_diagnosis,,,,,,
RA132D0CF31DD,consensus,12,0b510a06-0c43-48c7-9960-547743488020,final_diagnosis,,,,,,
RA132D0CF31DD,primary,13,32b0ceca-84c0-4237-947f-c51be43b4cb4,disposition,,,,,,
RA132D0CF31DD,second,13,32b0ceca-84c0-4237-947f-c51be43b4cb4,disposition,,,,,,
RA132D0CF31DD,consensus,13,32b0ceca-84c0-4237-947f-c51be43b4cb4,disposition,,,,,,
R8A37967481D6,primary,1,d3afc60f-70f1-4803-b4ab-850d232d11f7,plan_reason,,,,,,
R8A37967481D6,second,1,d3afc60f-70f1-4803-b4ab-850d232d11f7,plan_reason,,,,,,
R8A37967481D6,consensus,1,d3afc60f-70f1-4803-b4ab-850d232d11f7,plan_reason,,,,,,
R8A37967481D6,primary,2,5553633a-cde5-4859-acc8-b1a018572f38,request_physical_exam,,,,,,
R8A37967481D6,second,2,5553633a-cde5-4859-acc8-b1a018572f38,request_physical_exam,,,,,,
R8A37967481D6,consensus,2,5553633a-cde5-4859-acc8-b1a018572f38,request_physical_exam,,,,,,
R8A37967481D6,primary,3,1aba1e86-921b-4f5b-bdd4-c9b39baefc0d,request_imaging,,,,,,
R8A37967481D6,second,3,1aba1e86-921b-4f5b-bdd4-c9b39baefc0d,request_imaging,,,,,,
R8A37967481D6,consensus,3,1aba1e86-921b-4f5b-bdd4-c9b39baefc0d,request_imaging,,,,,,
R8A37967481D6,primary,4,aeda9987-d5b5-4f39-ac63-7f852bf99f9e,request_lab,,,,,,
R8A37967481D6,second,4,aeda9987-d5b5-4f39-ac63-7f852bf99f9e,request_lab,,,,,,
R8A37967481D6,consensus,4,aeda9987-d5b5-4f39-ac63-7f852bf99f9e,request_lab,,,,,,
R8A37967481D6,primary,5,87f2eac4-bca0-4c20-b2ff-7282af53eb73,request_ecg_or_test,,,,,,
R8A37967481D6,second,5,87f2eac4-bca0-4c20-b2ff-7282af53eb73,request_ecg_or_test,,,,,,
R8A37967481D6,consensus,5,87f2eac4-bca0-4c20-b2ff-7282af53eb73,request_ecg_or_test,,,,,,
R8A37967481D6,primary,6,39fbcfc9-f85d-4858-8427-56f02d067480,request_microbiology,,,,,,
R8A37967481D6,second,6,39fbcfc9-f85d-4858-8427-56f02d067480,request_microbiology,,,,,,
R8A37967481D6,consensus,6,39fbcfc9-f85d-4858-8427-56f02d067480,request_microbiology,,,,,,
R8A37967481D6,primary,7,aace72e0-a8da-4446-8b12-12f4bd397f82,final_diagnosis,,,,,,
R8A37967481D6,second,7,aace72e0-a8da-4446-8b12-12f4bd397f82,final_diagnosis,,,,,,
R8A37967481D6,consensus,7,aace72e0-a8da-4446-8b12-12f4bd397f82,final_diagnosis,,,,,,
R8A37967481D6,primary,8,cb3c3f82-86c5-4bb6-a649-a2e9c344a4e7,disposition,,,,,,
R8A37967481D6,second,8,cb3c3f82-86c5-4bb6-a649-a2e9c344a4e7,disposition,,,,,,
R8A37967481D6,consensus,8,cb3c3f82-86c5-4bb6-a649-a2e9c344a4e7,disposition,,,,,,
RD0D72D774E50,primary,1,dbf244a5-c1f4-4023-a95f-e48370286466,request_physical_exam,,,,,,
RD0D72D774E50,second,1,dbf244a5-c1f4-4023-a95f-e48370286466,request_physical_exam,,,,,,
RD0D72D774E50,consensus,1,dbf244a5-c1f4-4023-a95f-e48370286466,request_physical_exam,,,,,,
RD0D72D774E50,primary,2,b2fd29e9-8afa-4a25-bba2-725538066bbe,request_physical_exam,,,,,,
RD0D72D774E50,second,2,b2fd29e9-8afa-4a25-bba2-725538066bbe,request_physical_exam,,,,,,
RD0D72D774E50,consensus,2,b2fd29e9-8afa-4a25-bba2-725538066bbe,request_physical_exam,,,,,,
RD0D72D774E50,primary,3,7f9db665-ea39-4cb8-96ed-eca14fd25385,request_imaging,,,,,,
RD0D72D774E50,second,3,7f9db665-ea39-4cb8-96ed-eca14fd25385,request_imaging,,,,,,
RD0D72D774E50,consensus,3,7f9db665-ea39-4cb8-96ed-eca14fd25385,request_imaging,,,,,,
RD0D72D774E50,primary,4,b1b3ec1f-eff7-4366-a608-552d069621e6,plan_reason,,,,,,
RD0D72D774E50,second,4,b1b3ec1f-eff7-4366-a608-552d069621e6,plan_reason,,,,,,
RD0D72D774E50,consensus,4,b1b3ec1f-eff7-4366-a608-552d069621e6,plan_reason,,,,,,
RD0D72D774E50,primary,5,91cc3050-3edb-4854-9028-7199dcbbe9cb,request_procedure,,,,,,
RD0D72D774E50,second,5,91cc3050-3edb-4854-9028-7199dcbbe9cb,request_procedure,,,,,,
RD0D72D774E50,consensus,5,91cc3050-3edb-4854-9028-7199dcbbe9cb,request_procedure,,,,,,
RD0D72D774E50,primary,6,e75334fd-b234-4b85-aa4e-2f8a28f37293,ask_history,,,,,,
RD0D72D774E50,second,6,e75334fd-b234-4b85-aa4e-2f8a28f37293,ask_history,,,,,,
RD0D72D774E50,consensus,6,e75334fd-b234-4b85-aa4e-2f8a28f37293,ask_history,,,,,,
RD0D72D774E50,primary,7,365c2d43-34d5-4f65-8692-1010b05ad30a,final_diagnosis,,,,,,
RD0D72D774E50,second,7,365c2d43-34d5-4f65-8692-1010b05ad30a,final_diagnosis,,,,,,
RD0D72D774E50,consensus,7,365c2d43-34d5-4f65-8692-1010b05ad30a,final_diagnosis,,,,,,
RD0D72D774E50,primary,8,e1831d9f-73c2-406c-9237-0402ef33fc3f,disposition,,,,,,
RD0D72D774E50,second,8,e1831d9f-73c2-406c-9237-0402ef33fc3f,disposition,,,,,,
RD0D72D774E50,consensus,8,e1831d9f-73c2-406c-9237-0402ef33fc3f,disposition,,,,,,
RA9707A9720B9,primary,1,0c700394-5745-480e-a248-c04969539a29,ask_history,,,,,,
RA9707A9720B9,second,1,0c700394-5745-480e-a248-c04969539a29,ask_history,,,,,,
RA9707A9720B9,consensus,1,0c700394-5745-480e-a248-c04969539a29,ask_history,,,,,,
RA9707A9720B9,primary,2,1ca43244-e5ef-4059-bd22-3186b0cb51a1,ask_history,,,,,,
RA9707A9720B9,second,2,1ca43244-e5ef-4059-bd22-3186b0cb51a1,ask_history,,,,,,
RA9707A9720B9,consensus,2,1ca43244-e5ef-4059-bd22-3186b0cb51a1,ask_history,,,,,,
RA9707A9720B9,primary,3,e6cdb8d3-450e-4668-b456-7d9d16f1d7de,ask_history,,,,,,
RA9707A9720B9,second,3,e6cdb8d3-450e-4668-b456-7d9d16f1d7de,ask_history,,,,,,
RA9707A9720B9,consensus,3,e6cdb8d3-450e-4668-b456-7d9d16f1d7de,ask_history,,,,,,
RA9707A9720B9,primary,4,b7bf28a7-3e80-4387-b0df-ab9c25f7aaec,request_physical_exam,,,,,,
RA9707A9720B9,second,4,b7bf28a7-3e80-4387-b0df-ab9c25f7aaec,request_physical_exam,,,,,,
RA9707A9720B9,consensus,4,b7bf28a7-3e80-4387-b0df-ab9c25f7aaec,request_physical_exam,,,,,,
RA9707A9720B9,primary,5,9ef7f9ed-003f-4366-af70-6e5afb533c4d,request_physical_exam,,,,,,
RA9707A9720B9,second,5,9ef7f9ed-003f-4366-af70-6e5afb533c4d,request_physical_exam,,,,,,
RA9707A9720B9,consensus,5,9ef7f9ed-003f-4366-af70-6e5afb533c4d,request_physical_exam,,,,,,
RA9707A9720B9,primary,6,bde25c7d-38fc-4e50-9e4e-4d2db7e398f3,ask_history,,,,,,
RA9707A9720B9,second,6,bde25c7d-38fc-4e50-9e4e-4d2db7e398f3,ask_history,,,,,,
RA9707A9720B9,consensus,6,bde25c7d-38fc-4e50-9e4e-4d2db7e398f3,ask_history,,,,,,
RA9707A9720B9,primary,7,5d266755-c15a-422f-bf93-f147740c7597,ask_history,,,,,,
RA9707A9720B9,second,7,5d266755-c15a-422f-bf93-f147740c7597,ask_history,,,,,,
RA9707A9720B9,consensus,7,5d266755-c15a-422f-bf93-f147740c7597,ask_history,,,,,,
RA9707A9720B9,primary,8,f20bd4e6-07e4-430e-8e48-0ffa6160d38a,ask_history,,,,,,
RA9707A9720B9,second,8,f20bd4e6-07e4-430e-8e48-0ffa6160d38a,ask_history,,,,,,
RA9707A9720B9,consensus,8,f20bd4e6-07e4-430e-8e48-0ffa6160d38a,ask_history,,,,,,
RA9707A9720B9,primary,9,5aa2fb11-a1fe-482f-9ae8-e457bff9742d,request_lab,,,,,,
RA9707A9720B9,second,9,5aa2fb11-a1fe-482f-9ae8-e457bff9742d,request_lab,,,,,,
RA9707A9720B9,consensus,9,5aa2fb11-a1fe-482f-9ae8-e457bff9742d,request_lab,,,,,,
RA9707A9720B9,primary,10,0987f740-aa99-4e47-9f28-dd808701d58e,request_imaging,,,,,,
RA9707A9720B9,second,10,0987f740-aa99-4e47-9f28-dd808701d58e,request_imaging,,,,,,
RA9707A9720B9,consensus,10,0987f740-aa99-4e47-9f28-dd808701d58e,request_imaging,,,,,,
RA9707A9720B9,primary,11,9636bda0-427e-4573-8468-58115c29b6d7,plan_reason,,,,,,
RA9707A9720B9,second,11,9636bda0-427e-4573-8468-58115c29b6d7,plan_reason,,,,,,
RA9707A9720B9,consensus,11,9636bda0-427e-4573-8468-58115c29b6d7,plan_reason,,,,,,
RA9707A9720B9,primary,12,dec3a4fd-449d-4e4b-bef9-f0b3e0e07193,ask_history,,,,,,
RA9707A9720B9,second,12,dec3a4fd-449d-4e4b-bef9-f0b3e0e07193,ask_history,,,,,,
RA9707A9720B9,consensus,12,dec3a4fd-449d-4e4b-bef9-f0b3e0e07193,ask_history,,,,,,
RA9707A9720B9,primary,13,e6759b29-ae69-4385-8bdf-499b085bcf9b,ask_history,,,,,,
RA9707A9720B9,second,13,e6759b29-ae69-4385-8bdf-499b085bcf9b,ask_history,,,,,,
RA9707A9720B9,consensus,13,e6759b29-ae69-4385-8bdf-499b085bcf9b,ask_history,,,,,,
RA9707A9720B9,primary,14,c239216d-f1db-46c1-a4cd-1834ac63729b,plan_reason,,,,,,
RA9707A9720B9,second,14,c239216d-f1db-46c1-a4cd-1834ac63729b,plan_reason,,,,,,
RA9707A9720B9,consensus,14,c239216d-f1db-46c1-a4cd-1834ac63729b,plan_reason,,,,,,
RA9707A9720B9,primary,15,9e8f46b8-886e-499b-9d2a-914944a2050a,plan_reason,,,,,,
RA9707A9720B9,second,15,9e8f46b8-886e-499b-9d2a-914944a2050a,plan_reason,,,,,,
RA9707A9720B9,consensus,15,9e8f46b8-886e-499b-9d2a-914944a2050a,plan_reason,,,,,,
RA9707A9720B9,primary,16,b6d52921-8177-4ac8-88ff-be155cf8b635,plan_reason,,,,,,
RA9707A9720B9,second,16,b6d52921-8177-4ac8-88ff-be155cf8b635,plan_reason,,,,,,
RA9707A9720B9,consensus,16,b6d52921-8177-4ac8-88ff-be155cf8b635,plan_reason,,,,,,
RC8328432B135,primary,1,b7ca6696-b57b-4114-806e-d8d403bd88a0,ask_history,,,,,,
RC8328432B135,second,1,b7ca6696-b57b-4114-806e-d8d403bd88a0,ask_history,,,,,,
RC8328432B135,consensus,1,b7ca6696-b57b-4114-806e-d8d403bd88a0,ask_history,,,,,,
RC8328432B135,primary,2,2e519dac-ca2d-44b2-a6a2-79d218f48f84,request_physical_exam,,,,,,
RC8328432B135,second,2,2e519dac-ca2d-44b2-a6a2-79d218f48f84,request_physical_exam,,,,,,
RC8328432B135,consensus,2,2e519dac-ca2d-44b2-a6a2-79d218f48f84,request_physical_exam,,,,,,
RC8328432B135,primary,3,d9d77a2a-e683-474b-a3b7-9a53a20a71c7,request_lab,,,,,,
RC8328432B135,second,3,d9d77a2a-e683-474b-a3b7-9a53a20a71c7,request_lab,,,,,,
RC8328432B135,consensus,3,d9d77a2a-e683-474b-a3b7-9a53a20a71c7,request_lab,,,,,,
RC8328432B135,primary,4,e23f699a-92b7-48ef-9f43-24e3a3a3d6d2,plan_reason,,,,,,
RC8328432B135,second,4,e23f699a-92b7-48ef-9f43-24e3a3a3d6d2,plan_reason,,,,,,
RC8328432B135,consensus,4,e23f699a-92b7-48ef-9f43-24e3a3a3d6d2,plan_reason,,,,,,
RC8328432B135,primary,5,4daf90da-0ba9-4bc8-8cc1-002209069670,request_ecg_or_test,,,,,,
RC8328432B135,second,5,4daf90da-0ba9-4bc8-8cc1-002209069670,request_ecg_or_test,,,,,,
RC8328432B135,consensus,5,4daf90da-0ba9-4bc8-8cc1-002209069670,request_ecg_or_test,,,,,,
RC8328432B135,primary,6,dac86be2-9cbd-421b-a854-cfbb573b7258,request_microbiology,,,,,,
RC8328432B135,second,6,dac86be2-9cbd-421b-a854-cfbb573b7258,request_microbiology,,,,,,
RC8328432B135,consensus,6,dac86be2-9cbd-421b-a854-cfbb573b7258,request_microbiology,,,,,,
RC8328432B135,primary,7,9e9948c5-341e-4dbc-a628-9d7a39fbcfc2,final_diagnosis,,,,,,
RC8328432B135,second,7,9e9948c5-341e-4dbc-a628-9d7a39fbcfc2,final_diagnosis,,,,,,
RC8328432B135,consensus,7,9e9948c5-341e-4dbc-a628-9d7a39fbcfc2,final_diagnosis,,,,,,
RC8328432B135,primary,8,6e570fd8-5937-4c63-ae79-9ce472685c18,disposition,,,,,,
RC8328432B135,second,8,6e570fd8-5937-4c63-ae79-9ce472685c18,disposition,,,,,,
RC8328432B135,consensus,8,6e570fd8-5937-4c63-ae79-9ce472685c18,disposition,,,,,,
RC8328432B135,primary,9,81ddc96e-7eaf-4ca6-8bd1-0bdd7c3faf7e,ask_history,,,,,,
RC8328432B135,second,9,81ddc96e-7eaf-4ca6-8bd1-0bdd7c3faf7e,ask_history,,,,,,
RC8328432B135,consensus,9,81ddc96e-7eaf-4ca6-8bd1-0bdd7c3faf7e,ask_history,,,,,,
RC8328432B135,primary,10,079b46e5-ab88-43ac-a12e-887b64c7422d,request_physical_exam,,,,,,
RC8328432B135,second,10,079b46e5-ab88-43ac-a12e-887b64c7422d,request_physical_exam,,,,,,
RC8328432B135,consensus,10,079b46e5-ab88-43ac-a12e-887b64c7422d,request_physical_exam,,,,,,
RC8328432B135,primary,11,da79f3fa-f515-4f9d-8088-ec934453775f,request_lab,,,,,,
RC8328432B135,second,11,da79f3fa-f515-4f9d-8088-ec934453775f,request_lab,,,,,,
RC8328432B135,consensus,11,da79f3fa-f515-4f9d-8088-ec934453775f,request_lab,,,,,,
RC8328432B135,primary,12,d978244c-9e60-4d96-bbc7-31d56a075590,plan_reason,,,,,,
RC8328432B135,second,12,d978244c-9e60-4d96-bbc7-31d56a075590,plan_reason,,,,,,
RC8328432B135,consensus,12,d978244c-9e60-4d96-bbc7-31d56a075590,plan_reason,,,,,,
RC8328432B135,primary,13,c705449d-025a-4358-9e0e-f741171a9005,request_ecg_or_test,,,,,,
RC8328432B135,second,13,c705449d-025a-4358-9e0e-f741171a9005,request_ecg_or_test,,,,,,
RC8328432B135,consensus,13,c705449d-025a-4358-9e0e-f741171a9005,request_ecg_or_test,,,,,,
RC8328432B135,primary,14,05f94cd5-407b-4ae9-855f-686835258d6f,request_microbiology,,,,,,
RC8328432B135,second,14,05f94cd5-407b-4ae9-855f-686835258d6f,request_microbiology,,,,,,
RC8328432B135,consensus,14,05f94cd5-407b-4ae9-855f-686835258d6f,request_microbiology,,,,,,
RC8328432B135,primary,15,900c93c1-663a-45ad-b329-9c53fbdec886,final_diagnosis,,,,,,
RC8328432B135,second,15,900c93c1-663a-45ad-b329-9c53fbdec886,final_diagnosis,,,,,,
RC8328432B135,consensus,15,900c93c1-663a-45ad-b329-9c53fbdec886,final_diagnosis,,,,,,
RC8328432B135,primary,16,16e148e0-c80f-4eda-9ecc-a4c2f85dd8fd,disposition,,,,,,
RC8328432B135,second,16,16e148e0-c80f-4eda-9ecc-a4c2f85dd8fd,disposition,,,,,,
RC8328432B135,consensus,16,16e148e0-c80f-4eda-9ecc-a4c2f85dd8fd,disposition,,,,,,
RC8328432B135,primary,17,aa172688-b91b-4cb7-a64b-867ff50ee804,ask_history,,,,,,
RC8328432B135,second,17,aa172688-b91b-4cb7-a64b-867ff50ee804,ask_history,,,,,,
RC8328432B135,consensus,17,aa172688-b91b-4cb7-a64b-867ff50ee804,ask_history,,,,,,
RC8328432B135,primary,18,ea97959e-5241-4c57-a791-06fc08542d85,request_physical_exam,,,,,,
RC8328432B135,second,18,ea97959e-5241-4c57-a791-06fc08542d85,request_physical_exam,,,,,,
RC8328432B135,consensus,18,ea97959e-5241-4c57-a791-06fc08542d85,request_physical_exam,,,,,,
RC8328432B135,primary,19,c24bf024-d44e-489d-903a-b211796d7ec4,request_lab,,,,,,
RC8328432B135,second,19,c24bf024-d44e-489d-903a-b211796d7ec4,request_lab,,,,,,
RC8328432B135,consensus,19,c24bf024-d44e-489d-903a-b211796d7ec4,request_lab,,,,,,
RC8328432B135,primary,20,913ef28b-201a-4655-bdf8-ef8c3138e541,plan_reason,,,,,,
RC8328432B135,second,20,913ef28b-201a-4655-bdf8-ef8c3138e541,plan_reason,,,,,,
RC8328432B135,consensus,20,913ef28b-201a-4655-bdf8-ef8c3138e541,plan_reason,,,,,,
RC8328432B135,primary,21,b6041d92-51e1-4565-9f05-3cca844a873d,request_ecg_or_test,,,,,,
RC8328432B135,second,21,b6041d92-51e1-4565-9f05-3cca844a873d,request_ecg_or_test,,,,,,
RC8328432B135,consensus,21,b6041d92-51e1-4565-9f05-3cca844a873d,request_ecg_or_test,,,,,,
RC8328432B135,primary,22,5eb48bf4-d273-441f-bbac-1b99ccb66f62,request_microbiology,,,,,,
RC8328432B135,second,22,5eb48bf4-d273-441f-bbac-1b99ccb66f62,request_microbiology,,,,,,
RC8328432B135,consensus,22,5eb48bf4-d273-441f-bbac-1b99ccb66f62,request_microbiology,,,,,,
RC8328432B135,primary,23,82534a7c-c903-45c8-943f-76406a4fc346,final_diagnosis,,,,,,
RC8328432B135,second,23,82534a7c-c903-45c8-943f-76406a4fc346,final_diagnosis,,,,,,
RC8328432B135,consensus,23,82534a7c-c903-45c8-943f-76406a4fc346,final_diagnosis,,,,,,
RC8328432B135,primary,24,ccabfacf-5071-4813-8b49-ec38f2d27845,disposition,,,,,,
RC8328432B135,second,24,ccabfacf-5071-4813-8b49-ec38f2d27845,disposition,,,,,,
RC8328432B135,consensus,24,ccabfacf-5071-4813-8b49-ec38f2d27845,disposition,,,,,,
RC8328432B135,primary,25,56aac2d6-f946-4532-b74c-13437f37e55c,ask_history,,,,,,
RC8328432B135,second,25,56aac2d6-f946-4532-b74c-13437f37e55c,ask_history,,,,,,
RC8328432B135,consensus,25,56aac2d6-f946-4532-b74c-13437f37e55c,ask_history,,,,,,
RC8328432B135,primary,26,556faad3-9f5f-4bcf-b822-8403e7859922,request_physical_exam,,,,,,
RC8328432B135,second,26,556faad3-9f5f-4bcf-b822-8403e7859922,request_physical_exam,,,,,,
RC8328432B135,consensus,26,556faad3-9f5f-4bcf-b822-8403e7859922,request_physical_exam,,,,,,
RC8328432B135,primary,27,ef57b0b1-e603-43ea-ad20-af44ebd7740f,request_lab,,,,,,
RC8328432B135,second,27,ef57b0b1-e603-43ea-ad20-af44ebd7740f,request_lab,,,,,,
RC8328432B135,consensus,27,ef57b0b1-e603-43ea-ad20-af44ebd7740f,request_lab,,,,,,
RC8328432B135,primary,28,3d6cee64-35cf-4e7d-8dcd-239a3618fcb4,plan_reason,,,,,,
RC8328432B135,second,28,3d6cee64-35cf-4e7d-8dcd-239a3618fcb4,plan_reason,,,,,,
RC8328432B135,consensus,28,3d6cee64-35cf-4e7d-8dcd-239a3618fcb4,plan_reason,,,,,,
RC8328432B135,primary,29,82433e31-d16a-4949-b2d1-9bc665545327,request_ecg_or_test,,,,,,
RC8328432B135,second,29,82433e31-d16a-4949-b2d1-9bc665545327,request_ecg_or_test,,,,,,
RC8328432B135,consensus,29,82433e31-d16a-4949-b2d1-9bc665545327,request_ecg_or_test,,,,,,
RC8328432B135,primary,30,2b6ab037-fc7e-4295-b4a3-7a6c9ee6f9c6,request_microbiology,,,,,,
RC8328432B135,second,30,2b6ab037-fc7e-4295-b4a3-7a6c9ee6f9c6,request_microbiology,,,,,,
RC8328432B135,consensus,30,2b6ab037-fc7e-4295-b4a3-7a6c9ee6f9c6,request_microbiology,,,,,,
RC8328432B135,primary,31,a7d6ca10-5352-436e-aad7-090f9cfad1e0,final_diagnosis,,,,,,
RC8328432B135,second,31,a7d6ca10-5352-436e-aad7-090f9cfad1e0,final_diagnosis,,,,,,
RC8328432B135,consensus,31,a7d6ca10-5352-436e-aad7-090f9cfad1e0,final_diagnosis,,,,,,
RC8328432B135,primary,32,e27f6c10-d356-42aa-abf8-1a5658307484,disposition,,,,,,
RC8328432B135,second,32,e27f6c10-d356-42aa-abf8-1a5658307484,disposition,,,,,,
RC8328432B135,consensus,32,e27f6c10-d356-42aa-abf8-1a5658307484,disposition,,,,,,
RC8328432B135,primary,33,24b01029-abd1-45d7-8a57-d17e01a20ae9,ask_history,,,,,,
RC8328432B135,second,33,24b01029-abd1-45d7-8a57-d17e01a20ae9,ask_history,,,,,,
RC8328432B135,consensus,33,24b01029-abd1-45d7-8a57-d17e01a20ae9,ask_history,,,,,,
RC8328432B135,primary,34,4d81d6e2-c777-4147-96a1-dbbb46aba621,request_physical_exam,,,,,,
RC8328432B135,second,34,4d81d6e2-c777-4147-96a1-dbbb46aba621,request_physical_exam,,,,,,
RC8328432B135,consensus,34,4d81d6e2-c777-4147-96a1-dbbb46aba621,request_physical_exam,,,,,,
RC8328432B135,primary,35,0d5f6b6b-a715-4e88-851b-1819fe60a351,request_lab,,,,,,
RC8328432B135,second,35,0d5f6b6b-a715-4e88-851b-1819fe60a351,request_lab,,,,,,
RC8328432B135,consensus,35,0d5f6b6b-a715-4e88-851b-1819fe60a351,request_lab,,,,,,
RC8328432B135,primary,36,b89a03a0-1ed0-437d-9d6c-076856069a4b,plan_reason,,,,,,
RC8328432B135,second,36,b89a03a0-1ed0-437d-9d6c-076856069a4b,plan_reason,,,,,,
RC8328432B135,consensus,36,b89a03a0-1ed0-437d-9d6c-076856069a4b,plan_reason,,,,,,
RC8328432B135,primary,37,1098f08e-3cf2-422a-ae07-a7cb47e93012,request_ecg_or_test,,,,,,
RC8328432B135,second,37,1098f08e-3cf2-422a-ae07-a7cb47e93012,request_ecg_or_test,,,,,,
RC8328432B135,consensus,37,1098f08e-3cf2-422a-ae07-a7cb47e93012,request_ecg_or_test,,,,,,
RC8328432B135,primary,38,143b82f0-e1c0-404c-87ec-7c59579b901b,request_microbiology,,,,,,
RC8328432B135,second,38,143b82f0-e1c0-404c-87ec-7c59579b901b,request_microbiology,,,,,,
RC8328432B135,consensus,38,143b82f0-e1c0-404c-87ec-7c59579b901b,request_microbiology,,,,,,
RC8328432B135,primary,39,ae5e56bf-da6b-4f4a-a9db-a96d655a9aa2,final_diagnosis,,,,,,
RC8328432B135,second,39,ae5e56bf-da6b-4f4a-a9db-a96d655a9aa2,final_diagnosis,,,,,,
RC8328432B135,consensus,39,ae5e56bf-da6b-4f4a-a9db-a96d655a9aa2,final_diagnosis,,,,,,
RC8328432B135,primary,40,7fa363ee-4ee9-4bc2-8d65-2b36633fa126,disposition,,,,,,
RC8328432B135,second,40,7fa363ee-4ee9-4bc2-8d65-2b36633fa126,disposition,,,,,,
RC8328432B135,consensus,40,7fa363ee-4ee9-4bc2-8d65-2b36633fa126,disposition,,,,,,
R0A33C92B9A23,primary,1,d69ad5e9-1459-4487-8500-da7a2833223a,request_physical_exam,,,,,,
R0A33C92B9A23,second,1,d69ad5e9-1459-4487-8500-da7a2833223a,request_physical_exam,,,,,,
R0A33C92B9A23,consensus,1,d69ad5e9-1459-4487-8500-da7a2833223a,request_physical_exam,,,,,,
R0A33C92B9A23,primary,2,2e38f6cc-21b7-4695-b20a-a7484b3e2b93,ask_history,,,,,,
R0A33C92B9A23,second,2,2e38f6cc-21b7-4695-b20a-a7484b3e2b93,ask_history,,,,,,
R0A33C92B9A23,consensus,2,2e38f6cc-21b7-4695-b20a-a7484b3e2b93,ask_history,,,,,,
R0A33C92B9A23,primary,3,9132e791-d146-4487-b850-6e1deae43596,request_lab,,,,,,
R0A33C92B9A23,second,3,9132e791-d146-4487-b850-6e1deae43596,request_lab,,,,,,
R0A33C92B9A23,consensus,3,9132e791-d146-4487-b850-6e1deae43596,request_lab,,,,,,
R0A33C92B9A23,primary,4,acaf0800-e22c-43cb-abd7-3006456d7c28,request_imaging,,,,,,
R0A33C92B9A23,second,4,acaf0800-e22c-43cb-abd7-3006456d7c28,request_imaging,,,,,,
R0A33C92B9A23,consensus,4,acaf0800-e22c-43cb-abd7-3006456d7c28,request_imaging,,,,,,
R0A33C92B9A23,primary,5,27fa6333-6510-4fff-bc3c-2718ae1ed9a9,ask_history,,,,,,
R0A33C92B9A23,second,5,27fa6333-6510-4fff-bc3c-2718ae1ed9a9,ask_history,,,,,,
R0A33C92B9A23,consensus,5,27fa6333-6510-4fff-bc3c-2718ae1ed9a9,ask_history,,,,,,
R0A33C92B9A23,primary,6,f8008def-9bee-4880-8c89-fb3132a30934,plan_reason,,,,,,
R0A33C92B9A23,second,6,f8008def-9bee-4880-8c89-fb3132a30934,plan_reason,,,,,,
R0A33C92B9A23,consensus,6,f8008def-9bee-4880-8c89-fb3132a30934,plan_reason,,,,,,
R0A33C92B9A23,primary,7,ad1abb86-8207-47dd-918f-bc367bc3d488,ask_history,,,,,,
R0A33C92B9A23,second,7,ad1abb86-8207-47dd-918f-bc367bc3d488,ask_history,,,,,,
R0A33C92B9A23,consensus,7,ad1abb86-8207-47dd-918f-bc367bc3d488,ask_history,,,,,,
R0A33C92B9A23,primary,8,0a72bde9-eee1-4b32-a3a9-599f5ed6bceb,request_procedure,,,,,,
R0A33C92B9A23,second,8,0a72bde9-eee1-4b32-a3a9-599f5ed6bceb,request_procedure,,,,,,
R0A33C92B9A23,consensus,8,0a72bde9-eee1-4b32-a3a9-599f5ed6bceb,request_procedure,,,,,,
R0A33C92B9A23,primary,9,98888ce4-81e4-45c1-925b-3d0c6c38332d,final_diagnosis,,,,,,
R0A33C92B9A23,second,9,98888ce4-81e4-45c1-925b-3d0c6c38332d,final_diagnosis,,,,,,
R0A33C92B9A23,consensus,9,98888ce4-81e4-45c1-925b-3d0c6c38332d,final_diagnosis,,,,,,
R0A33C92B9A23,primary,10,64c5f6d2-0eb1-43e1-9995-256de675e461,disposition,,,,,,
R0A33C92B9A23,second,10,64c5f6d2-0eb1-43e1-9995-256de675e461,disposition,,,,,,
R0A33C92B9A23,consensus,10,64c5f6d2-0eb1-43e1-9995-256de675e461,disposition,,,,,,
RBBCCA0CF9224,primary,1,920f0c79-f56b-4fbf-850c-b7466d3008f2,plan_reason,,,,,,
RBBCCA0CF9224,second,1,920f0c79-f56b-4fbf-850c-b7466d3008f2,plan_reason,,,,,,
RBBCCA0CF9224,consensus,1,920f0c79-f56b-4fbf-850c-b7466d3008f2,plan_reason,,,,,,
RBBCCA0CF9224,primary,2,e18de91f-12e0-4911-af8f-039c42cd1236,request_physical_exam,,,,,,
RBBCCA0CF9224,second,2,e18de91f-12e0-4911-af8f-039c42cd1236,request_physical_exam,,,,,,
RBBCCA0CF9224,consensus,2,e18de91f-12e0-4911-af8f-039c42cd1236,request_physical_exam,,,,,,
RBBCCA0CF9224,primary,3,4d0a77a7-69b0-4975-a216-514789bc55d4,request_imaging,,,,,,
RBBCCA0CF9224,second,3,4d0a77a7-69b0-4975-a216-514789bc55d4,request_imaging,,,,,,
RBBCCA0CF9224,consensus,3,4d0a77a7-69b0-4975-a216-514789bc55d4,request_imaging,,,,,,
RBBCCA0CF9224,primary,4,4a8e480c-b268-4e6a-9248-211d9d6c2c13,request_lab,,,,,,
RBBCCA0CF9224,second,4,4a8e480c-b268-4e6a-9248-211d9d6c2c13,request_lab,,,,,,
RBBCCA0CF9224,consensus,4,4a8e480c-b268-4e6a-9248-211d9d6c2c13,request_lab,,,,,,
RBBCCA0CF9224,primary,5,6e5a7a95-11a7-44ac-8cd6-2c38a8af3ee1,request_ecg_or_test,,,,,,
RBBCCA0CF9224,second,5,6e5a7a95-11a7-44ac-8cd6-2c38a8af3ee1,request_ecg_or_test,,,,,,
RBBCCA0CF9224,consensus,5,6e5a7a95-11a7-44ac-8cd6-2c38a8af3ee1,request_ecg_or_test,,,,,,
RBBCCA0CF9224,primary,6,3cb594d9-7c2b-4de6-8d86-b1a47320b579,ask_history,,,,,,
RBBCCA0CF9224,second,6,3cb594d9-7c2b-4de6-8d86-b1a47320b579,ask_history,,,,,,
RBBCCA0CF9224,consensus,6,3cb594d9-7c2b-4de6-8d86-b1a47320b579,ask_history,,,,,,
RBBCCA0CF9224,primary,7,4a9d2ded-a695-4352-8d90-266030266609,ask_history,,,,,,
RBBCCA0CF9224,second,7,4a9d2ded-a695-4352-8d90-266030266609,ask_history,,,,,,
RBBCCA0CF9224,consensus,7,4a9d2ded-a695-4352-8d90-266030266609,ask_history,,,,,,
RBBCCA0CF9224,primary,8,d54c88bc-5306-4495-85ba-9b10a251f296,ask_history,,,,,,
RBBCCA0CF9224,second,8,d54c88bc-5306-4495-85ba-9b10a251f296,ask_history,,,,,,
RBBCCA0CF9224,consensus,8,d54c88bc-5306-4495-85ba-9b10a251f296,ask_history,,,,,,
RBBCCA0CF9224,primary,9,bcd05e77-17de-4756-9c89-9f8720e8f6c7,ask_history,,,,,,
RBBCCA0CF9224,second,9,bcd05e77-17de-4756-9c89-9f8720e8f6c7,ask_history,,,,,,
RBBCCA0CF9224,consensus,9,bcd05e77-17de-4756-9c89-9f8720e8f6c7,ask_history,,,,,,
RBBCCA0CF9224,primary,10,3ebba866-3b53-4647-be20-cf9098addc3c,ask_history,,,,,,
RBBCCA0CF9224,second,10,3ebba866-3b53-4647-be20-cf9098addc3c,ask_history,,,,,,
RBBCCA0CF9224,consensus,10,3ebba866-3b53-4647-be20-cf9098addc3c,ask_history,,,,,,
RBBCCA0CF9224,primary,11,2d556b2f-457b-452e-8001-05fda09e8fdf,ask_history,,,,,,
RBBCCA0CF9224,second,11,2d556b2f-457b-452e-8001-05fda09e8fdf,ask_history,,,,,,
RBBCCA0CF9224,consensus,11,2d556b2f-457b-452e-8001-05fda09e8fdf,ask_history,,,,,,
RBBCCA0CF9224,primary,12,e5ad4720-1632-43dd-9147-8881b617f44c,ask_history,,,,,,
RBBCCA0CF9224,second,12,e5ad4720-1632-43dd-9147-8881b617f44c,ask_history,,,,,,
RBBCCA0CF9224,consensus,12,e5ad4720-1632-43dd-9147-8881b617f44c,ask_history,,,,,,
RBBCCA0CF9224,primary,13,64539e90-7a1f-42f0-9cae-aba815e8f495,ask_history,,,,,,
RBBCCA0CF9224,second,13,64539e90-7a1f-42f0-9cae-aba815e8f495,ask_history,,,,,,
RBBCCA0CF9224,consensus,13,64539e90-7a1f-42f0-9cae-aba815e8f495,ask_history,,,,,,
RBBCCA0CF9224,primary,14,61454813-b329-42e4-997b-a11c29070cb1,ask_history,,,,,,
RBBCCA0CF9224,second,14,61454813-b329-42e4-997b-a11c29070cb1,ask_history,,,,,,
RBBCCA0CF9224,consensus,14,61454813-b329-42e4-997b-a11c29070cb1,ask_history,,,,,,
RBBCCA0CF9224,primary,15,e5e09ae0-16ab-43a0-a8e3-82f277bf2596,ask_history,,,,,,
RBBCCA0CF9224,second,15,e5e09ae0-16ab-43a0-a8e3-82f277bf2596,ask_history,,,,,,
RBBCCA0CF9224,consensus,15,e5e09ae0-16ab-43a0-a8e3-82f277bf2596,ask_history,,,,,,
RBBCCA0CF9224,primary,16,fc27d6ea-47c9-454d-8684-830b9e46df81,ask_history,,,,,,
RBBCCA0CF9224,second,16,fc27d6ea-47c9-454d-8684-830b9e46df81,ask_history,,,,,,
RBBCCA0CF9224,consensus,16,fc27d6ea-47c9-454d-8684-830b9e46df81,ask_history,,,,,,
RBBCCA0CF9224,primary,17,e268d0d4-b48a-47ff-8594-32aee960228b,ask_history,,,,,,
RBBCCA0CF9224,second,17,e268d0d4-b48a-47ff-8594-32aee960228b,ask_history,,,,,,
RBBCCA0CF9224,consensus,17,e268d0d4-b48a-47ff-8594-32aee960228b,ask_history,,,,,,
RBBCCA0CF9224,primary,18,2f329b5d-5317-4f62-be5e-7940acea67c2,ask_history,,,,,,
RBBCCA0CF9224,second,18,2f329b5d-5317-4f62-be5e-7940acea67c2,ask_history,,,,,,
RBBCCA0CF9224,consensus,18,2f329b5d-5317-4f62-be5e-7940acea67c2,ask_history,,,,,,
RBBCCA0CF9224,primary,19,476489b3-6074-46fa-bbdc-d9d3ad8eb08d,ask_history,,,,,,
RBBCCA0CF9224,second,19,476489b3-6074-46fa-bbdc-d9d3ad8eb08d,ask_history,,,,,,
RBBCCA0CF9224,consensus,19,476489b3-6074-46fa-bbdc-d9d3ad8eb08d,ask_history,,,,,,
RBBCCA0CF9224,primary,20,061b1243-7267-4945-b1af-eac706c317d2,ask_history,,,,,,
RBBCCA0CF9224,second,20,061b1243-7267-4945-b1af-eac706c317d2,ask_history,,,,,,
RBBCCA0CF9224,consensus,20,061b1243-7267-4945-b1af-eac706c317d2,ask_history,,,,,,
RBBCCA0CF9224,primary,21,7c73158c-6a9c-444f-8bea-8cf45a13955e,ask_history,,,,,,
RBBCCA0CF9224,second,21,7c73158c-6a9c-444f-8bea-8cf45a13955e,ask_history,,,,,,
RBBCCA0CF9224,consensus,21,7c73158c-6a9c-444f-8bea-8cf45a13955e,ask_history,,,,,,
RBBCCA0CF9224,primary,22,c3cb686a-7007-42c5-8445-2c27d73e8929,disposition,,,,,,
RBBCCA0CF9224,second,22,c3cb686a-7007-42c5-8445-2c27d73e8929,disposition,,,,,,
RBBCCA0CF9224,consensus,22,c3cb686a-7007-42c5-8445-2c27d73e8929,disposition,,,,,,
RBBCCA0CF9224,primary,23,7ad54483-8151-4e3c-8f75-64f75d91196b,final_diagnosis,,,,,,
RBBCCA0CF9224,second,23,7ad54483-8151-4e3c-8f75-64f75d91196b,final_diagnosis,,,,,,
RBBCCA0CF9224,consensus,23,7ad54483-8151-4e3c-8f75-64f75d91196b,final_diagnosis,,,,,,
RBBCCA0CF9224,primary,24,f89f324d-a9be-4bf1-ae65-03fbc66ffcdb,final_diagnosis,,,,,,
RBBCCA0CF9224,second,24,f89f324d-a9be-4bf1-ae65-03fbc66ffcdb,final_diagnosis,,,,,,
RBBCCA0CF9224,consensus,24,f89f324d-a9be-4bf1-ae65-03fbc66ffcdb,final_diagnosis,,,,,,
RBBCCA0CF9224,primary,25,b3fc4606-c58c-4d55-a833-51c724ca3308,disposition,,,,,,
RBBCCA0CF9224,second,25,b3fc4606-c58c-4d55-a833-51c724ca3308,disposition,,,,,,
RBBCCA0CF9224,consensus,25,b3fc4606-c58c-4d55-a833-51c724ca3308,disposition,,,,,,
RB0088E9828FB,primary,1,f93ac0ee-aaba-43d8-aa92-9b3bfa366376,ask_history,,,,,,
RB0088E9828FB,second,1,f93ac0ee-aaba-43d8-aa92-9b3bfa366376,ask_history,,,,,,
RB0088E9828FB,consensus,1,f93ac0ee-aaba-43d8-aa92-9b3bfa366376,ask_history,,,,,,
RB0088E9828FB,primary,2,5e8959c7-4910-45e9-921d-78363b53a2cb,request_physical_exam,,,,,,
RB0088E9828FB,second,2,5e8959c7-4910-45e9-921d-78363b53a2cb,request_physical_exam,,,,,,
RB0088E9828FB,consensus,2,5e8959c7-4910-45e9-921d-78363b53a2cb,request_physical_exam,,,,,,
RB0088E9828FB,primary,3,38b8e1e7-21b5-42f9-9c4d-1ce2dc0033a7,ask_history,,,,,,
RB0088E9828FB,second,3,38b8e1e7-21b5-42f9-9c4d-1ce2dc0033a7,ask_history,,,,,,
RB0088E9828FB,consensus,3,38b8e1e7-21b5-42f9-9c4d-1ce2dc0033a7,ask_history,,,,,,
RB0088E9828FB,primary,4,29395ac2-5da3-497a-a39c-760af2a4d217,request_physical_exam,,,,,,
RB0088E9828FB,second,4,29395ac2-5da3-497a-a39c-760af2a4d217,request_physical_exam,,,,,,
RB0088E9828FB,consensus,4,29395ac2-5da3-497a-a39c-760af2a4d217,request_physical_exam,,,,,,
RB0088E9828FB,primary,5,7ff96f69-14d4-415c-b10b-217eaa0b6b03,request_lab,,,,,,
RB0088E9828FB,second,5,7ff96f69-14d4-415c-b10b-217eaa0b6b03,request_lab,,,,,,
RB0088E9828FB,consensus,5,7ff96f69-14d4-415c-b10b-217eaa0b6b03,request_lab,,,,,,
RB0088E9828FB,primary,6,f0408070-e1e3-46bb-94ba-4f2c2b4ccdfe,plan_reason,,,,,,
RB0088E9828FB,second,6,f0408070-e1e3-46bb-94ba-4f2c2b4ccdfe,plan_reason,,,,,,
RB0088E9828FB,consensus,6,f0408070-e1e3-46bb-94ba-4f2c2b4ccdfe,plan_reason,,,,,,
RB0088E9828FB,primary,7,9c95b093-b062-48c1-bc40-1fd5e7656b04,request_procedure,,,,,,
RB0088E9828FB,second,7,9c95b093-b062-48c1-bc40-1fd5e7656b04,request_procedure,,,,,,
RB0088E9828FB,consensus,7,9c95b093-b062-48c1-bc40-1fd5e7656b04,request_procedure,,,,,,
RB0088E9828FB,primary,8,5034795b-57ef-4efc-8aae-6a746577d4e2,final_diagnosis,,,,,,
RB0088E9828FB,second,8,5034795b-57ef-4efc-8aae-6a746577d4e2,final_diagnosis,,,,,,
RB0088E9828FB,consensus,8,5034795b-57ef-4efc-8aae-6a746577d4e2,final_diagnosis,,,,,,
RB0088E9828FB,primary,9,83599912-2efa-4e4d-81db-4432e10183b4,disposition,,,,,,
RB0088E9828FB,second,9,83599912-2efa-4e4d-81db-4432e10183b4,disposition,,,,,,
RB0088E9828FB,consensus,9,83599912-2efa-4e4d-81db-4432e10183b4,disposition,,,,,,
RB0088E9828FB,primary,10,9e5a0efe-e8d1-44e9-a5c8-a2d1b62ca140,ask_history,,,,,,
RB0088E9828FB,second,10,9e5a0efe-e8d1-44e9-a5c8-a2d1b62ca140,ask_history,,,,,,
RB0088E9828FB,consensus,10,9e5a0efe-e8d1-44e9-a5c8-a2d1b62ca140,ask_history,,,,,,
RB0088E9828FB,primary,11,1489ad0d-d1b3-47e8-b8df-dda8d032f262,request_physical_exam,,,,,,
RB0088E9828FB,second,11,1489ad0d-d1b3-47e8-b8df-dda8d032f262,request_physical_exam,,,,,,
RB0088E9828FB,consensus,11,1489ad0d-d1b3-47e8-b8df-dda8d032f262,request_physical_exam,,,,,,
RB0088E9828FB,primary,12,dc32670c-8d4f-4c75-be6a-1303965067be,ask_history,,,,,,
RB0088E9828FB,second,12,dc32670c-8d4f-4c75-be6a-1303965067be,ask_history,,,,,,
RB0088E9828FB,consensus,12,dc32670c-8d4f-4c75-be6a-1303965067be,ask_history,,,,,,
RB0088E9828FB,primary,13,32d07216-a1bd-4777-8cdb-fab60ff148c6,request_physical_exam,,,,,,
RB0088E9828FB,second,13,32d07216-a1bd-4777-8cdb-fab60ff148c6,request_physical_exam,,,,,,
RB0088E9828FB,consensus,13,32d07216-a1bd-4777-8cdb-fab60ff148c6,request_physical_exam,,,,,,
RB0088E9828FB,primary,14,839d3e29-146b-4389-a819-6e6d6f29a1ab,request_lab,,,,,,
RB0088E9828FB,second,14,839d3e29-146b-4389-a819-6e6d6f29a1ab,request_lab,,,,,,
RB0088E9828FB,consensus,14,839d3e29-146b-4389-a819-6e6d6f29a1ab,request_lab,,,,,,
RB0088E9828FB,primary,15,764375c3-9ea3-4596-9710-68d6e1d38d42,plan_reason,,,,,,
RB0088E9828FB,second,15,764375c3-9ea3-4596-9710-68d6e1d38d42,plan_reason,,,,,,
RB0088E9828FB,consensus,15,764375c3-9ea3-4596-9710-68d6e1d38d42,plan_reason,,,,,,
RB0088E9828FB,primary,16,19c86c8e-fa1f-48c0-a88e-f8e6150e5de6,request_procedure,,,,,,
RB0088E9828FB,second,16,19c86c8e-fa1f-48c0-a88e-f8e6150e5de6,request_procedure,,,,,,
RB0088E9828FB,consensus,16,19c86c8e-fa1f-48c0-a88e-f8e6150e5de6,request_procedure,,,,,,
RB0088E9828FB,primary,17,001dbf65-d44d-4cf7-b234-3b8a848f2a20,final_diagnosis,,,,,,
RB0088E9828FB,second,17,001dbf65-d44d-4cf7-b234-3b8a848f2a20,final_diagnosis,,,,,,
RB0088E9828FB,consensus,17,001dbf65-d44d-4cf7-b234-3b8a848f2a20,final_diagnosis,,,,,,
RB0088E9828FB,primary,18,60f738cd-47c2-421c-89d5-fd21e9625bde,disposition,,,,,,
RB0088E9828FB,second,18,60f738cd-47c2-421c-89d5-fd21e9625bde,disposition,,,,,,
RB0088E9828FB,consensus,18,60f738cd-47c2-421c-89d5-fd21e9625bde,disposition,,,,,,
RB0088E9828FB,primary,19,af81c7c4-466a-4d25-9289-a9f96fc75423,plan_reason,,,,,,
RB0088E9828FB,second,19,af81c7c4-466a-4d25-9289-a9f96fc75423,plan_reason,,,,,,
RB0088E9828FB,consensus,19,af81c7c4-466a-4d25-9289-a9f96fc75423,plan_reason,,,,,,
RB0088E9828FB,primary,20,c5ca760a-b3ff-477c-81a4-ccdb8477d39b,final_diagnosis,,,,,,
RB0088E9828FB,second,20,c5ca760a-b3ff-477c-81a4-ccdb8477d39b,final_diagnosis,,,,,,
RB0088E9828FB,consensus,20,c5ca760a-b3ff-477c-81a4-ccdb8477d39b,final_diagnosis,,,,,,
RB0088E9828FB,primary,21,53b73082-1094-4f2b-a0aa-cb3dba49e8ca,disposition,,,,,,
RB0088E9828FB,second,21,53b73082-1094-4f2b-a0aa-cb3dba49e8ca,disposition,,,,,,
RB0088E9828FB,consensus,21,53b73082-1094-4f2b-a0aa-cb3dba49e8ca,disposition,,,,,,
RB0088E9828FB,primary,22,c86631d7-2437-4982-a192-d3364d0fbdd9,plan_reason,,,,,,
RB0088E9828FB,second,22,c86631d7-2437-4982-a192-d3364d0fbdd9,plan_reason,,,,,,
RB0088E9828FB,consensus,22,c86631d7-2437-4982-a192-d3364d0fbdd9,plan_reason,,,,,,
RB0088E9828FB,primary,23,17ef36b7-f64d-4b5b-8387-b4e7d58b523a,final_diagnosis,,,,,,
RB0088E9828FB,second,23,17ef36b7-f64d-4b5b-8387-b4e7d58b523a,final_diagnosis,,,,,,
RB0088E9828FB,consensus,23,17ef36b7-f64d-4b5b-8387-b4e7d58b523a,final_diagnosis,,,,,,
RB0088E9828FB,primary,24,39270140-f560-41eb-ad7f-3008d39aa174,disposition,,,,,,
RB0088E9828FB,second,24,39270140-f560-41eb-ad7f-3008d39aa174,disposition,,,,,,
RB0088E9828FB,consensus,24,39270140-f560-41eb-ad7f-3008d39aa174,disposition,,,,,,
RB0088E9828FB,primary,25,0752c679-e9bf-4d9a-978c-b5ae9ad95319,plan_reason,,,,,,
RB0088E9828FB,second,25,0752c679-e9bf-4d9a-978c-b5ae9ad95319,plan_reason,,,,,,
RB0088E9828FB,consensus,25,0752c679-e9bf-4d9a-978c-b5ae9ad95319,plan_reason,,,,,,
RB0088E9828FB,primary,26,2bf4d4fe-4ba3-4bd5-8fe0-e9f36ad9e43d,final_diagnosis,,,,,,
RB0088E9828FB,second,26,2bf4d4fe-4ba3-4bd5-8fe0-e9f36ad9e43d,final_diagnosis,,,,,,
RB0088E9828FB,consensus,26,2bf4d4fe-4ba3-4bd5-8fe0-e9f36ad9e43d,final_diagnosis,,,,,,
RB0088E9828FB,primary,27,9c349eb2-fb78-4107-b436-9ff85ea6365c,disposition,,,,,,
RB0088E9828FB,second,27,9c349eb2-fb78-4107-b436-9ff85ea6365c,disposition,,,,,,
RB0088E9828FB,consensus,27,9c349eb2-fb78-4107-b436-9ff85ea6365c,disposition,,,,,,
RB0088E9828FB,primary,28,bd525303-867e-48bf-a29f-e8dac54b26d9,plan_reason,,,,,,
RB0088E9828FB,second,28,bd525303-867e-48bf-a29f-e8dac54b26d9,plan_reason,,,,,,
RB0088E9828FB,consensus,28,bd525303-867e-48bf-a29f-e8dac54b26d9,plan_reason,,,,,,
RB0088E9828FB,primary,29,e9729440-6aeb-4fc9-a5bd-14fa87c34f45,final_diagnosis,,,,,,
RB0088E9828FB,second,29,e9729440-6aeb-4fc9-a5bd-14fa87c34f45,final_diagnosis,,,,,,
RB0088E9828FB,consensus,29,e9729440-6aeb-4fc9-a5bd-14fa87c34f45,final_diagnosis,,,,,,
RB0088E9828FB,primary,30,cdae32cc-1e94-4ab5-b5fa-a25c8c173a42,disposition,,,,,,
RB0088E9828FB,second,30,cdae32cc-1e94-4ab5-b5fa-a25c8c173a42,disposition,,,,,,
RB0088E9828FB,consensus,30,cdae32cc-1e94-4ab5-b5fa-a25c8c173a42,disposition,,,,,,
RB0088E9828FB,primary,31,82c2d318-ac3f-4b07-8e39-93ff19faca90,ask_history,,,,,,
RB0088E9828FB,second,31,82c2d318-ac3f-4b07-8e39-93ff19faca90,ask_history,,,,,,
RB0088E9828FB,consensus,31,82c2d318-ac3f-4b07-8e39-93ff19faca90,ask_history,,,,,,
RB0088E9828FB,primary,32,d6780d47-2eef-423f-b7e0-5d202673282a,request_physical_exam,,,,,,
RB0088E9828FB,second,32,d6780d47-2eef-423f-b7e0-5d202673282a,request_physical_exam,,,,,,
RB0088E9828FB,consensus,32,d6780d47-2eef-423f-b7e0-5d202673282a,request_physical_exam,,,,,,
RB0088E9828FB,primary,33,daa5f24a-f6dd-4dca-9f56-de8734475c9e,ask_history,,,,,,
RB0088E9828FB,second,33,daa5f24a-f6dd-4dca-9f56-de8734475c9e,ask_history,,,,,,
RB0088E9828FB,consensus,33,daa5f24a-f6dd-4dca-9f56-de8734475c9e,ask_history,,,,,,
RB0088E9828FB,primary,34,b8e95cfd-f42b-4d8c-882e-c55c46c5f815,request_physical_exam,,,,,,
RB0088E9828FB,second,34,b8e95cfd-f42b-4d8c-882e-c55c46c5f815,request_physical_exam,,,,,,
RB0088E9828FB,consensus,34,b8e95cfd-f42b-4d8c-882e-c55c46c5f815,request_physical_exam,,,,,,
RB0088E9828FB,primary,35,1ab7d408-5ad0-423b-a1d3-f059ffd50720,request_lab,,,,,,
RB0088E9828FB,second,35,1ab7d408-5ad0-423b-a1d3-f059ffd50720,request_lab,,,,,,
RB0088E9828FB,consensus,35,1ab7d408-5ad0-423b-a1d3-f059ffd50720,request_lab,,,,,,
RB0088E9828FB,primary,36,2728a5d5-d3db-4007-afda-24f6c16dde10,plan_reason,,,,,,
RB0088E9828FB,second,36,2728a5d5-d3db-4007-afda-24f6c16dde10,plan_reason,,,,,,
RB0088E9828FB,consensus,36,2728a5d5-d3db-4007-afda-24f6c16dde10,plan_reason,,,,,,
RB0088E9828FB,primary,37,a8c57a03-4dbf-4f07-8baa-89fba1fedd90,request_procedure,,,,,,
RB0088E9828FB,second,37,a8c57a03-4dbf-4f07-8baa-89fba1fedd90,request_procedure,,,,,,
RB0088E9828FB,consensus,37,a8c57a03-4dbf-4f07-8baa-89fba1fedd90,request_procedure,,,,,,
RB0088E9828FB,primary,38,4d84e7a8-f289-4942-8c0f-17dea0848050,final_diagnosis,,,,,,
RB0088E9828FB,second,38,4d84e7a8-f289-4942-8c0f-17dea0848050,final_diagnosis,,,,,,
RB0088E9828FB,consensus,38,4d84e7a8-f289-4942-8c0f-17dea0848050,final_diagnosis,,,,,,
RB0088E9828FB,primary,39,9601e61e-3907-46aa-aa40-253cd819fe5c,disposition,,,,,,
RB0088E9828FB,second,39,9601e61e-3907-46aa-aa40-253cd819fe5c,disposition,,,,,,
RB0088E9828FB,consensus,39,9601e61e-3907-46aa-aa40-253cd819fe5c,disposition,,,,,,
RB0088E9828FB,primary,40,78bf6d63-7025-4a5e-ad95-ba1ec39fcdd2,ask_history,,,,,,
RB0088E9828FB,second,40,78bf6d63-7025-4a5e-ad95-ba1ec39fcdd2,ask_history,,,,,,
RB0088E9828FB,consensus,40,78bf6d63-7025-4a5e-ad95-ba1ec39fcdd2,ask_history,,,,,,
R6093F3B0AD08,primary,1,c4d98e48-e9eb-42be-91cd-90ea1e6f46d0,request_physical_exam,,,,,,
R6093F3B0AD08,second,1,c4d98e48-e9eb-42be-91cd-90ea1e6f46d0,request_physical_exam,,,,,,
R6093F3B0AD08,consensus,1,c4d98e48-e9eb-42be-91cd-90ea1e6f46d0,request_physical_exam,,,,,,
R6093F3B0AD08,primary,2,1f7fb645-1b40-4c18-ae0b-b69fb3ec3ac5,ask_history,,,,,,
R6093F3B0AD08,second,2,1f7fb645-1b40-4c18-ae0b-b69fb3ec3ac5,ask_history,,,,,,
R6093F3B0AD08,consensus,2,1f7fb645-1b40-4c18-ae0b-b69fb3ec3ac5,ask_history,,,,,,
R6093F3B0AD08,primary,3,58f0e737-b861-4b61-9788-1eb5c76e8dc3,request_lab,,,,,,
R6093F3B0AD08,second,3,58f0e737-b861-4b61-9788-1eb5c76e8dc3,request_lab,,,,,,
R6093F3B0AD08,consensus,3,58f0e737-b861-4b61-9788-1eb5c76e8dc3,request_lab,,,,,,
R6093F3B0AD08,primary,4,38c25e73-9e54-4552-b84f-ca2264d62549,request_imaging,,,,,,
R6093F3B0AD08,second,4,38c25e73-9e54-4552-b84f-ca2264d62549,request_imaging,,,,,,
R6093F3B0AD08,consensus,4,38c25e73-9e54-4552-b84f-ca2264d62549,request_imaging,,,,,,
R6093F3B0AD08,primary,5,eea33925-c0b8-4f6c-a0dd-c0722a7d5832,plan_reason,,,,,,
R6093F3B0AD08,second,5,eea33925-c0b8-4f6c-a0dd-c0722a7d5832,plan_reason,,,,,,
R6093F3B0AD08,consensus,5,eea33925-c0b8-4f6c-a0dd-c0722a7d5832,plan_reason,,,,,,
R6093F3B0AD08,primary,6,49c52958-e449-4f79-8266-987fed6980a7,request_procedure,,,,,,
R6093F3B0AD08,second,6,49c52958-e449-4f79-8266-987fed6980a7,request_procedure,,,,,,
R6093F3B0AD08,consensus,6,49c52958-e449-4f79-8266-987fed6980a7,request_procedure,,,,,,
R6093F3B0AD08,primary,7,d4ca91a1-8409-4223-a36a-57021006e9aa,final_diagnosis,,,,,,
R6093F3B0AD08,second,7,d4ca91a1-8409-4223-a36a-57021006e9aa,final_diagnosis,,,,,,
R6093F3B0AD08,consensus,7,d4ca91a1-8409-4223-a36a-57021006e9aa,final_diagnosis,,,,,,
R6093F3B0AD08,primary,8,ac41536f-e054-4569-ac69-18102585acb1,disposition,,,,,,
R6093F3B0AD08,second,8,ac41536f-e054-4569-ac69-18102585acb1,disposition,,,,,,
R6093F3B0AD08,consensus,8,ac41536f-e054-4569-ac69-18102585acb1,disposition,,,,,,
R11A6DD19A1BE,primary,1,06eba8c4-1557-4fc1-bf9f-3e8236b21264,ask_history,,,,,,
R11A6DD19A1BE,second,1,06eba8c4-1557-4fc1-bf9f-3e8236b21264,ask_history,,,,,,
R11A6DD19A1BE,consensus,1,06eba8c4-1557-4fc1-bf9f-3e8236b21264,ask_history,,,,,,
R11A6DD19A1BE,primary,2,3ec88708-24e1-400b-b1d1-196b0135d9b5,ask_history,,,,,,
R11A6DD19A1BE,second,2,3ec88708-24e1-400b-b1d1-196b0135d9b5,ask_history,,,,,,
R11A6DD19A1BE,consensus,2,3ec88708-24e1-400b-b1d1-196b0135d9b5,ask_history,,,,,,
R11A6DD19A1BE,primary,3,7fb3bb0c-a521-44b8-bbb1-3efb62134da4,request_physical_exam,,,,,,
R11A6DD19A1BE,second,3,7fb3bb0c-a521-44b8-bbb1-3efb62134da4,request_physical_exam,,,,,,
R11A6DD19A1BE,consensus,3,7fb3bb0c-a521-44b8-bbb1-3efb62134da4,request_physical_exam,,,,,,
R11A6DD19A1BE,primary,4,d1877a20-dcee-4e01-ae85-a5eeabed08b8,ask_history,,,,,,
R11A6DD19A1BE,second,4,d1877a20-dcee-4e01-ae85-a5eeabed08b8,ask_history,,,,,,
R11A6DD19A1BE,consensus,4,d1877a20-dcee-4e01-ae85-a5eeabed08b8,ask_history,,,,,,
R11A6DD19A1BE,primary,5,4cdfe29f-e45d-48b3-b3d6-c498b514f70e,ask_history,,,,,,
R11A6DD19A1BE,second,5,4cdfe29f-e45d-48b3-b3d6-c498b514f70e,ask_history,,,,,,
R11A6DD19A1BE,consensus,5,4cdfe29f-e45d-48b3-b3d6-c498b514f70e,ask_history,,,,,,
R11A6DD19A1BE,primary,6,145c636a-62f6-4ed7-8c20-0749103bf8a7,ask_history,,,,,,
R11A6DD19A1BE,second,6,145c636a-62f6-4ed7-8c20-0749103bf8a7,ask_history,,,,,,
R11A6DD19A1BE,consensus,6,145c636a-62f6-4ed7-8c20-0749103bf8a7,ask_history,,,,,,
R9E317873B46A,primary,1,29d8fb04-8cc3-4d6e-8432-4bb08385f269,ask_history,,,,,,
R9E317873B46A,second,1,29d8fb04-8cc3-4d6e-8432-4bb08385f269,ask_history,,,,,,
R9E317873B46A,consensus,1,29d8fb04-8cc3-4d6e-8432-4bb08385f269,ask_history,,,,,,
R9E317873B46A,primary,2,344d4482-94c8-4bd6-a614-6c21b0efffc6,plan_reason,,,,,,
R9E317873B46A,second,2,344d4482-94c8-4bd6-a614-6c21b0efffc6,plan_reason,,,,,,
R9E317873B46A,consensus,2,344d4482-94c8-4bd6-a614-6c21b0efffc6,plan_reason,,,,,,
R9E317873B46A,primary,3,cb4fa29a-fd4c-45a5-b927-bab62fb6d595,request_physical_exam,,,,,,
R9E317873B46A,second,3,cb4fa29a-fd4c-45a5-b927-bab62fb6d595,request_physical_exam,,,,,,
R9E317873B46A,consensus,3,cb4fa29a-fd4c-45a5-b927-bab62fb6d595,request_physical_exam,,,,,,
R9E317873B46A,primary,4,9ee62ce4-44c7-4f41-88de-10c2b84ea03a,request_lab,,,,,,
R9E317873B46A,second,4,9ee62ce4-44c7-4f41-88de-10c2b84ea03a,request_lab,,,,,,
R9E317873B46A,consensus,4,9ee62ce4-44c7-4f41-88de-10c2b84ea03a,request_lab,,,,,,
R9E317873B46A,primary,5,b5882f4f-9e87-4846-8912-79b943d1e9c5,request_lab,,,,,,
R9E317873B46A,second,5,b5882f4f-9e87-4846-8912-79b943d1e9c5,request_lab,,,,,,
R9E317873B46A,consensus,5,b5882f4f-9e87-4846-8912-79b943d1e9c5,request_lab,,,,,,
R9E317873B46A,primary,6,089ea912-9e61-4c6c-9c4b-44dba6632237,request_lab,,,,,,
R9E317873B46A,second,6,089ea912-9e61-4c6c-9c4b-44dba6632237,request_lab,,,,,,
R9E317873B46A,consensus,6,089ea912-9e61-4c6c-9c4b-44dba6632237,request_lab,,,,,,
R8FD7AD900722,primary,1,aefce849-a4fc-4573-9b1b-17a024ac3e5e,ask_history,,,,,,
R8FD7AD900722,second,1,aefce849-a4fc-4573-9b1b-17a024ac3e5e,ask_history,,,,,,
R8FD7AD900722,consensus,1,aefce849-a4fc-4573-9b1b-17a024ac3e5e,ask_history,,,,,,
R8FD7AD900722,primary,2,40e5e105-5574-4f76-9030-520111621d53,ask_history,,,,,,
R8FD7AD900722,second,2,40e5e105-5574-4f76-9030-520111621d53,ask_history,,,,,,
R8FD7AD900722,consensus,2,40e5e105-5574-4f76-9030-520111621d53,ask_history,,,,,,
R8FD7AD900722,primary,3,f42e06db-9b71-4574-909e-2777cb01f042,ask_history,,,,,,
R8FD7AD900722,second,3,f42e06db-9b71-4574-909e-2777cb01f042,ask_history,,,,,,
R8FD7AD900722,consensus,3,f42e06db-9b71-4574-909e-2777cb01f042,ask_history,,,,,,
R5871E23E5617,primary,1,266efa83-5ed7-4486-8396-e16a16361bb4,request_physical_exam,,,,,,
R5871E23E5617,second,1,266efa83-5ed7-4486-8396-e16a16361bb4,request_physical_exam,,,,,,
R5871E23E5617,consensus,1,266efa83-5ed7-4486-8396-e16a16361bb4,request_physical_exam,,,,,,
R5871E23E5617,primary,2,08f43241-22b9-4dd6-be50-5a3de6f78310,ask_history,,,,,,
R5871E23E5617,second,2,08f43241-22b9-4dd6-be50-5a3de6f78310,ask_history,,,,,,
R5871E23E5617,consensus,2,08f43241-22b9-4dd6-be50-5a3de6f78310,ask_history,,,,,,
R5871E23E5617,primary,3,0acbc118-31e9-4fd8-8b11-5b354ff623f5,ask_history,,,,,,
R5871E23E5617,second,3,0acbc118-31e9-4fd8-8b11-5b354ff623f5,ask_history,,,,,,
R5871E23E5617,consensus,3,0acbc118-31e9-4fd8-8b11-5b354ff623f5,ask_history,,,,,,
R5871E23E5617,primary,4,e213c0ef-9de8-49ad-80ff-3507405475b1,ask_history,,,,,,
R5871E23E5617,second,4,e213c0ef-9de8-49ad-80ff-3507405475b1,ask_history,,,,,,
R5871E23E5617,consensus,4,e213c0ef-9de8-49ad-80ff-3507405475b1,ask_history,,,,,,
R5871E23E5617,primary,5,d93379f7-e85b-4683-ba62-279629c6344c,request_imaging,,,,,,
R5871E23E5617,second,5,d93379f7-e85b-4683-ba62-279629c6344c,request_imaging,,,,,,
R5871E23E5617,consensus,5,d93379f7-e85b-4683-ba62-279629c6344c,request_imaging,,,,,,
R5871E23E5617,primary,6,db92698d-9311-414e-b13e-9e6847200548,request_lab,,,,,,
R5871E23E5617,second,6,db92698d-9311-414e-b13e-9e6847200548,request_lab,,,,,,
R5871E23E5617,consensus,6,db92698d-9311-414e-b13e-9e6847200548,request_lab,,,,,,
R5871E23E5617,primary,7,776bab22-1dfd-4ad3-9017-63f7b7cfbda1,request_imaging,,,,,,
R5871E23E5617,second,7,776bab22-1dfd-4ad3-9017-63f7b7cfbda1,request_imaging,,,,,,
R5871E23E5617,consensus,7,776bab22-1dfd-4ad3-9017-63f7b7cfbda1,request_imaging,,,,,,
R5871E23E5617,primary,8,f5fff181-5f90-442e-af18-2a2a16483e86,plan_reason,,,,,,
R5871E23E5617,second,8,f5fff181-5f90-442e-af18-2a2a16483e86,plan_reason,,,,,,
R5871E23E5617,consensus,8,f5fff181-5f90-442e-af18-2a2a16483e86,plan_reason,,,,,,
R5871E23E5617,primary,9,dacfe079-b630-4952-814e-e4dfd8e30848,request_procedure,,,,,,
R5871E23E5617,second,9,dacfe079-b630-4952-814e-e4dfd8e30848,request_procedure,,,,,,
R5871E23E5617,consensus,9,dacfe079-b630-4952-814e-e4dfd8e30848,request_procedure,,,,,,
R5871E23E5617,primary,10,7ad5c31c-ba6c-4b9c-9db7-37f9f8aa3ffa,request_procedure,,,,,,
R5871E23E5617,second,10,7ad5c31c-ba6c-4b9c-9db7-37f9f8aa3ffa,request_procedure,,,,,,
R5871E23E5617,consensus,10,7ad5c31c-ba6c-4b9c-9db7-37f9f8aa3ffa,request_procedure,,,,,,
R5871E23E5617,primary,11,0244afdf-e204-4b0f-8e3a-755e675b3247,request_procedure,,,,,,
R5871E23E5617,second,11,0244afdf-e204-4b0f-8e3a-755e675b3247,request_procedure,,,,,,
R5871E23E5617,consensus,11,0244afdf-e204-4b0f-8e3a-755e675b3247,request_procedure,,,,,,
R5871E23E5617,primary,12,ea457048-c39e-41ec-9aed-3ab04a164a93,ask_history,,,,,,
R5871E23E5617,second,12,ea457048-c39e-41ec-9aed-3ab04a164a93,ask_history,,,,,,
R5871E23E5617,consensus,12,ea457048-c39e-41ec-9aed-3ab04a164a93,ask_history,,,,,,
R5871E23E5617,primary,13,dd70ef8c-9976-4d32-990f-1daacc86be68,final_diagnosis,,,,,,
R5871E23E5617,second,13,dd70ef8c-9976-4d32-990f-1daacc86be68,final_diagnosis,,,,,,
R5871E23E5617,consensus,13,dd70ef8c-9976-4d32-990f-1daacc86be68,final_diagnosis,,,,,,
R5871E23E5617,primary,14,65696700-d36a-49fd-b4e0-c25064e9ec8f,disposition,,,,,,
R5871E23E5617,second,14,65696700-d36a-49fd-b4e0-c25064e9ec8f,disposition,,,,,,
R5871E23E5617,consensus,14,65696700-d36a-49fd-b4e0-c25064e9ec8f,disposition,,,,,,
R52A7E1E4B89C,primary,1,710d9879-b702-4ed3-9a97-6a8c556fe32d,ask_history,,,,,,
R52A7E1E4B89C,second,1,710d9879-b702-4ed3-9a97-6a8c556fe32d,ask_history,,,,,,
R52A7E1E4B89C,consensus,1,710d9879-b702-4ed3-9a97-6a8c556fe32d,ask_history,,,,,,
R52A7E1E4B89C,primary,2,85f25330-9e97-4f49-aa67-21a5771a48ca,ask_history,,,,,,
R52A7E1E4B89C,second,2,85f25330-9e97-4f49-aa67-21a5771a48ca,ask_history,,,,,,
R52A7E1E4B89C,consensus,2,85f25330-9e97-4f49-aa67-21a5771a48ca,ask_history,,,,,,
R52A7E1E4B89C,primary,3,bc14ab52-8966-4d91-914b-ec7ff92df7ba,request_physical_exam,,,,,,
R52A7E1E4B89C,second,3,bc14ab52-8966-4d91-914b-ec7ff92df7ba,request_physical_exam,,,,,,
R52A7E1E4B89C,consensus,3,bc14ab52-8966-4d91-914b-ec7ff92df7ba,request_physical_exam,,,,,,
R52A7E1E4B89C,primary,4,e505e8cb-7431-4409-9e0d-2d58fa257f1b,ask_history,,,,,,
R52A7E1E4B89C,second,4,e505e8cb-7431-4409-9e0d-2d58fa257f1b,ask_history,,,,,,
R52A7E1E4B89C,consensus,4,e505e8cb-7431-4409-9e0d-2d58fa257f1b,ask_history,,,,,,
R52A7E1E4B89C,primary,5,9635735e-fab0-4134-822e-695bd8efb240,plan_reason,,,,,,
R52A7E1E4B89C,second,5,9635735e-fab0-4134-822e-695bd8efb240,plan_reason,,,,,,
R52A7E1E4B89C,consensus,5,9635735e-fab0-4134-822e-695bd8efb240,plan_reason,,,,,,
R52A7E1E4B89C,primary,6,d5aee4f4-d118-4eab-b97e-9d2c438109cd,request_lab,,,,,,
R52A7E1E4B89C,second,6,d5aee4f4-d118-4eab-b97e-9d2c438109cd,request_lab,,,,,,
R52A7E1E4B89C,consensus,6,d5aee4f4-d118-4eab-b97e-9d2c438109cd,request_lab,,,,,,
R52A7E1E4B89C,primary,7,4b7a02e2-a92d-4c4d-b2ac-d924df89b5c9,request_lab,,,,,,
R52A7E1E4B89C,second,7,4b7a02e2-a92d-4c4d-b2ac-d924df89b5c9,request_lab,,,,,,
R52A7E1E4B89C,consensus,7,4b7a02e2-a92d-4c4d-b2ac-d924df89b5c9,request_lab,,,,,,
R52A7E1E4B89C,primary,8,b1fd4ca1-3e17-4d69-bf47-22f11be2c0f2,request_imaging,,,,,,
R52A7E1E4B89C,second,8,b1fd4ca1-3e17-4d69-bf47-22f11be2c0f2,request_imaging,,,,,,
R52A7E1E4B89C,consensus,8,b1fd4ca1-3e17-4d69-bf47-22f11be2c0f2,request_imaging,,,,,,
R52A7E1E4B89C,primary,9,016a8ea8-703c-41a5-b07d-c35a8ce9a98c,plan_reason,,,,,,
R52A7E1E4B89C,second,9,016a8ea8-703c-41a5-b07d-c35a8ce9a98c,plan_reason,,,,,,
R52A7E1E4B89C,consensus,9,016a8ea8-703c-41a5-b07d-c35a8ce9a98c,plan_reason,,,,,,
R52A7E1E4B89C,primary,10,ea9c40d2-3eb6-489f-92e3-7e99e429c874,prescribe_medication,,,,,,
R52A7E1E4B89C,second,10,ea9c40d2-3eb6-489f-92e3-7e99e429c874,prescribe_medication,,,,,,
R52A7E1E4B89C,consensus,10,ea9c40d2-3eb6-489f-92e3-7e99e429c874,prescribe_medication,,,,,,
R52A7E1E4B89C,primary,11,37b92aab-e595-4f55-972f-5781d5986085,request_procedure,,,,,,
R52A7E1E4B89C,second,11,37b92aab-e595-4f55-972f-5781d5986085,request_procedure,,,,,,
R52A7E1E4B89C,consensus,11,37b92aab-e595-4f55-972f-5781d5986085,request_procedure,,,,,,
R52A7E1E4B89C,primary,12,9078af69-8b8a-4a36-9dd9-41c23d6f45cc,final_diagnosis,,,,,,
R52A7E1E4B89C,second,12,9078af69-8b8a-4a36-9dd9-41c23d6f45cc,final_diagnosis,,,,,,
R52A7E1E4B89C,consensus,12,9078af69-8b8a-4a36-9dd9-41c23d6f45cc,final_diagnosis,,,,,,
R52A7E1E4B89C,primary,13,b9b44e05-bc24-45af-b829-856e016714b4,disposition,,,,,,
R52A7E1E4B89C,second,13,b9b44e05-bc24-45af-b829-856e016714b4,disposition,,,,,,
R52A7E1E4B89C,consensus,13,b9b44e05-bc24-45af-b829-856e016714b4,disposition,,,,,,
R385C4F9FE1D4,primary,1,3dbd0393-50ea-4652-8d44-8af64502012f,ask_history,,,,,,
R385C4F9FE1D4,second,1,3dbd0393-50ea-4652-8d44-8af64502012f,ask_history,,,,,,
R385C4F9FE1D4,consensus,1,3dbd0393-50ea-4652-8d44-8af64502012f,ask_history,,,,,,
R385C4F9FE1D4,primary,2,2a0cdeb2-a2de-475f-9b65-620daa409562,ask_history,,,,,,
R385C4F9FE1D4,second,2,2a0cdeb2-a2de-475f-9b65-620daa409562,ask_history,,,,,,
R385C4F9FE1D4,consensus,2,2a0cdeb2-a2de-475f-9b65-620daa409562,ask_history,,,,,,
R385C4F9FE1D4,primary,3,408e2427-1cae-4639-8224-dd57b70e7b6a,ask_history,,,,,,
R385C4F9FE1D4,second,3,408e2427-1cae-4639-8224-dd57b70e7b6a,ask_history,,,,,,
R385C4F9FE1D4,consensus,3,408e2427-1cae-4639-8224-dd57b70e7b6a,ask_history,,,,,,
R99B46F5B4391,primary,1,11fa4a6d-9368-44b1-979f-f9e41a69f364,ask_history,,,,,,
R99B46F5B4391,second,1,11fa4a6d-9368-44b1-979f-f9e41a69f364,ask_history,,,,,,
R99B46F5B4391,consensus,1,11fa4a6d-9368-44b1-979f-f9e41a69f364,ask_history,,,,,,
R99B46F5B4391,primary,2,75e7712c-6568-4faf-a307-31b3a23c2151,ask_history,,,,,,
R99B46F5B4391,second,2,75e7712c-6568-4faf-a307-31b3a23c2151,ask_history,,,,,,
R99B46F5B4391,consensus,2,75e7712c-6568-4faf-a307-31b3a23c2151,ask_history,,,,,,
R99B46F5B4391,primary,3,6cf9a464-8124-4b95-9441-88d0bc6af502,request_physical_exam,,,,,,
R99B46F5B4391,second,3,6cf9a464-8124-4b95-9441-88d0bc6af502,request_physical_exam,,,,,,
R99B46F5B4391,consensus,3,6cf9a464-8124-4b95-9441-88d0bc6af502,request_physical_exam,,,,,,
R99B46F5B4391,primary,4,a914243b-a177-4565-9268-09c2bcbf3f0c,request_lab,,,,,,
R99B46F5B4391,second,4,a914243b-a177-4565-9268-09c2bcbf3f0c,request_lab,,,,,,
R99B46F5B4391,consensus,4,a914243b-a177-4565-9268-09c2bcbf3f0c,request_lab,,,,,,
R99B46F5B4391,primary,5,3dcf527d-e1ae-49e9-af32-136873f34639,request_imaging,,,,,,
R99B46F5B4391,second,5,3dcf527d-e1ae-49e9-af32-136873f34639,request_imaging,,,,,,
R99B46F5B4391,consensus,5,3dcf527d-e1ae-49e9-af32-136873f34639,request_imaging,,,,,,
R99B46F5B4391,primary,6,ca6cb891-9683-416b-993a-cd0fec109f0c,request_ecg_or_test,,,,,,
R99B46F5B4391,second,6,ca6cb891-9683-416b-993a-cd0fec109f0c,request_ecg_or_test,,,,,,
R99B46F5B4391,consensus,6,ca6cb891-9683-416b-993a-cd0fec109f0c,request_ecg_or_test,,,,,,
R99B46F5B4391,primary,7,b9992a18-2c49-4105-84dc-098ba764dda4,plan_reason,,,,,,
R99B46F5B4391,second,7,b9992a18-2c49-4105-84dc-098ba764dda4,plan_reason,,,,,,
R99B46F5B4391,consensus,7,b9992a18-2c49-4105-84dc-098ba764dda4,plan_reason,,,,,,
R99B46F5B4391,primary,8,9b9a7c3c-d83d-4b82-a3fc-a56e6d5fc7d4,final_diagnosis,,,,,,
R99B46F5B4391,second,8,9b9a7c3c-d83d-4b82-a3fc-a56e6d5fc7d4,final_diagnosis,,,,,,
R99B46F5B4391,consensus,8,9b9a7c3c-d83d-4b82-a3fc-a56e6d5fc7d4,final_diagnosis,,,,,,
R99B46F5B4391,primary,9,e3e668a0-d5a5-4d9d-a99f-6374825d554e,disposition,,,,,,
R99B46F5B4391,second,9,e3e668a0-d5a5-4d9d-a99f-6374825d554e,disposition,,,,,,
R99B46F5B4391,consensus,9,e3e668a0-d5a5-4d9d-a99f-6374825d554e,disposition,,,,,,
RFEAB3880624F,primary,1,4dd3b606-426b-417e-aac6-b8329e7e77cd,ask_history,,,,,,
RFEAB3880624F,second,1,4dd3b606-426b-417e-aac6-b8329e7e77cd,ask_history,,,,,,
RFEAB3880624F,consensus,1,4dd3b606-426b-417e-aac6-b8329e7e77cd,ask_history,,,,,,
RFEAB3880624F,primary,2,7059f5e4-7fce-42f1-ac50-f2799f4c9b47,request_physical_exam,,,,,,
RFEAB3880624F,second,2,7059f5e4-7fce-42f1-ac50-f2799f4c9b47,request_physical_exam,,,,,,
RFEAB3880624F,consensus,2,7059f5e4-7fce-42f1-ac50-f2799f4c9b47,request_physical_exam,,,,,,
RFEAB3880624F,primary,3,fa07175f-e7cd-407c-b9fe-0fe61f3b17fd,request_lab,,,,,,
RFEAB3880624F,second,3,fa07175f-e7cd-407c-b9fe-0fe61f3b17fd,request_lab,,,,,,
RFEAB3880624F,consensus,3,fa07175f-e7cd-407c-b9fe-0fe61f3b17fd,request_lab,,,,,,
RFEAB3880624F,primary,4,b19b7e66-a256-4020-bf58-ea24eac938ea,plan_reason,,,,,,
RFEAB3880624F,second,4,b19b7e66-a256-4020-bf58-ea24eac938ea,plan_reason,,,,,,
RFEAB3880624F,consensus,4,b19b7e66-a256-4020-bf58-ea24eac938ea,plan_reason,,,,,,
RFEAB3880624F,primary,5,393684ae-cf7a-4799-941d-a8da880fde89,request_ecg_or_test,,,,,,
RFEAB3880624F,second,5,393684ae-cf7a-4799-941d-a8da880fde89,request_ecg_or_test,,,,,,
RFEAB3880624F,consensus,5,393684ae-cf7a-4799-941d-a8da880fde89,request_ecg_or_test,,,,,,
RFEAB3880624F,primary,6,8a7bccfa-6936-4879-a3a2-1f03bd3ee233,request_microbiology,,,,,,
RFEAB3880624F,second,6,8a7bccfa-6936-4879-a3a2-1f03bd3ee233,request_microbiology,,,,,,
RFEAB3880624F,consensus,6,8a7bccfa-6936-4879-a3a2-1f03bd3ee233,request_microbiology,,,,,,
RFEAB3880624F,primary,7,a4c4a38e-c10f-4c40-9772-04e422dc5c33,final_diagnosis,,,,,,
RFEAB3880624F,second,7,a4c4a38e-c10f-4c40-9772-04e422dc5c33,final_diagnosis,,,,,,
RFEAB3880624F,consensus,7,a4c4a38e-c10f-4c40-9772-04e422dc5c33,final_diagnosis,,,,,,
RFEAB3880624F,primary,8,9f2f7813-3aae-4359-a886-1949534af82d,disposition,,,,,,
RFEAB3880624F,second,8,9f2f7813-3aae-4359-a886-1949534af82d,disposition,,,,,,
RFEAB3880624F,consensus,8,9f2f7813-3aae-4359-a886-1949534af82d,disposition,,,,,,
RFEAB3880624F,primary,9,7a0271a7-356b-45d3-86e6-2ca86d80dde5,ask_history,,,,,,
RFEAB3880624F,second,9,7a0271a7-356b-45d3-86e6-2ca86d80dde5,ask_history,,,,,,
RFEAB3880624F,consensus,9,7a0271a7-356b-45d3-86e6-2ca86d80dde5,ask_history,,,,,,
RFEAB3880624F,primary,10,52280596-06e1-4d94-bb34-93bfbab7acaa,request_physical_exam,,,,,,
RFEAB3880624F,second,10,52280596-06e1-4d94-bb34-93bfbab7acaa,request_physical_exam,,,,,,
RFEAB3880624F,consensus,10,52280596-06e1-4d94-bb34-93bfbab7acaa,request_physical_exam,,,,,,
RFEAB3880624F,primary,11,4eaf66dc-6dcc-4ec1-9194-b0c385a13550,request_lab,,,,,,
RFEAB3880624F,second,11,4eaf66dc-6dcc-4ec1-9194-b0c385a13550,request_lab,,,,,,
RFEAB3880624F,consensus,11,4eaf66dc-6dcc-4ec1-9194-b0c385a13550,request_lab,,,,,,
RFEAB3880624F,primary,12,01b5a118-24de-4284-86d2-a0fded9d8f3a,plan_reason,,,,,,
RFEAB3880624F,second,12,01b5a118-24de-4284-86d2-a0fded9d8f3a,plan_reason,,,,,,
RFEAB3880624F,consensus,12,01b5a118-24de-4284-86d2-a0fded9d8f3a,plan_reason,,,,,,
RFEAB3880624F,primary,13,0cde5296-cafa-4b70-86b4-0fb3692260aa,request_ecg_or_test,,,,,,
RFEAB3880624F,second,13,0cde5296-cafa-4b70-86b4-0fb3692260aa,request_ecg_or_test,,,,,,
RFEAB3880624F,consensus,13,0cde5296-cafa-4b70-86b4-0fb3692260aa,request_ecg_or_test,,,,,,
RFEAB3880624F,primary,14,f138faa7-c8cc-4b4d-8851-bb50405d1a78,request_microbiology,,,,,,
RFEAB3880624F,second,14,f138faa7-c8cc-4b4d-8851-bb50405d1a78,request_microbiology,,,,,,
RFEAB3880624F,consensus,14,f138faa7-c8cc-4b4d-8851-bb50405d1a78,request_microbiology,,,,,,
RFEAB3880624F,primary,15,e1ae51ff-5ab5-4d63-a95b-a23da397e697,final_diagnosis,,,,,,
RFEAB3880624F,second,15,e1ae51ff-5ab5-4d63-a95b-a23da397e697,final_diagnosis,,,,,,
RFEAB3880624F,consensus,15,e1ae51ff-5ab5-4d63-a95b-a23da397e697,final_diagnosis,,,,,,
RFEAB3880624F,primary,16,e2ef1353-e17b-4d99-9099-d3b5421b84d0,disposition,,,,,,
RFEAB3880624F,second,16,e2ef1353-e17b-4d99-9099-d3b5421b84d0,disposition,,,,,,
RFEAB3880624F,consensus,16,e2ef1353-e17b-4d99-9099-d3b5421b84d0,disposition,,,,,,
RFEAB3880624F,primary,17,234988b5-11b0-4bbd-98d8-e6054106251a,ask_history,,,,,,
RFEAB3880624F,second,17,234988b5-11b0-4bbd-98d8-e6054106251a,ask_history,,,,,,
RFEAB3880624F,consensus,17,234988b5-11b0-4bbd-98d8-e6054106251a,ask_history,,,,,,
RFEAB3880624F,primary,18,dd3cd7d5-292e-4972-b60a-5194e2584312,request_lab,,,,,,
RFEAB3880624F,second,18,dd3cd7d5-292e-4972-b60a-5194e2584312,request_lab,,,,,,
RFEAB3880624F,consensus,18,dd3cd7d5-292e-4972-b60a-5194e2584312,request_lab,,,,,,
RFEAB3880624F,primary,19,59e19010-4bd3-4259-b561-984b0a5a1ef5,plan_reason,,,,,,
RFEAB3880624F,second,19,59e19010-4bd3-4259-b561-984b0a5a1ef5,plan_reason,,,,,,
RFEAB3880624F,consensus,19,59e19010-4bd3-4259-b561-984b0a5a1ef5,plan_reason,,,,,,
RFEAB3880624F,primary,20,10f130be-6b48-4829-8420-a73cc64fdf8c,final_diagnosis,,,,,,
RFEAB3880624F,second,20,10f130be-6b48-4829-8420-a73cc64fdf8c,final_diagnosis,,,,,,
RFEAB3880624F,consensus,20,10f130be-6b48-4829-8420-a73cc64fdf8c,final_diagnosis,,,,,,
RFEAB3880624F,primary,21,2c1a5473-5b54-4205-9612-b21fbf92916b,disposition,,,,,,
RFEAB3880624F,second,21,2c1a5473-5b54-4205-9612-b21fbf92916b,disposition,,,,,,
RFEAB3880624F,consensus,21,2c1a5473-5b54-4205-9612-b21fbf92916b,disposition,,,,,,
RFEAB3880624F,primary,22,98704e2c-e945-4b0a-ad05-260e9c6b46d6,ask_history,,,,,,
RFEAB3880624F,second,22,98704e2c-e945-4b0a-ad05-260e9c6b46d6,ask_history,,,,,,
RFEAB3880624F,consensus,22,98704e2c-e945-4b0a-ad05-260e9c6b46d6,ask_history,,,,,,
RFEAB3880624F,primary,23,a4d3c7e5-a246-43b2-894e-2db7baf6626e,request_lab,,,,,,
RFEAB3880624F,second,23,a4d3c7e5-a246-43b2-894e-2db7baf6626e,request_lab,,,,,,
RFEAB3880624F,consensus,23,a4d3c7e5-a246-43b2-894e-2db7baf6626e,request_lab,,,,,,
RFEAB3880624F,primary,24,3bc7063b-88af-400d-b6fc-7a3f8541700d,plan_reason,,,,,,
RFEAB3880624F,second,24,3bc7063b-88af-400d-b6fc-7a3f8541700d,plan_reason,,,,,,
RFEAB3880624F,consensus,24,3bc7063b-88af-400d-b6fc-7a3f8541700d,plan_reason,,,,,,
RFEAB3880624F,primary,25,83112a9a-f232-4d3c-a58c-f0b624b03bc2,final_diagnosis,,,,,,
RFEAB3880624F,second,25,83112a9a-f232-4d3c-a58c-f0b624b03bc2,final_diagnosis,,,,,,
RFEAB3880624F,consensus,25,83112a9a-f232-4d3c-a58c-f0b624b03bc2,final_diagnosis,,,,,,
RFEAB3880624F,primary,26,5add8567-50ff-4517-ae36-907435037b66,disposition,,,,,,
RFEAB3880624F,second,26,5add8567-50ff-4517-ae36-907435037b66,disposition,,,,,,
RFEAB3880624F,consensus,26,5add8567-50ff-4517-ae36-907435037b66,disposition,,,,,,
RFEAB3880624F,primary,27,281cdf8a-189a-4df8-9a0b-e489093066e6,ask_history,,,,,,
RFEAB3880624F,second,27,281cdf8a-189a-4df8-9a0b-e489093066e6,ask_history,,,,,,
RFEAB3880624F,consensus,27,281cdf8a-189a-4df8-9a0b-e489093066e6,ask_history,,,,,,
RFEAB3880624F,primary,28,9207355c-c28e-43f0-a7b6-faf7ec36d428,request_lab,,,,,,
RFEAB3880624F,second,28,9207355c-c28e-43f0-a7b6-faf7ec36d428,request_lab,,,,,,
RFEAB3880624F,consensus,28,9207355c-c28e-43f0-a7b6-faf7ec36d428,request_lab,,,,,,
RFEAB3880624F,primary,29,57b3d873-4a5e-4648-9937-130159bf3aed,plan_reason,,,,,,
RFEAB3880624F,second,29,57b3d873-4a5e-4648-9937-130159bf3aed,plan_reason,,,,,,
RFEAB3880624F,consensus,29,57b3d873-4a5e-4648-9937-130159bf3aed,plan_reason,,,,,,
RFEAB3880624F,primary,30,efb00abc-9558-4529-ad40-bfb91a27af67,final_diagnosis,,,,,,
RFEAB3880624F,second,30,efb00abc-9558-4529-ad40-bfb91a27af67,final_diagnosis,,,,,,
RFEAB3880624F,consensus,30,efb00abc-9558-4529-ad40-bfb91a27af67,final_diagnosis,,,,,,
RFEAB3880624F,primary,31,29e511f8-2865-4d5f-b8b1-a56e0aaf909b,disposition,,,,,,
RFEAB3880624F,second,31,29e511f8-2865-4d5f-b8b1-a56e0aaf909b,disposition,,,,,,
RFEAB3880624F,consensus,31,29e511f8-2865-4d5f-b8b1-a56e0aaf909b,disposition,,,,,,
RFEAB3880624F,primary,32,12f91301-ec2a-4fd0-9c2d-84fed63c5cd3,plan_reason,,,,,,
RFEAB3880624F,second,32,12f91301-ec2a-4fd0-9c2d-84fed63c5cd3,plan_reason,,,,,,
RFEAB3880624F,consensus,32,12f91301-ec2a-4fd0-9c2d-84fed63c5cd3,plan_reason,,,,,,
RFEAB3880624F,primary,33,ef0dcece-ded8-4889-a9ad-4bdabbff1d94,ask_history,,,,,,
RFEAB3880624F,second,33,ef0dcece-ded8-4889-a9ad-4bdabbff1d94,ask_history,,,,,,
RFEAB3880624F,consensus,33,ef0dcece-ded8-4889-a9ad-4bdabbff1d94,ask_history,,,,,,
RFEAB3880624F,primary,34,2861d1ca-e58d-4436-ac6a-fc0da1b1f04a,request_lab,,,,,,
RFEAB3880624F,second,34,2861d1ca-e58d-4436-ac6a-fc0da1b1f04a,request_lab,,,,,,
RFEAB3880624F,consensus,34,2861d1ca-e58d-4436-ac6a-fc0da1b1f04a,request_lab,,,,,,
RFEAB3880624F,primary,35,2051ae6f-17a5-4755-82da-8f0c8367257b,plan_reason,,,,,,
RFEAB3880624F,second,35,2051ae6f-17a5-4755-82da-8f0c8367257b,plan_reason,,,,,,
RFEAB3880624F,consensus,35,2051ae6f-17a5-4755-82da-8f0c8367257b,plan_reason,,,,,,
RFEAB3880624F,primary,36,039604ec-6e3f-4257-b3a0-d191869fe61b,final_diagnosis,,,,,,
RFEAB3880624F,second,36,039604ec-6e3f-4257-b3a0-d191869fe61b,final_diagnosis,,,,,,
RFEAB3880624F,consensus,36,039604ec-6e3f-4257-b3a0-d191869fe61b,final_diagnosis,,,,,,
RFEAB3880624F,primary,37,4775d470-0039-4a78-9a43-e29429e07b62,disposition,,,,,,
RFEAB3880624F,second,37,4775d470-0039-4a78-9a43-e29429e07b62,disposition,,,,,,
RFEAB3880624F,consensus,37,4775d470-0039-4a78-9a43-e29429e07b62,disposition,,,,,,
RFEAB3880624F,primary,38,9f8de652-4503-4402-a6e3-529c2d5fc6a2,plan_reason,,,,,,
RFEAB3880624F,second,38,9f8de652-4503-4402-a6e3-529c2d5fc6a2,plan_reason,,,,,,
RFEAB3880624F,consensus,38,9f8de652-4503-4402-a6e3-529c2d5fc6a2,plan_reason,,,,,,
RFEAB3880624F,primary,39,3f4bb308-e34c-42d0-9f60-da13e77e8780,ask_history,,,,,,
RFEAB3880624F,second,39,3f4bb308-e34c-42d0-9f60-da13e77e8780,ask_history,,,,,,
RFEAB3880624F,consensus,39,3f4bb308-e34c-42d0-9f60-da13e77e8780,ask_history,,,,,,
RFEAB3880624F,primary,40,712e312a-5c37-48b3-a9f4-9ffbdb7e9ae2,request_lab,,,,,,
RFEAB3880624F,second,40,712e312a-5c37-48b3-a9f4-9ffbdb7e9ae2,request_lab,,,,,,
RFEAB3880624F,consensus,40,712e312a-5c37-48b3-a9f4-9ffbdb7e9ae2,request_lab,,,,,,
RAE4EF89CB641,primary,1,49d568f1-8bd1-41f0-8781-863199845e34,ask_history,,,,,,
RAE4EF89CB641,second,1,49d568f1-8bd1-41f0-8781-863199845e34,ask_history,,,,,,
RAE4EF89CB641,consensus,1,49d568f1-8bd1-41f0-8781-863199845e34,ask_history,,,,,,
RAE4EF89CB641,primary,2,1ad61418-94e4-4eea-8322-39a4691dd948,request_physical_exam,,,,,,
RAE4EF89CB641,second,2,1ad61418-94e4-4eea-8322-39a4691dd948,request_physical_exam,,,,,,
RAE4EF89CB641,consensus,2,1ad61418-94e4-4eea-8322-39a4691dd948,request_physical_exam,,,,,,
RAE4EF89CB641,primary,3,7169997b-0feb-442b-9269-ae98fe881fb8,ask_history,,,,,,
RAE4EF89CB641,second,3,7169997b-0feb-442b-9269-ae98fe881fb8,ask_history,,,,,,
RAE4EF89CB641,consensus,3,7169997b-0feb-442b-9269-ae98fe881fb8,ask_history,,,,,,
RAE4EF89CB641,primary,4,f587bec9-e8dd-447b-8d1f-902860ac02fc,request_physical_exam,,,,,,
RAE4EF89CB641,second,4,f587bec9-e8dd-447b-8d1f-902860ac02fc,request_physical_exam,,,,,,
RAE4EF89CB641,consensus,4,f587bec9-e8dd-447b-8d1f-902860ac02fc,request_physical_exam,,,,,,
RAE4EF89CB641,primary,5,0b844c8d-7d74-4369-987a-4af43abc72c7,ask_history,,,,,,
RAE4EF89CB641,second,5,0b844c8d-7d74-4369-987a-4af43abc72c7,ask_history,,,,,,
RAE4EF89CB641,consensus,5,0b844c8d-7d74-4369-987a-4af43abc72c7,ask_history,,,,,,
RAE4EF89CB641,primary,6,cfdbbc5a-87d2-4c9d-aeed-0647416304c0,request_physical_exam,,,,,,
RAE4EF89CB641,second,6,cfdbbc5a-87d2-4c9d-aeed-0647416304c0,request_physical_exam,,,,,,
RAE4EF89CB641,consensus,6,cfdbbc5a-87d2-4c9d-aeed-0647416304c0,request_physical_exam,,,,,,
RAE4EF89CB641,primary,7,daab5b0a-fe51-4ec0-b389-beda81758e74,plan_reason,,,,,,
RAE4EF89CB641,second,7,daab5b0a-fe51-4ec0-b389-beda81758e74,plan_reason,,,,,,
RAE4EF89CB641,consensus,7,daab5b0a-fe51-4ec0-b389-beda81758e74,plan_reason,,,,,,
RAE4EF89CB641,primary,8,9b64e601-3cd4-474f-b51c-cace3ba8b372,request_physical_exam,,,,,,
RAE4EF89CB641,second,8,9b64e601-3cd4-474f-b51c-cace3ba8b372,request_physical_exam,,,,,,
RAE4EF89CB641,consensus,8,9b64e601-3cd4-474f-b51c-cace3ba8b372,request_physical_exam,,,,,,
RAE4EF89CB641,primary,9,203d84e5-772e-43b9-8185-e1491ea110ec,plan_reason,,,,,,
RAE4EF89CB641,second,9,203d84e5-772e-43b9-8185-e1491ea110ec,plan_reason,,,,,,
RAE4EF89CB641,consensus,9,203d84e5-772e-43b9-8185-e1491ea110ec,plan_reason,,,,,,
RAE4EF89CB641,primary,10,4fbc91f7-aa30-4fd6-86b1-b52ccf03a507,request_physical_exam,,,,,,
RAE4EF89CB641,second,10,4fbc91f7-aa30-4fd6-86b1-b52ccf03a507,request_physical_exam,,,,,,
RAE4EF89CB641,consensus,10,4fbc91f7-aa30-4fd6-86b1-b52ccf03a507,request_physical_exam,,,,,,
RAE4EF89CB641,primary,11,d94744ed-b7de-4562-992e-91a5f44113b9,plan_reason,,,,,,
RAE4EF89CB641,second,11,d94744ed-b7de-4562-992e-91a5f44113b9,plan_reason,,,,,,
RAE4EF89CB641,consensus,11,d94744ed-b7de-4562-992e-91a5f44113b9,plan_reason,,,,,,
RAE4EF89CB641,primary,12,976ae8a9-51e3-4ab4-83b4-cdb9bb7640a4,request_physical_exam,,,,,,
RAE4EF89CB641,second,12,976ae8a9-51e3-4ab4-83b4-cdb9bb7640a4,request_physical_exam,,,,,,
RAE4EF89CB641,consensus,12,976ae8a9-51e3-4ab4-83b4-cdb9bb7640a4,request_physical_exam,,,,,,
RAE4EF89CB641,primary,13,8d787cc9-b72f-4353-a11f-ef1b5fe431c9,plan_reason,,,,,,
RAE4EF89CB641,second,13,8d787cc9-b72f-4353-a11f-ef1b5fe431c9,plan_reason,,,,,,
RAE4EF89CB641,consensus,13,8d787cc9-b72f-4353-a11f-ef1b5fe431c9,plan_reason,,,,,,
RAE4EF89CB641,primary,14,6b86c6d5-cb6e-4c30-9ae1-b5ebdcdd794b,request_physical_exam,,,,,,
RAE4EF89CB641,second,14,6b86c6d5-cb6e-4c30-9ae1-b5ebdcdd794b,request_physical_exam,,,,,,
RAE4EF89CB641,consensus,14,6b86c6d5-cb6e-4c30-9ae1-b5ebdcdd794b,request_physical_exam,,,,,,
RAE4EF89CB641,primary,15,f9a9a5e1-b102-40b9-9e42-b2a6b0977644,plan_reason,,,,,,
RAE4EF89CB641,second,15,f9a9a5e1-b102-40b9-9e42-b2a6b0977644,plan_reason,,,,,,
RAE4EF89CB641,consensus,15,f9a9a5e1-b102-40b9-9e42-b2a6b0977644,plan_reason,,,,,,
RAE4EF89CB641,primary,16,7f8dc0f2-f768-4caa-be2c-060438ce87af,request_physical_exam,,,,,,
RAE4EF89CB641,second,16,7f8dc0f2-f768-4caa-be2c-060438ce87af,request_physical_exam,,,,,,
RAE4EF89CB641,consensus,16,7f8dc0f2-f768-4caa-be2c-060438ce87af,request_physical_exam,,,,,,
RAE4EF89CB641,primary,17,e4d73c74-b0cb-4ce5-9574-705aa0777241,plan_reason,,,,,,
RAE4EF89CB641,second,17,e4d73c74-b0cb-4ce5-9574-705aa0777241,plan_reason,,,,,,
RAE4EF89CB641,consensus,17,e4d73c74-b0cb-4ce5-9574-705aa0777241,plan_reason,,,,,,
RAE4EF89CB641,primary,18,bdaa7fda-1289-443d-99f5-32ad801c6e73,request_physical_exam,,,,,,
RAE4EF89CB641,second,18,bdaa7fda-1289-443d-99f5-32ad801c6e73,request_physical_exam,,,,,,
RAE4EF89CB641,consensus,18,bdaa7fda-1289-443d-99f5-32ad801c6e73,request_physical_exam,,,,,,
RAE4EF89CB641,primary,19,8183c8f3-4a87-4fe7-83c4-ddca620be7c2,plan_reason,,,,,,
RAE4EF89CB641,second,19,8183c8f3-4a87-4fe7-83c4-ddca620be7c2,plan_reason,,,,,,
RAE4EF89CB641,consensus,19,8183c8f3-4a87-4fe7-83c4-ddca620be7c2,plan_reason,,,,,,
RAE4EF89CB641,primary,20,c54ab49c-8a7c-4c9f-99a8-2a9b59d2e278,request_physical_exam,,,,,,
RAE4EF89CB641,second,20,c54ab49c-8a7c-4c9f-99a8-2a9b59d2e278,request_physical_exam,,,,,,
RAE4EF89CB641,consensus,20,c54ab49c-8a7c-4c9f-99a8-2a9b59d2e278,request_physical_exam,,,,,,
RAE4EF89CB641,primary,21,695925a6-2c51-4207-9b9c-4ccd7f6f6617,plan_reason,,,,,,
RAE4EF89CB641,second,21,695925a6-2c51-4207-9b9c-4ccd7f6f6617,plan_reason,,,,,,
RAE4EF89CB641,consensus,21,695925a6-2c51-4207-9b9c-4ccd7f6f6617,plan_reason,,,,,,
RAE4EF89CB641,primary,22,12cd74ce-b2e6-48be-99c2-6ba4f7f89af8,request_physical_exam,,,,,,
RAE4EF89CB641,second,22,12cd74ce-b2e6-48be-99c2-6ba4f7f89af8,request_physical_exam,,,,,,
RAE4EF89CB641,consensus,22,12cd74ce-b2e6-48be-99c2-6ba4f7f89af8,request_physical_exam,,,,,,
RAE4EF89CB641,primary,23,a12df11b-6392-4052-8ebf-8c733cf0fa7f,plan_reason,,,,,,
RAE4EF89CB641,second,23,a12df11b-6392-4052-8ebf-8c733cf0fa7f,plan_reason,,,,,,
RAE4EF89CB641,consensus,23,a12df11b-6392-4052-8ebf-8c733cf0fa7f,plan_reason,,,,,,
RAE4EF89CB641,primary,24,ee402abd-8ba2-4037-978b-6eeba94510bd,request_physical_exam,,,,,,
RAE4EF89CB641,second,24,ee402abd-8ba2-4037-978b-6eeba94510bd,request_physical_exam,,,,,,
RAE4EF89CB641,consensus,24,ee402abd-8ba2-4037-978b-6eeba94510bd,request_physical_exam,,,,,,
RAE4EF89CB641,primary,25,2c443b61-6efa-4e7e-87b2-fc6695a9bcb1,plan_reason,,,,,,
RAE4EF89CB641,second,25,2c443b61-6efa-4e7e-87b2-fc6695a9bcb1,plan_reason,,,,,,
RAE4EF89CB641,consensus,25,2c443b61-6efa-4e7e-87b2-fc6695a9bcb1,plan_reason,,,,,,
RAE4EF89CB641,primary,26,4a8a700d-174a-46fc-a350-f478af717643,request_physical_exam,,,,,,
RAE4EF89CB641,second,26,4a8a700d-174a-46fc-a350-f478af717643,request_physical_exam,,,,,,
RAE4EF89CB641,consensus,26,4a8a700d-174a-46fc-a350-f478af717643,request_physical_exam,,,,,,
RAE4EF89CB641,primary,27,505380bf-6772-43e9-9442-1e540588d702,plan_reason,,,,,,
RAE4EF89CB641,second,27,505380bf-6772-43e9-9442-1e540588d702,plan_reason,,,,,,
RAE4EF89CB641,consensus,27,505380bf-6772-43e9-9442-1e540588d702,plan_reason,,,,,,
RAE4EF89CB641,primary,28,a8d6e93e-cd72-490e-bdb7-86b292ac3908,request_physical_exam,,,,,,
RAE4EF89CB641,second,28,a8d6e93e-cd72-490e-bdb7-86b292ac3908,request_physical_exam,,,,,,
RAE4EF89CB641,consensus,28,a8d6e93e-cd72-490e-bdb7-86b292ac3908,request_physical_exam,,,,,,
RAE4EF89CB641,primary,29,0a94867f-6681-4809-b80e-dc7e66fdb81b,plan_reason,,,,,,
RAE4EF89CB641,second,29,0a94867f-6681-4809-b80e-dc7e66fdb81b,plan_reason,,,,,,
RAE4EF89CB641,consensus,29,0a94867f-6681-4809-b80e-dc7e66fdb81b,plan_reason,,,,,,
RAE4EF89CB641,primary,30,36a04b4c-08fc-4c2f-a585-dfd3d2b4154b,request_physical_exam,,,,,,
RAE4EF89CB641,second,30,36a04b4c-08fc-4c2f-a585-dfd3d2b4154b,request_physical_exam,,,,,,
RAE4EF89CB641,consensus,30,36a04b4c-08fc-4c2f-a585-dfd3d2b4154b,request_physical_exam,,,,,,
RAE4EF89CB641,primary,31,f39fe53c-a72c-4c5e-9836-778f63919676,plan_reason,,,,,,
RAE4EF89CB641,second,31,f39fe53c-a72c-4c5e-9836-778f63919676,plan_reason,,,,,,
RAE4EF89CB641,consensus,31,f39fe53c-a72c-4c5e-9836-778f63919676,plan_reason,,,,,,
RAE4EF89CB641,primary,32,7428f322-8883-4fc4-9610-5e3cea8e0a57,request_physical_exam,,,,,,
RAE4EF89CB641,second,32,7428f322-8883-4fc4-9610-5e3cea8e0a57,request_physical_exam,,,,,,
RAE4EF89CB641,consensus,32,7428f322-8883-4fc4-9610-5e3cea8e0a57,request_physical_exam,,,,,,
RAE4EF89CB641,primary,33,f4401a93-2b31-4463-ba99-9a6abd93c987,plan_reason,,,,,,
RAE4EF89CB641,second,33,f4401a93-2b31-4463-ba99-9a6abd93c987,plan_reason,,,,,,
RAE4EF89CB641,consensus,33,f4401a93-2b31-4463-ba99-9a6abd93c987,plan_reason,,,,,,
RAE4EF89CB641,primary,34,ee53cb73-312e-4d4d-b469-047a5d33eeae,request_physical_exam,,,,,,
RAE4EF89CB641,second,34,ee53cb73-312e-4d4d-b469-047a5d33eeae,request_physical_exam,,,,,,
RAE4EF89CB641,consensus,34,ee53cb73-312e-4d4d-b469-047a5d33eeae,request_physical_exam,,,,,,
RAE4EF89CB641,primary,35,2b6dbb5b-28bc-480f-a0c4-c2c9e250f4ab,plan_reason,,,,,,
RAE4EF89CB641,second,35,2b6dbb5b-28bc-480f-a0c4-c2c9e250f4ab,plan_reason,,,,,,
RAE4EF89CB641,consensus,35,2b6dbb5b-28bc-480f-a0c4-c2c9e250f4ab,plan_reason,,,,,,
RAE4EF89CB641,primary,36,f5de260e-9efd-4bc9-9eea-2e6fbd2b9d91,request_physical_exam,,,,,,
RAE4EF89CB641,second,36,f5de260e-9efd-4bc9-9eea-2e6fbd2b9d91,request_physical_exam,,,,,,
RAE4EF89CB641,consensus,36,f5de260e-9efd-4bc9-9eea-2e6fbd2b9d91,request_physical_exam,,,,,,
RAE4EF89CB641,primary,37,ed2e70f0-7260-4a3e-8bce-e93f07a4eb2d,plan_reason,,,,,,
RAE4EF89CB641,second,37,ed2e70f0-7260-4a3e-8bce-e93f07a4eb2d,plan_reason,,,,,,
RAE4EF89CB641,consensus,37,ed2e70f0-7260-4a3e-8bce-e93f07a4eb2d,plan_reason,,,,,,
RAE4EF89CB641,primary,38,739739b4-589d-4b9c-9d3b-35ac75b4aa2a,request_physical_exam,,,,,,
RAE4EF89CB641,second,38,739739b4-589d-4b9c-9d3b-35ac75b4aa2a,request_physical_exam,,,,,,
RAE4EF89CB641,consensus,38,739739b4-589d-4b9c-9d3b-35ac75b4aa2a,request_physical_exam,,,,,,
RAE4EF89CB641,primary,39,8f0c380f-b6bf-4864-a0e6-330d711bf576,plan_reason,,,,,,
RAE4EF89CB641,second,39,8f0c380f-b6bf-4864-a0e6-330d711bf576,plan_reason,,,,,,
RAE4EF89CB641,consensus,39,8f0c380f-b6bf-4864-a0e6-330d711bf576,plan_reason,,,,,,
RAE4EF89CB641,primary,40,682bccb3-308f-4116-a8af-e2edf5ae7131,request_physical_exam,,,,,,
RAE4EF89CB641,second,40,682bccb3-308f-4116-a8af-e2edf5ae7131,request_physical_exam,,,,,,
RAE4EF89CB641,consensus,40,682bccb3-308f-4116-a8af-e2edf5ae7131,request_physical_exam,,,,,,
R9F83B5F9B9D2,primary,1,c49451df-5271-4b93-8f09-afb9f84efba8,request_physical_exam,,,,,,
R9F83B5F9B9D2,second,1,c49451df-5271-4b93-8f09-afb9f84efba8,request_physical_exam,,,,,,
R9F83B5F9B9D2,consensus,1,c49451df-5271-4b93-8f09-afb9f84efba8,request_physical_exam,,,,,,
R9F83B5F9B9D2,primary,2,81ba2296-0fe6-450d-a1c3-cc6bd8488737,ask_history,,,,,,
R9F83B5F9B9D2,second,2,81ba2296-0fe6-450d-a1c3-cc6bd8488737,ask_history,,,,,,
R9F83B5F9B9D2,consensus,2,81ba2296-0fe6-450d-a1c3-cc6bd8488737,ask_history,,,,,,
R9F83B5F9B9D2,primary,3,552a6a1e-f29e-45ec-a774-cb1d207f76c1,ask_history,,,,,,
R9F83B5F9B9D2,second,3,552a6a1e-f29e-45ec-a774-cb1d207f76c1,ask_history,,,,,,
R9F83B5F9B9D2,consensus,3,552a6a1e-f29e-45ec-a774-cb1d207f76c1,ask_history,,,,,,
R9F83B5F9B9D2,primary,4,8c08b8b4-0c2e-46c4-a112-20d20366fea8,request_physical_exam,,,,,,
R9F83B5F9B9D2,second,4,8c08b8b4-0c2e-46c4-a112-20d20366fea8,request_physical_exam,,,,,,
R9F83B5F9B9D2,consensus,4,8c08b8b4-0c2e-46c4-a112-20d20366fea8,request_physical_exam,,,,,,
R9F83B5F9B9D2,primary,5,428fbd0d-d572-4ab1-9156-68105be8f3c8,request_imaging,,,,,,
R9F83B5F9B9D2,second,5,428fbd0d-d572-4ab1-9156-68105be8f3c8,request_imaging,,,,,,
R9F83B5F9B9D2,consensus,5,428fbd0d-d572-4ab1-9156-68105be8f3c8,request_imaging,,,,,,
R9F83B5F9B9D2,primary,6,9a12a7b2-02eb-4692-9d37-c3f7bf6edd47,plan_reason,,,,,,
R9F83B5F9B9D2,second,6,9a12a7b2-02eb-4692-9d37-c3f7bf6edd47,plan_reason,,,,,,
R9F83B5F9B9D2,consensus,6,9a12a7b2-02eb-4692-9d37-c3f7bf6edd47,plan_reason,,,,,,
R9F83B5F9B9D2,primary,7,12c17988-c736-4718-8fa5-97b29ea2895b,request_procedure,,,,,,
R9F83B5F9B9D2,second,7,12c17988-c736-4718-8fa5-97b29ea2895b,request_procedure,,,,,,
R9F83B5F9B9D2,consensus,7,12c17988-c736-4718-8fa5-97b29ea2895b,request_procedure,,,,,,
R9F83B5F9B9D2,primary,8,e6c02de8-83a5-468c-a023-deb02a9fd8e3,request_lab,,,,,,
R9F83B5F9B9D2,second,8,e6c02de8-83a5-468c-a023-deb02a9fd8e3,request_lab,,,,,,
R9F83B5F9B9D2,consensus,8,e6c02de8-83a5-468c-a023-deb02a9fd8e3,request_lab,,,,,,
R9F83B5F9B9D2,primary,9,d443aee0-9af1-4ce1-ab25-67c537d62002,ask_history,,,,,,
R9F83B5F9B9D2,second,9,d443aee0-9af1-4ce1-ab25-67c537d62002,ask_history,,,,,,
R9F83B5F9B9D2,consensus,9,d443aee0-9af1-4ce1-ab25-67c537d62002,ask_history,,,,,,
R9F83B5F9B9D2,primary,10,87003c2e-6666-42c4-8df0-1eef766ba6f7,request_physical_exam,,,,,,
R9F83B5F9B9D2,second,10,87003c2e-6666-42c4-8df0-1eef766ba6f7,request_physical_exam,,,,,,
R9F83B5F9B9D2,consensus,10,87003c2e-6666-42c4-8df0-1eef766ba6f7,request_physical_exam,,,,,,
R9F83B5F9B9D2,primary,11,c28c9cee-7d47-4b4f-9e5e-c04c99acc597,prescribe_medication,,,,,,
R9F83B5F9B9D2,second,11,c28c9cee-7d47-4b4f-9e5e-c04c99acc597,prescribe_medication,,,,,,
R9F83B5F9B9D2,consensus,11,c28c9cee-7d47-4b4f-9e5e-c04c99acc597,prescribe_medication,,,,,,
R9F83B5F9B9D2,primary,12,cc539273-26ad-49ce-b6a0-d95bc4712d98,final_diagnosis,,,,,,
R9F83B5F9B9D2,second,12,cc539273-26ad-49ce-b6a0-d95bc4712d98,final_diagnosis,,,,,,
R9F83B5F9B9D2,consensus,12,cc539273-26ad-49ce-b6a0-d95bc4712d98,final_diagnosis,,,,,,
R9F83B5F9B9D2,primary,13,7e5d045e-685c-4fc8-a57f-43978f900e96,disposition,,,,,,
R9F83B5F9B9D2,second,13,7e5d045e-685c-4fc8-a57f-43978f900e96,disposition,,,,,,
R9F83B5F9B9D2,consensus,13,7e5d045e-685c-4fc8-a57f-43978f900e96,disposition,,,,,,
RCB6322B09994,primary,1,844712c4-e151-47f6-b39b-10d1bdb80144,request_physical_exam,,,,,,
RCB6322B09994,second,1,844712c4-e151-47f6-b39b-10d1bdb80144,request_physical_exam,,,,,,
RCB6322B09994,consensus,1,844712c4-e151-47f6-b39b-10d1bdb80144,request_physical_exam,,,,,,
RCB6322B09994,primary,2,17b00b50-fd19-434c-8c8f-180d2e9dea64,ask_history,,,,,,
RCB6322B09994,second,2,17b00b50-fd19-434c-8c8f-180d2e9dea64,ask_history,,,,,,
RCB6322B09994,consensus,2,17b00b50-fd19-434c-8c8f-180d2e9dea64,ask_history,,,,,,
RCB6322B09994,primary,3,b6e0b42d-37ae-4b71-b949-71a8902e1dfa,request_imaging,,,,,,
RCB6322B09994,second,3,b6e0b42d-37ae-4b71-b949-71a8902e1dfa,request_imaging,,,,,,
RCB6322B09994,consensus,3,b6e0b42d-37ae-4b71-b949-71a8902e1dfa,request_imaging,,,,,,
RCB6322B09994,primary,4,71b710b4-ef9a-4a4e-9c64-e672bc67bd61,ask_history,,,,,,
RCB6322B09994,second,4,71b710b4-ef9a-4a4e-9c64-e672bc67bd61,ask_history,,,,,,
RCB6322B09994,consensus,4,71b710b4-ef9a-4a4e-9c64-e672bc67bd61,ask_history,,,,,,
RCB6322B09994,primary,5,4d9962fe-d20a-438e-8623-f12b99433547,request_imaging,,,,,,
RCB6322B09994,second,5,4d9962fe-d20a-438e-8623-f12b99433547,request_imaging,,,,,,
RCB6322B09994,consensus,5,4d9962fe-d20a-438e-8623-f12b99433547,request_imaging,,,,,,
RCB6322B09994,primary,6,298e63b8-36bc-41eb-8edd-e281c1efe83d,plan_reason,,,,,,
RCB6322B09994,second,6,298e63b8-36bc-41eb-8edd-e281c1efe83d,plan_reason,,,,,,
RCB6322B09994,consensus,6,298e63b8-36bc-41eb-8edd-e281c1efe83d,plan_reason,,,,,,
RCB6322B09994,primary,7,dce060f8-4e89-43dd-b6fd-f44566924839,request_procedure,,,,,,
RCB6322B09994,second,7,dce060f8-4e89-43dd-b6fd-f44566924839,request_procedure,,,,,,
RCB6322B09994,consensus,7,dce060f8-4e89-43dd-b6fd-f44566924839,request_procedure,,,,,,
RCB6322B09994,primary,8,44428fb2-6bf9-4a00-bf39-089307355ce9,ask_history,,,,,,
RCB6322B09994,second,8,44428fb2-6bf9-4a00-bf39-089307355ce9,ask_history,,,,,,
RCB6322B09994,consensus,8,44428fb2-6bf9-4a00-bf39-089307355ce9,ask_history,,,,,,
RCB6322B09994,primary,9,8576a1e6-3cf2-4fd8-9203-34247b8920e3,request_procedure,,,,,,
RCB6322B09994,second,9,8576a1e6-3cf2-4fd8-9203-34247b8920e3,request_procedure,,,,,,
RCB6322B09994,consensus,9,8576a1e6-3cf2-4fd8-9203-34247b8920e3,request_procedure,,,,,,
RCB6322B09994,primary,10,1001e0be-35a0-4e48-8e6f-7c0bd573069c,request_imaging,,,,,,
RCB6322B09994,second,10,1001e0be-35a0-4e48-8e6f-7c0bd573069c,request_imaging,,,,,,
RCB6322B09994,consensus,10,1001e0be-35a0-4e48-8e6f-7c0bd573069c,request_imaging,,,,,,
RCB6322B09994,primary,11,f36674c0-355f-43b4-8e7e-02e4773058d8,final_diagnosis,,,,,,
RCB6322B09994,second,11,f36674c0-355f-43b4-8e7e-02e4773058d8,final_diagnosis,,,,,,
RCB6322B09994,consensus,11,f36674c0-355f-43b4-8e7e-02e4773058d8,final_diagnosis,,,,,,
RCB6322B09994,primary,12,be38b94f-95ef-4b24-bc8e-a979417c4387,disposition,,,,,,
RCB6322B09994,second,12,be38b94f-95ef-4b24-bc8e-a979417c4387,disposition,,,,,,
RCB6322B09994,consensus,12,be38b94f-95ef-4b24-bc8e-a979417c4387,disposition,,,,,,
RBEAD5BED9399,primary,1,c279a3e1-f437-45e6-846d-86a0da954279,ask_history,,,,,,
RBEAD5BED9399,second,1,c279a3e1-f437-45e6-846d-86a0da954279,ask_history,,,,,,
RBEAD5BED9399,consensus,1,c279a3e1-f437-45e6-846d-86a0da954279,ask_history,,,,,,
RBEAD5BED9399,primary,2,630f71cc-beec-40b4-a0c4-e7cb774b699c,request_physical_exam,,,,,,
RBEAD5BED9399,second,2,630f71cc-beec-40b4-a0c4-e7cb774b699c,request_physical_exam,,,,,,
RBEAD5BED9399,consensus,2,630f71cc-beec-40b4-a0c4-e7cb774b699c,request_physical_exam,,,,,,
RBEAD5BED9399,primary,3,2026d31d-6f90-40e3-92f5-82a56611981c,plan_reason,,,,,,
RBEAD5BED9399,second,3,2026d31d-6f90-40e3-92f5-82a56611981c,plan_reason,,,,,,
RBEAD5BED9399,consensus,3,2026d31d-6f90-40e3-92f5-82a56611981c,plan_reason,,,,,,
RBEAD5BED9399,primary,4,aa3ce34d-3ad7-429b-8156-c2e169645983,request_imaging,,,,,,
RBEAD5BED9399,second,4,aa3ce34d-3ad7-429b-8156-c2e169645983,request_imaging,,,,,,
RBEAD5BED9399,consensus,4,aa3ce34d-3ad7-429b-8156-c2e169645983,request_imaging,,,,,,
RBEAD5BED9399,primary,5,be6254c1-ee79-4418-bd0b-cb903ee4ffb3,request_lab,,,,,,
RBEAD5BED9399,second,5,be6254c1-ee79-4418-bd0b-cb903ee4ffb3,request_lab,,,,,,
RBEAD5BED9399,consensus,5,be6254c1-ee79-4418-bd0b-cb903ee4ffb3,request_lab,,,,,,
RBEAD5BED9399,primary,6,01af32c6-a6cf-4323-af60-740006fd4fad,plan_reason,,,,,,
RBEAD5BED9399,second,6,01af32c6-a6cf-4323-af60-740006fd4fad,plan_reason,,,,,,
RBEAD5BED9399,consensus,6,01af32c6-a6cf-4323-af60-740006fd4fad,plan_reason,,,,,,
RBEAD5BED9399,primary,7,52f71a97-fa0d-48c8-922f-0c3bf60ab150,request_procedure,,,,,,
RBEAD5BED9399,second,7,52f71a97-fa0d-48c8-922f-0c3bf60ab150,request_procedure,,,,,,
RBEAD5BED9399,consensus,7,52f71a97-fa0d-48c8-922f-0c3bf60ab150,request_procedure,,,,,,
RBEAD5BED9399,primary,8,1642adf1-7c06-4fc9-8fe5-1e7202743e2a,plan_reason,,,,,,
RBEAD5BED9399,second,8,1642adf1-7c06-4fc9-8fe5-1e7202743e2a,plan_reason,,,,,,
RBEAD5BED9399,consensus,8,1642adf1-7c06-4fc9-8fe5-1e7202743e2a,plan_reason,,,,,,
RBEAD5BED9399,primary,9,6c0422e8-9cf1-44b1-bf6f-bd7601c6e89b,final_diagnosis,,,,,,
RBEAD5BED9399,second,9,6c0422e8-9cf1-44b1-bf6f-bd7601c6e89b,final_diagnosis,,,,,,
RBEAD5BED9399,consensus,9,6c0422e8-9cf1-44b1-bf6f-bd7601c6e89b,final_diagnosis,,,,,,
RBEAD5BED9399,primary,10,c2ac1496-a61e-495d-a1bb-e6539109d936,disposition,,,,,,
RBEAD5BED9399,second,10,c2ac1496-a61e-495d-a1bb-e6539109d936,disposition,,,,,,
RBEAD5BED9399,consensus,10,c2ac1496-a61e-495d-a1bb-e6539109d936,disposition,,,,,,
R73354C150ED9,primary,1,da58077f-8dd8-40ae-826f-83e3faa53869,request_physical_exam,,,,,,
R73354C150ED9,second,1,da58077f-8dd8-40ae-826f-83e3faa53869,request_physical_exam,,,,,,
R73354C150ED9,consensus,1,da58077f-8dd8-40ae-826f-83e3faa53869,request_physical_exam,,,,,,
R73354C150ED9,primary,2,c4d36e60-fb3e-44df-9640-bba3fb52534b,ask_history,,,,,,
R73354C150ED9,second,2,c4d36e60-fb3e-44df-9640-bba3fb52534b,ask_history,,,,,,
R73354C150ED9,consensus,2,c4d36e60-fb3e-44df-9640-bba3fb52534b,ask_history,,,,,,
R73354C150ED9,primary,3,0a10ea4e-d864-4e5e-bbb1-cf93f45b6f55,request_lab,,,,,,
R73354C150ED9,second,3,0a10ea4e-d864-4e5e-bbb1-cf93f45b6f55,request_lab,,,,,,
R73354C150ED9,consensus,3,0a10ea4e-d864-4e5e-bbb1-cf93f45b6f55,request_lab,,,,,,
R73354C150ED9,primary,4,e58c4558-3e18-4732-82ec-920abca79022,request_imaging,,,,,,
R73354C150ED9,second,4,e58c4558-3e18-4732-82ec-920abca79022,request_imaging,,,,,,
R73354C150ED9,consensus,4,e58c4558-3e18-4732-82ec-920abca79022,request_imaging,,,,,,
R73354C150ED9,primary,5,ad4453d5-c936-4089-9ec4-6168cf9e81cf,ask_history,,,,,,
R73354C150ED9,second,5,ad4453d5-c936-4089-9ec4-6168cf9e81cf,ask_history,,,,,,
R73354C150ED9,consensus,5,ad4453d5-c936-4089-9ec4-6168cf9e81cf,ask_history,,,,,,
R73354C150ED9,primary,6,f380a9f7-c101-442c-b459-d80356b9bd0a,plan_reason,,,,,,
R73354C150ED9,second,6,f380a9f7-c101-442c-b459-d80356b9bd0a,plan_reason,,,,,,
R73354C150ED9,consensus,6,f380a9f7-c101-442c-b459-d80356b9bd0a,plan_reason,,,,,,
R73354C150ED9,primary,7,749cb9c9-65d6-461f-be93-156e8f712298,ask_history,,,,,,
R73354C150ED9,second,7,749cb9c9-65d6-461f-be93-156e8f712298,ask_history,,,,,,
R73354C150ED9,consensus,7,749cb9c9-65d6-461f-be93-156e8f712298,ask_history,,,,,,
R73354C150ED9,primary,8,ee433731-bdf5-449d-823c-0bf216f64c91,request_procedure,,,,,,
R73354C150ED9,second,8,ee433731-bdf5-449d-823c-0bf216f64c91,request_procedure,,,,,,
R73354C150ED9,consensus,8,ee433731-bdf5-449d-823c-0bf216f64c91,request_procedure,,,,,,
R73354C150ED9,primary,9,7bcbfab9-b320-4eee-9fdc-e6728e6960b4,prescribe_medication,,,,,,
R73354C150ED9,second,9,7bcbfab9-b320-4eee-9fdc-e6728e6960b4,prescribe_medication,,,,,,
R73354C150ED9,consensus,9,7bcbfab9-b320-4eee-9fdc-e6728e6960b4,prescribe_medication,,,,,,
R73354C150ED9,primary,10,358aaafa-8558-4d5a-92a7-7b5ed0ab7866,final_diagnosis,,,,,,
R73354C150ED9,second,10,358aaafa-8558-4d5a-92a7-7b5ed0ab7866,final_diagnosis,,,,,,
R73354C150ED9,consensus,10,358aaafa-8558-4d5a-92a7-7b5ed0ab7866,final_diagnosis,,,,,,
R73354C150ED9,primary,11,73ecd7d1-01e9-4db5-9d0f-bf12e185c9c9,disposition,,,,,,
R73354C150ED9,second,11,73ecd7d1-01e9-4db5-9d0f-bf12e185c9c9,disposition,,,,,,
R73354C150ED9,consensus,11,73ecd7d1-01e9-4db5-9d0f-bf12e185c9c9,disposition,,,,,,
R09ADED5AB207,primary,1,50f737f5-ccec-493d-b7ec-490fdf91a26f,ask_history,,,,,,
R09ADED5AB207,second,1,50f737f5-ccec-493d-b7ec-490fdf91a26f,ask_history,,,,,,
R09ADED5AB207,consensus,1,50f737f5-ccec-493d-b7ec-490fdf91a26f,ask_history,,,,,,
R09ADED5AB207,primary,2,d56a9403-35ae-4027-871d-2fbd731dc373,request_physical_exam,,,,,,
R09ADED5AB207,second,2,d56a9403-35ae-4027-871d-2fbd731dc373,request_physical_exam,,,,,,
R09ADED5AB207,consensus,2,d56a9403-35ae-4027-871d-2fbd731dc373,request_physical_exam,,,,,,
R09ADED5AB207,primary,3,274d9a4e-5139-43f7-a123-71f51ce6f465,ask_history,,,,,,
R09ADED5AB207,second,3,274d9a4e-5139-43f7-a123-71f51ce6f465,ask_history,,,,,,
R09ADED5AB207,consensus,3,274d9a4e-5139-43f7-a123-71f51ce6f465,ask_history,,,,,,
R09ADED5AB207,primary,4,3b50d3d3-8597-446e-9f74-8700e1d96f2a,request_physical_exam,,,,,,
R09ADED5AB207,second,4,3b50d3d3-8597-446e-9f74-8700e1d96f2a,request_physical_exam,,,,,,
R09ADED5AB207,consensus,4,3b50d3d3-8597-446e-9f74-8700e1d96f2a,request_physical_exam,,,,,,
R09ADED5AB207,primary,5,6c6d578d-1292-4d09-8057-39d3c8d469aa,ask_history,,,,,,
R09ADED5AB207,second,5,6c6d578d-1292-4d09-8057-39d3c8d469aa,ask_history,,,,,,
R09ADED5AB207,consensus,5,6c6d578d-1292-4d09-8057-39d3c8d469aa,ask_history,,,,,,
R09ADED5AB207,primary,6,27610e59-3e55-42a7-80c5-db0cda70fb90,request_physical_exam,,,,,,
R09ADED5AB207,second,6,27610e59-3e55-42a7-80c5-db0cda70fb90,request_physical_exam,,,,,,
R09ADED5AB207,consensus,6,27610e59-3e55-42a7-80c5-db0cda70fb90,request_physical_exam,,,,,,
R09ADED5AB207,primary,7,5023d9d8-d715-47ce-b786-c3d990bfee4d,ask_history,,,,,,
R09ADED5AB207,second,7,5023d9d8-d715-47ce-b786-c3d990bfee4d,ask_history,,,,,,
R09ADED5AB207,consensus,7,5023d9d8-d715-47ce-b786-c3d990bfee4d,ask_history,,,,,,
R09ADED5AB207,primary,8,313e03c1-f188-4bff-84d5-7659c813f4ba,request_physical_exam,,,,,,
R09ADED5AB207,second,8,313e03c1-f188-4bff-84d5-7659c813f4ba,request_physical_exam,,,,,,
R09ADED5AB207,consensus,8,313e03c1-f188-4bff-84d5-7659c813f4ba,request_physical_exam,,,,,,
R09ADED5AB207,primary,9,c802d79e-5e29-4ac8-9a1a-78df171cdcdf,ask_history,,,,,,
R09ADED5AB207,second,9,c802d79e-5e29-4ac8-9a1a-78df171cdcdf,ask_history,,,,,,
R09ADED5AB207,consensus,9,c802d79e-5e29-4ac8-9a1a-78df171cdcdf,ask_history,,,,,,
R09ADED5AB207,primary,10,4354c040-efb8-4bf4-b031-642a621901fc,request_physical_exam,,,,,,
R09ADED5AB207,second,10,4354c040-efb8-4bf4-b031-642a621901fc,request_physical_exam,,,,,,
R09ADED5AB207,consensus,10,4354c040-efb8-4bf4-b031-642a621901fc,request_physical_exam,,,,,,
R09ADED5AB207,primary,11,026804fe-58c6-4d7c-b567-8ba179d1eb25,ask_history,,,,,,
R09ADED5AB207,second,11,026804fe-58c6-4d7c-b567-8ba179d1eb25,ask_history,,,,,,
R09ADED5AB207,consensus,11,026804fe-58c6-4d7c-b567-8ba179d1eb25,ask_history,,,,,,
R09ADED5AB207,primary,12,5cd0ae9a-0357-4ccc-af4c-69b80f1aa703,request_physical_exam,,,,,,
R09ADED5AB207,second,12,5cd0ae9a-0357-4ccc-af4c-69b80f1aa703,request_physical_exam,,,,,,
R09ADED5AB207,consensus,12,5cd0ae9a-0357-4ccc-af4c-69b80f1aa703,request_physical_exam,,,,,,
R09ADED5AB207,primary,13,6959b8cd-2748-4c9d-a318-50093895ee3e,ask_history,,,,,,
R09ADED5AB207,second,13,6959b8cd-2748-4c9d-a318-50093895ee3e,ask_history,,,,,,
R09ADED5AB207,consensus,13,6959b8cd-2748-4c9d-a318-50093895ee3e,ask_history,,,,,,
R09ADED5AB207,primary,14,96f68bd0-cf9c-4d26-9271-8132481c42a7,request_physical_exam,,,,,,
R09ADED5AB207,second,14,96f68bd0-cf9c-4d26-9271-8132481c42a7,request_physical_exam,,,,,,
R09ADED5AB207,consensus,14,96f68bd0-cf9c-4d26-9271-8132481c42a7,request_physical_exam,,,,,,
R09ADED5AB207,primary,15,3f9fd0f7-1e70-4cff-831b-1e5497c0d18d,ask_history,,,,,,
R09ADED5AB207,second,15,3f9fd0f7-1e70-4cff-831b-1e5497c0d18d,ask_history,,,,,,
R09ADED5AB207,consensus,15,3f9fd0f7-1e70-4cff-831b-1e5497c0d18d,ask_history,,,,,,
R09ADED5AB207,primary,16,e0650899-7e38-4d8a-89ad-c7c6935c6914,request_physical_exam,,,,,,
R09ADED5AB207,second,16,e0650899-7e38-4d8a-89ad-c7c6935c6914,request_physical_exam,,,,,,
R09ADED5AB207,consensus,16,e0650899-7e38-4d8a-89ad-c7c6935c6914,request_physical_exam,,,,,,
R09ADED5AB207,primary,17,99ed46a8-6c0c-40d7-abc0-13c5d4508fff,ask_history,,,,,,
R09ADED5AB207,second,17,99ed46a8-6c0c-40d7-abc0-13c5d4508fff,ask_history,,,,,,
R09ADED5AB207,consensus,17,99ed46a8-6c0c-40d7-abc0-13c5d4508fff,ask_history,,,,,,
R09ADED5AB207,primary,18,dcc13ad1-7e47-4ef3-9c65-323b36b3dc58,request_physical_exam,,,,,,
R09ADED5AB207,second,18,dcc13ad1-7e47-4ef3-9c65-323b36b3dc58,request_physical_exam,,,,,,
R09ADED5AB207,consensus,18,dcc13ad1-7e47-4ef3-9c65-323b36b3dc58,request_physical_exam,,,,,,
R09ADED5AB207,primary,19,30585733-ff31-4a3a-b9bf-7772ce34516e,ask_history,,,,,,
R09ADED5AB207,second,19,30585733-ff31-4a3a-b9bf-7772ce34516e,ask_history,,,,,,
R09ADED5AB207,consensus,19,30585733-ff31-4a3a-b9bf-7772ce34516e,ask_history,,,,,,
R09ADED5AB207,primary,20,9346b0f3-5611-49e0-a0e3-3271bbe7146f,request_physical_exam,,,,,,
R09ADED5AB207,second,20,9346b0f3-5611-49e0-a0e3-3271bbe7146f,request_physical_exam,,,,,,
R09ADED5AB207,consensus,20,9346b0f3-5611-49e0-a0e3-3271bbe7146f,request_physical_exam,,,,,,
R09ADED5AB207,primary,21,b41eb89c-007c-4076-b12b-619aa9deda32,ask_history,,,,,,
R09ADED5AB207,second,21,b41eb89c-007c-4076-b12b-619aa9deda32,ask_history,,,,,,
R09ADED5AB207,consensus,21,b41eb89c-007c-4076-b12b-619aa9deda32,ask_history,,,,,,
R09ADED5AB207,primary,22,fb240651-5cf8-48ab-a508-7b80fff4441b,request_physical_exam,,,,,,
R09ADED5AB207,second,22,fb240651-5cf8-48ab-a508-7b80fff4441b,request_physical_exam,,,,,,
R09ADED5AB207,consensus,22,fb240651-5cf8-48ab-a508-7b80fff4441b,request_physical_exam,,,,,,
R09ADED5AB207,primary,23,9309d598-7ef2-44cc-8b72-f2848a077173,ask_history,,,,,,
R09ADED5AB207,second,23,9309d598-7ef2-44cc-8b72-f2848a077173,ask_history,,,,,,
R09ADED5AB207,consensus,23,9309d598-7ef2-44cc-8b72-f2848a077173,ask_history,,,,,,
R09ADED5AB207,primary,24,7a153ffb-47ad-43dd-bee7-1b243ab1ffbd,request_physical_exam,,,,,,
R09ADED5AB207,second,24,7a153ffb-47ad-43dd-bee7-1b243ab1ffbd,request_physical_exam,,,,,,
R09ADED5AB207,consensus,24,7a153ffb-47ad-43dd-bee7-1b243ab1ffbd,request_physical_exam,,,,,,
R09ADED5AB207,primary,25,53068a49-ec92-4cba-a02e-db4ed0e578af,ask_history,,,,,,
R09ADED5AB207,second,25,53068a49-ec92-4cba-a02e-db4ed0e578af,ask_history,,,,,,
R09ADED5AB207,consensus,25,53068a49-ec92-4cba-a02e-db4ed0e578af,ask_history,,,,,,
R09ADED5AB207,primary,26,349c479c-deab-4b0c-9e85-d25d9d384fcd,request_physical_exam,,,,,,
R09ADED5AB207,second,26,349c479c-deab-4b0c-9e85-d25d9d384fcd,request_physical_exam,,,,,,
R09ADED5AB207,consensus,26,349c479c-deab-4b0c-9e85-d25d9d384fcd,request_physical_exam,,,,,,
R09ADED5AB207,primary,27,40cf4f40-9f02-407c-908b-581b2da96636,ask_history,,,,,,
R09ADED5AB207,second,27,40cf4f40-9f02-407c-908b-581b2da96636,ask_history,,,,,,
R09ADED5AB207,consensus,27,40cf4f40-9f02-407c-908b-581b2da96636,ask_history,,,,,,
R09ADED5AB207,primary,28,be04f44b-3658-4d58-b63c-091bdc61916e,request_physical_exam,,,,,,
R09ADED5AB207,second,28,be04f44b-3658-4d58-b63c-091bdc61916e,request_physical_exam,,,,,,
R09ADED5AB207,consensus,28,be04f44b-3658-4d58-b63c-091bdc61916e,request_physical_exam,,,,,,
R09ADED5AB207,primary,29,4f2ac495-183b-4274-a4a7-eea639240983,ask_history,,,,,,
R09ADED5AB207,second,29,4f2ac495-183b-4274-a4a7-eea639240983,ask_history,,,,,,
R09ADED5AB207,consensus,29,4f2ac495-183b-4274-a4a7-eea639240983,ask_history,,,,,,
R09ADED5AB207,primary,30,27e5c1f6-75c2-4b21-b4e2-12171ca2aebb,request_physical_exam,,,,,,
R09ADED5AB207,second,30,27e5c1f6-75c2-4b21-b4e2-12171ca2aebb,request_physical_exam,,,,,,
R09ADED5AB207,consensus,30,27e5c1f6-75c2-4b21-b4e2-12171ca2aebb,request_physical_exam,,,,,,
R09ADED5AB207,primary,31,e93ca32e-73ae-4f77-8664-6f03d29b7bbf,ask_history,,,,,,
R09ADED5AB207,second,31,e93ca32e-73ae-4f77-8664-6f03d29b7bbf,ask_history,,,,,,
R09ADED5AB207,consensus,31,e93ca32e-73ae-4f77-8664-6f03d29b7bbf,ask_history,,,,,,
R09ADED5AB207,primary,32,a391adbb-523a-4e90-8f75-91899753cc1f,request_physical_exam,,,,,,
R09ADED5AB207,second,32,a391adbb-523a-4e90-8f75-91899753cc1f,request_physical_exam,,,,,,
R09ADED5AB207,consensus,32,a391adbb-523a-4e90-8f75-91899753cc1f,request_physical_exam,,,,,,
R09ADED5AB207,primary,33,07ae80d7-e5d9-4c17-ac11-773ef6de1b38,ask_history,,,,,,
R09ADED5AB207,second,33,07ae80d7-e5d9-4c17-ac11-773ef6de1b38,ask_history,,,,,,
R09ADED5AB207,consensus,33,07ae80d7-e5d9-4c17-ac11-773ef6de1b38,ask_history,,,,,,
R09ADED5AB207,primary,34,4b183bbb-fe2b-4e86-a9d2-a3744a08a997,request_physical_exam,,,,,,
R09ADED5AB207,second,34,4b183bbb-fe2b-4e86-a9d2-a3744a08a997,request_physical_exam,,,,,,
R09ADED5AB207,consensus,34,4b183bbb-fe2b-4e86-a9d2-a3744a08a997,request_physical_exam,,,,,,
R09ADED5AB207,primary,35,87449d25-f24e-40ad-a323-960689ae5165,ask_history,,,,,,
R09ADED5AB207,second,35,87449d25-f24e-40ad-a323-960689ae5165,ask_history,,,,,,
R09ADED5AB207,consensus,35,87449d25-f24e-40ad-a323-960689ae5165,ask_history,,,,,,
R09ADED5AB207,primary,36,e24e428b-b15c-441a-90b9-deae07a0b93f,request_physical_exam,,,,,,
R09ADED5AB207,second,36,e24e428b-b15c-441a-90b9-deae07a0b93f,request_physical_exam,,,,,,
R09ADED5AB207,consensus,36,e24e428b-b15c-441a-90b9-deae07a0b93f,request_physical_exam,,,,,,
R09ADED5AB207,primary,37,12b7d793-04df-4e33-bdee-91956938217b,ask_history,,,,,,
R09ADED5AB207,second,37,12b7d793-04df-4e33-bdee-91956938217b,ask_history,,,,,,
R09ADED5AB207,consensus,37,12b7d793-04df-4e33-bdee-91956938217b,ask_history,,,,,,
R09ADED5AB207,primary,38,dc7f9987-9e90-4a35-9515-b1773025b297,request_physical_exam,,,,,,
R09ADED5AB207,second,38,dc7f9987-9e90-4a35-9515-b1773025b297,request_physical_exam,,,,,,
R09ADED5AB207,consensus,38,dc7f9987-9e90-4a35-9515-b1773025b297,request_physical_exam,,,,,,
R09ADED5AB207,primary,39,6adc5d6c-10bc-4fee-bd18-f84c29d97683,ask_history,,,,,,
R09ADED5AB207,second,39,6adc5d6c-10bc-4fee-bd18-f84c29d97683,ask_history,,,,,,
R09ADED5AB207,consensus,39,6adc5d6c-10bc-4fee-bd18-f84c29d97683,ask_history,,,,,,
R09ADED5AB207,primary,40,be652931-7df9-4915-b6ab-adb923900786,request_physical_exam,,,,,,
R09ADED5AB207,second,40,be652931-7df9-4915-b6ab-adb923900786,request_physical_exam,,,,,,
R09ADED5AB207,consensus,40,be652931-7df9-4915-b6ab-adb923900786,request_physical_exam,,,,,,
R7EDD478DBB0B,primary,1,28821bb7-14b5-40c5-a96f-618e7000da7a,plan_reason,,,,,,
R7EDD478DBB0B,second,1,28821bb7-14b5-40c5-a96f-618e7000da7a,plan_reason,,,,,,
R7EDD478DBB0B,consensus,1,28821bb7-14b5-40c5-a96f-618e7000da7a,plan_reason,,,,,,
R7EDD478DBB0B,primary,2,ad4a82f3-f45f-432d-a0e2-9578aa136e06,request_physical_exam,,,,,,
R7EDD478DBB0B,second,2,ad4a82f3-f45f-432d-a0e2-9578aa136e06,request_physical_exam,,,,,,
R7EDD478DBB0B,consensus,2,ad4a82f3-f45f-432d-a0e2-9578aa136e06,request_physical_exam,,,,,,
R7EDD478DBB0B,primary,3,e108ce08-a6ac-44d8-81ed-210e8174da25,request_lab,,,,,,
R7EDD478DBB0B,second,3,e108ce08-a6ac-44d8-81ed-210e8174da25,request_lab,,,,,,
R7EDD478DBB0B,consensus,3,e108ce08-a6ac-44d8-81ed-210e8174da25,request_lab,,,,,,
R7EDD478DBB0B,primary,4,9c45bb60-0ca9-4e8a-bfa1-c820e4df4cc8,request_imaging,,,,,,
R7EDD478DBB0B,second,4,9c45bb60-0ca9-4e8a-bfa1-c820e4df4cc8,request_imaging,,,,,,
R7EDD478DBB0B,consensus,4,9c45bb60-0ca9-4e8a-bfa1-c820e4df4cc8,request_imaging,,,,,,
R7EDD478DBB0B,primary,5,a095cb07-c246-4837-b6ed-f4e3945ef7ce,final_diagnosis,,,,,,
R7EDD478DBB0B,second,5,a095cb07-c246-4837-b6ed-f4e3945ef7ce,final_diagnosis,,,,,,
R7EDD478DBB0B,consensus,5,a095cb07-c246-4837-b6ed-f4e3945ef7ce,final_diagnosis,,,,,,
R7EDD478DBB0B,primary,6,3881e662-5c29-440b-9173-b2e1aa6b1857,disposition,,,,,,
R7EDD478DBB0B,second,6,3881e662-5c29-440b-9173-b2e1aa6b1857,disposition,,,,,,
R7EDD478DBB0B,consensus,6,3881e662-5c29-440b-9173-b2e1aa6b1857,disposition,,,,,,
RD1E1D8CCFE3C,primary,1,e10536bd-873a-4df5-be82-0cd73c290890,request_physical_exam,,,,,,
RD1E1D8CCFE3C,second,1,e10536bd-873a-4df5-be82-0cd73c290890,request_physical_exam,,,,,,
RD1E1D8CCFE3C,consensus,1,e10536bd-873a-4df5-be82-0cd73c290890,request_physical_exam,,,,,,
RD1E1D8CCFE3C,primary,2,7e4ae026-86b8-4b50-8bd5-ddbba2283435,ask_history,,,,,,
RD1E1D8CCFE3C,second,2,7e4ae026-86b8-4b50-8bd5-ddbba2283435,ask_history,,,,,,
RD1E1D8CCFE3C,consensus,2,7e4ae026-86b8-4b50-8bd5-ddbba2283435,ask_history,,,,,,
RD1E1D8CCFE3C,primary,3,68701d4b-ecf9-4c79-8a98-ed9785b091de,ask_history,,,,,,
RD1E1D8CCFE3C,second,3,68701d4b-ecf9-4c79-8a98-ed9785b091de,ask_history,,,,,,
RD1E1D8CCFE3C,consensus,3,68701d4b-ecf9-4c79-8a98-ed9785b091de,ask_history,,,,,,
RD1E1D8CCFE3C,primary,4,142c23e1-3009-4b2a-ab0b-9e977a5eaa9c,request_imaging,,,,,,
RD1E1D8CCFE3C,second,4,142c23e1-3009-4b2a-ab0b-9e977a5eaa9c,request_imaging,,,,,,
RD1E1D8CCFE3C,consensus,4,142c23e1-3009-4b2a-ab0b-9e977a5eaa9c,request_imaging,,,,,,
RD1E1D8CCFE3C,primary,5,1c96f26b-6523-4d8a-993a-59b504df94f1,ask_history,,,,,,
RD1E1D8CCFE3C,second,5,1c96f26b-6523-4d8a-993a-59b504df94f1,ask_history,,,,,,
RD1E1D8CCFE3C,consensus,5,1c96f26b-6523-4d8a-993a-59b504df94f1,ask_history,,,,,,
RD1E1D8CCFE3C,primary,6,0088ee1d-41c6-4c52-919d-b7727e19a533,request_imaging,,,,,,
RD1E1D8CCFE3C,second,6,0088ee1d-41c6-4c52-919d-b7727e19a533,request_imaging,,,,,,
RD1E1D8CCFE3C,consensus,6,0088ee1d-41c6-4c52-919d-b7727e19a533,request_imaging,,,,,,
RD1E1D8CCFE3C,primary,7,58e889d3-a5eb-4827-a0a0-fa2dfc3ff6cb,plan_reason,,,,,,
RD1E1D8CCFE3C,second,7,58e889d3-a5eb-4827-a0a0-fa2dfc3ff6cb,plan_reason,,,,,,
RD1E1D8CCFE3C,consensus,7,58e889d3-a5eb-4827-a0a0-fa2dfc3ff6cb,plan_reason,,,,,,
RD1E1D8CCFE3C,primary,8,b21e761b-b926-4cba-8e57-f70a549a84ca,request_procedure,,,,,,
RD1E1D8CCFE3C,second,8,b21e761b-b926-4cba-8e57-f70a549a84ca,request_procedure,,,,,,
RD1E1D8CCFE3C,consensus,8,b21e761b-b926-4cba-8e57-f70a549a84ca,request_procedure,,,,,,
RD1E1D8CCFE3C,primary,9,e4aca4d0-3140-4ea7-aea4-84d73fc5a2e7,request_lab,,,,,,
RD1E1D8CCFE3C,second,9,e4aca4d0-3140-4ea7-aea4-84d73fc5a2e7,request_lab,,,,,,
RD1E1D8CCFE3C,consensus,9,e4aca4d0-3140-4ea7-aea4-84d73fc5a2e7,request_lab,,,,,,
RD1E1D8CCFE3C,primary,10,aca4fdce-f47d-416b-aa8d-a26ab4efbc34,request_procedure,,,,,,
RD1E1D8CCFE3C,second,10,aca4fdce-f47d-416b-aa8d-a26ab4efbc34,request_procedure,,,,,,
RD1E1D8CCFE3C,consensus,10,aca4fdce-f47d-416b-aa8d-a26ab4efbc34,request_procedure,,,,,,
RD1E1D8CCFE3C,primary,11,0afa581c-86ff-48bd-a96f-0a57269122b1,request_procedure,,,,,,
RD1E1D8CCFE3C,second,11,0afa581c-86ff-48bd-a96f-0a57269122b1,request_procedure,,,,,,
RD1E1D8CCFE3C,consensus,11,0afa581c-86ff-48bd-a96f-0a57269122b1,request_procedure,,,,,,
RD1E1D8CCFE3C,primary,12,c10db31d-b0cb-4872-933b-95df8ef21e54,request_physical_exam,,,,,,
RD1E1D8CCFE3C,second,12,c10db31d-b0cb-4872-933b-95df8ef21e54,request_physical_exam,,,,,,
RD1E1D8CCFE3C,consensus,12,c10db31d-b0cb-4872-933b-95df8ef21e54,request_physical_exam,,,,,,
RD1E1D8CCFE3C,primary,13,062c5ef4-2598-48e2-90ba-b0704f3bb96c,request_imaging,,,,,,
RD1E1D8CCFE3C,second,13,062c5ef4-2598-48e2-90ba-b0704f3bb96c,request_imaging,,,,,,
RD1E1D8CCFE3C,consensus,13,062c5ef4-2598-48e2-90ba-b0704f3bb96c,request_imaging,,,,,,
RD1E1D8CCFE3C,primary,14,b7526ff7-e8cd-410c-99fb-a0541037f292,ask_history,,,,,,
RD1E1D8CCFE3C,second,14,b7526ff7-e8cd-410c-99fb-a0541037f292,ask_history,,,,,,
RD1E1D8CCFE3C,consensus,14,b7526ff7-e8cd-410c-99fb-a0541037f292,ask_history,,,,,,
RD1E1D8CCFE3C,primary,15,299ba43d-6833-4693-af76-b6d42b24f6d7,final_diagnosis,,,,,,
RD1E1D8CCFE3C,second,15,299ba43d-6833-4693-af76-b6d42b24f6d7,final_diagnosis,,,,,,
RD1E1D8CCFE3C,consensus,15,299ba43d-6833-4693-af76-b6d42b24f6d7,final_diagnosis,,,,,,
RD1E1D8CCFE3C,primary,16,802f1a76-dc71-468f-a005-48f9b4c650c9,disposition,,,,,,
RD1E1D8CCFE3C,second,16,802f1a76-dc71-468f-a005-48f9b4c650c9,disposition,,,,,,
RD1E1D8CCFE3C,consensus,16,802f1a76-dc71-468f-a005-48f9b4c650c9,disposition,,,,,,
R5D00040FF054,primary,1,8fab8c11-9b6c-4fef-b163-28e623b9a068,ask_history,,,,,,
R5D00040FF054,second,1,8fab8c11-9b6c-4fef-b163-28e623b9a068,ask_history,,,,,,
R5D00040FF054,consensus,1,8fab8c11-9b6c-4fef-b163-28e623b9a068,ask_history,,,,,,
R5D00040FF054,primary,2,a581f653-b852-439a-a233-9411db251411,request_physical_exam,,,,,,
R5D00040FF054,second,2,a581f653-b852-439a-a233-9411db251411,request_physical_exam,,,,,,
R5D00040FF054,consensus,2,a581f653-b852-439a-a233-9411db251411,request_physical_exam,,,,,,
R5D00040FF054,primary,3,bead8709-5877-41bf-95de-d7cb2c45913a,request_lab,,,,,,
R5D00040FF054,second,3,bead8709-5877-41bf-95de-d7cb2c45913a,request_lab,,,,,,
R5D00040FF054,consensus,3,bead8709-5877-41bf-95de-d7cb2c45913a,request_lab,,,,,,
R5D00040FF054,primary,4,6723812d-5551-4903-8a29-99a5236264d1,request_ecg_or_test,,,,,,
R5D00040FF054,second,4,6723812d-5551-4903-8a29-99a5236264d1,request_ecg_or_test,,,,,,
R5D00040FF054,consensus,4,6723812d-5551-4903-8a29-99a5236264d1,request_ecg_or_test,,,,,,
R5D00040FF054,primary,5,95994757-d682-4e05-9fec-d1bcabf6e09a,plan_reason,,,,,,
R5D00040FF054,second,5,95994757-d682-4e05-9fec-d1bcabf6e09a,plan_reason,,,,,,
R5D00040FF054,consensus,5,95994757-d682-4e05-9fec-d1bcabf6e09a,plan_reason,,,,,,
R5D00040FF054,primary,6,cee8159d-3abd-4f90-8536-2e698582ab6c,final_diagnosis,,,,,,
R5D00040FF054,second,6,cee8159d-3abd-4f90-8536-2e698582ab6c,final_diagnosis,,,,,,
R5D00040FF054,consensus,6,cee8159d-3abd-4f90-8536-2e698582ab6c,final_diagnosis,,,,,,
R5D00040FF054,primary,7,58eaefa7-e8be-4ffe-b4d3-109b5c82afcf,disposition,,,,,,
R5D00040FF054,second,7,58eaefa7-e8be-4ffe-b4d3-109b5c82afcf,disposition,,,,,,
R5D00040FF054,consensus,7,58eaefa7-e8be-4ffe-b4d3-109b5c82afcf,disposition,,,,,,
R5D00040FF054,primary,8,cbdaed25-f7c8-44a5-8c76-72a93c5d0e99,ask_history,,,,,,
R5D00040FF054,second,8,cbdaed25-f7c8-44a5-8c76-72a93c5d0e99,ask_history,,,,,,
R5D00040FF054,consensus,8,cbdaed25-f7c8-44a5-8c76-72a93c5d0e99,ask_history,,,,,,
R5D00040FF054,primary,9,b5e515e4-295d-4488-b657-dd66d4200e52,request_physical_exam,,,,,,
R5D00040FF054,second,9,b5e515e4-295d-4488-b657-dd66d4200e52,request_physical_exam,,,,,,
R5D00040FF054,consensus,9,b5e515e4-295d-4488-b657-dd66d4200e52,request_physical_exam,,,,,,
R5D00040FF054,primary,10,86582cfd-6de0-46a3-9308-47d18c7282db,request_lab,,,,,,
R5D00040FF054,second,10,86582cfd-6de0-46a3-9308-47d18c7282db,request_lab,,,,,,
R5D00040FF054,consensus,10,86582cfd-6de0-46a3-9308-47d18c7282db,request_lab,,,,,,
R5D00040FF054,primary,11,74cbe6fe-f845-414a-a443-4b930c4d83a0,request_ecg_or_test,,,,,,
R5D00040FF054,second,11,74cbe6fe-f845-414a-a443-4b930c4d83a0,request_ecg_or_test,,,,,,
R5D00040FF054,consensus,11,74cbe6fe-f845-414a-a443-4b930c4d83a0,request_ecg_or_test,,,,,,
R5D00040FF054,primary,12,ce04b4aa-0336-450b-a09f-ce161e173afa,plan_reason,,,,,,
R5D00040FF054,second,12,ce04b4aa-0336-450b-a09f-ce161e173afa,plan_reason,,,,,,
R5D00040FF054,consensus,12,ce04b4aa-0336-450b-a09f-ce161e173afa,plan_reason,,,,,,
R5D00040FF054,primary,13,96428447-de60-4315-a66c-ce04eaaea5d9,final_diagnosis,,,,,,
R5D00040FF054,second,13,96428447-de60-4315-a66c-ce04eaaea5d9,final_diagnosis,,,,,,
R5D00040FF054,consensus,13,96428447-de60-4315-a66c-ce04eaaea5d9,final_diagnosis,,,,,,
R5D00040FF054,primary,14,92bad338-0d7b-4f3a-a117-11ae75e15ee8,disposition,,,,,,
R5D00040FF054,second,14,92bad338-0d7b-4f3a-a117-11ae75e15ee8,disposition,,,,,,
R5D00040FF054,consensus,14,92bad338-0d7b-4f3a-a117-11ae75e15ee8,disposition,,,,,,
R5D00040FF054,primary,15,c90a4ad4-cfee-4443-a68a-b5aa21abcdb7,request_lab,,,,,,
R5D00040FF054,second,15,c90a4ad4-cfee-4443-a68a-b5aa21abcdb7,request_lab,,,,,,
R5D00040FF054,consensus,15,c90a4ad4-cfee-4443-a68a-b5aa21abcdb7,request_lab,,,,,,
R5D00040FF054,primary,16,85ce8eac-7597-46d9-ad04-11c04890090d,request_ecg_or_test,,,,,,
R5D00040FF054,second,16,85ce8eac-7597-46d9-ad04-11c04890090d,request_ecg_or_test,,,,,,
R5D00040FF054,consensus,16,85ce8eac-7597-46d9-ad04-11c04890090d,request_ecg_or_test,,,,,,
R5D00040FF054,primary,17,0285d02d-4d3c-4915-a33d-48e511e194c0,plan_reason,,,,,,
R5D00040FF054,second,17,0285d02d-4d3c-4915-a33d-48e511e194c0,plan_reason,,,,,,
R5D00040FF054,consensus,17,0285d02d-4d3c-4915-a33d-48e511e194c0,plan_reason,,,,,,
R5D00040FF054,primary,18,75430128-6ce2-4573-a785-57345cbc5196,final_diagnosis,,,,,,
R5D00040FF054,second,18,75430128-6ce2-4573-a785-57345cbc5196,final_diagnosis,,,,,,
R5D00040FF054,consensus,18,75430128-6ce2-4573-a785-57345cbc5196,final_diagnosis,,,,,,
R5D00040FF054,primary,19,2231fa2a-d17a-46ef-ad73-8ae8bfe6d88f,disposition,,,,,,
R5D00040FF054,second,19,2231fa2a-d17a-46ef-ad73-8ae8bfe6d88f,disposition,,,,,,
R5D00040FF054,consensus,19,2231fa2a-d17a-46ef-ad73-8ae8bfe6d88f,disposition,,,,,,
R5D00040FF054,primary,20,719c115c-6e03-4e42-9f4e-fefe37edc2bf,plan_reason,,,,,,
R5D00040FF054,second,20,719c115c-6e03-4e42-9f4e-fefe37edc2bf,plan_reason,,,,,,
R5D00040FF054,consensus,20,719c115c-6e03-4e42-9f4e-fefe37edc2bf,plan_reason,,,,,,
R5D00040FF054,primary,21,20b3e909-b9cb-489f-bffe-7df7eca0196b,final_diagnosis,,,,,,
R5D00040FF054,second,21,20b3e909-b9cb-489f-bffe-7df7eca0196b,final_diagnosis,,,,,,
R5D00040FF054,consensus,21,20b3e909-b9cb-489f-bffe-7df7eca0196b,final_diagnosis,,,,,,
R5D00040FF054,primary,22,0455a328-6d05-4c1d-8c0d-3c9ebca39763,disposition,,,,,,
R5D00040FF054,second,22,0455a328-6d05-4c1d-8c0d-3c9ebca39763,disposition,,,,,,
R5D00040FF054,consensus,22,0455a328-6d05-4c1d-8c0d-3c9ebca39763,disposition,,,,,,
R5D00040FF054,primary,23,6866e27b-a177-4d53-bf07-a1bfcbc9853f,ask_history,,,,,,
R5D00040FF054,second,23,6866e27b-a177-4d53-bf07-a1bfcbc9853f,ask_history,,,,,,
R5D00040FF054,consensus,23,6866e27b-a177-4d53-bf07-a1bfcbc9853f,ask_history,,,,,,
R5D00040FF054,primary,24,6d814f64-1196-4dfa-9707-e52363c05c06,request_physical_exam,,,,,,
R5D00040FF054,second,24,6d814f64-1196-4dfa-9707-e52363c05c06,request_physical_exam,,,,,,
R5D00040FF054,consensus,24,6d814f64-1196-4dfa-9707-e52363c05c06,request_physical_exam,,,,,,
R5D00040FF054,primary,25,fba4ad1e-1dde-46a7-a05a-ffdc93340157,request_lab,,,,,,
R5D00040FF054,second,25,fba4ad1e-1dde-46a7-a05a-ffdc93340157,request_lab,,,,,,
R5D00040FF054,consensus,25,fba4ad1e-1dde-46a7-a05a-ffdc93340157,request_lab,,,,,,
R5D00040FF054,primary,26,1ed27465-2672-4c60-ab2e-085e46ef7e7f,request_ecg_or_test,,,,,,
R5D00040FF054,second,26,1ed27465-2672-4c60-ab2e-085e46ef7e7f,request_ecg_or_test,,,,,,
R5D00040FF054,consensus,26,1ed27465-2672-4c60-ab2e-085e46ef7e7f,request_ecg_or_test,,,,,,
R5D00040FF054,primary,27,daf0c38c-c3c6-4db4-b08b-2f2c1f299bfc,plan_reason,,,,,,
R5D00040FF054,second,27,daf0c38c-c3c6-4db4-b08b-2f2c1f299bfc,plan_reason,,,,,,
R5D00040FF054,consensus,27,daf0c38c-c3c6-4db4-b08b-2f2c1f299bfc,plan_reason,,,,,,
R5D00040FF054,primary,28,e806092d-4c7b-4a72-b178-3d7eb7161887,final_diagnosis,,,,,,
R5D00040FF054,second,28,e806092d-4c7b-4a72-b178-3d7eb7161887,final_diagnosis,,,,,,
R5D00040FF054,consensus,28,e806092d-4c7b-4a72-b178-3d7eb7161887,final_diagnosis,,,,,,
R5D00040FF054,primary,29,4a5bf477-cd0f-4150-a7a6-12d546e6bd23,disposition,,,,,,
R5D00040FF054,second,29,4a5bf477-cd0f-4150-a7a6-12d546e6bd23,disposition,,,,,,
R5D00040FF054,consensus,29,4a5bf477-cd0f-4150-a7a6-12d546e6bd23,disposition,,,,,,
R5D00040FF054,primary,30,c8c52ee9-3d4f-4eb0-978c-260c577f84a4,ask_history,,,,,,
R5D00040FF054,second,30,c8c52ee9-3d4f-4eb0-978c-260c577f84a4,ask_history,,,,,,
R5D00040FF054,consensus,30,c8c52ee9-3d4f-4eb0-978c-260c577f84a4,ask_history,,,,,,
R5D00040FF054,primary,31,ab2a3990-59d4-4ef8-948c-327e9f4f1d10,request_physical_exam,,,,,,
R5D00040FF054,second,31,ab2a3990-59d4-4ef8-948c-327e9f4f1d10,request_physical_exam,,,,,,
R5D00040FF054,consensus,31,ab2a3990-59d4-4ef8-948c-327e9f4f1d10,request_physical_exam,,,,,,
R5D00040FF054,primary,32,b003bc91-a6e1-4e8c-a483-015b301b4564,request_lab,,,,,,
R5D00040FF054,second,32,b003bc91-a6e1-4e8c-a483-015b301b4564,request_lab,,,,,,
R5D00040FF054,consensus,32,b003bc91-a6e1-4e8c-a483-015b301b4564,request_lab,,,,,,
R5D00040FF054,primary,33,8ecbd2fd-0ca1-46ff-b30b-00b217a4daf8,request_ecg_or_test,,,,,,
R5D00040FF054,second,33,8ecbd2fd-0ca1-46ff-b30b-00b217a4daf8,request_ecg_or_test,,,,,,
R5D00040FF054,consensus,33,8ecbd2fd-0ca1-46ff-b30b-00b217a4daf8,request_ecg_or_test,,,,,,
R5D00040FF054,primary,34,ce5ccd64-d653-4f8b-bef2-7c542d4550bb,plan_reason,,,,,,
R5D00040FF054,second,34,ce5ccd64-d653-4f8b-bef2-7c542d4550bb,plan_reason,,,,,,
R5D00040FF054,consensus,34,ce5ccd64-d653-4f8b-bef2-7c542d4550bb,plan_reason,,,,,,
R5D00040FF054,primary,35,ff53cbcf-f182-4595-82bf-44f3e6168ebb,final_diagnosis,,,,,,
R5D00040FF054,second,35,ff53cbcf-f182-4595-82bf-44f3e6168ebb,final_diagnosis,,,,,,
R5D00040FF054,consensus,35,ff53cbcf-f182-4595-82bf-44f3e6168ebb,final_diagnosis,,,,,,
R5D00040FF054,primary,36,24704db2-b146-47d0-8041-dea9ac3c312d,disposition,,,,,,
R5D00040FF054,second,36,24704db2-b146-47d0-8041-dea9ac3c312d,disposition,,,,,,
R5D00040FF054,consensus,36,24704db2-b146-47d0-8041-dea9ac3c312d,disposition,,,,,,
R5D00040FF054,primary,37,a1451cd6-3285-4f1e-b808-9d7491ebf105,ask_history,,,,,,
R5D00040FF054,second,37,a1451cd6-3285-4f1e-b808-9d7491ebf105,ask_history,,,,,,
R5D00040FF054,consensus,37,a1451cd6-3285-4f1e-b808-9d7491ebf105,ask_history,,,,,,
R5D00040FF054,primary,38,206bd85b-59f0-434e-b305-2927b788be54,request_physical_exam,,,,,,
R5D00040FF054,second,38,206bd85b-59f0-434e-b305-2927b788be54,request_physical_exam,,,,,,
R5D00040FF054,consensus,38,206bd85b-59f0-434e-b305-2927b788be54,request_physical_exam,,,,,,
R5D00040FF054,primary,39,e46f6d12-145f-4712-85ff-1add0d0e8a21,request_lab,,,,,,
R5D00040FF054,second,39,e46f6d12-145f-4712-85ff-1add0d0e8a21,request_lab,,,,,,
R5D00040FF054,consensus,39,e46f6d12-145f-4712-85ff-1add0d0e8a21,request_lab,,,,,,
R5D00040FF054,primary,40,2362b507-20e9-41e9-9a39-621328db33ce,request_ecg_or_test,,,,,,
R5D00040FF054,second,40,2362b507-20e9-41e9-9a39-621328db33ce,request_ecg_or_test,,,,,,
R5D00040FF054,consensus,40,2362b507-20e9-41e9-9a39-621328db33ce,request_ecg_or_test,,,,,,
R94CB12A6208E,primary,1,2c761608-dc05-4225-8985-73834a0bcd01,request_physical_exam,,,,,,
R94CB12A6208E,second,1,2c761608-dc05-4225-8985-73834a0bcd01,request_physical_exam,,,,,,
R94CB12A6208E,consensus,1,2c761608-dc05-4225-8985-73834a0bcd01,request_physical_exam,,,,,,
R94CB12A6208E,primary,2,1d12df76-2019-44a3-9a12-d610aabd53dd,ask_history,,,,,,
R94CB12A6208E,second,2,1d12df76-2019-44a3-9a12-d610aabd53dd,ask_history,,,,,,
R94CB12A6208E,consensus,2,1d12df76-2019-44a3-9a12-d610aabd53dd,ask_history,,,,,,
R94CB12A6208E,primary,3,330ce4aa-a1ed-48ba-8f72-af936a44a353,request_lab,,,,,,
R94CB12A6208E,second,3,330ce4aa-a1ed-48ba-8f72-af936a44a353,request_lab,,,,,,
R94CB12A6208E,consensus,3,330ce4aa-a1ed-48ba-8f72-af936a44a353,request_lab,,,,,,
R94CB12A6208E,primary,4,782a7b78-f7bd-401b-bb3a-53103d32858e,request_imaging,,,,,,
R94CB12A6208E,second,4,782a7b78-f7bd-401b-bb3a-53103d32858e,request_imaging,,,,,,
R94CB12A6208E,consensus,4,782a7b78-f7bd-401b-bb3a-53103d32858e,request_imaging,,,,,,
R94CB12A6208E,primary,5,f3910744-33d1-4539-8e16-e46ab57fd853,request_imaging,,,,,,
R94CB12A6208E,second,5,f3910744-33d1-4539-8e16-e46ab57fd853,request_imaging,,,,,,
R94CB12A6208E,consensus,5,f3910744-33d1-4539-8e16-e46ab57fd853,request_imaging,,,,,,
R94CB12A6208E,primary,6,65cc35d3-c8f4-451c-b916-51bf5a2c2c1f,request_imaging,,,,,,
R94CB12A6208E,second,6,65cc35d3-c8f4-451c-b916-51bf5a2c2c1f,request_imaging,,,,,,
R94CB12A6208E,consensus,6,65cc35d3-c8f4-451c-b916-51bf5a2c2c1f,request_imaging,,,,,,
R94CB12A6208E,primary,7,0c3573c0-fe38-4748-a035-f769145c807f,request_lab,,,,,,
R94CB12A6208E,second,7,0c3573c0-fe38-4748-a035-f769145c807f,request_lab,,,,,,
R94CB12A6208E,consensus,7,0c3573c0-fe38-4748-a035-f769145c807f,request_lab,,,,,,
R94CB12A6208E,primary,8,e26a13d7-ab0d-429b-bfc1-e1344bde9a80,ask_history,,,,,,
R94CB12A6208E,second,8,e26a13d7-ab0d-429b-bfc1-e1344bde9a80,ask_history,,,,,,
R94CB12A6208E,consensus,8,e26a13d7-ab0d-429b-bfc1-e1344bde9a80,ask_history,,,,,,
R94CB12A6208E,primary,9,2cb3f402-6664-40d7-ab94-71de91560fc8,plan_reason,,,,,,
R94CB12A6208E,second,9,2cb3f402-6664-40d7-ab94-71de91560fc8,plan_reason,,,,,,
R94CB12A6208E,consensus,9,2cb3f402-6664-40d7-ab94-71de91560fc8,plan_reason,,,,,,
R94CB12A6208E,primary,10,232facb3-8eba-473e-9cbd-1fb39ef3e747,request_imaging,,,,,,
R94CB12A6208E,second,10,232facb3-8eba-473e-9cbd-1fb39ef3e747,request_imaging,,,,,,
R94CB12A6208E,consensus,10,232facb3-8eba-473e-9cbd-1fb39ef3e747,request_imaging,,,,,,
R94CB12A6208E,primary,11,c950a976-0950-4117-b984-4151f697df5c,request_procedure,,,,,,
R94CB12A6208E,second,11,c950a976-0950-4117-b984-4151f697df5c,request_procedure,,,,,,
R94CB12A6208E,consensus,11,c950a976-0950-4117-b984-4151f697df5c,request_procedure,,,,,,
R94CB12A6208E,primary,12,383d8071-c9a9-4463-b58f-57046453a8c8,request_procedure,,,,,,
R94CB12A6208E,second,12,383d8071-c9a9-4463-b58f-57046453a8c8,request_procedure,,,,,,
R94CB12A6208E,consensus,12,383d8071-c9a9-4463-b58f-57046453a8c8,request_procedure,,,,,,
R94CB12A6208E,primary,13,c964cdb0-1ea7-4151-ad2b-5470efc66761,request_lab,,,,,,
R94CB12A6208E,second,13,c964cdb0-1ea7-4151-ad2b-5470efc66761,request_lab,,,,,,
R94CB12A6208E,consensus,13,c964cdb0-1ea7-4151-ad2b-5470efc66761,request_lab,,,,,,
R94CB12A6208E,primary,14,b9936389-fa49-4de4-a89c-5cb9e5b28cc5,final_diagnosis,,,,,,
R94CB12A6208E,second,14,b9936389-fa49-4de4-a89c-5cb9e5b28cc5,final_diagnosis,,,,,,
R94CB12A6208E,consensus,14,b9936389-fa49-4de4-a89c-5cb9e5b28cc5,final_diagnosis,,,,,,
R94CB12A6208E,primary,15,0a02019e-b8c7-459b-a954-9901ff17ea2a,disposition,,,,,,
R94CB12A6208E,second,15,0a02019e-b8c7-459b-a954-9901ff17ea2a,disposition,,,,,,
R94CB12A6208E,consensus,15,0a02019e-b8c7-459b-a954-9901ff17ea2a,disposition,,,,,,
RE8E4E9DF35EA,primary,1,46dc8255-54b4-48d2-9808-e2f7d15ebb65,ask_history,,,,,,
RE8E4E9DF35EA,second,1,46dc8255-54b4-48d2-9808-e2f7d15ebb65,ask_history,,,,,,
RE8E4E9DF35EA,consensus,1,46dc8255-54b4-48d2-9808-e2f7d15ebb65,ask_history,,,,,,
RE8E4E9DF35EA,primary,2,3ef1a454-10ae-4428-bbd3-d41ab4dbb87d,request_physical_exam,,,,,,
RE8E4E9DF35EA,second,2,3ef1a454-10ae-4428-bbd3-d41ab4dbb87d,request_physical_exam,,,,,,
RE8E4E9DF35EA,consensus,2,3ef1a454-10ae-4428-bbd3-d41ab4dbb87d,request_physical_exam,,,,,,
RE8E4E9DF35EA,primary,3,e4022d3e-78f0-4d13-a3cf-acec79ad29b2,request_lab,,,,,,
RE8E4E9DF35EA,second,3,e4022d3e-78f0-4d13-a3cf-acec79ad29b2,request_lab,,,,,,
RE8E4E9DF35EA,consensus,3,e4022d3e-78f0-4d13-a3cf-acec79ad29b2,request_lab,,,,,,
RE8E4E9DF35EA,primary,4,69df8699-b235-41a5-9121-cc2f377ae5e8,ask_history,,,,,,
RE8E4E9DF35EA,second,4,69df8699-b235-41a5-9121-cc2f377ae5e8,ask_history,,,,,,
RE8E4E9DF35EA,consensus,4,69df8699-b235-41a5-9121-cc2f377ae5e8,ask_history,,,,,,
RE8E4E9DF35EA,primary,5,34a8ec9f-3f12-4faa-a1a7-da9ed21d5226,request_imaging,,,,,,
RE8E4E9DF35EA,second,5,34a8ec9f-3f12-4faa-a1a7-da9ed21d5226,request_imaging,,,,,,
RE8E4E9DF35EA,consensus,5,34a8ec9f-3f12-4faa-a1a7-da9ed21d5226,request_imaging,,,,,,
RE8E4E9DF35EA,primary,6,69400699-bb55-4dcd-897c-b2f91645d85c,request_ecg_or_test,,,,,,
RE8E4E9DF35EA,second,6,69400699-bb55-4dcd-897c-b2f91645d85c,request_ecg_or_test,,,,,,
RE8E4E9DF35EA,consensus,6,69400699-bb55-4dcd-897c-b2f91645d85c,request_ecg_or_test,,,,,,
RE8E4E9DF35EA,primary,7,36e6a29f-6104-4d9d-86ef-cdeff86df7ca,ask_history,,,,,,
RE8E4E9DF35EA,second,7,36e6a29f-6104-4d9d-86ef-cdeff86df7ca,ask_history,,,,,,
RE8E4E9DF35EA,consensus,7,36e6a29f-6104-4d9d-86ef-cdeff86df7ca,ask_history,,,,,,
RE8E4E9DF35EA,primary,8,cb1cb0b6-6fe9-44a9-81fc-98149476ffaf,ask_history,,,,,,
RE8E4E9DF35EA,second,8,cb1cb0b6-6fe9-44a9-81fc-98149476ffaf,ask_history,,,,,,
RE8E4E9DF35EA,consensus,8,cb1cb0b6-6fe9-44a9-81fc-98149476ffaf,ask_history,,,,,,
RE8E4E9DF35EA,primary,9,4c8ec121-d3dc-4c8e-9679-727bb0a0f5b7,request_lab,,,,,,
RE8E4E9DF35EA,second,9,4c8ec121-d3dc-4c8e-9679-727bb0a0f5b7,request_lab,,,,,,
RE8E4E9DF35EA,consensus,9,4c8ec121-d3dc-4c8e-9679-727bb0a0f5b7,request_lab,,,,,,
RE8E4E9DF35EA,primary,10,d312590c-5b2d-4540-b3c3-292d58d297fd,plan_reason,,,,,,
RE8E4E9DF35EA,second,10,d312590c-5b2d-4540-b3c3-292d58d297fd,plan_reason,,,,,,
RE8E4E9DF35EA,consensus,10,d312590c-5b2d-4540-b3c3-292d58d297fd,plan_reason,,,,,,
RE8E4E9DF35EA,primary,11,13e80c82-a07c-47b9-a6b8-748b986f3c1e,request_lab,,,,,,
RE8E4E9DF35EA,second,11,13e80c82-a07c-47b9-a6b8-748b986f3c1e,request_lab,,,,,,
RE8E4E9DF35EA,consensus,11,13e80c82-a07c-47b9-a6b8-748b986f3c1e,request_lab,,,,,,
RE8E4E9DF35EA,primary,12,be828527-01c6-4d06-9dfb-e82560ad2021,request_lab,,,,,,
RE8E4E9DF35EA,second,12,be828527-01c6-4d06-9dfb-e82560ad2021,request_lab,,,,,,
RE8E4E9DF35EA,consensus,12,be828527-01c6-4d06-9dfb-e82560ad2021,request_lab,,,,,,
RE8E4E9DF35EA,primary,13,815ae556-03e6-4e3c-b6cf-65bff43524da,final_diagnosis,,,,,,
RE8E4E9DF35EA,second,13,815ae556-03e6-4e3c-b6cf-65bff43524da,final_diagnosis,,,,,,
RE8E4E9DF35EA,consensus,13,815ae556-03e6-4e3c-b6cf-65bff43524da,final_diagnosis,,,,,,
RE8E4E9DF35EA,primary,14,a3c4f139-9aa8-4ac2-a80f-3ad68e2791ab,disposition,,,,,,
RE8E4E9DF35EA,second,14,a3c4f139-9aa8-4ac2-a80f-3ad68e2791ab,disposition,,,,,,
RE8E4E9DF35EA,consensus,14,a3c4f139-9aa8-4ac2-a80f-3ad68e2791ab,disposition,,,,,,
R0059718BCBF8,primary,1,cb663532-4c14-450c-88d0-d28f06533830,ask_history,,,,,,
R0059718BCBF8,second,1,cb663532-4c14-450c-88d0-d28f06533830,ask_history,,,,,,
R0059718BCBF8,consensus,1,cb663532-4c14-450c-88d0-d28f06533830,ask_history,,,,,,
R0059718BCBF8,primary,2,cdb2b675-c7eb-44f5-b096-021453757b3e,ask_history,,,,,,
R0059718BCBF8,second,2,cdb2b675-c7eb-44f5-b096-021453757b3e,ask_history,,,,,,
R0059718BCBF8,consensus,2,cdb2b675-c7eb-44f5-b096-021453757b3e,ask_history,,,,,,
R0059718BCBF8,primary,3,1dd15d4e-5d1d-4304-8e4e-49a4be6655ad,request_physical_exam,,,,,,
R0059718BCBF8,second,3,1dd15d4e-5d1d-4304-8e4e-49a4be6655ad,request_physical_exam,,,,,,
R0059718BCBF8,consensus,3,1dd15d4e-5d1d-4304-8e4e-49a4be6655ad,request_physical_exam,,,,,,
R0059718BCBF8,primary,4,1f4eed36-5bad-492b-beae-0677c2241d24,ask_history,,,,,,
R0059718BCBF8,second,4,1f4eed36-5bad-492b-beae-0677c2241d24,ask_history,,,,,,
R0059718BCBF8,consensus,4,1f4eed36-5bad-492b-beae-0677c2241d24,ask_history,,,,,,
R0059718BCBF8,primary,5,6ab741d2-d72b-4ccd-bc26-91f0a182b545,request_physical_exam,,,,,,
R0059718BCBF8,second,5,6ab741d2-d72b-4ccd-bc26-91f0a182b545,request_physical_exam,,,,,,
R0059718BCBF8,consensus,5,6ab741d2-d72b-4ccd-bc26-91f0a182b545,request_physical_exam,,,,,,
R0059718BCBF8,primary,6,89495826-4c66-4e20-8d47-840ff4af1c78,ask_history,,,,,,
R0059718BCBF8,second,6,89495826-4c66-4e20-8d47-840ff4af1c78,ask_history,,,,,,
R0059718BCBF8,consensus,6,89495826-4c66-4e20-8d47-840ff4af1c78,ask_history,,,,,,
R0059718BCBF8,primary,7,ac2534d4-2db6-4487-99f6-3f36329850be,request_physical_exam,,,,,,
R0059718BCBF8,second,7,ac2534d4-2db6-4487-99f6-3f36329850be,request_physical_exam,,,,,,
R0059718BCBF8,consensus,7,ac2534d4-2db6-4487-99f6-3f36329850be,request_physical_exam,,,,,,
R0059718BCBF8,primary,8,5ddf6777-6575-4f1d-9a53-5fc868efaed9,ask_history,,,,,,
R0059718BCBF8,second,8,5ddf6777-6575-4f1d-9a53-5fc868efaed9,ask_history,,,,,,
R0059718BCBF8,consensus,8,5ddf6777-6575-4f1d-9a53-5fc868efaed9,ask_history,,,,,,
R0059718BCBF8,primary,9,3ecddce7-ada5-47c4-ba43-c7a76e54aafb,request_physical_exam,,,,,,
R0059718BCBF8,second,9,3ecddce7-ada5-47c4-ba43-c7a76e54aafb,request_physical_exam,,,,,,
R0059718BCBF8,consensus,9,3ecddce7-ada5-47c4-ba43-c7a76e54aafb,request_physical_exam,,,,,,
R0059718BCBF8,primary,10,46db63d9-8f07-4868-b544-f3c85bfc51ff,ask_history,,,,,,
R0059718BCBF8,second,10,46db63d9-8f07-4868-b544-f3c85bfc51ff,ask_history,,,,,,
R0059718BCBF8,consensus,10,46db63d9-8f07-4868-b544-f3c85bfc51ff,ask_history,,,,,,
R0059718BCBF8,primary,11,3332acaa-2850-4f96-9988-01823470168e,request_physical_exam,,,,,,
R0059718BCBF8,second,11,3332acaa-2850-4f96-9988-01823470168e,request_physical_exam,,,,,,
R0059718BCBF8,consensus,11,3332acaa-2850-4f96-9988-01823470168e,request_physical_exam,,,,,,
R0059718BCBF8,primary,12,62ca7657-b0e4-4e32-ae2f-226cf0038821,ask_history,,,,,,
R0059718BCBF8,second,12,62ca7657-b0e4-4e32-ae2f-226cf0038821,ask_history,,,,,,
R0059718BCBF8,consensus,12,62ca7657-b0e4-4e32-ae2f-226cf0038821,ask_history,,,,,,
R0059718BCBF8,primary,13,d3c604ea-5dc8-45c6-9ac3-007834fe5535,request_physical_exam,,,,,,
R0059718BCBF8,second,13,d3c604ea-5dc8-45c6-9ac3-007834fe5535,request_physical_exam,,,,,,
R0059718BCBF8,consensus,13,d3c604ea-5dc8-45c6-9ac3-007834fe5535,request_physical_exam,,,,,,
R0059718BCBF8,primary,14,12889025-53fe-4e65-902a-7d6e5362857d,ask_history,,,,,,
R0059718BCBF8,second,14,12889025-53fe-4e65-902a-7d6e5362857d,ask_history,,,,,,
R0059718BCBF8,consensus,14,12889025-53fe-4e65-902a-7d6e5362857d,ask_history,,,,,,
R0059718BCBF8,primary,15,b7246e85-2200-4ee8-a992-b25e95b4bc52,request_physical_exam,,,,,,
R0059718BCBF8,second,15,b7246e85-2200-4ee8-a992-b25e95b4bc52,request_physical_exam,,,,,,
R0059718BCBF8,consensus,15,b7246e85-2200-4ee8-a992-b25e95b4bc52,request_physical_exam,,,,,,
R0059718BCBF8,primary,16,74721ad8-9caf-462f-8ece-3e02334e2470,ask_history,,,,,,
R0059718BCBF8,second,16,74721ad8-9caf-462f-8ece-3e02334e2470,ask_history,,,,,,
R0059718BCBF8,consensus,16,74721ad8-9caf-462f-8ece-3e02334e2470,ask_history,,,,,,
R0059718BCBF8,primary,17,b9b6230d-3404-4237-9e2f-5233caf9f7d5,request_physical_exam,,,,,,
R0059718BCBF8,second,17,b9b6230d-3404-4237-9e2f-5233caf9f7d5,request_physical_exam,,,,,,
R0059718BCBF8,consensus,17,b9b6230d-3404-4237-9e2f-5233caf9f7d5,request_physical_exam,,,,,,
R0059718BCBF8,primary,18,f1397235-72d9-46f2-a3fb-f33ea733faa2,ask_history,,,,,,
R0059718BCBF8,second,18,f1397235-72d9-46f2-a3fb-f33ea733faa2,ask_history,,,,,,
R0059718BCBF8,consensus,18,f1397235-72d9-46f2-a3fb-f33ea733faa2,ask_history,,,,,,
R0059718BCBF8,primary,19,0915d591-996f-4d84-a15f-3b10ab6c3d40,request_physical_exam,,,,,,
R0059718BCBF8,second,19,0915d591-996f-4d84-a15f-3b10ab6c3d40,request_physical_exam,,,,,,
R0059718BCBF8,consensus,19,0915d591-996f-4d84-a15f-3b10ab6c3d40,request_physical_exam,,,,,,
R0059718BCBF8,primary,20,b0d22b52-5432-4cb4-87fe-e6ec187848fc,ask_history,,,,,,
R0059718BCBF8,second,20,b0d22b52-5432-4cb4-87fe-e6ec187848fc,ask_history,,,,,,
R0059718BCBF8,consensus,20,b0d22b52-5432-4cb4-87fe-e6ec187848fc,ask_history,,,,,,
R0059718BCBF8,primary,21,7442ef1d-4d88-47f5-903c-9154c4fcc8ee,request_physical_exam,,,,,,
R0059718BCBF8,second,21,7442ef1d-4d88-47f5-903c-9154c4fcc8ee,request_physical_exam,,,,,,
R0059718BCBF8,consensus,21,7442ef1d-4d88-47f5-903c-9154c4fcc8ee,request_physical_exam,,,,,,
R0059718BCBF8,primary,22,51da910f-bb2b-409d-98be-c94c94357c3c,ask_history,,,,,,
R0059718BCBF8,second,22,51da910f-bb2b-409d-98be-c94c94357c3c,ask_history,,,,,,
R0059718BCBF8,consensus,22,51da910f-bb2b-409d-98be-c94c94357c3c,ask_history,,,,,,
R0059718BCBF8,primary,23,8c2b0815-a3b5-403e-a7f7-2583317755b0,request_physical_exam,,,,,,
R0059718BCBF8,second,23,8c2b0815-a3b5-403e-a7f7-2583317755b0,request_physical_exam,,,,,,
R0059718BCBF8,consensus,23,8c2b0815-a3b5-403e-a7f7-2583317755b0,request_physical_exam,,,,,,
R0059718BCBF8,primary,24,0b7a2371-e509-443e-a629-1e78d501b4e2,ask_history,,,,,,
R0059718BCBF8,second,24,0b7a2371-e509-443e-a629-1e78d501b4e2,ask_history,,,,,,
R0059718BCBF8,consensus,24,0b7a2371-e509-443e-a629-1e78d501b4e2,ask_history,,,,,,
R0059718BCBF8,primary,25,a117ea74-58c6-45f2-a1fd-136022931897,request_physical_exam,,,,,,
R0059718BCBF8,second,25,a117ea74-58c6-45f2-a1fd-136022931897,request_physical_exam,,,,,,
R0059718BCBF8,consensus,25,a117ea74-58c6-45f2-a1fd-136022931897,request_physical_exam,,,,,,
R0059718BCBF8,primary,26,722f67c2-700a-4037-8d4d-534f9f68ad42,ask_history,,,,,,
R0059718BCBF8,second,26,722f67c2-700a-4037-8d4d-534f9f68ad42,ask_history,,,,,,
R0059718BCBF8,consensus,26,722f67c2-700a-4037-8d4d-534f9f68ad42,ask_history,,,,,,
R0059718BCBF8,primary,27,9e97f03f-7494-49ae-8119-39a7bb892254,request_physical_exam,,,,,,
R0059718BCBF8,second,27,9e97f03f-7494-49ae-8119-39a7bb892254,request_physical_exam,,,,,,
R0059718BCBF8,consensus,27,9e97f03f-7494-49ae-8119-39a7bb892254,request_physical_exam,,,,,,
R0059718BCBF8,primary,28,e6d93af5-3c8a-4602-bc66-0f8eff403dd7,ask_history,,,,,,
R0059718BCBF8,second,28,e6d93af5-3c8a-4602-bc66-0f8eff403dd7,ask_history,,,,,,
R0059718BCBF8,consensus,28,e6d93af5-3c8a-4602-bc66-0f8eff403dd7,ask_history,,,,,,
R0059718BCBF8,primary,29,3c628c84-092d-4bba-a05d-030b3d9b9971,request_physical_exam,,,,,,
R0059718BCBF8,second,29,3c628c84-092d-4bba-a05d-030b3d9b9971,request_physical_exam,,,,,,
R0059718BCBF8,consensus,29,3c628c84-092d-4bba-a05d-030b3d9b9971,request_physical_exam,,,,,,
R0059718BCBF8,primary,30,541860df-7165-41ac-8489-e49ea513305a,ask_history,,,,,,
R0059718BCBF8,second,30,541860df-7165-41ac-8489-e49ea513305a,ask_history,,,,,,
R0059718BCBF8,consensus,30,541860df-7165-41ac-8489-e49ea513305a,ask_history,,,,,,
R0059718BCBF8,primary,31,00a4dc76-3a6d-4c0f-bf4e-82175d33a336,request_physical_exam,,,,,,
R0059718BCBF8,second,31,00a4dc76-3a6d-4c0f-bf4e-82175d33a336,request_physical_exam,,,,,,
R0059718BCBF8,consensus,31,00a4dc76-3a6d-4c0f-bf4e-82175d33a336,request_physical_exam,,,,,,
R0059718BCBF8,primary,32,aea4a77f-5cce-4bcc-b9c6-c7887ecda9a7,ask_history,,,,,,
R0059718BCBF8,second,32,aea4a77f-5cce-4bcc-b9c6-c7887ecda9a7,ask_history,,,,,,
R0059718BCBF8,consensus,32,aea4a77f-5cce-4bcc-b9c6-c7887ecda9a7,ask_history,,,,,,
R0059718BCBF8,primary,33,5326835c-0788-4380-a88c-ed2d841a5fb7,request_physical_exam,,,,,,
R0059718BCBF8,second,33,5326835c-0788-4380-a88c-ed2d841a5fb7,request_physical_exam,,,,,,
R0059718BCBF8,consensus,33,5326835c-0788-4380-a88c-ed2d841a5fb7,request_physical_exam,,,,,,
R0059718BCBF8,primary,34,d5c8058c-80fd-4dba-9d2c-4135a4ed4354,ask_history,,,,,,
R0059718BCBF8,second,34,d5c8058c-80fd-4dba-9d2c-4135a4ed4354,ask_history,,,,,,
R0059718BCBF8,consensus,34,d5c8058c-80fd-4dba-9d2c-4135a4ed4354,ask_history,,,,,,
R0059718BCBF8,primary,35,64188c75-7a01-4455-9be9-6bc6af70e8d8,request_physical_exam,,,,,,
R0059718BCBF8,second,35,64188c75-7a01-4455-9be9-6bc6af70e8d8,request_physical_exam,,,,,,
R0059718BCBF8,consensus,35,64188c75-7a01-4455-9be9-6bc6af70e8d8,request_physical_exam,,,,,,
R0059718BCBF8,primary,36,c7d93048-fe25-4d5a-a028-9bfa5454c6f1,ask_history,,,,,,
R0059718BCBF8,second,36,c7d93048-fe25-4d5a-a028-9bfa5454c6f1,ask_history,,,,,,
R0059718BCBF8,consensus,36,c7d93048-fe25-4d5a-a028-9bfa5454c6f1,ask_history,,,,,,
R0059718BCBF8,primary,37,7b9d9e8f-f8a1-4093-b703-0f6b7665eb1a,request_physical_exam,,,,,,
R0059718BCBF8,second,37,7b9d9e8f-f8a1-4093-b703-0f6b7665eb1a,request_physical_exam,,,,,,
R0059718BCBF8,consensus,37,7b9d9e8f-f8a1-4093-b703-0f6b7665eb1a,request_physical_exam,,,,,,
R0059718BCBF8,primary,38,cb01fca4-d533-42aa-b8d4-019dcbafe9f6,ask_history,,,,,,
R0059718BCBF8,second,38,cb01fca4-d533-42aa-b8d4-019dcbafe9f6,ask_history,,,,,,
R0059718BCBF8,consensus,38,cb01fca4-d533-42aa-b8d4-019dcbafe9f6,ask_history,,,,,,
R0059718BCBF8,primary,39,228e4391-3c1f-4594-8400-0166c42e55c4,request_physical_exam,,,,,,
R0059718BCBF8,second,39,228e4391-3c1f-4594-8400-0166c42e55c4,request_physical_exam,,,,,,
R0059718BCBF8,consensus,39,228e4391-3c1f-4594-8400-0166c42e55c4,request_physical_exam,,,,,,
R0059718BCBF8,primary,40,87f15dd4-02db-44bc-bf13-432516e67042,ask_history,,,,,,
R0059718BCBF8,second,40,87f15dd4-02db-44bc-bf13-432516e67042,ask_history,,,,,,
R0059718BCBF8,consensus,40,87f15dd4-02db-44bc-bf13-432516e67042,ask_history,,,,,,
R3FD8C373E507,primary,1,c04752d0-b9d9-47f0-a13a-7d41cf7dfe0a,ask_history,,,,,,
R3FD8C373E507,second,1,c04752d0-b9d9-47f0-a13a-7d41cf7dfe0a,ask_history,,,,,,
R3FD8C373E507,consensus,1,c04752d0-b9d9-47f0-a13a-7d41cf7dfe0a,ask_history,,,,,,
R3FD8C373E507,primary,2,4ef61f7b-bf2c-48cc-9efa-209d028c1ebc,request_physical_exam,,,,,,
R3FD8C373E507,second,2,4ef61f7b-bf2c-48cc-9efa-209d028c1ebc,request_physical_exam,,,,,,
R3FD8C373E507,consensus,2,4ef61f7b-bf2c-48cc-9efa-209d028c1ebc,request_physical_exam,,,,,,
R3FD8C373E507,primary,3,4209617a-60e7-42a8-9db4-9eeaac4d559a,ask_history,,,,,,
R3FD8C373E507,second,3,4209617a-60e7-42a8-9db4-9eeaac4d559a,ask_history,,,,,,
R3FD8C373E507,consensus,3,4209617a-60e7-42a8-9db4-9eeaac4d559a,ask_history,,,,,,
R3FD8C373E507,primary,4,45357cc5-ad8b-49f1-85e7-cbebb3f5f5eb,request_physical_exam,,,,,,
R3FD8C373E507,second,4,45357cc5-ad8b-49f1-85e7-cbebb3f5f5eb,request_physical_exam,,,,,,
R3FD8C373E507,consensus,4,45357cc5-ad8b-49f1-85e7-cbebb3f5f5eb,request_physical_exam,,,,,,
R3FD8C373E507,primary,5,96ebc8cf-99ea-403b-a201-7512ad17a7e6,ask_history,,,,,,
R3FD8C373E507,second,5,96ebc8cf-99ea-403b-a201-7512ad17a7e6,ask_history,,,,,,
R3FD8C373E507,consensus,5,96ebc8cf-99ea-403b-a201-7512ad17a7e6,ask_history,,,,,,
R3FD8C373E507,primary,6,801b3882-a41a-4511-b64b-fcf8fcfad474,request_physical_exam,,,,,,
R3FD8C373E507,second,6,801b3882-a41a-4511-b64b-fcf8fcfad474,request_physical_exam,,,,,,
R3FD8C373E507,consensus,6,801b3882-a41a-4511-b64b-fcf8fcfad474,request_physical_exam,,,,,,
R3FD8C373E507,primary,7,6746a68e-82dd-4cfb-babb-fd05e23205cd,ask_history,,,,,,
R3FD8C373E507,second,7,6746a68e-82dd-4cfb-babb-fd05e23205cd,ask_history,,,,,,
R3FD8C373E507,consensus,7,6746a68e-82dd-4cfb-babb-fd05e23205cd,ask_history,,,,,,
R3FD8C373E507,primary,8,e4e8b2d4-bbfb-4efb-8730-6ee1780cc16b,request_physical_exam,,,,,,
R3FD8C373E507,second,8,e4e8b2d4-bbfb-4efb-8730-6ee1780cc16b,request_physical_exam,,,,,,
R3FD8C373E507,consensus,8,e4e8b2d4-bbfb-4efb-8730-6ee1780cc16b,request_physical_exam,,,,,,
R3FD8C373E507,primary,9,787d671d-7116-4ad2-939f-abc22e95c873,plan_reason,,,,,,
R3FD8C373E507,second,9,787d671d-7116-4ad2-939f-abc22e95c873,plan_reason,,,,,,
R3FD8C373E507,consensus,9,787d671d-7116-4ad2-939f-abc22e95c873,plan_reason,,,,,,
R3FD8C373E507,primary,10,22fd3c8a-5bae-4ffc-88f9-9c516886a55e,request_lab,,,,,,
R3FD8C373E507,second,10,22fd3c8a-5bae-4ffc-88f9-9c516886a55e,request_lab,,,,,,
R3FD8C373E507,consensus,10,22fd3c8a-5bae-4ffc-88f9-9c516886a55e,request_lab,,,,,,
R3FD8C373E507,primary,11,97a2b721-dd29-40be-b95e-7d61a9030692,request_lab,,,,,,
R3FD8C373E507,second,11,97a2b721-dd29-40be-b95e-7d61a9030692,request_lab,,,,,,
R3FD8C373E507,consensus,11,97a2b721-dd29-40be-b95e-7d61a9030692,request_lab,,,,,,
R3FD8C373E507,primary,12,e450a683-0b08-4d18-88a9-3c1caf451bec,request_lab,,,,,,
R3FD8C373E507,second,12,e450a683-0b08-4d18-88a9-3c1caf451bec,request_lab,,,,,,
R3FD8C373E507,consensus,12,e450a683-0b08-4d18-88a9-3c1caf451bec,request_lab,,,,,,
R7E89F1DFFACC,primary,1,b7f1b937-553b-4eb4-8424-ac51107230b7,request_physical_exam,,,,,,
R7E89F1DFFACC,second,1,b7f1b937-553b-4eb4-8424-ac51107230b7,request_physical_exam,,,,,,
R7E89F1DFFACC,consensus,1,b7f1b937-553b-4eb4-8424-ac51107230b7,request_physical_exam,,,,,,
R7E89F1DFFACC,primary,2,7d8c9847-b7ab-4df2-bd7d-b4a7170fca7d,ask_history,,,,,,
R7E89F1DFFACC,second,2,7d8c9847-b7ab-4df2-bd7d-b4a7170fca7d,ask_history,,,,,,
R7E89F1DFFACC,consensus,2,7d8c9847-b7ab-4df2-bd7d-b4a7170fca7d,ask_history,,,,,,
R7E89F1DFFACC,primary,3,2d78c8fb-8d57-4af4-aeb4-ca400398c64b,request_imaging,,,,,,
R7E89F1DFFACC,second,3,2d78c8fb-8d57-4af4-aeb4-ca400398c64b,request_imaging,,,,,,
R7E89F1DFFACC,consensus,3,2d78c8fb-8d57-4af4-aeb4-ca400398c64b,request_imaging,,,,,,
R7E89F1DFFACC,primary,4,e8c2249b-3961-444a-899b-d1fa96bd9542,ask_history,,,,,,
R7E89F1DFFACC,second,4,e8c2249b-3961-444a-899b-d1fa96bd9542,ask_history,,,,,,
R7E89F1DFFACC,consensus,4,e8c2249b-3961-444a-899b-d1fa96bd9542,ask_history,,,,,,
R7E89F1DFFACC,primary,5,e0d2a88a-5c4d-43d8-963c-2c74b49519c3,request_imaging,,,,,,
R7E89F1DFFACC,second,5,e0d2a88a-5c4d-43d8-963c-2c74b49519c3,request_imaging,,,,,,
R7E89F1DFFACC,consensus,5,e0d2a88a-5c4d-43d8-963c-2c74b49519c3,request_imaging,,,,,,
R7E89F1DFFACC,primary,6,62ed89d4-255d-4d3f-a72f-302b8e2e7843,plan_reason,,,,,,
R7E89F1DFFACC,second,6,62ed89d4-255d-4d3f-a72f-302b8e2e7843,plan_reason,,,,,,
R7E89F1DFFACC,consensus,6,62ed89d4-255d-4d3f-a72f-302b8e2e7843,plan_reason,,,,,,
R7E89F1DFFACC,primary,7,f2554f3a-8548-49dd-b847-750c85c458ea,request_procedure,,,,,,
R7E89F1DFFACC,second,7,f2554f3a-8548-49dd-b847-750c85c458ea,request_procedure,,,,,,
R7E89F1DFFACC,consensus,7,f2554f3a-8548-49dd-b847-750c85c458ea,request_procedure,,,,,,
R7E89F1DFFACC,primary,8,7bd4ee85-b0e8-4af1-b9c3-e1ac88921bfa,request_procedure,,,,,,
R7E89F1DFFACC,second,8,7bd4ee85-b0e8-4af1-b9c3-e1ac88921bfa,request_procedure,,,,,,
R7E89F1DFFACC,consensus,8,7bd4ee85-b0e8-4af1-b9c3-e1ac88921bfa,request_procedure,,,,,,
R7E89F1DFFACC,primary,9,10d1b39a-2bdb-42ac-aab4-4e01e71b598e,ask_history,,,,,,
R7E89F1DFFACC,second,9,10d1b39a-2bdb-42ac-aab4-4e01e71b598e,ask_history,,,,,,
R7E89F1DFFACC,consensus,9,10d1b39a-2bdb-42ac-aab4-4e01e71b598e,ask_history,,,,,,
R7E89F1DFFACC,primary,10,3ec04aba-5df9-49f9-9ae3-d2ee78a5cf3b,request_imaging,,,,,,
R7E89F1DFFACC,second,10,3ec04aba-5df9-49f9-9ae3-d2ee78a5cf3b,request_imaging,,,,,,
R7E89F1DFFACC,consensus,10,3ec04aba-5df9-49f9-9ae3-d2ee78a5cf3b,request_imaging,,,,,,
R7E89F1DFFACC,primary,11,ab17ee09-c275-4f14-832b-05e676eabdf3,final_diagnosis,,,,,,
R7E89F1DFFACC,second,11,ab17ee09-c275-4f14-832b-05e676eabdf3,final_diagnosis,,,,,,
R7E89F1DFFACC,consensus,11,ab17ee09-c275-4f14-832b-05e676eabdf3,final_diagnosis,,,,,,
R7E89F1DFFACC,primary,12,60e7ff67-e3fb-4bdd-9ba6-11af4a82eb2e,disposition,,,,,,
R7E89F1DFFACC,second,12,60e7ff67-e3fb-4bdd-9ba6-11af4a82eb2e,disposition,,,,,,
R7E89F1DFFACC,consensus,12,60e7ff67-e3fb-4bdd-9ba6-11af4a82eb2e,disposition,,,,,,
RDEAF5F523C26,primary,1,6a4528c8-ec7b-42cd-b008-464ce6b5c7b3,ask_history,,,,,,
RDEAF5F523C26,second,1,6a4528c8-ec7b-42cd-b008-464ce6b5c7b3,ask_history,,,,,,
RDEAF5F523C26,consensus,1,6a4528c8-ec7b-42cd-b008-464ce6b5c7b3,ask_history,,,,,,
RDEAF5F523C26,primary,2,2013776c-c1c8-40ef-acf8-e318725d9ac0,ask_history,,,,,,
RDEAF5F523C26,second,2,2013776c-c1c8-40ef-acf8-e318725d9ac0,ask_history,,,,,,
RDEAF5F523C26,consensus,2,2013776c-c1c8-40ef-acf8-e318725d9ac0,ask_history,,,,,,
RDEAF5F523C26,primary,3,d2ea01e7-f0d5-4d06-a057-c27d72c0d3a0,request_physical_exam,,,,,,
RDEAF5F523C26,second,3,d2ea01e7-f0d5-4d06-a057-c27d72c0d3a0,request_physical_exam,,,,,,
RDEAF5F523C26,consensus,3,d2ea01e7-f0d5-4d06-a057-c27d72c0d3a0,request_physical_exam,,,,,,
RDEAF5F523C26,primary,4,dcb04653-65dd-4497-bfd0-f265b9076ed7,ask_history,,,,,,
RDEAF5F523C26,second,4,dcb04653-65dd-4497-bfd0-f265b9076ed7,ask_history,,,,,,
RDEAF5F523C26,consensus,4,dcb04653-65dd-4497-bfd0-f265b9076ed7,ask_history,,,,,,
RDEAF5F523C26,primary,5,296280ad-6f7a-45d8-b2b8-90c81bfd95f9,ask_history,,,,,,
RDEAF5F523C26,second,5,296280ad-6f7a-45d8-b2b8-90c81bfd95f9,ask_history,,,,,,
RDEAF5F523C26,consensus,5,296280ad-6f7a-45d8-b2b8-90c81bfd95f9,ask_history,,,,,,
RDEAF5F523C26,primary,6,5f0238db-1714-4532-b5d1-3b11b7306cf3,ask_history,,,,,,
RDEAF5F523C26,second,6,5f0238db-1714-4532-b5d1-3b11b7306cf3,ask_history,,,,,,
RDEAF5F523C26,consensus,6,5f0238db-1714-4532-b5d1-3b11b7306cf3,ask_history,,,,,,
RBF390978DB0E,primary,1,7d56c519-fbbc-48d0-8546-534675bbfcda,ask_history,,,,,,
RBF390978DB0E,second,1,7d56c519-fbbc-48d0-8546-534675bbfcda,ask_history,,,,,,
RBF390978DB0E,consensus,1,7d56c519-fbbc-48d0-8546-534675bbfcda,ask_history,,,,,,
RBF390978DB0E,primary,2,26e37e4f-ced1-4cea-8862-d23245f4d856,request_physical_exam,,,,,,
RBF390978DB0E,second,2,26e37e4f-ced1-4cea-8862-d23245f4d856,request_physical_exam,,,,,,
RBF390978DB0E,consensus,2,26e37e4f-ced1-4cea-8862-d23245f4d856,request_physical_exam,,,,,,
RBF390978DB0E,primary,3,5709b8ea-15e5-4dc2-b603-f077fc268413,ask_history,,,,,,
RBF390978DB0E,second,3,5709b8ea-15e5-4dc2-b603-f077fc268413,ask_history,,,,,,
RBF390978DB0E,consensus,3,5709b8ea-15e5-4dc2-b603-f077fc268413,ask_history,,,,,,
RBF390978DB0E,primary,4,66675971-d675-4d23-a248-412b4d79a8d7,request_physical_exam,,,,,,
RBF390978DB0E,second,4,66675971-d675-4d23-a248-412b4d79a8d7,request_physical_exam,,,,,,
RBF390978DB0E,consensus,4,66675971-d675-4d23-a248-412b4d79a8d7,request_physical_exam,,,,,,
RBF390978DB0E,primary,5,5ecf3eb2-863e-4436-8dba-92dbc7d75e77,ask_history,,,,,,
RBF390978DB0E,second,5,5ecf3eb2-863e-4436-8dba-92dbc7d75e77,ask_history,,,,,,
RBF390978DB0E,consensus,5,5ecf3eb2-863e-4436-8dba-92dbc7d75e77,ask_history,,,,,,
RBF390978DB0E,primary,6,abbbb631-a6a4-4ec2-a6f5-57c7badee018,request_physical_exam,,,,,,
RBF390978DB0E,second,6,abbbb631-a6a4-4ec2-a6f5-57c7badee018,request_physical_exam,,,,,,
RBF390978DB0E,consensus,6,abbbb631-a6a4-4ec2-a6f5-57c7badee018,request_physical_exam,,,,,,
RBF390978DB0E,primary,7,2df5f5d7-09ac-424e-af9d-f953b5c6a2db,ask_history,,,,,,
RBF390978DB0E,second,7,2df5f5d7-09ac-424e-af9d-f953b5c6a2db,ask_history,,,,,,
RBF390978DB0E,consensus,7,2df5f5d7-09ac-424e-af9d-f953b5c6a2db,ask_history,,,,,,
RBF390978DB0E,primary,8,e6ca677d-4a08-4dd6-9eb5-ef062e1888be,request_physical_exam,,,,,,
RBF390978DB0E,second,8,e6ca677d-4a08-4dd6-9eb5-ef062e1888be,request_physical_exam,,,,,,
RBF390978DB0E,consensus,8,e6ca677d-4a08-4dd6-9eb5-ef062e1888be,request_physical_exam,,,,,,
RBF390978DB0E,primary,9,7b48e86b-130c-424a-a10a-67ac7a91cef7,ask_history,,,,,,
RBF390978DB0E,second,9,7b48e86b-130c-424a-a10a-67ac7a91cef7,ask_history,,,,,,
RBF390978DB0E,consensus,9,7b48e86b-130c-424a-a10a-67ac7a91cef7,ask_history,,,,,,
RBF390978DB0E,primary,10,808e0e57-f3bc-4444-9151-09f59b445c8c,request_physical_exam,,,,,,
RBF390978DB0E,second,10,808e0e57-f3bc-4444-9151-09f59b445c8c,request_physical_exam,,,,,,
RBF390978DB0E,consensus,10,808e0e57-f3bc-4444-9151-09f59b445c8c,request_physical_exam,,,,,,
RBF390978DB0E,primary,11,5f55dae0-8527-430c-8831-116ceb17c3c2,ask_history,,,,,,
RBF390978DB0E,second,11,5f55dae0-8527-430c-8831-116ceb17c3c2,ask_history,,,,,,
RBF390978DB0E,consensus,11,5f55dae0-8527-430c-8831-116ceb17c3c2,ask_history,,,,,,
RBF390978DB0E,primary,12,93a4c252-38b4-4ab6-b65f-e1447cb0a9a1,request_physical_exam,,,,,,
RBF390978DB0E,second,12,93a4c252-38b4-4ab6-b65f-e1447cb0a9a1,request_physical_exam,,,,,,
RBF390978DB0E,consensus,12,93a4c252-38b4-4ab6-b65f-e1447cb0a9a1,request_physical_exam,,,,,,
RBF390978DB0E,primary,13,f55d0c6b-15eb-4a3f-8df8-7eab3e17ac40,ask_history,,,,,,
RBF390978DB0E,second,13,f55d0c6b-15eb-4a3f-8df8-7eab3e17ac40,ask_history,,,,,,
RBF390978DB0E,consensus,13,f55d0c6b-15eb-4a3f-8df8-7eab3e17ac40,ask_history,,,,,,
RBF390978DB0E,primary,14,bca96121-c89b-4b16-8648-569290e2a62c,request_physical_exam,,,,,,
RBF390978DB0E,second,14,bca96121-c89b-4b16-8648-569290e2a62c,request_physical_exam,,,,,,
RBF390978DB0E,consensus,14,bca96121-c89b-4b16-8648-569290e2a62c,request_physical_exam,,,,,,
RBF390978DB0E,primary,15,9f65bcec-3de5-41d0-959b-6374d5c0a0e4,ask_history,,,,,,
RBF390978DB0E,second,15,9f65bcec-3de5-41d0-959b-6374d5c0a0e4,ask_history,,,,,,
RBF390978DB0E,consensus,15,9f65bcec-3de5-41d0-959b-6374d5c0a0e4,ask_history,,,,,,
RBF390978DB0E,primary,16,bc69d2a4-13b3-4406-825b-8eccd13eb74d,request_physical_exam,,,,,,
RBF390978DB0E,second,16,bc69d2a4-13b3-4406-825b-8eccd13eb74d,request_physical_exam,,,,,,
RBF390978DB0E,consensus,16,bc69d2a4-13b3-4406-825b-8eccd13eb74d,request_physical_exam,,,,,,
RBF390978DB0E,primary,17,d28b8992-4ee6-4b30-bfa2-022d70b113ac,ask_history,,,,,,
RBF390978DB0E,second,17,d28b8992-4ee6-4b30-bfa2-022d70b113ac,ask_history,,,,,,
RBF390978DB0E,consensus,17,d28b8992-4ee6-4b30-bfa2-022d70b113ac,ask_history,,,,,,
RBF390978DB0E,primary,18,fefa5da6-d1eb-4003-9ab9-12aef59107be,request_physical_exam,,,,,,
RBF390978DB0E,second,18,fefa5da6-d1eb-4003-9ab9-12aef59107be,request_physical_exam,,,,,,
RBF390978DB0E,consensus,18,fefa5da6-d1eb-4003-9ab9-12aef59107be,request_physical_exam,,,,,,
RBF390978DB0E,primary,19,37888b92-518f-40f7-ab38-313eae017de5,ask_history,,,,,,
RBF390978DB0E,second,19,37888b92-518f-40f7-ab38-313eae017de5,ask_history,,,,,,
RBF390978DB0E,consensus,19,37888b92-518f-40f7-ab38-313eae017de5,ask_history,,,,,,
RBF390978DB0E,primary,20,58576918-e0cc-4d04-b372-058305c125c6,request_physical_exam,,,,,,
RBF390978DB0E,second,20,58576918-e0cc-4d04-b372-058305c125c6,request_physical_exam,,,,,,
RBF390978DB0E,consensus,20,58576918-e0cc-4d04-b372-058305c125c6,request_physical_exam,,,,,,
RBF390978DB0E,primary,21,215c9d1e-2002-4739-b9f7-dcc8ab12728c,ask_history,,,,,,
RBF390978DB0E,second,21,215c9d1e-2002-4739-b9f7-dcc8ab12728c,ask_history,,,,,,
RBF390978DB0E,consensus,21,215c9d1e-2002-4739-b9f7-dcc8ab12728c,ask_history,,,,,,
RBF390978DB0E,primary,22,1bbc7e69-dfd5-4166-9ae8-4f0b768ff086,request_physical_exam,,,,,,
RBF390978DB0E,second,22,1bbc7e69-dfd5-4166-9ae8-4f0b768ff086,request_physical_exam,,,,,,
RBF390978DB0E,consensus,22,1bbc7e69-dfd5-4166-9ae8-4f0b768ff086,request_physical_exam,,,,,,
RBF390978DB0E,primary,23,fae8f4a0-2e3c-4822-92fe-35ef1b119e4c,ask_history,,,,,,
RBF390978DB0E,second,23,fae8f4a0-2e3c-4822-92fe-35ef1b119e4c,ask_history,,,,,,
RBF390978DB0E,consensus,23,fae8f4a0-2e3c-4822-92fe-35ef1b119e4c,ask_history,,,,,,
RBF390978DB0E,primary,24,a95afe21-6063-4e64-bbe3-21204f1241f5,request_physical_exam,,,,,,
RBF390978DB0E,second,24,a95afe21-6063-4e64-bbe3-21204f1241f5,request_physical_exam,,,,,,
RBF390978DB0E,consensus,24,a95afe21-6063-4e64-bbe3-21204f1241f5,request_physical_exam,,,,,,
RBF390978DB0E,primary,25,b078156d-6c15-450e-b9a9-4e2159a83c9c,ask_history,,,,,,
RBF390978DB0E,second,25,b078156d-6c15-450e-b9a9-4e2159a83c9c,ask_history,,,,,,
RBF390978DB0E,consensus,25,b078156d-6c15-450e-b9a9-4e2159a83c9c,ask_history,,,,,,
RBF390978DB0E,primary,26,1d452419-51e2-4001-8e34-190f729b2c78,request_physical_exam,,,,,,
RBF390978DB0E,second,26,1d452419-51e2-4001-8e34-190f729b2c78,request_physical_exam,,,,,,
RBF390978DB0E,consensus,26,1d452419-51e2-4001-8e34-190f729b2c78,request_physical_exam,,,,,,
RBF390978DB0E,primary,27,e5b4667e-e3f1-4359-b382-7e1123522015,ask_history,,,,,,
RBF390978DB0E,second,27,e5b4667e-e3f1-4359-b382-7e1123522015,ask_history,,,,,,
RBF390978DB0E,consensus,27,e5b4667e-e3f1-4359-b382-7e1123522015,ask_history,,,,,,
RBF390978DB0E,primary,28,b71aa7c8-52fc-4be0-b3e6-793de6620e97,request_physical_exam,,,,,,
RBF390978DB0E,second,28,b71aa7c8-52fc-4be0-b3e6-793de6620e97,request_physical_exam,,,,,,
RBF390978DB0E,consensus,28,b71aa7c8-52fc-4be0-b3e6-793de6620e97,request_physical_exam,,,,,,
RBF390978DB0E,primary,29,c23bcbd1-8dbe-466f-b209-60d166a5f800,ask_history,,,,,,
RBF390978DB0E,second,29,c23bcbd1-8dbe-466f-b209-60d166a5f800,ask_history,,,,,,
RBF390978DB0E,consensus,29,c23bcbd1-8dbe-466f-b209-60d166a5f800,ask_history,,,,,,
RBF390978DB0E,primary,30,e22f0d18-e469-4656-a739-cfd3ce70e048,request_physical_exam,,,,,,
RBF390978DB0E,second,30,e22f0d18-e469-4656-a739-cfd3ce70e048,request_physical_exam,,,,,,
RBF390978DB0E,consensus,30,e22f0d18-e469-4656-a739-cfd3ce70e048,request_physical_exam,,,,,,
RBF390978DB0E,primary,31,318e0aed-b138-48bc-9001-8a8f86db5c91,ask_history,,,,,,
RBF390978DB0E,second,31,318e0aed-b138-48bc-9001-8a8f86db5c91,ask_history,,,,,,
RBF390978DB0E,consensus,31,318e0aed-b138-48bc-9001-8a8f86db5c91,ask_history,,,,,,
RBF390978DB0E,primary,32,7c273091-8501-43d1-96f9-60bc4f13d925,request_physical_exam,,,,,,
RBF390978DB0E,second,32,7c273091-8501-43d1-96f9-60bc4f13d925,request_physical_exam,,,,,,
RBF390978DB0E,consensus,32,7c273091-8501-43d1-96f9-60bc4f13d925,request_physical_exam,,,,,,
RBF390978DB0E,primary,33,a36f8fdb-dfe9-4531-8821-6db1f1ed195d,ask_history,,,,,,
RBF390978DB0E,second,33,a36f8fdb-dfe9-4531-8821-6db1f1ed195d,ask_history,,,,,,
RBF390978DB0E,consensus,33,a36f8fdb-dfe9-4531-8821-6db1f1ed195d,ask_history,,,,,,
RBF390978DB0E,primary,34,5f22afdb-3cc2-4a21-b78e-6741ebcdba25,request_physical_exam,,,,,,
RBF390978DB0E,second,34,5f22afdb-3cc2-4a21-b78e-6741ebcdba25,request_physical_exam,,,,,,
RBF390978DB0E,consensus,34,5f22afdb-3cc2-4a21-b78e-6741ebcdba25,request_physical_exam,,,,,,
RBF390978DB0E,primary,35,716ae4f6-fa4f-4b2f-98d4-9163d6f604a7,ask_history,,,,,,
RBF390978DB0E,second,35,716ae4f6-fa4f-4b2f-98d4-9163d6f604a7,ask_history,,,,,,
RBF390978DB0E,consensus,35,716ae4f6-fa4f-4b2f-98d4-9163d6f604a7,ask_history,,,,,,
RBF390978DB0E,primary,36,1afbc667-3613-4d38-94b8-0deeb1ba9eee,request_physical_exam,,,,,,
RBF390978DB0E,second,36,1afbc667-3613-4d38-94b8-0deeb1ba9eee,request_physical_exam,,,,,,
RBF390978DB0E,consensus,36,1afbc667-3613-4d38-94b8-0deeb1ba9eee,request_physical_exam,,,,,,
RBF390978DB0E,primary,37,0fc294cf-dd25-4c79-a4ce-9ed6bc5ed9d3,ask_history,,,,,,
RBF390978DB0E,second,37,0fc294cf-dd25-4c79-a4ce-9ed6bc5ed9d3,ask_history,,,,,,
RBF390978DB0E,consensus,37,0fc294cf-dd25-4c79-a4ce-9ed6bc5ed9d3,ask_history,,,,,,
RBF390978DB0E,primary,38,dcf6ef85-a9fb-414e-9db3-fbc69802b5a0,request_physical_exam,,,,,,
RBF390978DB0E,second,38,dcf6ef85-a9fb-414e-9db3-fbc69802b5a0,request_physical_exam,,,,,,
RBF390978DB0E,consensus,38,dcf6ef85-a9fb-414e-9db3-fbc69802b5a0,request_physical_exam,,,,,,
RBF390978DB0E,primary,39,4d54a7c4-63d8-4518-acad-0a762f30672b,ask_history,,,,,,
RBF390978DB0E,second,39,4d54a7c4-63d8-4518-acad-0a762f30672b,ask_history,,,,,,
RBF390978DB0E,consensus,39,4d54a7c4-63d8-4518-acad-0a762f30672b,ask_history,,,,,,
RBF390978DB0E,primary,40,e9489068-d58b-4661-8656-ddb0752ca8c7,request_physical_exam,,,,,,
RBF390978DB0E,second,40,e9489068-d58b-4661-8656-ddb0752ca8c7,request_physical_exam,,,,,,
RBF390978DB0E,consensus,40,e9489068-d58b-4661-8656-ddb0752ca8c7,request_physical_exam,,,,,,
RC9D868A70A66,primary,1,941c17e2-c851-487a-a309-01bb90880fb6,ask_history,,,,,,
RC9D868A70A66,second,1,941c17e2-c851-487a-a309-01bb90880fb6,ask_history,,,,,,
RC9D868A70A66,consensus,1,941c17e2-c851-487a-a309-01bb90880fb6,ask_history,,,,,,
RC9D868A70A66,primary,2,bfca9a14-36a5-4adf-bfb1-9f6cfb0e73ba,request_physical_exam,,,,,,
RC9D868A70A66,second,2,bfca9a14-36a5-4adf-bfb1-9f6cfb0e73ba,request_physical_exam,,,,,,
RC9D868A70A66,consensus,2,bfca9a14-36a5-4adf-bfb1-9f6cfb0e73ba,request_physical_exam,,,,,,
RC9D868A70A66,primary,3,97e18701-7beb-48c0-be6a-1eb5a922549f,ask_history,,,,,,
RC9D868A70A66,second,3,97e18701-7beb-48c0-be6a-1eb5a922549f,ask_history,,,,,,
RC9D868A70A66,consensus,3,97e18701-7beb-48c0-be6a-1eb5a922549f,ask_history,,,,,,
RC9D868A70A66,primary,4,6ac172a1-2fa8-47a8-bf5b-6484d5ef77a6,request_physical_exam,,,,,,
RC9D868A70A66,second,4,6ac172a1-2fa8-47a8-bf5b-6484d5ef77a6,request_physical_exam,,,,,,
RC9D868A70A66,consensus,4,6ac172a1-2fa8-47a8-bf5b-6484d5ef77a6,request_physical_exam,,,,,,
RC9D868A70A66,primary,5,c9f8b40f-a745-4e1c-a5b2-775c032a6ddf,plan_reason,,,,,,
RC9D868A70A66,second,5,c9f8b40f-a745-4e1c-a5b2-775c032a6ddf,plan_reason,,,,,,
RC9D868A70A66,consensus,5,c9f8b40f-a745-4e1c-a5b2-775c032a6ddf,plan_reason,,,,,,
RC9D868A70A66,primary,6,8193e6c9-1d93-47e9-944e-401adf1ce1d4,request_lab,,,,,,
RC9D868A70A66,second,6,8193e6c9-1d93-47e9-944e-401adf1ce1d4,request_lab,,,,,,
RC9D868A70A66,consensus,6,8193e6c9-1d93-47e9-944e-401adf1ce1d4,request_lab,,,,,,
RC9D868A70A66,primary,7,43edef3d-d8c7-4dea-aa2d-0a25516c4ce0,request_imaging,,,,,,
RC9D868A70A66,second,7,43edef3d-d8c7-4dea-aa2d-0a25516c4ce0,request_imaging,,,,,,
RC9D868A70A66,consensus,7,43edef3d-d8c7-4dea-aa2d-0a25516c4ce0,request_imaging,,,,,,
RC9D868A70A66,primary,8,2fba3a92-a53f-47c8-8b5e-ce3361ba492d,plan_reason,,,,,,
RC9D868A70A66,second,8,2fba3a92-a53f-47c8-8b5e-ce3361ba492d,plan_reason,,,,,,
RC9D868A70A66,consensus,8,2fba3a92-a53f-47c8-8b5e-ce3361ba492d,plan_reason,,,,,,
RC9D868A70A66,primary,9,db802d19-8e5d-4399-98e3-bc2f571af505,final_diagnosis,,,,,,
RC9D868A70A66,second,9,db802d19-8e5d-4399-98e3-bc2f571af505,final_diagnosis,,,,,,
RC9D868A70A66,consensus,9,db802d19-8e5d-4399-98e3-bc2f571af505,final_diagnosis,,,,,,
RC9D868A70A66,primary,10,0069e0bd-ef4b-4f59-b339-7c94b803a3c8,disposition,,,,,,
RC9D868A70A66,second,10,0069e0bd-ef4b-4f59-b339-7c94b803a3c8,disposition,,,,,,
RC9D868A70A66,consensus,10,0069e0bd-ef4b-4f59-b339-7c94b803a3c8,disposition,,,,,,
RC9D868A70A66,primary,11,00184fec-7f01-4d46-b0e7-bcaffd55fd12,ask_history,,,,,,
RC9D868A70A66,second,11,00184fec-7f01-4d46-b0e7-bcaffd55fd12,ask_history,,,,,,
RC9D868A70A66,consensus,11,00184fec-7f01-4d46-b0e7-bcaffd55fd12,ask_history,,,,,,
RC9D868A70A66,primary,12,d5d15076-5e2b-4dd8-82d2-7c8ab9352b77,request_physical_exam,,,,,,
RC9D868A70A66,second,12,d5d15076-5e2b-4dd8-82d2-7c8ab9352b77,request_physical_exam,,,,,,
RC9D868A70A66,consensus,12,d5d15076-5e2b-4dd8-82d2-7c8ab9352b77,request_physical_exam,,,,,,
RC9D868A70A66,primary,13,738af258-897f-4ddd-ad3f-83c939c71335,plan_reason,,,,,,
RC9D868A70A66,second,13,738af258-897f-4ddd-ad3f-83c939c71335,plan_reason,,,,,,
RC9D868A70A66,consensus,13,738af258-897f-4ddd-ad3f-83c939c71335,plan_reason,,,,,,
RC9D868A70A66,primary,14,62a24b4c-c9ee-4979-a990-8b60f56e44b1,request_lab,,,,,,
RC9D868A70A66,second,14,62a24b4c-c9ee-4979-a990-8b60f56e44b1,request_lab,,,,,,
RC9D868A70A66,consensus,14,62a24b4c-c9ee-4979-a990-8b60f56e44b1,request_lab,,,,,,
RC9D868A70A66,primary,15,1f31d46b-f461-4cdd-a7c2-32f0881a4945,request_imaging,,,,,,
RC9D868A70A66,second,15,1f31d46b-f461-4cdd-a7c2-32f0881a4945,request_imaging,,,,,,
RC9D868A70A66,consensus,15,1f31d46b-f461-4cdd-a7c2-32f0881a4945,request_imaging,,,,,,
RC9D868A70A66,primary,16,6dc9d61c-e9a7-401a-84fe-7c6082f942b4,plan_reason,,,,,,
RC9D868A70A66,second,16,6dc9d61c-e9a7-401a-84fe-7c6082f942b4,plan_reason,,,,,,
RC9D868A70A66,consensus,16,6dc9d61c-e9a7-401a-84fe-7c6082f942b4,plan_reason,,,,,,
RC9D868A70A66,primary,17,2900620f-622c-4990-8a98-628f507d1678,final_diagnosis,,,,,,
RC9D868A70A66,second,17,2900620f-622c-4990-8a98-628f507d1678,final_diagnosis,,,,,,
RC9D868A70A66,consensus,17,2900620f-622c-4990-8a98-628f507d1678,final_diagnosis,,,,,,
RC9D868A70A66,primary,18,e89a72c5-f335-4fe2-a051-25654bc5f285,disposition,,,,,,
RC9D868A70A66,second,18,e89a72c5-f335-4fe2-a051-25654bc5f285,disposition,,,,,,
RC9D868A70A66,consensus,18,e89a72c5-f335-4fe2-a051-25654bc5f285,disposition,,,,,,
RC9D868A70A66,primary,19,4e3e4f1b-9b2b-480e-9584-1f23718e00a0,plan_reason,,,,,,
RC9D868A70A66,second,19,4e3e4f1b-9b2b-480e-9584-1f23718e00a0,plan_reason,,,,,,
RC9D868A70A66,consensus,19,4e3e4f1b-9b2b-480e-9584-1f23718e00a0,plan_reason,,,,,,
RC9D868A70A66,primary,20,b7aaf125-0405-41b8-975c-6f6106a8c9e3,final_diagnosis,,,,,,
RC9D868A70A66,second,20,b7aaf125-0405-41b8-975c-6f6106a8c9e3,final_diagnosis,,,,,,
RC9D868A70A66,consensus,20,b7aaf125-0405-41b8-975c-6f6106a8c9e3,final_diagnosis,,,,,,
RC9D868A70A66,primary,21,5e34b3df-dbbb-4a09-94e7-dfe81841a697,disposition,,,,,,
RC9D868A70A66,second,21,5e34b3df-dbbb-4a09-94e7-dfe81841a697,disposition,,,,,,
RC9D868A70A66,consensus,21,5e34b3df-dbbb-4a09-94e7-dfe81841a697,disposition,,,,,,
RC9D868A70A66,primary,22,d5add363-e45b-44ff-a985-568d95b190ec,ask_history,,,,,,
RC9D868A70A66,second,22,d5add363-e45b-44ff-a985-568d95b190ec,ask_history,,,,,,
RC9D868A70A66,consensus,22,d5add363-e45b-44ff-a985-568d95b190ec,ask_history,,,,,,
RC9D868A70A66,primary,23,40d6f7da-564c-4120-a403-0f115f0073e0,request_physical_exam,,,,,,
RC9D868A70A66,second,23,40d6f7da-564c-4120-a403-0f115f0073e0,request_physical_exam,,,,,,
RC9D868A70A66,consensus,23,40d6f7da-564c-4120-a403-0f115f0073e0,request_physical_exam,,,,,,
RC9D868A70A66,primary,24,44fc0d7f-0ba0-4786-8f9f-50d3e1e8fce4,plan_reason,,,,,,
RC9D868A70A66,second,24,44fc0d7f-0ba0-4786-8f9f-50d3e1e8fce4,plan_reason,,,,,,
RC9D868A70A66,consensus,24,44fc0d7f-0ba0-4786-8f9f-50d3e1e8fce4,plan_reason,,,,,,
RC9D868A70A66,primary,25,82665d7f-6f9f-489e-b3bf-5a30f7c86784,request_lab,,,,,,
RC9D868A70A66,second,25,82665d7f-6f9f-489e-b3bf-5a30f7c86784,request_lab,,,,,,
RC9D868A70A66,consensus,25,82665d7f-6f9f-489e-b3bf-5a30f7c86784,request_lab,,,,,,
RC9D868A70A66,primary,26,bd465871-a43b-4cd2-8378-c784512fae0b,request_imaging,,,,,,
RC9D868A70A66,second,26,bd465871-a43b-4cd2-8378-c784512fae0b,request_imaging,,,,,,
RC9D868A70A66,consensus,26,bd465871-a43b-4cd2-8378-c784512fae0b,request_imaging,,,,,,
RC9D868A70A66,primary,27,b4ae2b24-aa60-408e-8b85-880f6fd35d19,plan_reason,,,,,,
RC9D868A70A66,second,27,b4ae2b24-aa60-408e-8b85-880f6fd35d19,plan_reason,,,,,,
RC9D868A70A66,consensus,27,b4ae2b24-aa60-408e-8b85-880f6fd35d19,plan_reason,,,,,,
RC9D868A70A66,primary,28,015e8832-ac53-4212-adc3-45482c1da7fa,final_diagnosis,,,,,,
RC9D868A70A66,second,28,015e8832-ac53-4212-adc3-45482c1da7fa,final_diagnosis,,,,,,
RC9D868A70A66,consensus,28,015e8832-ac53-4212-adc3-45482c1da7fa,final_diagnosis,,,,,,
RC9D868A70A66,primary,29,35e7ad41-7d7a-4067-a32a-5b7db8086fa5,disposition,,,,,,
RC9D868A70A66,second,29,35e7ad41-7d7a-4067-a32a-5b7db8086fa5,disposition,,,,,,
RC9D868A70A66,consensus,29,35e7ad41-7d7a-4067-a32a-5b7db8086fa5,disposition,,,,,,
RC9D868A70A66,primary,30,ed461539-4537-4fba-864e-2f68d6b0ca6f,ask_history,,,,,,
RC9D868A70A66,second,30,ed461539-4537-4fba-864e-2f68d6b0ca6f,ask_history,,,,,,
RC9D868A70A66,consensus,30,ed461539-4537-4fba-864e-2f68d6b0ca6f,ask_history,,,,,,
RC9D868A70A66,primary,31,c4de6d9b-b073-4030-9af7-55935b6c2b15,request_physical_exam,,,,,,
RC9D868A70A66,second,31,c4de6d9b-b073-4030-9af7-55935b6c2b15,request_physical_exam,,,,,,
RC9D868A70A66,consensus,31,c4de6d9b-b073-4030-9af7-55935b6c2b15,request_physical_exam,,,,,,
RC9D868A70A66,primary,32,7a664f9f-4d18-4b65-a387-0cbb0d47d75a,plan_reason,,,,,,
RC9D868A70A66,second,32,7a664f9f-4d18-4b65-a387-0cbb0d47d75a,plan_reason,,,,,,
RC9D868A70A66,consensus,32,7a664f9f-4d18-4b65-a387-0cbb0d47d75a,plan_reason,,,,,,
RC9D868A70A66,primary,33,3a277566-8e3c-4508-bfc7-87f1196c5016,request_lab,,,,,,
RC9D868A70A66,second,33,3a277566-8e3c-4508-bfc7-87f1196c5016,request_lab,,,,,,
RC9D868A70A66,consensus,33,3a277566-8e3c-4508-bfc7-87f1196c5016,request_lab,,,,,,
RC9D868A70A66,primary,34,38a7a21f-ffaf-459b-a323-88502c182100,request_imaging,,,,,,
RC9D868A70A66,second,34,38a7a21f-ffaf-459b-a323-88502c182100,request_imaging,,,,,,
RC9D868A70A66,consensus,34,38a7a21f-ffaf-459b-a323-88502c182100,request_imaging,,,,,,
RC9D868A70A66,primary,35,0439f137-a4df-4b79-a6b6-8c95e52f8521,plan_reason,,,,,,
RC9D868A70A66,second,35,0439f137-a4df-4b79-a6b6-8c95e52f8521,plan_reason,,,,,,
RC9D868A70A66,consensus,35,0439f137-a4df-4b79-a6b6-8c95e52f8521,plan_reason,,,,,,
RC9D868A70A66,primary,36,a80042df-0a2b-4747-b459-2553d535a392,final_diagnosis,,,,,,
RC9D868A70A66,second,36,a80042df-0a2b-4747-b459-2553d535a392,final_diagnosis,,,,,,
RC9D868A70A66,consensus,36,a80042df-0a2b-4747-b459-2553d535a392,final_diagnosis,,,,,,
RC9D868A70A66,primary,37,82be09e1-cb7a-4e65-90c4-93aad38a3cd4,disposition,,,,,,
RC9D868A70A66,second,37,82be09e1-cb7a-4e65-90c4-93aad38a3cd4,disposition,,,,,,
RC9D868A70A66,consensus,37,82be09e1-cb7a-4e65-90c4-93aad38a3cd4,disposition,,,,,,
RC9D868A70A66,primary,38,9c068bfc-188b-4391-9f6c-a4b47c2b7d0c,ask_history,,,,,,
RC9D868A70A66,second,38,9c068bfc-188b-4391-9f6c-a4b47c2b7d0c,ask_history,,,,,,
RC9D868A70A66,consensus,38,9c068bfc-188b-4391-9f6c-a4b47c2b7d0c,ask_history,,,,,,
RC9D868A70A66,primary,39,0d2943b6-0281-4fb0-a1db-8808172b8c36,request_physical_exam,,,,,,
RC9D868A70A66,second,39,0d2943b6-0281-4fb0-a1db-8808172b8c36,request_physical_exam,,,,,,
RC9D868A70A66,consensus,39,0d2943b6-0281-4fb0-a1db-8808172b8c36,request_physical_exam,,,,,,
RC9D868A70A66,primary,40,921d2a3e-4a68-45f7-aec2-e8f1cbae01c3,plan_reason,,,,,,
RC9D868A70A66,second,40,921d2a3e-4a68-45f7-aec2-e8f1cbae01c3,plan_reason,,,,,,
RC9D868A70A66,consensus,40,921d2a3e-4a68-45f7-aec2-e8f1cbae01c3,plan_reason,,,,,,
R6AC0FE3120B5,primary,1,e5427666-0ed4-4f41-ba13-523117ef2c66,ask_history,,,,,,
R6AC0FE3120B5,second,1,e5427666-0ed4-4f41-ba13-523117ef2c66,ask_history,,,,,,
R6AC0FE3120B5,consensus,1,e5427666-0ed4-4f41-ba13-523117ef2c66,ask_history,,,,,,
R6AC0FE3120B5,primary,2,03ae68bf-5cc2-4a8b-96d2-c2875a7c917c,request_physical_exam,,,,,,
R6AC0FE3120B5,second,2,03ae68bf-5cc2-4a8b-96d2-c2875a7c917c,request_physical_exam,,,,,,
R6AC0FE3120B5,consensus,2,03ae68bf-5cc2-4a8b-96d2-c2875a7c917c,request_physical_exam,,,,,,
R6AC0FE3120B5,primary,3,bd3976c4-804f-449e-8289-e1d2ce7edd95,request_physical_exam,,,,,,
R6AC0FE3120B5,second,3,bd3976c4-804f-449e-8289-e1d2ce7edd95,request_physical_exam,,,,,,
R6AC0FE3120B5,consensus,3,bd3976c4-804f-449e-8289-e1d2ce7edd95,request_physical_exam,,,,,,
R6AC0FE3120B5,primary,4,64613e4f-4a04-4436-aa39-ef5e05a165f2,request_physical_exam,,,,,,
R6AC0FE3120B5,second,4,64613e4f-4a04-4436-aa39-ef5e05a165f2,request_physical_exam,,,,,,
R6AC0FE3120B5,consensus,4,64613e4f-4a04-4436-aa39-ef5e05a165f2,request_physical_exam,,,,,,
R8B60E54D0473,primary,1,3dd72e4b-fb8b-4c8f-909e-d4828bccee2f,plan_reason,,,,,,
R8B60E54D0473,second,1,3dd72e4b-fb8b-4c8f-909e-d4828bccee2f,plan_reason,,,,,,
R8B60E54D0473,consensus,1,3dd72e4b-fb8b-4c8f-909e-d4828bccee2f,plan_reason,,,,,,
R8B60E54D0473,primary,2,c0878b6b-8771-446d-acf8-be49c5539cab,request_physical_exam,,,,,,
R8B60E54D0473,second,2,c0878b6b-8771-446d-acf8-be49c5539cab,request_physical_exam,,,,,,
R8B60E54D0473,consensus,2,c0878b6b-8771-446d-acf8-be49c5539cab,request_physical_exam,,,,,,
R8B60E54D0473,primary,3,c68f7cc3-f2c2-4489-b65d-59865e2274dc,request_lab,,,,,,
R8B60E54D0473,second,3,c68f7cc3-f2c2-4489-b65d-59865e2274dc,request_lab,,,,,,
R8B60E54D0473,consensus,3,c68f7cc3-f2c2-4489-b65d-59865e2274dc,request_lab,,,,,,
R8B60E54D0473,primary,4,c9e4bae5-4188-45f0-af1a-e197a2514898,request_lab,,,,,,
R8B60E54D0473,second,4,c9e4bae5-4188-45f0-af1a-e197a2514898,request_lab,,,,,,
R8B60E54D0473,consensus,4,c9e4bae5-4188-45f0-af1a-e197a2514898,request_lab,,,,,,
R8B60E54D0473,primary,5,e46f3e18-5879-419d-a238-93b596ba4289,request_lab,,,,,,
R8B60E54D0473,second,5,e46f3e18-5879-419d-a238-93b596ba4289,request_lab,,,,,,
R8B60E54D0473,consensus,5,e46f3e18-5879-419d-a238-93b596ba4289,request_lab,,,,,,
R8B60E54D0473,primary,6,cf7db5a4-f6fc-4fe7-a54b-cdcc38777655,request_lab,,,,,,
R8B60E54D0473,second,6,cf7db5a4-f6fc-4fe7-a54b-cdcc38777655,request_lab,,,,,,
R8B60E54D0473,consensus,6,cf7db5a4-f6fc-4fe7-a54b-cdcc38777655,request_lab,,,,,,
R8B60E54D0473,primary,7,e843cb94-bc64-4acf-a32e-8ec360fed2dc,request_lab,,,,,,
R8B60E54D0473,second,7,e843cb94-bc64-4acf-a32e-8ec360fed2dc,request_lab,,,,,,
R8B60E54D0473,consensus,7,e843cb94-bc64-4acf-a32e-8ec360fed2dc,request_lab,,,,,,
R8B60E54D0473,primary,8,c7c89b89-6779-43b9-9dc0-a223cc5b8c33,request_lab,,,,,,
R8B60E54D0473,second,8,c7c89b89-6779-43b9-9dc0-a223cc5b8c33,request_lab,,,,,,
R8B60E54D0473,consensus,8,c7c89b89-6779-43b9-9dc0-a223cc5b8c33,request_lab,,,,,,
R8B60E54D0473,primary,9,148eebd2-50ae-4e40-a607-7b398dc6c0ce,request_lab,,,,,,
R8B60E54D0473,second,9,148eebd2-50ae-4e40-a607-7b398dc6c0ce,request_lab,,,,,,
R8B60E54D0473,consensus,9,148eebd2-50ae-4e40-a607-7b398dc6c0ce,request_lab,,,,,,
RD77D6319288E,primary,1,e309c5dc-430a-4092-b611-41597a0e7b62,request_physical_exam,,,,,,
RD77D6319288E,second,1,e309c5dc-430a-4092-b611-41597a0e7b62,request_physical_exam,,,,,,
RD77D6319288E,consensus,1,e309c5dc-430a-4092-b611-41597a0e7b62,request_physical_exam,,,,,,
RD77D6319288E,primary,2,632cfcf0-2e02-40fe-a3e0-9bbbadd88539,ask_history,,,,,,
RD77D6319288E,second,2,632cfcf0-2e02-40fe-a3e0-9bbbadd88539,ask_history,,,,,,
RD77D6319288E,consensus,2,632cfcf0-2e02-40fe-a3e0-9bbbadd88539,ask_history,,,,,,
RD77D6319288E,primary,3,f38de3c5-1949-4af0-9d5e-247ea41b4713,request_physical_exam,,,,,,
RD77D6319288E,second,3,f38de3c5-1949-4af0-9d5e-247ea41b4713,request_physical_exam,,,,,,
RD77D6319288E,consensus,3,f38de3c5-1949-4af0-9d5e-247ea41b4713,request_physical_exam,,,,,,
RD77D6319288E,primary,4,eb79ae74-ce38-41a6-9123-26adafbfb7ed,ask_history,,,,,,
RD77D6319288E,second,4,eb79ae74-ce38-41a6-9123-26adafbfb7ed,ask_history,,,,,,
RD77D6319288E,consensus,4,eb79ae74-ce38-41a6-9123-26adafbfb7ed,ask_history,,,,,,
RD77D6319288E,primary,5,e0cd7049-287b-4aa5-b418-c90e48a25172,request_lab,,,,,,
RD77D6319288E,second,5,e0cd7049-287b-4aa5-b418-c90e48a25172,request_lab,,,,,,
RD77D6319288E,consensus,5,e0cd7049-287b-4aa5-b418-c90e48a25172,request_lab,,,,,,
RD77D6319288E,primary,6,98f6a72e-5c1b-416a-bc31-47cdd06c223f,request_imaging,,,,,,
RD77D6319288E,second,6,98f6a72e-5c1b-416a-bc31-47cdd06c223f,request_imaging,,,,,,
RD77D6319288E,consensus,6,98f6a72e-5c1b-416a-bc31-47cdd06c223f,request_imaging,,,,,,
RD77D6319288E,primary,7,df787092-d1f6-428c-bdb5-377f74547172,plan_reason,,,,,,
RD77D6319288E,second,7,df787092-d1f6-428c-bdb5-377f74547172,plan_reason,,,,,,
RD77D6319288E,consensus,7,df787092-d1f6-428c-bdb5-377f74547172,plan_reason,,,,,,
RD77D6319288E,primary,8,a9a8662f-fd27-4f53-b168-e359f4bc956d,ask_history,,,,,,
RD77D6319288E,second,8,a9a8662f-fd27-4f53-b168-e359f4bc956d,ask_history,,,,,,
RD77D6319288E,consensus,8,a9a8662f-fd27-4f53-b168-e359f4bc956d,ask_history,,,,,,
RD77D6319288E,primary,9,f5bdcfca-f5d4-44c9-a131-87eb5d1a5e3f,request_microbiology,,,,,,
RD77D6319288E,second,9,f5bdcfca-f5d4-44c9-a131-87eb5d1a5e3f,request_microbiology,,,,,,
RD77D6319288E,consensus,9,f5bdcfca-f5d4-44c9-a131-87eb5d1a5e3f,request_microbiology,,,,,,
RD77D6319288E,primary,10,fbda4705-d120-4cff-a789-43db73593052,prescribe_medication,,,,,,
RD77D6319288E,second,10,fbda4705-d120-4cff-a789-43db73593052,prescribe_medication,,,,,,
RD77D6319288E,consensus,10,fbda4705-d120-4cff-a789-43db73593052,prescribe_medication,,,,,,
RD77D6319288E,primary,11,d1b84b22-2e52-4b76-bcb6-f0f96e5aaae7,request_procedure,,,,,,
RD77D6319288E,second,11,d1b84b22-2e52-4b76-bcb6-f0f96e5aaae7,request_procedure,,,,,,
RD77D6319288E,consensus,11,d1b84b22-2e52-4b76-bcb6-f0f96e5aaae7,request_procedure,,,,,,
RD77D6319288E,primary,12,87708192-9de1-478e-ac91-b06558ba817f,final_diagnosis,,,,,,
RD77D6319288E,second,12,87708192-9de1-478e-ac91-b06558ba817f,final_diagnosis,,,,,,
RD77D6319288E,consensus,12,87708192-9de1-478e-ac91-b06558ba817f,final_diagnosis,,,,,,
RD77D6319288E,primary,13,d12cf56d-f9ed-43e0-902a-71b5514d4434,disposition,,,,,,
RD77D6319288E,second,13,d12cf56d-f9ed-43e0-902a-71b5514d4434,disposition,,,,,,
RD77D6319288E,consensus,13,d12cf56d-f9ed-43e0-902a-71b5514d4434,disposition,,,,,,
R12FAA6EBBDE9,primary,1,2441309a-518c-49b7-9b60-2c468a037cde,plan_reason,,,,,,
R12FAA6EBBDE9,second,1,2441309a-518c-49b7-9b60-2c468a037cde,plan_reason,,,,,,
R12FAA6EBBDE9,consensus,1,2441309a-518c-49b7-9b60-2c468a037cde,plan_reason,,,,,,
R12FAA6EBBDE9,primary,2,d83c5567-a6b5-4aa3-9729-d02bee95b611,request_physical_exam,,,,,,
R12FAA6EBBDE9,second,2,d83c5567-a6b5-4aa3-9729-d02bee95b611,request_physical_exam,,,,,,
R12FAA6EBBDE9,consensus,2,d83c5567-a6b5-4aa3-9729-d02bee95b611,request_physical_exam,,,,,,
R12FAA6EBBDE9,primary,3,00cd9cbf-cd92-4588-891f-0c8506051696,request_lab,,,,,,
R12FAA6EBBDE9,second,3,00cd9cbf-cd92-4588-891f-0c8506051696,request_lab,,,,,,
R12FAA6EBBDE9,consensus,3,00cd9cbf-cd92-4588-891f-0c8506051696,request_lab,,,,,,
R12FAA6EBBDE9,primary,4,5944070b-137d-4836-91ef-1a4871880a6a,request_lab,,,,,,
R12FAA6EBBDE9,second,4,5944070b-137d-4836-91ef-1a4871880a6a,request_lab,,,,,,
R12FAA6EBBDE9,consensus,4,5944070b-137d-4836-91ef-1a4871880a6a,request_lab,,,,,,
R12FAA6EBBDE9,primary,5,f331d3eb-ed89-4e89-ad3e-c209485293bd,request_lab,,,,,,
R12FAA6EBBDE9,second,5,f331d3eb-ed89-4e89-ad3e-c209485293bd,request_lab,,,,,,
R12FAA6EBBDE9,consensus,5,f331d3eb-ed89-4e89-ad3e-c209485293bd,request_lab,,,,,,
R12FAA6EBBDE9,primary,6,e2028cfd-1f5c-4c54-be6f-3a6618dadf94,request_lab,,,,,,
R12FAA6EBBDE9,second,6,e2028cfd-1f5c-4c54-be6f-3a6618dadf94,request_lab,,,,,,
R12FAA6EBBDE9,consensus,6,e2028cfd-1f5c-4c54-be6f-3a6618dadf94,request_lab,,,,,,
R12FAA6EBBDE9,primary,7,1007f827-8aaa-4342-a891-462de1b42ade,request_lab,,,,,,
R12FAA6EBBDE9,second,7,1007f827-8aaa-4342-a891-462de1b42ade,request_lab,,,,,,
R12FAA6EBBDE9,consensus,7,1007f827-8aaa-4342-a891-462de1b42ade,request_lab,,,,,,
R12FAA6EBBDE9,primary,8,1c9209ca-9d8e-41ff-b84a-47cb3cfb047a,request_lab,,,,,,
R12FAA6EBBDE9,second,8,1c9209ca-9d8e-41ff-b84a-47cb3cfb047a,request_lab,,,,,,
R12FAA6EBBDE9,consensus,8,1c9209ca-9d8e-41ff-b84a-47cb3cfb047a,request_lab,,,,,,
R12FAA6EBBDE9,primary,9,806151e4-2e4b-4c1b-8f4f-eb08860ab09e,request_lab,,,,,,
R12FAA6EBBDE9,second,9,806151e4-2e4b-4c1b-8f4f-eb08860ab09e,request_lab,,,,,,
R12FAA6EBBDE9,consensus,9,806151e4-2e4b-4c1b-8f4f-eb08860ab09e,request_lab,,,,,,
R12FAA6EBBDE9,primary,10,cc646a77-bf18-40d5-8767-2cb8d7972811,request_lab,,,,,,
R12FAA6EBBDE9,second,10,cc646a77-bf18-40d5-8767-2cb8d7972811,request_lab,,,,,,
R12FAA6EBBDE9,consensus,10,cc646a77-bf18-40d5-8767-2cb8d7972811,request_lab,,,,,,
R12FAA6EBBDE9,primary,11,1cd71014-cc7b-43f0-8655-198f98269e9b,request_lab,,,,,,
R12FAA6EBBDE9,second,11,1cd71014-cc7b-43f0-8655-198f98269e9b,request_lab,,,,,,
R12FAA6EBBDE9,consensus,11,1cd71014-cc7b-43f0-8655-198f98269e9b,request_lab,,,,,,
R12FAA6EBBDE9,primary,12,61f1a57b-9195-4b0f-a661-e898a1867db1,request_lab,,,,,,
R12FAA6EBBDE9,second,12,61f1a57b-9195-4b0f-a661-e898a1867db1,request_lab,,,,,,
R12FAA6EBBDE9,consensus,12,61f1a57b-9195-4b0f-a661-e898a1867db1,request_lab,,,,,,
R12FAA6EBBDE9,primary,13,5bbad17f-1549-403a-8d25-a47ab8be3eac,request_lab,,,,,,
R12FAA6EBBDE9,second,13,5bbad17f-1549-403a-8d25-a47ab8be3eac,request_lab,,,,,,
R12FAA6EBBDE9,consensus,13,5bbad17f-1549-403a-8d25-a47ab8be3eac,request_lab,,,,,,
R12FAA6EBBDE9,primary,14,4ded7abf-37fa-4cbd-b291-d0925a3432a4,request_lab,,,,,,
R12FAA6EBBDE9,second,14,4ded7abf-37fa-4cbd-b291-d0925a3432a4,request_lab,,,,,,
R12FAA6EBBDE9,consensus,14,4ded7abf-37fa-4cbd-b291-d0925a3432a4,request_lab,,,,,,
R12FAA6EBBDE9,primary,15,159f256a-9fe1-4f92-9472-ffdfa77feeaa,request_lab,,,,,,
R12FAA6EBBDE9,second,15,159f256a-9fe1-4f92-9472-ffdfa77feeaa,request_lab,,,,,,
R12FAA6EBBDE9,consensus,15,159f256a-9fe1-4f92-9472-ffdfa77feeaa,request_lab,,,,,,
R8D3F8DF30E23,primary,1,e6fa14d3-c11d-4755-a25f-2f72a41f0663,plan_reason,,,,,,
R8D3F8DF30E23,second,1,e6fa14d3-c11d-4755-a25f-2f72a41f0663,plan_reason,,,,,,
R8D3F8DF30E23,consensus,1,e6fa14d3-c11d-4755-a25f-2f72a41f0663,plan_reason,,,,,,
R8D3F8DF30E23,primary,2,5d8de218-cc64-400b-a329-f816acde85c6,request_physical_exam,,,,,,
R8D3F8DF30E23,second,2,5d8de218-cc64-400b-a329-f816acde85c6,request_physical_exam,,,,,,
R8D3F8DF30E23,consensus,2,5d8de218-cc64-400b-a329-f816acde85c6,request_physical_exam,,,,,,
R8D3F8DF30E23,primary,3,97728212-02a0-4a93-bbaa-dc9b41eda517,request_imaging,,,,,,
R8D3F8DF30E23,second,3,97728212-02a0-4a93-bbaa-dc9b41eda517,request_imaging,,,,,,
R8D3F8DF30E23,consensus,3,97728212-02a0-4a93-bbaa-dc9b41eda517,request_imaging,,,,,,
R8D3F8DF30E23,primary,4,b3b9e8bc-9f37-4b54-9ec4-069455cc1f40,request_lab,,,,,,
R8D3F8DF30E23,second,4,b3b9e8bc-9f37-4b54-9ec4-069455cc1f40,request_lab,,,,,,
R8D3F8DF30E23,consensus,4,b3b9e8bc-9f37-4b54-9ec4-069455cc1f40,request_lab,,,,,,
R8D3F8DF30E23,primary,5,98263c38-fe86-4f11-bd81-d1272841ba02,request_ecg_or_test,,,,,,
R8D3F8DF30E23,second,5,98263c38-fe86-4f11-bd81-d1272841ba02,request_ecg_or_test,,,,,,
R8D3F8DF30E23,consensus,5,98263c38-fe86-4f11-bd81-d1272841ba02,request_ecg_or_test,,,,,,
R8D3F8DF30E23,primary,6,79d09c24-c6d3-4c59-a824-a191a33f6450,final_diagnosis,,,,,,
R8D3F8DF30E23,second,6,79d09c24-c6d3-4c59-a824-a191a33f6450,final_diagnosis,,,,,,
R8D3F8DF30E23,consensus,6,79d09c24-c6d3-4c59-a824-a191a33f6450,final_diagnosis,,,,,,
R8D3F8DF30E23,primary,7,5feaad42-e9b3-4969-b630-6e42ab98fa85,disposition,,,,,,
R8D3F8DF30E23,second,7,5feaad42-e9b3-4969-b630-6e42ab98fa85,disposition,,,,,,
R8D3F8DF30E23,consensus,7,5feaad42-e9b3-4969-b630-6e42ab98fa85,disposition,,,,,,
R15897DF33702,primary,1,b4247457-184a-4e22-b798-570bf8a26391,request_physical_exam,,,,,,
R15897DF33702,second,1,b4247457-184a-4e22-b798-570bf8a26391,request_physical_exam,,,,,,
R15897DF33702,consensus,1,b4247457-184a-4e22-b798-570bf8a26391,request_physical_exam,,,,,,
R15897DF33702,primary,2,3be1f5d5-e198-4aea-bbdf-a13fa649246a,request_imaging,,,,,,
R15897DF33702,second,2,3be1f5d5-e198-4aea-bbdf-a13fa649246a,request_imaging,,,,,,
R15897DF33702,consensus,2,3be1f5d5-e198-4aea-bbdf-a13fa649246a,request_imaging,,,,,,
R15897DF33702,primary,3,28fad53e-6320-4d00-8264-774338d599cc,plan_reason,,,,,,
R15897DF33702,second,3,28fad53e-6320-4d00-8264-774338d599cc,plan_reason,,,,,,
R15897DF33702,consensus,3,28fad53e-6320-4d00-8264-774338d599cc,plan_reason,,,,,,
R15897DF33702,primary,4,9f398863-2cf7-4b98-b734-b3697ab21c56,request_procedure,,,,,,
R15897DF33702,second,4,9f398863-2cf7-4b98-b734-b3697ab21c56,request_procedure,,,,,,
R15897DF33702,consensus,4,9f398863-2cf7-4b98-b734-b3697ab21c56,request_procedure,,,,,,
R15897DF33702,primary,5,1d9f6f02-ab1b-45a2-ad81-02c27d7857a1,ask_history,,,,,,
R15897DF33702,second,5,1d9f6f02-ab1b-45a2-ad81-02c27d7857a1,ask_history,,,,,,
R15897DF33702,consensus,5,1d9f6f02-ab1b-45a2-ad81-02c27d7857a1,ask_history,,,,,,
R15897DF33702,primary,6,6c9aa359-42dd-46e5-af20-ef32396116ec,final_diagnosis,,,,,,
R15897DF33702,second,6,6c9aa359-42dd-46e5-af20-ef32396116ec,final_diagnosis,,,,,,
R15897DF33702,consensus,6,6c9aa359-42dd-46e5-af20-ef32396116ec,final_diagnosis,,,,,,
R15897DF33702,primary,7,17811c17-9f0a-42cf-9842-deb45b11809b,disposition,,,,,,
R15897DF33702,second,7,17811c17-9f0a-42cf-9842-deb45b11809b,disposition,,,,,,
R15897DF33702,consensus,7,17811c17-9f0a-42cf-9842-deb45b11809b,disposition,,,,,,
RFE07A62D6404,primary,1,7d4f601e-8fa8-42ea-b8ca-3d9604f81901,ask_history,,,,,,
RFE07A62D6404,second,1,7d4f601e-8fa8-42ea-b8ca-3d9604f81901,ask_history,,,,,,
RFE07A62D6404,consensus,1,7d4f601e-8fa8-42ea-b8ca-3d9604f81901,ask_history,,,,,,
RFE07A62D6404,primary,2,2b994b5e-e1c1-48e9-a4f2-d01e855aee67,ask_history,,,,,,
RFE07A62D6404,second,2,2b994b5e-e1c1-48e9-a4f2-d01e855aee67,ask_history,,,,,,
RFE07A62D6404,consensus,2,2b994b5e-e1c1-48e9-a4f2-d01e855aee67,ask_history,,,,,,
RFE07A62D6404,primary,3,34e52938-1889-49e4-b0e7-c6ebbb430f28,ask_history,,,,,,
RFE07A62D6404,second,3,34e52938-1889-49e4-b0e7-c6ebbb430f28,ask_history,,,,,,
RFE07A62D6404,consensus,3,34e52938-1889-49e4-b0e7-c6ebbb430f28,ask_history,,,,,,
RFE07A62D6404,primary,4,63c9fa65-30b8-4153-8bf8-d000f2b58fdf,ask_history,,,,,,
RFE07A62D6404,second,4,63c9fa65-30b8-4153-8bf8-d000f2b58fdf,ask_history,,,,,,
RFE07A62D6404,consensus,4,63c9fa65-30b8-4153-8bf8-d000f2b58fdf,ask_history,,,,,,
RFE07A62D6404,primary,5,bf70ffb3-d368-4559-a9d9-35a8eb803cc7,ask_history,,,,,,
RFE07A62D6404,second,5,bf70ffb3-d368-4559-a9d9-35a8eb803cc7,ask_history,,,,,,
RFE07A62D6404,consensus,5,bf70ffb3-d368-4559-a9d9-35a8eb803cc7,ask_history,,,,,,
RFE07A62D6404,primary,6,8b028b95-46e5-45fc-b099-4a8e34e7fd6e,ask_history,,,,,,
RFE07A62D6404,second,6,8b028b95-46e5-45fc-b099-4a8e34e7fd6e,ask_history,,,,,,
RFE07A62D6404,consensus,6,8b028b95-46e5-45fc-b099-4a8e34e7fd6e,ask_history,,,,,,
RFE07A62D6404,primary,7,c8883995-ff86-403d-84b6-74f7087a962b,ask_history,,,,,,
RFE07A62D6404,second,7,c8883995-ff86-403d-84b6-74f7087a962b,ask_history,,,,,,
RFE07A62D6404,consensus,7,c8883995-ff86-403d-84b6-74f7087a962b,ask_history,,,,,,
RFE07A62D6404,primary,8,9c7b5e76-9975-45b4-a013-37e791c91903,ask_history,,,,,,
RFE07A62D6404,second,8,9c7b5e76-9975-45b4-a013-37e791c91903,ask_history,,,,,,
RFE07A62D6404,consensus,8,9c7b5e76-9975-45b4-a013-37e791c91903,ask_history,,,,,,
RFE07A62D6404,primary,9,a0458d4a-9ea1-4839-a10c-822bcd153c70,ask_history,,,,,,
RFE07A62D6404,second,9,a0458d4a-9ea1-4839-a10c-822bcd153c70,ask_history,,,,,,
RFE07A62D6404,consensus,9,a0458d4a-9ea1-4839-a10c-822bcd153c70,ask_history,,,,,,
RFE07A62D6404,primary,10,dfce86ac-f7d5-4788-9ea2-e3460ae3d075,ask_history,,,,,,
RFE07A62D6404,second,10,dfce86ac-f7d5-4788-9ea2-e3460ae3d075,ask_history,,,,,,
RFE07A62D6404,consensus,10,dfce86ac-f7d5-4788-9ea2-e3460ae3d075,ask_history,,,,,,
R737966778E41,primary,1,6df1a2c3-090e-4c30-be2f-ad3a449a2b51,ask_history,,,,,,
R737966778E41,second,1,6df1a2c3-090e-4c30-be2f-ad3a449a2b51,ask_history,,,,,,
R737966778E41,consensus,1,6df1a2c3-090e-4c30-be2f-ad3a449a2b51,ask_history,,,,,,
R737966778E41,primary,2,be1c5337-0c18-42ab-a8d5-c3836963a868,request_physical_exam,,,,,,
R737966778E41,second,2,be1c5337-0c18-42ab-a8d5-c3836963a868,request_physical_exam,,,,,,
R737966778E41,consensus,2,be1c5337-0c18-42ab-a8d5-c3836963a868,request_physical_exam,,,,,,
R737966778E41,primary,3,226a055c-e690-491e-9a38-a4403734789c,request_imaging,,,,,,
R737966778E41,second,3,226a055c-e690-491e-9a38-a4403734789c,request_imaging,,,,,,
R737966778E41,consensus,3,226a055c-e690-491e-9a38-a4403734789c,request_imaging,,,,,,
R737966778E41,primary,4,13c09f0c-3aad-49fb-82f4-38ac23e11a5e,plan_reason,,,,,,
R737966778E41,second,4,13c09f0c-3aad-49fb-82f4-38ac23e11a5e,plan_reason,,,,,,
R737966778E41,consensus,4,13c09f0c-3aad-49fb-82f4-38ac23e11a5e,plan_reason,,,,,,
R737966778E41,primary,5,eba0b506-5c0a-46fb-9b4a-c9ff01f8fae2,request_procedure,,,,,,
R737966778E41,second,5,eba0b506-5c0a-46fb-9b4a-c9ff01f8fae2,request_procedure,,,,,,
R737966778E41,consensus,5,eba0b506-5c0a-46fb-9b4a-c9ff01f8fae2,request_procedure,,,,,,
R737966778E41,primary,6,80e64273-bf88-4f5b-964e-854827228610,request_procedure,,,,,,
R737966778E41,second,6,80e64273-bf88-4f5b-964e-854827228610,request_procedure,,,,,,
R737966778E41,consensus,6,80e64273-bf88-4f5b-964e-854827228610,request_procedure,,,,,,
R737966778E41,primary,7,b07df919-efc7-41ed-b02a-851ef2eddb83,ask_history,,,,,,
R737966778E41,second,7,b07df919-efc7-41ed-b02a-851ef2eddb83,ask_history,,,,,,
R737966778E41,consensus,7,b07df919-efc7-41ed-b02a-851ef2eddb83,ask_history,,,,,,
R737966778E41,primary,8,17bf0fdf-2114-4d87-9ece-20d61d90e528,prescribe_medication,,,,,,
R737966778E41,second,8,17bf0fdf-2114-4d87-9ece-20d61d90e528,prescribe_medication,,,,,,
R737966778E41,consensus,8,17bf0fdf-2114-4d87-9ece-20d61d90e528,prescribe_medication,,,,,,
R737966778E41,primary,9,712fdc49-96e6-45df-a482-9151c9acde43,final_diagnosis,,,,,,
R737966778E41,second,9,712fdc49-96e6-45df-a482-9151c9acde43,final_diagnosis,,,,,,
R737966778E41,consensus,9,712fdc49-96e6-45df-a482-9151c9acde43,final_diagnosis,,,,,,
R737966778E41,primary,10,955c1f63-7c13-41d3-9e9f-319326b86bf4,disposition,,,,,,
R737966778E41,second,10,955c1f63-7c13-41d3-9e9f-319326b86bf4,disposition,,,,,,
R737966778E41,consensus,10,955c1f63-7c13-41d3-9e9f-319326b86bf4,disposition,,,,,,
R56DDF6D2E1BF,primary,1,eadff974-94e9-4813-a271-24704d717190,ask_history,,,,,,
R56DDF6D2E1BF,second,1,eadff974-94e9-4813-a271-24704d717190,ask_history,,,,,,
R56DDF6D2E1BF,consensus,1,eadff974-94e9-4813-a271-24704d717190,ask_history,,,,,,
R56DDF6D2E1BF,primary,2,3c0b499b-c454-4ef1-8f61-8d1841c35555,request_physical_exam,,,,,,
R56DDF6D2E1BF,second,2,3c0b499b-c454-4ef1-8f61-8d1841c35555,request_physical_exam,,,,,,
R56DDF6D2E1BF,consensus,2,3c0b499b-c454-4ef1-8f61-8d1841c35555,request_physical_exam,,,,,,
R56DDF6D2E1BF,primary,3,3fcc2b66-fa81-4098-96be-ebb92d2752ab,request_lab,,,,,,
R56DDF6D2E1BF,second,3,3fcc2b66-fa81-4098-96be-ebb92d2752ab,request_lab,,,,,,
R56DDF6D2E1BF,consensus,3,3fcc2b66-fa81-4098-96be-ebb92d2752ab,request_lab,,,,,,
R56DDF6D2E1BF,primary,4,5a5a37bb-83b9-49aa-8f5e-c58d3441cdfe,request_imaging,,,,,,
R56DDF6D2E1BF,second,4,5a5a37bb-83b9-49aa-8f5e-c58d3441cdfe,request_imaging,,,,,,
R56DDF6D2E1BF,consensus,4,5a5a37bb-83b9-49aa-8f5e-c58d3441cdfe,request_imaging,,,,,,
R56DDF6D2E1BF,primary,5,674a1173-924e-407a-bd32-e3c523a90b84,request_lab,,,,,,
R56DDF6D2E1BF,second,5,674a1173-924e-407a-bd32-e3c523a90b84,request_lab,,,,,,
R56DDF6D2E1BF,consensus,5,674a1173-924e-407a-bd32-e3c523a90b84,request_lab,,,,,,
R56DDF6D2E1BF,primary,6,d7f636ba-0ea9-46e9-8542-2cbc4f514f6c,request_microbiology,,,,,,
R56DDF6D2E1BF,second,6,d7f636ba-0ea9-46e9-8542-2cbc4f514f6c,request_microbiology,,,,,,
R56DDF6D2E1BF,consensus,6,d7f636ba-0ea9-46e9-8542-2cbc4f514f6c,request_microbiology,,,,,,
R56DDF6D2E1BF,primary,7,2e6187c9-0de8-4913-a882-bd3de06cee63,plan_reason,,,,,,
R56DDF6D2E1BF,second,7,2e6187c9-0de8-4913-a882-bd3de06cee63,plan_reason,,,,,,
R56DDF6D2E1BF,consensus,7,2e6187c9-0de8-4913-a882-bd3de06cee63,plan_reason,,,,,,
R56DDF6D2E1BF,primary,8,f2fc68b2-bb08-4a32-b7ac-b5d08836f110,prescribe_medication,,,,,,
R56DDF6D2E1BF,second,8,f2fc68b2-bb08-4a32-b7ac-b5d08836f110,prescribe_medication,,,,,,
R56DDF6D2E1BF,consensus,8,f2fc68b2-bb08-4a32-b7ac-b5d08836f110,prescribe_medication,,,,,,
R56DDF6D2E1BF,primary,9,f617c220-c2c7-44d6-bb3c-a2b7a2179b96,final_diagnosis,,,,,,
R56DDF6D2E1BF,second,9,f617c220-c2c7-44d6-bb3c-a2b7a2179b96,final_diagnosis,,,,,,
R56DDF6D2E1BF,consensus,9,f617c220-c2c7-44d6-bb3c-a2b7a2179b96,final_diagnosis,,,,,,
R56DDF6D2E1BF,primary,10,5d44549b-86ff-4a37-a695-1099084164b5,disposition,,,,,,
R56DDF6D2E1BF,second,10,5d44549b-86ff-4a37-a695-1099084164b5,disposition,,,,,,
R56DDF6D2E1BF,consensus,10,5d44549b-86ff-4a37-a695-1099084164b5,disposition,,,,,,
R1FE855115956,primary,1,8c8d0831-8445-4942-b5be-1aba376223f3,ask_history,,,,,,
R1FE855115956,second,1,8c8d0831-8445-4942-b5be-1aba376223f3,ask_history,,,,,,
R1FE855115956,consensus,1,8c8d0831-8445-4942-b5be-1aba376223f3,ask_history,,,,,,
R1FE855115956,primary,2,64973eb0-e91b-4f00-9be6-955a37f07f7c,ask_history,,,,,,
R1FE855115956,second,2,64973eb0-e91b-4f00-9be6-955a37f07f7c,ask_history,,,,,,
R1FE855115956,consensus,2,64973eb0-e91b-4f00-9be6-955a37f07f7c,ask_history,,,,,,
R1FE855115956,primary,3,fa534fcc-8d92-4313-bd64-d564e7dfd35e,ask_history,,,,,,
R1FE855115956,second,3,fa534fcc-8d92-4313-bd64-d564e7dfd35e,ask_history,,,,,,
R1FE855115956,consensus,3,fa534fcc-8d92-4313-bd64-d564e7dfd35e,ask_history,,,,,,
R1FE855115956,primary,4,53c91f51-6638-49b8-b8b9-ad8787ad7413,request_physical_exam,,,,,,
R1FE855115956,second,4,53c91f51-6638-49b8-b8b9-ad8787ad7413,request_physical_exam,,,,,,
R1FE855115956,consensus,4,53c91f51-6638-49b8-b8b9-ad8787ad7413,request_physical_exam,,,,,,
R1FE855115956,primary,5,95fce8a0-38de-4f40-be5f-93d3a9f7788a,request_physical_exam,,,,,,
R1FE855115956,second,5,95fce8a0-38de-4f40-be5f-93d3a9f7788a,request_physical_exam,,,,,,
R1FE855115956,consensus,5,95fce8a0-38de-4f40-be5f-93d3a9f7788a,request_physical_exam,,,,,,
R1FE855115956,primary,6,51f2ac43-4ce7-4974-a970-b894e774eaa8,ask_history,,,,,,
R1FE855115956,second,6,51f2ac43-4ce7-4974-a970-b894e774eaa8,ask_history,,,,,,
R1FE855115956,consensus,6,51f2ac43-4ce7-4974-a970-b894e774eaa8,ask_history,,,,,,
R1FE855115956,primary,7,9e41a4ad-f271-44a1-b052-1c242964c513,ask_history,,,,,,
R1FE855115956,second,7,9e41a4ad-f271-44a1-b052-1c242964c513,ask_history,,,,,,
R1FE855115956,consensus,7,9e41a4ad-f271-44a1-b052-1c242964c513,ask_history,,,,,,
R1FE855115956,primary,8,c6979284-e643-482a-b7d8-ab5af00fbb28,request_lab,,,,,,
R1FE855115956,second,8,c6979284-e643-482a-b7d8-ab5af00fbb28,request_lab,,,,,,
R1FE855115956,consensus,8,c6979284-e643-482a-b7d8-ab5af00fbb28,request_lab,,,,,,
R1FE855115956,primary,9,dea470f3-5345-483f-93d8-0409c80b6280,request_lab,,,,,,
R1FE855115956,second,9,dea470f3-5345-483f-93d8-0409c80b6280,request_lab,,,,,,
R1FE855115956,consensus,9,dea470f3-5345-483f-93d8-0409c80b6280,request_lab,,,,,,
R1FE855115956,primary,10,45a14cb9-81f2-4291-8c04-1b8d4ffe6ffb,ask_history,,,,,,
R1FE855115956,second,10,45a14cb9-81f2-4291-8c04-1b8d4ffe6ffb,ask_history,,,,,,
R1FE855115956,consensus,10,45a14cb9-81f2-4291-8c04-1b8d4ffe6ffb,ask_history,,,,,,
R1FE855115956,primary,11,7233fe0e-4552-4c7f-94a2-5ec0f8e1a161,ask_history,,,,,,
R1FE855115956,second,11,7233fe0e-4552-4c7f-94a2-5ec0f8e1a161,ask_history,,,,,,
R1FE855115956,consensus,11,7233fe0e-4552-4c7f-94a2-5ec0f8e1a161,ask_history,,,,,,
R1FE855115956,primary,12,be0cb77a-ccd8-4a56-bb53-738d049b2e00,request_lab,,,,,,
R1FE855115956,second,12,be0cb77a-ccd8-4a56-bb53-738d049b2e00,request_lab,,,,,,
R1FE855115956,consensus,12,be0cb77a-ccd8-4a56-bb53-738d049b2e00,request_lab,,,,,,
R1FE855115956,primary,13,c2ada5e1-d174-41b1-961d-65086839e3b3,plan_reason,,,,,,
R1FE855115956,second,13,c2ada5e1-d174-41b1-961d-65086839e3b3,plan_reason,,,,,,
R1FE855115956,consensus,13,c2ada5e1-d174-41b1-961d-65086839e3b3,plan_reason,,,,,,
R1FE855115956,primary,14,b6767f41-2577-4c68-afad-354f5c5a8f0b,request_lab,,,,,,
R1FE855115956,second,14,b6767f41-2577-4c68-afad-354f5c5a8f0b,request_lab,,,,,,
R1FE855115956,consensus,14,b6767f41-2577-4c68-afad-354f5c5a8f0b,request_lab,,,,,,
R1FE855115956,primary,15,e924bf44-e86b-4d1f-80be-b50dab595aab,plan_reason,,,,,,
R1FE855115956,second,15,e924bf44-e86b-4d1f-80be-b50dab595aab,plan_reason,,,,,,
R1FE855115956,consensus,15,e924bf44-e86b-4d1f-80be-b50dab595aab,plan_reason,,,,,,
R1FE855115956,primary,16,def7d704-2281-4d30-9f69-fe1a0f8e6194,request_lab,,,,,,
R1FE855115956,second,16,def7d704-2281-4d30-9f69-fe1a0f8e6194,request_lab,,,,,,
R1FE855115956,consensus,16,def7d704-2281-4d30-9f69-fe1a0f8e6194,request_lab,,,,,,
R1FE855115956,primary,17,cd697900-7bf5-4c9c-ae46-3b1541d204b3,plan_reason,,,,,,
R1FE855115956,second,17,cd697900-7bf5-4c9c-ae46-3b1541d204b3,plan_reason,,,,,,
R1FE855115956,consensus,17,cd697900-7bf5-4c9c-ae46-3b1541d204b3,plan_reason,,,,,,
R1FE855115956,primary,18,7147e9a7-a498-4797-a511-9f094ea4bcd1,request_lab,,,,,,
R1FE855115956,second,18,7147e9a7-a498-4797-a511-9f094ea4bcd1,request_lab,,,,,,
R1FE855115956,consensus,18,7147e9a7-a498-4797-a511-9f094ea4bcd1,request_lab,,,,,,
R1FE855115956,primary,19,b4eecf43-8799-4f13-a654-9f6edf9717d0,plan_reason,,,,,,
R1FE855115956,second,19,b4eecf43-8799-4f13-a654-9f6edf9717d0,plan_reason,,,,,,
R1FE855115956,consensus,19,b4eecf43-8799-4f13-a654-9f6edf9717d0,plan_reason,,,,,,
R1FE855115956,primary,20,a367b0c6-5938-48f9-8690-52873bc88584,request_lab,,,,,,
R1FE855115956,second,20,a367b0c6-5938-48f9-8690-52873bc88584,request_lab,,,,,,
R1FE855115956,consensus,20,a367b0c6-5938-48f9-8690-52873bc88584,request_lab,,,,,,
R1FE855115956,primary,21,244ce759-0da0-4cf9-a5c3-1d6aa92fe880,plan_reason,,,,,,
R1FE855115956,second,21,244ce759-0da0-4cf9-a5c3-1d6aa92fe880,plan_reason,,,,,,
R1FE855115956,consensus,21,244ce759-0da0-4cf9-a5c3-1d6aa92fe880,plan_reason,,,,,,
R1FE855115956,primary,22,dff80150-bf9e-4ac2-9316-76eae98d8237,request_lab,,,,,,
R1FE855115956,second,22,dff80150-bf9e-4ac2-9316-76eae98d8237,request_lab,,,,,,
R1FE855115956,consensus,22,dff80150-bf9e-4ac2-9316-76eae98d8237,request_lab,,,,,,
R1FE855115956,primary,23,b75c3682-88db-4644-8b0d-1b3799a42096,plan_reason,,,,,,
R1FE855115956,second,23,b75c3682-88db-4644-8b0d-1b3799a42096,plan_reason,,,,,,
R1FE855115956,consensus,23,b75c3682-88db-4644-8b0d-1b3799a42096,plan_reason,,,,,,
R1FE855115956,primary,24,be397004-4076-48ae-8e84-44d7d1c104dc,request_lab,,,,,,
R1FE855115956,second,24,be397004-4076-48ae-8e84-44d7d1c104dc,request_lab,,,,,,
R1FE855115956,consensus,24,be397004-4076-48ae-8e84-44d7d1c104dc,request_lab,,,,,,
R1FE855115956,primary,25,a97363d8-dc24-470a-8133-e5c1998d26b7,plan_reason,,,,,,
R1FE855115956,second,25,a97363d8-dc24-470a-8133-e5c1998d26b7,plan_reason,,,,,,
R1FE855115956,consensus,25,a97363d8-dc24-470a-8133-e5c1998d26b7,plan_reason,,,,,,
R1FE855115956,primary,26,a5c72d9d-4a0e-4d2e-ba9e-39d060cf02f8,request_lab,,,,,,
R1FE855115956,second,26,a5c72d9d-4a0e-4d2e-ba9e-39d060cf02f8,request_lab,,,,,,
R1FE855115956,consensus,26,a5c72d9d-4a0e-4d2e-ba9e-39d060cf02f8,request_lab,,,,,,
R1FE855115956,primary,27,5bd8acaa-555f-4136-8f7f-e257ca3fdf64,plan_reason,,,,,,
R1FE855115956,second,27,5bd8acaa-555f-4136-8f7f-e257ca3fdf64,plan_reason,,,,,,
R1FE855115956,consensus,27,5bd8acaa-555f-4136-8f7f-e257ca3fdf64,plan_reason,,,,,,
R1FE855115956,primary,28,1bdeaca5-ebd9-416e-8059-e00be16266dd,request_lab,,,,,,
R1FE855115956,second,28,1bdeaca5-ebd9-416e-8059-e00be16266dd,request_lab,,,,,,
R1FE855115956,consensus,28,1bdeaca5-ebd9-416e-8059-e00be16266dd,request_lab,,,,,,
R1FE855115956,primary,29,18f0d3ef-4f50-491e-b46e-f9f19dd7057e,plan_reason,,,,,,
R1FE855115956,second,29,18f0d3ef-4f50-491e-b46e-f9f19dd7057e,plan_reason,,,,,,
R1FE855115956,consensus,29,18f0d3ef-4f50-491e-b46e-f9f19dd7057e,plan_reason,,,,,,
R1FE855115956,primary,30,296f84a0-06b3-4e2c-9a80-4fe0b014b337,request_lab,,,,,,
R1FE855115956,second,30,296f84a0-06b3-4e2c-9a80-4fe0b014b337,request_lab,,,,,,
R1FE855115956,consensus,30,296f84a0-06b3-4e2c-9a80-4fe0b014b337,request_lab,,,,,,
R1FE855115956,primary,31,474d3316-8f6a-4d94-94f4-9ac302780195,plan_reason,,,,,,
R1FE855115956,second,31,474d3316-8f6a-4d94-94f4-9ac302780195,plan_reason,,,,,,
R1FE855115956,consensus,31,474d3316-8f6a-4d94-94f4-9ac302780195,plan_reason,,,,,,
R1FE855115956,primary,32,730e48ee-a5f3-4799-8a06-7eaf3ae7346d,request_lab,,,,,,
R1FE855115956,second,32,730e48ee-a5f3-4799-8a06-7eaf3ae7346d,request_lab,,,,,,
R1FE855115956,consensus,32,730e48ee-a5f3-4799-8a06-7eaf3ae7346d,request_lab,,,,,,
R1FE855115956,primary,33,041a1fc5-0fa2-48ac-9b53-8ddbaed7229f,plan_reason,,,,,,
R1FE855115956,second,33,041a1fc5-0fa2-48ac-9b53-8ddbaed7229f,plan_reason,,,,,,
R1FE855115956,consensus,33,041a1fc5-0fa2-48ac-9b53-8ddbaed7229f,plan_reason,,,,,,
R1FE855115956,primary,34,4b6efdcd-d52a-4df8-8892-fbe066ad292c,request_lab,,,,,,
R1FE855115956,second,34,4b6efdcd-d52a-4df8-8892-fbe066ad292c,request_lab,,,,,,
R1FE855115956,consensus,34,4b6efdcd-d52a-4df8-8892-fbe066ad292c,request_lab,,,,,,
R1FE855115956,primary,35,f59c9472-e6de-4681-9f0c-f8b96d5eca90,plan_reason,,,,,,
R1FE855115956,second,35,f59c9472-e6de-4681-9f0c-f8b96d5eca90,plan_reason,,,,,,
R1FE855115956,consensus,35,f59c9472-e6de-4681-9f0c-f8b96d5eca90,plan_reason,,,,,,
R1FE855115956,primary,36,123b39d3-3b20-4c1b-9756-c81f46351a33,request_lab,,,,,,
R1FE855115956,second,36,123b39d3-3b20-4c1b-9756-c81f46351a33,request_lab,,,,,,
R1FE855115956,consensus,36,123b39d3-3b20-4c1b-9756-c81f46351a33,request_lab,,,,,,
R1FE855115956,primary,37,32af0a6d-e7bd-48fa-bd21-796a2ff265e4,plan_reason,,,,,,
R1FE855115956,second,37,32af0a6d-e7bd-48fa-bd21-796a2ff265e4,plan_reason,,,,,,
R1FE855115956,consensus,37,32af0a6d-e7bd-48fa-bd21-796a2ff265e4,plan_reason,,,,,,
R1FE855115956,primary,38,da976a92-2e84-4c9e-b14b-067244906094,request_lab,,,,,,
R1FE855115956,second,38,da976a92-2e84-4c9e-b14b-067244906094,request_lab,,,,,,
R1FE855115956,consensus,38,da976a92-2e84-4c9e-b14b-067244906094,request_lab,,,,,,
R1FE855115956,primary,39,5b3861f9-ccc8-4559-a4ef-5df8cef178b0,plan_reason,,,,,,
R1FE855115956,second,39,5b3861f9-ccc8-4559-a4ef-5df8cef178b0,plan_reason,,,,,,
R1FE855115956,consensus,39,5b3861f9-ccc8-4559-a4ef-5df8cef178b0,plan_reason,,,,,,
R1FE855115956,primary,40,922b36fe-6faf-4224-ac39-46804bec3842,request_lab,,,,,,
R1FE855115956,second,40,922b36fe-6faf-4224-ac39-46804bec3842,request_lab,,,,,,
R1FE855115956,consensus,40,922b36fe-6faf-4224-ac39-46804bec3842,request_lab,,,,,,
R94AB91E5969B,primary,1,36672cf8-7c7a-451d-a71b-6983cdfe4a7d,request_physical_exam,,,,,,
R94AB91E5969B,second,1,36672cf8-7c7a-451d-a71b-6983cdfe4a7d,request_physical_exam,,,,,,
R94AB91E5969B,consensus,1,36672cf8-7c7a-451d-a71b-6983cdfe4a7d,request_physical_exam,,,,,,
R94AB91E5969B,primary,2,82446e21-f5ea-4733-b282-34980a18c854,ask_history,,,,,,
R94AB91E5969B,second,2,82446e21-f5ea-4733-b282-34980a18c854,ask_history,,,,,,
R94AB91E5969B,consensus,2,82446e21-f5ea-4733-b282-34980a18c854,ask_history,,,,,,
R94AB91E5969B,primary,3,2915cf6f-e162-40a2-b5fe-faff27b3bde7,request_lab,,,,,,
R94AB91E5969B,second,3,2915cf6f-e162-40a2-b5fe-faff27b3bde7,request_lab,,,,,,
R94AB91E5969B,consensus,3,2915cf6f-e162-40a2-b5fe-faff27b3bde7,request_lab,,,,,,
R94AB91E5969B,primary,4,7c9d7f9d-694c-47d0-b3b1-84953045e918,request_imaging,,,,,,
R94AB91E5969B,second,4,7c9d7f9d-694c-47d0-b3b1-84953045e918,request_imaging,,,,,,
R94AB91E5969B,consensus,4,7c9d7f9d-694c-47d0-b3b1-84953045e918,request_imaging,,,,,,
R94AB91E5969B,primary,5,5ffd5c5f-e849-4bf0-916f-62a650e9ae4c,ask_history,,,,,,
R94AB91E5969B,second,5,5ffd5c5f-e849-4bf0-916f-62a650e9ae4c,ask_history,,,,,,
R94AB91E5969B,consensus,5,5ffd5c5f-e849-4bf0-916f-62a650e9ae4c,ask_history,,,,,,
R94AB91E5969B,primary,6,3fd08e00-e7d0-4d09-ba1f-da6b171a8a67,plan_reason,,,,,,
R94AB91E5969B,second,6,3fd08e00-e7d0-4d09-ba1f-da6b171a8a67,plan_reason,,,,,,
R94AB91E5969B,consensus,6,3fd08e00-e7d0-4d09-ba1f-da6b171a8a67,plan_reason,,,,,,
R94AB91E5969B,primary,7,71add281-3f92-4bc6-a875-6ba551df8c54,ask_history,,,,,,
R94AB91E5969B,second,7,71add281-3f92-4bc6-a875-6ba551df8c54,ask_history,,,,,,
R94AB91E5969B,consensus,7,71add281-3f92-4bc6-a875-6ba551df8c54,ask_history,,,,,,
R94AB91E5969B,primary,8,800ce762-61c7-4a13-ac0f-2fbc99b58822,request_procedure,,,,,,
R94AB91E5969B,second,8,800ce762-61c7-4a13-ac0f-2fbc99b58822,request_procedure,,,,,,
R94AB91E5969B,consensus,8,800ce762-61c7-4a13-ac0f-2fbc99b58822,request_procedure,,,,,,
R94AB91E5969B,primary,9,b74cf357-3833-4be6-8676-62dfe3fe9ed1,final_diagnosis,,,,,,
R94AB91E5969B,second,9,b74cf357-3833-4be6-8676-62dfe3fe9ed1,final_diagnosis,,,,,,
R94AB91E5969B,consensus,9,b74cf357-3833-4be6-8676-62dfe3fe9ed1,final_diagnosis,,,,,,
R94AB91E5969B,primary,10,65172619-8701-473e-aa7a-9eea8ba78724,disposition,,,,,,
R94AB91E5969B,second,10,65172619-8701-473e-aa7a-9eea8ba78724,disposition,,,,,,
R94AB91E5969B,consensus,10,65172619-8701-473e-aa7a-9eea8ba78724,disposition,,,,,,
RB29665305C3A,primary,1,45f0c870-f976-472c-8de6-c85cdd07b139,ask_history,,,,,,
RB29665305C3A,second,1,45f0c870-f976-472c-8de6-c85cdd07b139,ask_history,,,,,,
RB29665305C3A,consensus,1,45f0c870-f976-472c-8de6-c85cdd07b139,ask_history,,,,,,
RB29665305C3A,primary,2,a5741f09-36d1-47b6-bdb7-333f5799f38b,ask_history,,,,,,
RB29665305C3A,second,2,a5741f09-36d1-47b6-bdb7-333f5799f38b,ask_history,,,,,,
RB29665305C3A,consensus,2,a5741f09-36d1-47b6-bdb7-333f5799f38b,ask_history,,,,,,
RB29665305C3A,primary,3,b80ac936-0fef-4b65-be2c-f268825f44cd,ask_history,,,,,,
RB29665305C3A,second,3,b80ac936-0fef-4b65-be2c-f268825f44cd,ask_history,,,,,,
RB29665305C3A,consensus,3,b80ac936-0fef-4b65-be2c-f268825f44cd,ask_history,,,,,,
RB29665305C3A,primary,4,de82a9d4-af78-40d6-b308-b11fb5307d20,ask_history,,,,,,
RB29665305C3A,second,4,de82a9d4-af78-40d6-b308-b11fb5307d20,ask_history,,,,,,
RB29665305C3A,consensus,4,de82a9d4-af78-40d6-b308-b11fb5307d20,ask_history,,,,,,
RB29665305C3A,primary,5,974c7b27-e7bf-4561-bd24-f63a3829ee3d,ask_history,,,,,,
RB29665305C3A,second,5,974c7b27-e7bf-4561-bd24-f63a3829ee3d,ask_history,,,,,,
RB29665305C3A,consensus,5,974c7b27-e7bf-4561-bd24-f63a3829ee3d,ask_history,,,,,,
R58A3C5FD7D23,primary,1,cfb8772f-a451-4840-b7a6-ee4066990fe7,ask_history,,,,,,
R58A3C5FD7D23,second,1,cfb8772f-a451-4840-b7a6-ee4066990fe7,ask_history,,,,,,
R58A3C5FD7D23,consensus,1,cfb8772f-a451-4840-b7a6-ee4066990fe7,ask_history,,,,,,
R58A3C5FD7D23,primary,2,032dd254-42ea-4c2d-a116-570c0e6f2d63,ask_history,,,,,,
R58A3C5FD7D23,second,2,032dd254-42ea-4c2d-a116-570c0e6f2d63,ask_history,,,,,,
R58A3C5FD7D23,consensus,2,032dd254-42ea-4c2d-a116-570c0e6f2d63,ask_history,,,,,,
R58A3C5FD7D23,primary,3,fa269a78-02d7-4fec-a85d-8af5135b0a14,request_physical_exam,,,,,,
R58A3C5FD7D23,second,3,fa269a78-02d7-4fec-a85d-8af5135b0a14,request_physical_exam,,,,,,
R58A3C5FD7D23,consensus,3,fa269a78-02d7-4fec-a85d-8af5135b0a14,request_physical_exam,,,,,,
R58A3C5FD7D23,primary,4,ee8f3cf2-3545-4257-88f2-15b2e622d163,request_lab,,,,,,
R58A3C5FD7D23,second,4,ee8f3cf2-3545-4257-88f2-15b2e622d163,request_lab,,,,,,
R58A3C5FD7D23,consensus,4,ee8f3cf2-3545-4257-88f2-15b2e622d163,request_lab,,,,,,
R58A3C5FD7D23,primary,5,54beaba6-8e02-444c-aad8-c9bfaaea3574,request_imaging,,,,,,
R58A3C5FD7D23,second,5,54beaba6-8e02-444c-aad8-c9bfaaea3574,request_imaging,,,,,,
R58A3C5FD7D23,consensus,5,54beaba6-8e02-444c-aad8-c9bfaaea3574,request_imaging,,,,,,
R58A3C5FD7D23,primary,6,65f8cf80-999b-4ea0-a9bd-c2c2dc2d9c90,request_imaging,,,,,,
R58A3C5FD7D23,second,6,65f8cf80-999b-4ea0-a9bd-c2c2dc2d9c90,request_imaging,,,,,,
R58A3C5FD7D23,consensus,6,65f8cf80-999b-4ea0-a9bd-c2c2dc2d9c90,request_imaging,,,,,,
R58A3C5FD7D23,primary,7,be425e04-7450-442f-9057-52191b86216a,request_lab,,,,,,
R58A3C5FD7D23,second,7,be425e04-7450-442f-9057-52191b86216a,request_lab,,,,,,
R58A3C5FD7D23,consensus,7,be425e04-7450-442f-9057-52191b86216a,request_lab,,,,,,
R58A3C5FD7D23,primary,8,8be7f9ef-9600-4531-ba99-4e653e385600,request_imaging,,,,,,
R58A3C5FD7D23,second,8,8be7f9ef-9600-4531-ba99-4e653e385600,request_imaging,,,,,,
R58A3C5FD7D23,consensus,8,8be7f9ef-9600-4531-ba99-4e653e385600,request_imaging,,,,,,
R58A3C5FD7D23,primary,9,d1d4a6c4-da2b-4193-b6c2-f415e806d1a3,plan_reason,,,,,,
R58A3C5FD7D23,second,9,d1d4a6c4-da2b-4193-b6c2-f415e806d1a3,plan_reason,,,,,,
R58A3C5FD7D23,consensus,9,d1d4a6c4-da2b-4193-b6c2-f415e806d1a3,plan_reason,,,,,,
R58A3C5FD7D23,primary,10,8dd4ea11-bd2f-4ae4-b4fb-4d54609fbaa8,request_procedure,,,,,,
R58A3C5FD7D23,second,10,8dd4ea11-bd2f-4ae4-b4fb-4d54609fbaa8,request_procedure,,,,,,
R58A3C5FD7D23,consensus,10,8dd4ea11-bd2f-4ae4-b4fb-4d54609fbaa8,request_procedure,,,,,,
R58A3C5FD7D23,primary,11,50cdbd1d-818d-467e-84d4-90fb7b6385e2,request_procedure,,,,,,
R58A3C5FD7D23,second,11,50cdbd1d-818d-467e-84d4-90fb7b6385e2,request_procedure,,,,,,
R58A3C5FD7D23,consensus,11,50cdbd1d-818d-467e-84d4-90fb7b6385e2,request_procedure,,,,,,
R58A3C5FD7D23,primary,12,2d1d71d9-5ac7-4785-b84c-063c23c7b51d,request_procedure,,,,,,
R58A3C5FD7D23,second,12,2d1d71d9-5ac7-4785-b84c-063c23c7b51d,request_procedure,,,,,,
R58A3C5FD7D23,consensus,12,2d1d71d9-5ac7-4785-b84c-063c23c7b51d,request_procedure,,,,,,
R58A3C5FD7D23,primary,13,adadebb2-44cf-464f-af05-c395ce4d1ec7,final_diagnosis,,,,,,
R58A3C5FD7D23,second,13,adadebb2-44cf-464f-af05-c395ce4d1ec7,final_diagnosis,,,,,,
R58A3C5FD7D23,consensus,13,adadebb2-44cf-464f-af05-c395ce4d1ec7,final_diagnosis,,,,,,
R58A3C5FD7D23,primary,14,229c9d99-0e50-4fde-a773-b4a1ba58ed53,disposition,,,,,,
R58A3C5FD7D23,second,14,229c9d99-0e50-4fde-a773-b4a1ba58ed53,disposition,,,,,,
R58A3C5FD7D23,consensus,14,229c9d99-0e50-4fde-a773-b4a1ba58ed53,disposition,,,,,,
R072FDB644381,primary,1,e3ab3aea-1bbd-483a-969b-0f44cdfe66ab,request_ecg_or_test,,,,,,
R072FDB644381,second,1,e3ab3aea-1bbd-483a-969b-0f44cdfe66ab,request_ecg_or_test,,,,,,
R072FDB644381,consensus,1,e3ab3aea-1bbd-483a-969b-0f44cdfe66ab,request_ecg_or_test,,,,,,
R072FDB644381,primary,2,764688ee-2e51-4082-b212-893a1e49c57e,request_physical_exam,,,,,,
R072FDB644381,second,2,764688ee-2e51-4082-b212-893a1e49c57e,request_physical_exam,,,,,,
R072FDB644381,consensus,2,764688ee-2e51-4082-b212-893a1e49c57e,request_physical_exam,,,,,,
R072FDB644381,primary,3,d7609b8a-ea1e-4d9b-b1b8-9ebdf81c73e4,request_ecg_or_test,,,,,,
R072FDB644381,second,3,d7609b8a-ea1e-4d9b-b1b8-9ebdf81c73e4,request_ecg_or_test,,,,,,
R072FDB644381,consensus,3,d7609b8a-ea1e-4d9b-b1b8-9ebdf81c73e4,request_ecg_or_test,,,,,,
R072FDB644381,primary,4,637e3b24-b994-4516-a73c-111bf3a952c2,plan_reason,,,,,,
R072FDB644381,second,4,637e3b24-b994-4516-a73c-111bf3a952c2,plan_reason,,,,,,
R072FDB644381,consensus,4,637e3b24-b994-4516-a73c-111bf3a952c2,plan_reason,,,,,,
R072FDB644381,primary,5,4697efa1-3e87-457a-8ff8-4a4664643220,request_procedure,,,,,,
R072FDB644381,second,5,4697efa1-3e87-457a-8ff8-4a4664643220,request_procedure,,,,,,
R072FDB644381,consensus,5,4697efa1-3e87-457a-8ff8-4a4664643220,request_procedure,,,,,,
R072FDB644381,primary,6,2b0cdcd7-6dc6-4243-93e4-81a4da2bd3ec,request_microbiology,,,,,,
R072FDB644381,second,6,2b0cdcd7-6dc6-4243-93e4-81a4da2bd3ec,request_microbiology,,,,,,
R072FDB644381,consensus,6,2b0cdcd7-6dc6-4243-93e4-81a4da2bd3ec,request_microbiology,,,,,,
R072FDB644381,primary,7,9882262c-4b52-4543-859e-2032f5ce5ede,ask_history,,,,,,
R072FDB644381,second,7,9882262c-4b52-4543-859e-2032f5ce5ede,ask_history,,,,,,
R072FDB644381,consensus,7,9882262c-4b52-4543-859e-2032f5ce5ede,ask_history,,,,,,
R072FDB644381,primary,8,9364aa27-4cc7-42c3-8372-df019c409b42,request_lab,,,,,,
R072FDB644381,second,8,9364aa27-4cc7-42c3-8372-df019c409b42,request_lab,,,,,,
R072FDB644381,consensus,8,9364aa27-4cc7-42c3-8372-df019c409b42,request_lab,,,,,,
R072FDB644381,primary,9,f1b72107-ad01-452f-b97e-75840280954f,ask_history,,,,,,
R072FDB644381,second,9,f1b72107-ad01-452f-b97e-75840280954f,ask_history,,,,,,
R072FDB644381,consensus,9,f1b72107-ad01-452f-b97e-75840280954f,ask_history,,,,,,
R072FDB644381,primary,10,ca30660b-cef1-4039-8c8d-96495878f6cf,request_procedure,,,,,,
R072FDB644381,second,10,ca30660b-cef1-4039-8c8d-96495878f6cf,request_procedure,,,,,,
R072FDB644381,consensus,10,ca30660b-cef1-4039-8c8d-96495878f6cf,request_procedure,,,,,,
R072FDB644381,primary,11,eb9b5344-2e84-46a7-bbc1-6a7af0baf6c6,request_procedure,,,,,,
R072FDB644381,second,11,eb9b5344-2e84-46a7-bbc1-6a7af0baf6c6,request_procedure,,,,,,
R072FDB644381,consensus,11,eb9b5344-2e84-46a7-bbc1-6a7af0baf6c6,request_procedure,,,,,,
R072FDB644381,primary,12,d5c51404-3d11-4e0d-8899-2fa6eb2e8c0e,final_diagnosis,,,,,,
R072FDB644381,second,12,d5c51404-3d11-4e0d-8899-2fa6eb2e8c0e,final_diagnosis,,,,,,
R072FDB644381,consensus,12,d5c51404-3d11-4e0d-8899-2fa6eb2e8c0e,final_diagnosis,,,,,,
R072FDB644381,primary,13,3dda34c6-1065-4dc9-bf7c-b476aaa21445,disposition,,,,,,
R072FDB644381,second,13,3dda34c6-1065-4dc9-bf7c-b476aaa21445,disposition,,,,,,
R072FDB644381,consensus,13,3dda34c6-1065-4dc9-bf7c-b476aaa21445,disposition,,,,,,
R639975175279,primary,1,516aef3d-d691-45c2-b231-a10369856186,ask_history,,,,,,
R639975175279,second,1,516aef3d-d691-45c2-b231-a10369856186,ask_history,,,,,,
R639975175279,consensus,1,516aef3d-d691-45c2-b231-a10369856186,ask_history,,,,,,
R639975175279,primary,2,0e27f05e-dc5c-4d58-9fb8-c46a3fa4bdec,ask_history,,,,,,
R639975175279,second,2,0e27f05e-dc5c-4d58-9fb8-c46a3fa4bdec,ask_history,,,,,,
R639975175279,consensus,2,0e27f05e-dc5c-4d58-9fb8-c46a3fa4bdec,ask_history,,,,,,
R639975175279,primary,3,6b422bca-219c-4afa-a197-132e5ca8122f,request_physical_exam,,,,,,
R639975175279,second,3,6b422bca-219c-4afa-a197-132e5ca8122f,request_physical_exam,,,,,,
R639975175279,consensus,3,6b422bca-219c-4afa-a197-132e5ca8122f,request_physical_exam,,,,,,
R639975175279,primary,4,fabc03fd-a418-4778-99b6-ae5c3bd92e2f,plan_reason,,,,,,
R639975175279,second,4,fabc03fd-a418-4778-99b6-ae5c3bd92e2f,plan_reason,,,,,,
R639975175279,consensus,4,fabc03fd-a418-4778-99b6-ae5c3bd92e2f,plan_reason,,,,,,
R639975175279,primary,5,ad0370c0-394e-4601-860b-0849cfe03ba1,request_lab,,,,,,
R639975175279,second,5,ad0370c0-394e-4601-860b-0849cfe03ba1,request_lab,,,,,,
R639975175279,consensus,5,ad0370c0-394e-4601-860b-0849cfe03ba1,request_lab,,,,,,
R639975175279,primary,6,a318f2c1-603a-4cdd-95a1-e54df5e920b6,request_imaging,,,,,,
R639975175279,second,6,a318f2c1-603a-4cdd-95a1-e54df5e920b6,request_imaging,,,,,,
R639975175279,consensus,6,a318f2c1-603a-4cdd-95a1-e54df5e920b6,request_imaging,,,,,,
R639975175279,primary,7,b1c9c694-d2b2-49af-8da0-fa36076fd2c7,plan_reason,,,,,,
R639975175279,second,7,b1c9c694-d2b2-49af-8da0-fa36076fd2c7,plan_reason,,,,,,
R639975175279,consensus,7,b1c9c694-d2b2-49af-8da0-fa36076fd2c7,plan_reason,,,,,,
R639975175279,primary,8,ac4d50a0-7159-4dac-bc98-176353f22570,request_lab,,,,,,
R639975175279,second,8,ac4d50a0-7159-4dac-bc98-176353f22570,request_lab,,,,,,
R639975175279,consensus,8,ac4d50a0-7159-4dac-bc98-176353f22570,request_lab,,,,,,
R639975175279,primary,9,6b3ada42-1053-4cf3-85f9-6ae25bb59595,plan_reason,,,,,,
R639975175279,second,9,6b3ada42-1053-4cf3-85f9-6ae25bb59595,plan_reason,,,,,,
R639975175279,consensus,9,6b3ada42-1053-4cf3-85f9-6ae25bb59595,plan_reason,,,,,,
R639975175279,primary,10,91c0a943-2640-4909-a267-01b57ab395a4,plan_reason,,,,,,
R639975175279,second,10,91c0a943-2640-4909-a267-01b57ab395a4,plan_reason,,,,,,
R639975175279,consensus,10,91c0a943-2640-4909-a267-01b57ab395a4,plan_reason,,,,,,
R639975175279,primary,11,ba481098-d5a1-4a15-bbc1-db5ecde1d399,plan_reason,,,,,,
R639975175279,second,11,ba481098-d5a1-4a15-bbc1-db5ecde1d399,plan_reason,,,,,,
R639975175279,consensus,11,ba481098-d5a1-4a15-bbc1-db5ecde1d399,plan_reason,,,,,,
REB6130786381,primary,1,bbfcd4a1-181b-4c95-bd3d-06e8e404282e,ask_history,,,,,,
REB6130786381,second,1,bbfcd4a1-181b-4c95-bd3d-06e8e404282e,ask_history,,,,,,
REB6130786381,consensus,1,bbfcd4a1-181b-4c95-bd3d-06e8e404282e,ask_history,,,,,,
REB6130786381,primary,2,2be4dad6-effc-42d6-9b6c-e0cac0ffc29a,ask_history,,,,,,
REB6130786381,second,2,2be4dad6-effc-42d6-9b6c-e0cac0ffc29a,ask_history,,,,,,
REB6130786381,consensus,2,2be4dad6-effc-42d6-9b6c-e0cac0ffc29a,ask_history,,,,,,
REB6130786381,primary,3,971e747c-c715-4ea1-bb5b-191f7dc78652,ask_history,,,,,,
REB6130786381,second,3,971e747c-c715-4ea1-bb5b-191f7dc78652,ask_history,,,,,,
REB6130786381,consensus,3,971e747c-c715-4ea1-bb5b-191f7dc78652,ask_history,,,,,,
REB6130786381,primary,4,45f48c10-cccd-4e5c-8efe-ec05a3fe55dc,ask_history,,,,,,
REB6130786381,second,4,45f48c10-cccd-4e5c-8efe-ec05a3fe55dc,ask_history,,,,,,
REB6130786381,consensus,4,45f48c10-cccd-4e5c-8efe-ec05a3fe55dc,ask_history,,,,,,
REB6130786381,primary,5,4a333386-e37b-45b8-9afd-65d2395313ce,ask_history,,,,,,
REB6130786381,second,5,4a333386-e37b-45b8-9afd-65d2395313ce,ask_history,,,,,,
REB6130786381,consensus,5,4a333386-e37b-45b8-9afd-65d2395313ce,ask_history,,,,,,
REB6130786381,primary,6,c1a2aa30-8e9c-4af7-bfcb-c443dfaa5284,ask_history,,,,,,
REB6130786381,second,6,c1a2aa30-8e9c-4af7-bfcb-c443dfaa5284,ask_history,,,,,,
REB6130786381,consensus,6,c1a2aa30-8e9c-4af7-bfcb-c443dfaa5284,ask_history,,,,,,
R910E7A30F13E,primary,1,a6daf396-3df2-4bf8-ac4c-7e31beb8dcd9,ask_history,,,,,,
R910E7A30F13E,second,1,a6daf396-3df2-4bf8-ac4c-7e31beb8dcd9,ask_history,,,,,,
R910E7A30F13E,consensus,1,a6daf396-3df2-4bf8-ac4c-7e31beb8dcd9,ask_history,,,,,,
R910E7A30F13E,primary,2,5ce63b2b-6c7e-46af-9422-c24e3876bf8e,ask_history,,,,,,
R910E7A30F13E,second,2,5ce63b2b-6c7e-46af-9422-c24e3876bf8e,ask_history,,,,,,
R910E7A30F13E,consensus,2,5ce63b2b-6c7e-46af-9422-c24e3876bf8e,ask_history,,,,,,
R910E7A30F13E,primary,3,4d837dbe-42f0-477f-8388-914acea8111c,ask_history,,,,,,
R910E7A30F13E,second,3,4d837dbe-42f0-477f-8388-914acea8111c,ask_history,,,,,,
R910E7A30F13E,consensus,3,4d837dbe-42f0-477f-8388-914acea8111c,ask_history,,,,,,
R910E7A30F13E,primary,4,32d00bba-384a-4f7e-b2fc-971cf5df4c32,request_physical_exam,,,,,,
R910E7A30F13E,second,4,32d00bba-384a-4f7e-b2fc-971cf5df4c32,request_physical_exam,,,,,,
R910E7A30F13E,consensus,4,32d00bba-384a-4f7e-b2fc-971cf5df4c32,request_physical_exam,,,,,,
R910E7A30F13E,primary,5,98fdb436-bfea-47bc-ac88-31ec2aa957d1,plan_reason,,,,,,
R910E7A30F13E,second,5,98fdb436-bfea-47bc-ac88-31ec2aa957d1,plan_reason,,,,,,
R910E7A30F13E,consensus,5,98fdb436-bfea-47bc-ac88-31ec2aa957d1,plan_reason,,,,,,
R910E7A30F13E,primary,6,04c3dc41-f1ed-49c3-8dd4-c7654247d522,request_imaging,,,,,,
R910E7A30F13E,second,6,04c3dc41-f1ed-49c3-8dd4-c7654247d522,request_imaging,,,,,,
R910E7A30F13E,consensus,6,04c3dc41-f1ed-49c3-8dd4-c7654247d522,request_imaging,,,,,,
R910E7A30F13E,primary,7,df7c9f2b-70f8-43c8-ae84-87915beaebac,request_lab,,,,,,
R910E7A30F13E,second,7,df7c9f2b-70f8-43c8-ae84-87915beaebac,request_lab,,,,,,
R910E7A30F13E,consensus,7,df7c9f2b-70f8-43c8-ae84-87915beaebac,request_lab,,,,,,
R910E7A30F13E,primary,8,8268b2da-5dfd-446d-bf21-1a1121b3ca8c,plan_reason,,,,,,
R910E7A30F13E,second,8,8268b2da-5dfd-446d-bf21-1a1121b3ca8c,plan_reason,,,,,,
R910E7A30F13E,consensus,8,8268b2da-5dfd-446d-bf21-1a1121b3ca8c,plan_reason,,,,,,
R910E7A30F13E,primary,9,a7a63f87-0bc0-4c2f-9c6b-da8f370d5e50,prescribe_medication,,,,,,
R910E7A30F13E,second,9,a7a63f87-0bc0-4c2f-9c6b-da8f370d5e50,prescribe_medication,,,,,,
R910E7A30F13E,consensus,9,a7a63f87-0bc0-4c2f-9c6b-da8f370d5e50,prescribe_medication,,,,,,
R910E7A30F13E,primary,10,eb4d3c5e-1ea8-4710-b6ef-176e089316f4,request_procedure,,,,,,
R910E7A30F13E,second,10,eb4d3c5e-1ea8-4710-b6ef-176e089316f4,request_procedure,,,,,,
R910E7A30F13E,consensus,10,eb4d3c5e-1ea8-4710-b6ef-176e089316f4,request_procedure,,,,,,
R910E7A30F13E,primary,11,e18b59b9-b9cf-4296-8952-dc3e72d7ecfc,final_diagnosis,,,,,,
R910E7A30F13E,second,11,e18b59b9-b9cf-4296-8952-dc3e72d7ecfc,final_diagnosis,,,,,,
R910E7A30F13E,consensus,11,e18b59b9-b9cf-4296-8952-dc3e72d7ecfc,final_diagnosis,,,,,,
R910E7A30F13E,primary,12,3107b8a5-092a-459e-a1bd-95a3ca9cf4c1,disposition,,,,,,
R910E7A30F13E,second,12,3107b8a5-092a-459e-a1bd-95a3ca9cf4c1,disposition,,,,,,
R910E7A30F13E,consensus,12,3107b8a5-092a-459e-a1bd-95a3ca9cf4c1,disposition,,,,,,
