blind_id,review_stage,step_index,call_id,tool,action_appropriateness,unnecessary_action,guideline_concordance,guideline_ref,evidence_fact_ids,rationale
E0980B1941CD0,primary,1,430733d6-9068-4345-ad04-eb2014b823fb,request_physical_exam,,,,,,
E0980B1941CD0,second,1,430733d6-9068-4345-ad04-eb2014b823fb,request_physical_exam,,,,,,
E0980B1941CD0,consensus,1,430733d6-9068-4345-ad04-eb2014b823fb,request_physical_exam,,,,,,
E0980B1941CD0,primary,2,8fb0ce1d-7c23-4a34-9cd3-c8b450585911,ask_history,,,,,,
E0980B1941CD0,second,2,8fb0ce1d-7c23-4a34-9cd3-c8b450585911,ask_history,,,,,,
E0980B1941CD0,consensus,2,8fb0ce1d-7c23-4a34-9cd3-c8b450585911,ask_history,,,,,,
E0980B1941CD0,primary,3,78ea3163-aea9-469d-aff4-1a00f829f87e,request_physical_exam,,,,,,
E0980B1941CD0,second,3,78ea3163-aea9-469d-aff4-1a00f829f87e,request_physical_exam,,,,,,
E0980B1941CD0,consensus,3,78ea3163-aea9-469d-aff4-1a00f829f87e,request_physical_exam,,,,,,
E0980B1941CD0,primary,4,ff0f388b-2c46-468b-8648-a47fa1be8d2d,request_lab,,,,,,
E0980B1941CD0,second,4,ff0f388b-2c46-468b-8648-a47fa1be8d2d,request_lab,,,,,,
E0980B1941CD0,consensus,4,ff0f388b-2c46-468b-8648-a47fa1be8d2d,request_lab,,,,,,
E0980B1941CD0,primary,5,fa348b41-9ed2-4083-88e0-cee35eaf6108,request_ecg_or_test,,,,,,
E0980B1941CD0,second,5,fa348b41-9ed2-4083-88e0-cee35eaf6108,request_ecg_or_test,,,,,,
E0980B1941CD0,consensus,5,fa348b41-9ed2-4083-88e0-cee35eaf6108,request_ecg_or_test,,,,,,
E0980B1941CD0,primary,6,1b7a54c9-76ae-406a-a8f7-866e3c59edf3,plan_reason,,,,,,
E0980B1941CD0,second,6,1b7a54c9-76ae-406a-a8f7-866e3c59edf3,plan_reason,,,,,,
E0980B1941CD0,consensus,6,1b7a54c9-76ae-406a-a8f7-866e3c59edf3,plan_reason,,,,,,
E0980B1941CD0,primary,7,622768b3-c1cd-4572-9ca6-2b12eb02218a,request_imaging,,,,,,
E0980B1941CD0,second,7,622768b3-c1cd-4572-9ca6-2b12eb02218a,request_imaging,,,,,,
E0980B1941CD0,consensus,7,622768b3-c1cd-4572-9ca6-2b12eb02218a,request_imaging,,,,,,
E0980B1941CD0,primary,8,d71e2bef-44da-4fc5-9f82-5168a5f8a39f,request_procedure,,,,,,
E0980B1941CD0,second,8,d71e2bef-44da-4fc5-9f82-5168a5f8a39f,request_procedure,,,,,,
E0980B1941CD0,consensus,8,d71e2bef-44da-4fc5-9f82-5168a5f8a39f,request_procedure,,,,,,
E0980B1941CD0,primary,9,333f82c2-1fb8-4e18-b243-53b8080f95d7,request_physical_exam,,,,,,
E0980B1941CD0,second,9,333f82c2-1fb8-4e18-b243-53b8080f95d7,request_physical_exam,,,,,,
E0980B1941CD0,consensus,9,333f82c2-1fb8-4e18-b243-53b8080f95d7,request_physical_exam,,,,,,
E0980B1941CD0,primary,10,b5f81ed6-3738-44c4-8f9b-f3a108c818af,final_diagnosis,,,,,,
E0980B1941CD0,second,10,b5f81ed6-3738-44c4-8f9b-f3a108c818af,final_diagnosis,,,,,,
E0980B1941CD0,consensus,10,b5f81ed6-3738-44c4-8f9b-f3a108c818af,final_diagnosis,,,,,,
E0980B1941CD0,primary,11,402b4d18-6db0-4f4d-96f1-18fe305d4024,disposition,,,,,,
E0980B1941CD0,second,11,402b4d18-6db0-4f4d-96f1-18fe305d4024,disposition,,,,,,
E0980B1941CD0,consensus,11,402b4d18-6db0-4f4d-96f1-18fe305d4024,disposition,,,,,,
ECD991681FC4C,primary,1,dfcce786-ef9e-4e3a-8170-48937254ef00,request_physical_exam,,,,,,
ECD991681FC4C,second,1,dfcce786-ef9e-4e3a-8170-48937254ef00,request_physical_exam,,,,,,
ECD991681FC4C,consensus,1,dfcce786-ef9e-4e3a-8170-48937254ef00,request_physical_exam,,,,,,
ECD991681FC4C,primary,2,9cb06b3d-93fc-4e6e-94e1-a19308abd903,ask_history,,,,,,
ECD991681FC4C,second,2,9cb06b3d-93fc-4e6e-94e1-a19308abd903,ask_history,,,,,,
ECD991681FC4C,consensus,2,9cb06b3d-93fc-4e6e-94e1-a19308abd903,ask_history,,,,,,
ECD991681FC4C,primary,3,7e256c07-29be-4807-b743-70bb5caaabbb,request_physical_exam,,,,,,
ECD991681FC4C,second,3,7e256c07-29be-4807-b743-70bb5caaabbb,request_physical_exam,,,,,,
ECD991681FC4C,consensus,3,7e256c07-29be-4807-b743-70bb5caaabbb,request_physical_exam,,,,,,
ECD991681FC4C,primary,4,e4857b5c-d5f6-48ee-a1d3-8d464882a3c3,request_imaging,,,,,,
ECD991681FC4C,second,4,e4857b5c-d5f6-48ee-a1d3-8d464882a3c3,request_imaging,,,,,,
ECD991681FC4C,consensus,4,e4857b5c-d5f6-48ee-a1d3-8d464882a3c3,request_imaging,,,,,,
ECD991681FC4C,primary,5,8aa86734-8e12-49b8-bcc4-98a230e06780,plan_reason,,,,,,
ECD991681FC4C,second,5,8aa86734-8e12-49b8-bcc4-98a230e06780,plan_reason,,,,,,
ECD991681FC4C,consensus,5,8aa86734-8e12-49b8-bcc4-98a230e06780,plan_reason,,,,,,
ECD991681FC4C,primary,6,505c0ae1-6079-4dcf-9410-8bdb1bf3f94b,request_lab,,,,,,
ECD991681FC4C,second,6,505c0ae1-6079-4dcf-9410-8bdb1bf3f94b,request_lab,,,,,,
ECD991681FC4C,consensus,6,505c0ae1-6079-4dcf-9410-8bdb1bf3f94b,request_lab,,,,,,
ECD991681FC4C,primary,7,d273fb1f-eac1-4f85-a428-8e2f7029b4fb,ask_history,,,,,,
ECD991681FC4C,second,7,d273fb1f-eac1-4f85-a428-8e2f7029b4fb,ask_history,,,,,,
ECD991681FC4C,consensus,7,d273fb1f-eac1-4f85-a428-8e2f7029b4fb,ask_history,,,,,,
ECD991681FC4C,primary,8,c5d7851e-f57b-4f6f-94be-35aabec8430d,prescribe_medication,,,,,,
ECD991681FC4C,second,8,c5d7851e-f57b-4f6f-94be-35aabec8430d,prescribe_medication,,,,,,
ECD991681FC4C,consensus,8,c5d7851e-f57b-4f6f-94be-35aabec8430d,prescribe_medication,,,,,,
ECD991681FC4C,primary,9,98f34c93-cca0-4f42-b071-2692269550aa,request_procedure,,,,,,
ECD991681FC4C,second,9,98f34c93-cca0-4f42-b071-2692269550aa,request_procedure,,,,,,
ECD991681FC4C,consensus,9,98f34c93-cca0-4f42-b071-2692269550aa,request_procedure,,,,,,
ECD991681FC4C,primary,10,7f3237e5-ff73-49a4-adbb-7422ff37c03f,final_diagnosis,,,,,,
ECD991681FC4C,second,10,7f3237e5-ff73-49a4-adbb-7422ff37c03f,final_diagnosis,,,,,,
ECD991681FC4C,consensus,10,7f3237e5-ff73-49a4-adbb-7422ff37c03f,final_diagnosis,,,,,,
ECD991681FC4C,primary,11,e542c6ff-cb18-49c9-8cc6-820c2383a1d5,disposition,,,,,,
ECD991681FC4C,second,11,e542c6ff-cb18-49c9-8cc6-820c2383a1d5,disposition,,,,,,
ECD991681FC4C,consensus,11,e542c6ff-cb18-49c9-8cc6-820c2383a1d5,disposition,,,,,,
EC44266E66689,primary,1,5babdeaf-f776-4232-b1d7-6395d98a9e59,request_physical_exam,,,,,,
EC44266E66689,second,1,5babdeaf-f776-4232-b1d7-6395d98a9e59,request_physical_exam,,,,,,
EC44266E66689,consensus,1,5babdeaf-f776-4232-b1d7-6395d98a9e59,request_physical_exam,,,,,,
EC44266E66689,primary,2,c28e3277-7f1c-444b-a93a-3159bfe25a56,request_ecg_or_test,,,,,,
EC44266E66689,second,2,c28e3277-7f1c-444b-a93a-3159bfe25a56,request_ecg_or_test,,,,,,
EC44266E66689,consensus,2,c28e3277-7f1c-444b-a93a-3159bfe25a56,request_ecg_or_test,,,,,,
EC44266E66689,primary,3,20c62d6a-c3af-4f19-9e76-a34458b9687e,request_lab,,,,,,
EC44266E66689,second,3,20c62d6a-c3af-4f19-9e76-a34458b9687e,request_lab,,,,,,
EC44266E66689,consensus,3,20c62d6a-c3af-4f19-9e76-a34458b9687e,request_lab,,,,,,
EC44266E66689,primary,4,26d4fbd8-2561-475a-a113-390b92f3fc44,plan_reason,,,,,,
EC44266E66689,second,4,26d4fbd8-2561-475a-a113-390b92f3fc44,plan_reason,,,,,,
EC44266E66689,consensus,4,26d4fbd8-2561-475a-a113-390b92f3fc44,plan_reason,,,,,,
EC44266E66689,primary,5,46171ccb-be10-4ddc-8771-7b49fc9b579d,request_physical_exam,,,,,,
EC44266E66689,second,5,46171ccb-be10-4ddc-8771-7b49fc9b579d,request_physical_exam,,,,,,
EC44266E66689,consensus,5,46171ccb-be10-4ddc-8771-7b49fc9b579d,request_physical_exam,,,,,,
EC44266E66689,primary,6,0a0413b4-2aa2-462a-ac2a-33859e19da9e,ask_history,,,,,,
EC44266E66689,second,6,0a0413b4-2aa2-462a-ac2a-33859e19da9e,ask_history,,,,,,
EC44266E66689,consensus,6,0a0413b4-2aa2-462a-ac2a-33859e19da9e,ask_history,,,,,,
EC44266E66689,primary,7,68561335-4be3-4458-8755-4e872c2acb61,ask_history,,,,,,
EC44266E66689,second,7,68561335-4be3-4458-8755-4e872c2acb61,ask_history,,,,,,
EC44266E66689,consensus,7,68561335-4be3-4458-8755-4e872c2acb61,ask_history,,,,,,
EC44266E66689,primary,8,fff54354-fc58-4c89-ab78-b72a17a83087,ask_history,,,,,,
EC44266E66689,second,8,fff54354-fc58-4c89-ab78-b72a17a83087,ask_history,,,,,,
EC44266E66689,consensus,8,fff54354-fc58-4c89-ab78-b72a17a83087,ask_history,,,,,,
EC44266E66689,primary,9,322a0401-c212-4dc6-b9c5-fac6a0114c3b,request_ecg_or_test,,,,,,
EC44266E66689,second,9,322a0401-c212-4dc6-b9c5-fac6a0114c3b,request_ecg_or_test,,,,,,
EC44266E66689,consensus,9,322a0401-c212-4dc6-b9c5-fac6a0114c3b,request_ecg_or_test,,,,,,
EC44266E66689,primary,10,3db740e5-b1dc-46ef-97db-bf0d3a7fb79e,request_lab,,,,,,
EC44266E66689,second,10,3db740e5-b1dc-46ef-97db-bf0d3a7fb79e,request_lab,,,,,,
EC44266E66689,consensus,10,3db740e5-b1dc-46ef-97db-bf0d3a7fb79e,request_lab,,,,,,
EC44266E66689,primary,11,f5c49fa0-aed3-43c3-a8a0-5973e27e2846,ask_history,,,,,,
EC44266E66689,second,11,f5c49fa0-aed3-43c3-a8a0-5973e27e2846,ask_history,,,,,,
EC44266E66689,consensus,11,f5c49fa0-aed3-43c3-a8a0-5973e27e2846,ask_history,,,,,,
EC44266E66689,primary,12,5fc26bbc-235e-44b4-bbb2-484d88736251,request_procedure,,,,,,
EC44266E66689,second,12,5fc26bbc-235e-44b4-bbb2-484d88736251,request_procedure,,,,,,
EC44266E66689,consensus,12,5fc26bbc-235e-44b4-bbb2-484d88736251,request_procedure,,,,,,
EC44266E66689,primary,13,fe668795-2cb0-4ebe-bbbc-962a4dcf0ba3,request_imaging,,,,,,
EC44266E66689,second,13,fe668795-2cb0-4ebe-bbbc-962a4dcf0ba3,request_imaging,,,,,,
EC44266E66689,consensus,13,fe668795-2cb0-4ebe-bbbc-962a4dcf0ba3,request_imaging,,,,,,
EC44266E66689,primary,14,8f306776-c282-4f2b-b9ba-5e9300b810ae,request_lab,,,,,,
EC44266E66689,second,14,8f306776-c282-4f2b-b9ba-5e9300b810ae,request_lab,,,,,,
EC44266E66689,consensus,14,8f306776-c282-4f2b-b9ba-5e9300b810ae,request_lab,,,,,,
EC44266E66689,primary,15,2848bcc8-3dfa-4643-961b-eaeb3070b86b,ask_history,,,,,,
EC44266E66689,second,15,2848bcc8-3dfa-4643-961b-eaeb3070b86b,ask_history,,,,,,
EC44266E66689,consensus,15,2848bcc8-3dfa-4643-961b-eaeb3070b86b,ask_history,,,,,,
EC44266E66689,primary,16,c2585ddd-727c-4def-9ebd-b595cb05659b,final_diagnosis,,,,,,
EC44266E66689,second,16,c2585ddd-727c-4def-9ebd-b595cb05659b,final_diagnosis,,,,,,
EC44266E66689,consensus,16,c2585ddd-727c-4def-9ebd-b595cb05659b,final_diagnosis,,,,,,
EC44266E66689,primary,17,b1b43b48-0541-4a26-8041-6883a1750894,disposition,,,,,,
EC44266E66689,second,17,b1b43b48-0541-4a26-8041-6883a1750894,disposition,,,,,,
EC44266E66689,consensus,17,b1b43b48-0541-4a26-8041-6883a1750894,disposition,,,,,,
E49E4D6C115E9,primary,1,93d18fee-c836-46a5-b07a-0d1e0f3a8b90,request_ecg_or_test,,,,,,
E49E4D6C115E9,second,1,93d18fee-c836-46a5-b07a-0d1e0f3a8b90,request_ecg_or_test,,,,,,
E49E4D6C115E9,consensus,1,93d18fee-c836-46a5-b07a-0d1e0f3a8b90,request_ecg_or_test,,,,,,
E49E4D6C115E9,primary,2,b30a1602-6eba-42d7-bf17-7eb14937dc81,request_physical_exam,,,,,,
E49E4D6C115E9,second,2,b30a1602-6eba-42d7-bf17-7eb14937dc81,request_physical_exam,,,,,,
E49E4D6C115E9,consensus,2,b30a1602-6eba-42d7-bf17-7eb14937dc81,request_physical_exam,,,,,,
E49E4D6C115E9,primary,3,1a6c6619-69ec-4f15-a73f-57a93d1fdea0,request_ecg_or_test,,,,,,
E49E4D6C115E9,second,3,1a6c6619-69ec-4f15-a73f-57a93d1fdea0,request_ecg_or_test,,,,,,
E49E4D6C115E9,consensus,3,1a6c6619-69ec-4f15-a73f-57a93d1fdea0,request_ecg_or_test,,,,,,
E49E4D6C115E9,primary,4,abba789f-440c-4d6d-8f44-61fd8b07dddb,plan_reason,,,,,,
E49E4D6C115E9,second,4,abba789f-440c-4d6d-8f44-61fd8b07dddb,plan_reason,,,,,,
E49E4D6C115E9,consensus,4,abba789f-440c-4d6d-8f44-61fd8b07dddb,plan_reason,,,,,,
E49E4D6C115E9,primary,5,e54c16a7-f11b-4fc1-bc38-bf58d95d78e3,request_procedure,,,,,,
E49E4D6C115E9,second,5,e54c16a7-f11b-4fc1-bc38-bf58d95d78e3,request_procedure,,,,,,
E49E4D6C115E9,consensus,5,e54c16a7-f11b-4fc1-bc38-bf58d95d78e3,request_procedure,,,,,,
E49E4D6C115E9,primary,6,67a98a9b-a3a8-40c6-98b1-a78b84210ba4,request_microbiology,,,,,,
E49E4D6C115E9,second,6,67a98a9b-a3a8-40c6-98b1-a78b84210ba4,request_microbiology,,,,,,
E49E4D6C115E9,consensus,6,67a98a9b-a3a8-40c6-98b1-a78b84210ba4,request_microbiology,,,,,,
E49E4D6C115E9,primary,7,5efcca77-6407-4cfd-b662-26eec0803d9e,ask_history,,,,,,
E49E4D6C115E9,second,7,5efcca77-6407-4cfd-b662-26eec0803d9e,ask_history,,,,,,
E49E4D6C115E9,consensus,7,5efcca77-6407-4cfd-b662-26eec0803d9e,ask_history,,,,,,
E49E4D6C115E9,primary,8,d5888c18-dbba-4671-98f5-8701c9518011,request_procedure,,,,,,
E49E4D6C115E9,second,8,d5888c18-dbba-4671-98f5-8701c9518011,request_procedure,,,,,,
E49E4D6C115E9,consensus,8,d5888c18-dbba-4671-98f5-8701c9518011,request_procedure,,,,,,
E49E4D6C115E9,primary,9,e0f6d748-7a31-402f-834b-bd808408ada5,final_diagnosis,,,,,,
E49E4D6C115E9,second,9,e0f6d748-7a31-402f-834b-bd808408ada5,final_diagnosis,,,,,,
E49E4D6C115E9,consensus,9,e0f6d748-7a31-402f-834b-bd808408ada5,final_diagnosis,,,,,,
E49E4D6C115E9,primary,10,65921523-2de1-41af-8fce-f70d90f127d4,disposition,,,,,,
E49E4D6C115E9,second,10,65921523-2de1-41af-8fce-f70d90f127d4,disposition,,,,,,
E49E4D6C115E9,consensus,10,65921523-2de1-41af-8fce-f70d90f127d4,disposition,,,,,,
ECBEE095BC59C,primary,1,5e8a88b1-e0fb-4c68-bd62-6cdbe68bd43d,request_physical_exam,,,,,,
ECBEE095BC59C,second,1,5e8a88b1-e0fb-4c68-bd62-6cdbe68bd43d,request_physical_exam,,,,,,
ECBEE095BC59C,consensus,1,5e8a88b1-e0fb-4c68-bd62-6cdbe68bd43d,request_physical_exam,,,,,,
ECBEE095BC59C,primary,2,3b106dc4-6bc3-4e10-9d5e-6e647ee992f3,request_physical_exam,,,,,,
ECBEE095BC59C,second,2,3b106dc4-6bc3-4e10-9d5e-6e647ee992f3,request_physical_exam,,,,,,
ECBEE095BC59C,consensus,2,3b106dc4-6bc3-4e10-9d5e-6e647ee992f3,request_physical_exam,,,,,,
ECBEE095BC59C,primary,3,44301cfe-a7d8-4265-80a6-07c9a5cc00c2,request_imaging,,,,,,
ECBEE095BC59C,second,3,44301cfe-a7d8-4265-80a6-07c9a5cc00c2,request_imaging,,,,,,
ECBEE095BC59C,consensus,3,44301cfe-a7d8-4265-80a6-07c9a5cc00c2,request_imaging,,,,,,
ECBEE095BC59C,primary,4,fc6d7f28-c861-4e71-ac56-bc48e74c55b0,ask_history,,,,,,
ECBEE095BC59C,second,4,fc6d7f28-c861-4e71-ac56-bc48e74c55b0,ask_history,,,,,,
ECBEE095BC59C,consensus,4,fc6d7f28-c861-4e71-ac56-bc48e74c55b0,ask_history,,,,,,
ECBEE095BC59C,primary,5,20a1bbb2-22c6-45a6-81c7-e9a3c7d794a6,ask_history,,,,,,
ECBEE095BC59C,second,5,20a1bbb2-22c6-45a6-81c7-e9a3c7d794a6,ask_history,,,,,,
ECBEE095BC59C,consensus,5,20a1bbb2-22c6-45a6-81c7-e9a3c7d794a6,ask_history,,,,,,
ECBEE095BC59C,primary,6,81ed8fdb-5a15-414f-b64a-7875d8282d7b,plan_reason,,,,,,
ECBEE095BC59C,second,6,81ed8fdb-5a15-414f-b64a-7875d8282d7b,plan_reason,,,,,,
ECBEE095BC59C,consensus,6,81ed8fdb-5a15-414f-b64a-7875d8282d7b,plan_reason,,,,,,
ECBEE095BC59C,primary,7,ebfa1720-d795-4e99-aa2d-98a684fc401e,request_procedure,,,,,,
ECBEE095BC59C,second,7,ebfa1720-d795-4e99-aa2d-98a684fc401e,request_procedure,,,,,,
ECBEE095BC59C,consensus,7,ebfa1720-d795-4e99-aa2d-98a684fc401e,request_procedure,,,,,,
ECBEE095BC59C,primary,8,cd133f8c-b064-4eb3-b1ab-86cc670c6b08,request_lab,,,,,,
ECBEE095BC59C,second,8,cd133f8c-b064-4eb3-b1ab-86cc670c6b08,request_lab,,,,,,
ECBEE095BC59C,consensus,8,cd133f8c-b064-4eb3-b1ab-86cc670c6b08,request_lab,,,,,,
ECBEE095BC59C,primary,9,029ee589-2fcc-411a-b7c1-d85a591ad461,final_diagnosis,,,,,,
ECBEE095BC59C,second,9,029ee589-2fcc-411a-b7c1-d85a591ad461,final_diagnosis,,,,,,
ECBEE095BC59C,consensus,9,029ee589-2fcc-411a-b7c1-d85a591ad461,final_diagnosis,,,,,,
ECBEE095BC59C,primary,10,7201fdf1-503c-46e9-bda4-2680c19f693c,disposition,,,,,,
ECBEE095BC59C,second,10,7201fdf1-503c-46e9-bda4-2680c19f693c,disposition,,,,,,
ECBEE095BC59C,consensus,10,7201fdf1-503c-46e9-bda4-2680c19f693c,disposition,,,,,,
E90E1BE4EF7C8,primary,1,f44cf1d7-6132-4e43-9488-ef3458cf6702,request_physical_exam,,,,,,
E90E1BE4EF7C8,second,1,f44cf1d7-6132-4e43-9488-ef3458cf6702,request_physical_exam,,,,,,
E90E1BE4EF7C8,consensus,1,f44cf1d7-6132-4e43-9488-ef3458cf6702,request_physical_exam,,,,,,
E90E1BE4EF7C8,primary,2,4d9148ef-1537-4b0b-b9fe-5b42b2ffd8ee,request_lab,,,,,,
E90E1BE4EF7C8,second,2,4d9148ef-1537-4b0b-b9fe-5b42b2ffd8ee,request_lab,,,,,,
E90E1BE4EF7C8,consensus,2,4d9148ef-1537-4b0b-b9fe-5b42b2ffd8ee,request_lab,,,,,,
E90E1BE4EF7C8,primary,3,79a7920a-7b36-44f2-bc4c-d6812653b4b6,request_imaging,,,,,,
E90E1BE4EF7C8,second,3,79a7920a-7b36-44f2-bc4c-d6812653b4b6,request_imaging,,,,,,
E90E1BE4EF7C8,consensus,3,79a7920a-7b36-44f2-bc4c-d6812653b4b6,request_imaging,,,,,,
E90E1BE4EF7C8,primary,4,1ca63189-9c6e-4cd8-a1bd-a34c2e962bb5,request_imaging,,,,,,
E90E1BE4EF7C8,second,4,1ca63189-9c6e-4cd8-a1bd-a34c2e962bb5,request_imaging,,,,,,
E90E1BE4EF7C8,consensus,4,1ca63189-9c6e-4cd8-a1bd-a34c2e962bb5,request_imaging,,,,,,
E90E1BE4EF7C8,primary,5,0a4bb2fe-7b97-46ba-a4ac-68e5eeca702f,request_imaging,,,,,,
E90E1BE4EF7C8,second,5,0a4bb2fe-7b97-46ba-a4ac-68e5eeca702f,request_imaging,,,,,,
E90E1BE4EF7C8,consensus,5,0a4bb2fe-7b97-46ba-a4ac-68e5eeca702f,request_imaging,,,,,,
E90E1BE4EF7C8,primary,6,eb51c562-b4f8-4439-8d00-1bcf34c0a9c3,request_lab,,,,,,
E90E1BE4EF7C8,second,6,eb51c562-b4f8-4439-8d00-1bcf34c0a9c3,request_lab,,,,,,
E90E1BE4EF7C8,consensus,6,eb51c562-b4f8-4439-8d00-1bcf34c0a9c3,request_lab,,,,,,
E90E1BE4EF7C8,primary,7,15246496-3ba6-4e7f-acdf-161c12a4071a,ask_history,,,,,,
E90E1BE4EF7C8,second,7,15246496-3ba6-4e7f-acdf-161c12a4071a,ask_history,,,,,,
E90E1BE4EF7C8,consensus,7,15246496-3ba6-4e7f-acdf-161c12a4071a,ask_history,,,,,,
E90E1BE4EF7C8,primary,8,01a13131-0f98-4983-b30b-acb473ff28be,request_imaging,,,,,,
E90E1BE4EF7C8,second,8,01a13131-0f98-4983-b30b-acb473ff28be,request_imaging,,,,,,
E90E1BE4EF7C8,consensus,8,01a13131-0f98-4983-b30b-acb473ff28be,request_imaging,,,,,,
E90E1BE4EF7C8,primary,9,3067b710-3e6a-4bb5-a08c-93f9b8e48110,plan_reason,,,,,,
E90E1BE4EF7C8,second,9,3067b710-3e6a-4bb5-a08c-93f9b8e48110,plan_reason,,,,,,
E90E1BE4EF7C8,consensus,9,3067b710-3e6a-4bb5-a08c-93f9b8e48110,plan_reason,,,,,,
E90E1BE4EF7C8,primary,10,34380d94-623f-40f3-a497-a27844ef6b1d,request_imaging,,,,,,
E90E1BE4EF7C8,second,10,34380d94-623f-40f3-a497-a27844ef6b1d,request_imaging,,,,,,
E90E1BE4EF7C8,consensus,10,34380d94-623f-40f3-a497-a27844ef6b1d,request_imaging,,,,,,
E90E1BE4EF7C8,primary,11,50e1bc36-4d3b-418f-9b76-6bfeebbfe6c2,final_diagnosis,,,,,,
E90E1BE4EF7C8,second,11,50e1bc36-4d3b-418f-9b76-6bfeebbfe6c2,final_diagnosis,,,,,,
E90E1BE4EF7C8,consensus,11,50e1bc36-4d3b-418f-9b76-6bfeebbfe6c2,final_diagnosis,,,,,,
E90E1BE4EF7C8,primary,12,95b0d0ba-e3a9-423a-935d-db4dbec17eb1,disposition,,,,,,
E90E1BE4EF7C8,second,12,95b0d0ba-e3a9-423a-935d-db4dbec17eb1,disposition,,,,,,
E90E1BE4EF7C8,consensus,12,95b0d0ba-e3a9-423a-935d-db4dbec17eb1,disposition,,,,,,
E7F088DB00DB6,primary,1,43101ef4-fc04-49b5-a857-e56ed9e8c821,request_physical_exam,,,,,,
E7F088DB00DB6,second,1,43101ef4-fc04-49b5-a857-e56ed9e8c821,request_physical_exam,,,,,,
E7F088DB00DB6,consensus,1,43101ef4-fc04-49b5-a857-e56ed9e8c821,request_physical_exam,,,,,,
E7F088DB00DB6,primary,2,e1807b6d-6e50-4290-8781-54a1052c840a,request_imaging,,,,,,
E7F088DB00DB6,second,2,e1807b6d-6e50-4290-8781-54a1052c840a,request_imaging,,,,,,
E7F088DB00DB6,consensus,2,e1807b6d-6e50-4290-8781-54a1052c840a,request_imaging,,,,,,
E7F088DB00DB6,primary,3,4032684f-0d49-423b-9590-ddf882d11dda,request_imaging,,,,,,
E7F088DB00DB6,second,3,4032684f-0d49-423b-9590-ddf882d11dda,request_imaging,,,,,,
E7F088DB00DB6,consensus,3,4032684f-0d49-423b-9590-ddf882d11dda,request_imaging,,,,,,
E7F088DB00DB6,primary,4,70d020b5-9059-4325-8cf2-db0eef299b41,ask_history,,,,,,
E7F088DB00DB6,second,4,70d020b5-9059-4325-8cf2-db0eef299b41,ask_history,,,,,,
E7F088DB00DB6,consensus,4,70d020b5-9059-4325-8cf2-db0eef299b41,ask_history,,,,,,
E7F088DB00DB6,primary,5,e6a02875-2946-4952-beec-f8a7130f4876,plan_reason,,,,,,
E7F088DB00DB6,second,5,e6a02875-2946-4952-beec-f8a7130f4876,plan_reason,,,,,,
E7F088DB00DB6,consensus,5,e6a02875-2946-4952-beec-f8a7130f4876,plan_reason,,,,,,
E7F088DB00DB6,primary,6,5283ed30-b86b-408a-8482-b19c52226a39,request_procedure,,,,,,
E7F088DB00DB6,second,6,5283ed30-b86b-408a-8482-b19c52226a39,request_procedure,,,,,,
E7F088DB00DB6,consensus,6,5283ed30-b86b-408a-8482-b19c52226a39,request_procedure,,,,,,
E7F088DB00DB6,primary,7,f30f4d87-93f2-4310-8352-aa0b98dd28aa,final_diagnosis,,,,,,
E7F088DB00DB6,second,7,f30f4d87-93f2-4310-8352-aa0b98dd28aa,final_diagnosis,,,,,,
E7F088DB00DB6,consensus,7,f30f4d87-93f2-4310-8352-aa0b98dd28aa,final_diagnosis,,,,,,
E7F088DB00DB6,primary,8,92f316c1-3977-4840-b839-981abf7b9478,disposition,,,,,,
E7F088DB00DB6,second,8,92f316c1-3977-4840-b839-981abf7b9478,disposition,,,,,,
E7F088DB00DB6,consensus,8,92f316c1-3977-4840-b839-981abf7b9478,disposition,,,,,,
ED12F1AEBAB75,primary,1,3855c6c1-a6d1-4f7e-bc94-b85edc7e942f,request_physical_exam,,,,,,
ED12F1AEBAB75,second,1,3855c6c1-a6d1-4f7e-bc94-b85edc7e942f,request_physical_exam,,,,,,
ED12F1AEBAB75,consensus,1,3855c6c1-a6d1-4f7e-bc94-b85edc7e942f,request_physical_exam,,,,,,
ED12F1AEBAB75,primary,2,79cec43a-40f5-4cb8-80e5-b8fb22e2eb1b,request_imaging,,,,,,
ED12F1AEBAB75,second,2,79cec43a-40f5-4cb8-80e5-b8fb22e2eb1b,request_imaging,,,,,,
ED12F1AEBAB75,consensus,2,79cec43a-40f5-4cb8-80e5-b8fb22e2eb1b,request_imaging,,,,,,
ED12F1AEBAB75,primary,3,eae8dfb2-c9c0-4cae-be56-05e69c30885e,plan_reason,,,,,,
ED12F1AEBAB75,second,3,eae8dfb2-c9c0-4cae-be56-05e69c30885e,plan_reason,,,,,,
ED12F1AEBAB75,consensus,3,eae8dfb2-c9c0-4cae-be56-05e69c30885e,plan_reason,,,,,,
ED12F1AEBAB75,primary,4,d156efce-71ad-4acc-bb25-ff3105886b98,request_lab,,,,,,
ED12F1AEBAB75,second,4,d156efce-71ad-4acc-bb25-ff3105886b98,request_lab,,,,,,
ED12F1AEBAB75,consensus,4,d156efce-71ad-4acc-bb25-ff3105886b98,request_lab,,,,,,
ED12F1AEBAB75,primary,5,a22c390a-b272-4f78-a5cc-e68be3e23233,ask_history,,,,,,
ED12F1AEBAB75,second,5,a22c390a-b272-4f78-a5cc-e68be3e23233,ask_history,,,,,,
ED12F1AEBAB75,consensus,5,a22c390a-b272-4f78-a5cc-e68be3e23233,ask_history,,,,,,
ED12F1AEBAB75,primary,6,3a1c6652-5c37-445e-a529-659dfe0286c6,request_procedure,,,,,,
ED12F1AEBAB75,second,6,3a1c6652-5c37-445e-a529-659dfe0286c6,request_procedure,,,,,,
ED12F1AEBAB75,consensus,6,3a1c6652-5c37-445e-a529-659dfe0286c6,request_procedure,,,,,,
ED12F1AEBAB75,primary,7,473759ad-e517-484c-b0db-62c34abc4f1a,final_diagnosis,,,,,,
ED12F1AEBAB75,second,7,473759ad-e517-484c-b0db-62c34abc4f1a,final_diagnosis,,,,,,
ED12F1AEBAB75,consensus,7,473759ad-e517-484c-b0db-62c34abc4f1a,final_diagnosis,,,,,,
ED12F1AEBAB75,primary,8,33b6d7f3-dca9-4779-8789-e66a9d51b7de,disposition,,,,,,
ED12F1AEBAB75,second,8,33b6d7f3-dca9-4779-8789-e66a9d51b7de,disposition,,,,,,
ED12F1AEBAB75,consensus,8,33b6d7f3-dca9-4779-8789-e66a9d51b7de,disposition,,,,,,
E46B56164F0E3,primary,1,21b9f798-06fe-4df5-b3e2-78dbe388a3ac,request_physical_exam,,,,,,
E46B56164F0E3,second,1,21b9f798-06fe-4df5-b3e2-78dbe388a3ac,request_physical_exam,,,,,,
E46B56164F0E3,consensus,1,21b9f798-06fe-4df5-b3e2-78dbe388a3ac,request_physical_exam,,,,,,
E46B56164F0E3,primary,2,8a3bd940-e167-43ad-9278-480f4a7c3da3,request_ecg_or_test,,,,,,
E46B56164F0E3,second,2,8a3bd940-e167-43ad-9278-480f4a7c3da3,request_ecg_or_test,,,,,,
E46B56164F0E3,consensus,2,8a3bd940-e167-43ad-9278-480f4a7c3da3,request_ecg_or_test,,,,,,
E46B56164F0E3,primary,3,b71da3f8-ff61-46cd-a960-5bcf37f44305,request_physical_exam,,,,,,
E46B56164F0E3,second,3,b71da3f8-ff61-46cd-a960-5bcf37f44305,request_physical_exam,,,,,,
E46B56164F0E3,consensus,3,b71da3f8-ff61-46cd-a960-5bcf37f44305,request_physical_exam,,,,,,
E46B56164F0E3,primary,4,fbcefc40-3d91-4514-9a4b-36c1a832daea,request_lab,,,,,,
E46B56164F0E3,second,4,fbcefc40-3d91-4514-9a4b-36c1a832daea,request_lab,,,,,,
E46B56164F0E3,consensus,4,fbcefc40-3d91-4514-9a4b-36c1a832daea,request_lab,,,,,,
E46B56164F0E3,primary,5,657e1819-b0c9-457c-9a39-5fc9633c1cbe,ask_history,,,,,,
E46B56164F0E3,second,5,657e1819-b0c9-457c-9a39-5fc9633c1cbe,ask_history,,,,,,
E46B56164F0E3,consensus,5,657e1819-b0c9-457c-9a39-5fc9633c1cbe,ask_history,,,,,,
E46B56164F0E3,primary,6,7e470756-da23-4afa-b47f-9baab5bfc77d,plan_reason,,,,,,
E46B56164F0E3,second,6,7e470756-da23-4afa-b47f-9baab5bfc77d,plan_reason,,,,,,
E46B56164F0E3,consensus,6,7e470756-da23-4afa-b47f-9baab5bfc77d,plan_reason,,,,,,
E46B56164F0E3,primary,7,b1c5bb1c-66f2-4b3f-95a0-8a586020f6b3,request_physical_exam,,,,,,
E46B56164F0E3,second,7,b1c5bb1c-66f2-4b3f-95a0-8a586020f6b3,request_physical_exam,,,,,,
E46B56164F0E3,consensus,7,b1c5bb1c-66f2-4b3f-95a0-8a586020f6b3,request_physical_exam,,,,,,
E46B56164F0E3,primary,8,10bd472b-f005-4ec8-b511-600e8d9118fe,ask_history,,,,,,
E46B56164F0E3,second,8,10bd472b-f005-4ec8-b511-600e8d9118fe,ask_history,,,,,,
E46B56164F0E3,consensus,8,10bd472b-f005-4ec8-b511-600e8d9118fe,ask_history,,,,,,
E46B56164F0E3,primary,9,279c6f49-a802-4a5c-ba3e-9f35d7aff968,request_procedure,,,,,,
E46B56164F0E3,second,9,279c6f49-a802-4a5c-ba3e-9f35d7aff968,request_procedure,,,,,,
E46B56164F0E3,consensus,9,279c6f49-a802-4a5c-ba3e-9f35d7aff968,request_procedure,,,,,,
E46B56164F0E3,primary,10,7be2fe46-e816-4f2f-a5f5-8a8d0b6d4eac,prescribe_medication,,,,,,
E46B56164F0E3,second,10,7be2fe46-e816-4f2f-a5f5-8a8d0b6d4eac,prescribe_medication,,,,,,
E46B56164F0E3,consensus,10,7be2fe46-e816-4f2f-a5f5-8a8d0b6d4eac,prescribe_medication,,,,,,
E46B56164F0E3,primary,11,e77d07f7-34c0-439d-8ff2-25349e0768e4,request_ecg_or_test,,,,,,
E46B56164F0E3,second,11,e77d07f7-34c0-439d-8ff2-25349e0768e4,request_ecg_or_test,,,,,,
E46B56164F0E3,consensus,11,e77d07f7-34c0-439d-8ff2-25349e0768e4,request_ecg_or_test,,,,,,
E46B56164F0E3,primary,12,e5688b69-09ef-4e22-8595-2ff449351c4e,ask_history,,,,,,
E46B56164F0E3,second,12,e5688b69-09ef-4e22-8595-2ff449351c4e,ask_history,,,,,,
E46B56164F0E3,consensus,12,e5688b69-09ef-4e22-8595-2ff449351c4e,ask_history,,,,,,
E46B56164F0E3,primary,13,feaf0803-ebc7-4290-ad6d-5aa33944b52d,request_imaging,,,,,,
E46B56164F0E3,second,13,feaf0803-ebc7-4290-ad6d-5aa33944b52d,request_imaging,,,,,,
E46B56164F0E3,consensus,13,feaf0803-ebc7-4290-ad6d-5aa33944b52d,request_imaging,,,,,,
E46B56164F0E3,primary,14,6518f9cb-b9c7-4df9-8bd7-b665b5eaaa60,request_procedure,,,,,,
E46B56164F0E3,second,14,6518f9cb-b9c7-4df9-8bd7-b665b5eaaa60,request_procedure,,,,,,
E46B56164F0E3,consensus,14,6518f9cb-b9c7-4df9-8bd7-b665b5eaaa60,request_procedure,,,,,,
E46B56164F0E3,primary,15,f57a3b37-7e07-4677-8a39-f7e28773337d,request_lab,,,,,,
E46B56164F0E3,second,15,f57a3b37-7e07-4677-8a39-f7e28773337d,request_lab,,,,,,
E46B56164F0E3,consensus,15,f57a3b37-7e07-4677-8a39-f7e28773337d,request_lab,,,,,,
E46B56164F0E3,primary,16,fdd1daab-7f6d-43ac-b3ab-de3182a3c36a,ask_history,,,,,,
E46B56164F0E3,second,16,fdd1daab-7f6d-43ac-b3ab-de3182a3c36a,ask_history,,,,,,
E46B56164F0E3,consensus,16,fdd1daab-7f6d-43ac-b3ab-de3182a3c36a,ask_history,,,,,,
E46B56164F0E3,primary,17,939a631c-04d2-43c6-9073-67db941f0011,plan_reason,,,,,,
E46B56164F0E3,second,17,939a631c-04d2-43c6-9073-67db941f0011,plan_reason,,,,,,
E46B56164F0E3,consensus,17,939a631c-04d2-43c6-9073-67db941f0011,plan_reason,,,,,,
E46B56164F0E3,primary,18,6ca65a18-55b8-4ee5-bab5-6a3d9e3b68b9,request_imaging,,,,,,
E46B56164F0E3,second,18,6ca65a18-55b8-4ee5-bab5-6a3d9e3b68b9,request_imaging,,,,,,
E46B56164F0E3,consensus,18,6ca65a18-55b8-4ee5-bab5-6a3d9e3b68b9,request_imaging,,,,,,
E46B56164F0E3,primary,19,b15c5649-cf83-4511-8806-66d1fd6fd975,plan_reason,,,,,,
E46B56164F0E3,second,19,b15c5649-cf83-4511-8806-66d1fd6fd975,plan_reason,,,,,,
E46B56164F0E3,consensus,19,b15c5649-cf83-4511-8806-66d1fd6fd975,plan_reason,,,,,,
E46B56164F0E3,primary,20,49906df9-9b56-490b-ba45-cb6028c66de5,final_diagnosis,,,,,,
E46B56164F0E3,second,20,49906df9-9b56-490b-ba45-cb6028c66de5,final_diagnosis,,,,,,
E46B56164F0E3,consensus,20,49906df9-9b56-490b-ba45-cb6028c66de5,final_diagnosis,,,,,,
E46B56164F0E3,primary,21,b3cb42d1-0ca3-43c4-9d2b-7b252c0535a9,disposition,,,,,,
E46B56164F0E3,second,21,b3cb42d1-0ca3-43c4-9d2b-7b252c0535a9,disposition,,,,,,
E46B56164F0E3,consensus,21,b3cb42d1-0ca3-43c4-9d2b-7b252c0535a9,disposition,,,,,,
E4AA0883E985E,primary,1,c9cb839b-888c-4564-81b0-cf32d70da092,request_physical_exam,,,,,,
E4AA0883E985E,second,1,c9cb839b-888c-4564-81b0-cf32d70da092,request_physical_exam,,,,,,
E4AA0883E985E,consensus,1,c9cb839b-888c-4564-81b0-cf32d70da092,request_physical_exam,,,,,,
E4AA0883E985E,primary,2,e6d50c4f-8f57-49eb-94de-5d455f5be885,request_imaging,,,,,,
E4AA0883E985E,second,2,e6d50c4f-8f57-49eb-94de-5d455f5be885,request_imaging,,,,,,
E4AA0883E985E,consensus,2,e6d50c4f-8f57-49eb-94de-5d455f5be885,request_imaging,,,,,,
E4AA0883E985E,primary,3,d575b7c6-7610-4b9d-a4c2-3f0e555023b7,request_physical_exam,,,,,,
E4AA0883E985E,second,3,d575b7c6-7610-4b9d-a4c2-3f0e555023b7,request_physical_exam,,,,,,
E4AA0883E985E,consensus,3,d575b7c6-7610-4b9d-a4c2-3f0e555023b7,request_physical_exam,,,,,,
E4AA0883E985E,primary,4,309ad0e8-f32d-42df-be84-c662d9a7af0e,ask_history,,,,,,
E4AA0883E985E,second,4,309ad0e8-f32d-42df-be84-c662d9a7af0e,ask_history,,,,,,
E4AA0883E985E,consensus,4,309ad0e8-f32d-42df-be84-c662d9a7af0e,ask_history,,,,,,
E4AA0883E985E,primary,5,c0c7e85c-7e2d-4922-856f-28185bf805df,ask_history,,,,,,
E4AA0883E985E,second,5,c0c7e85c-7e2d-4922-856f-28185bf805df,ask_history,,,,,,
E4AA0883E985E,consensus,5,c0c7e85c-7e2d-4922-856f-28185bf805df,ask_history,,,,,,
E4AA0883E985E,primary,6,2a749515-8333-4eb7-a5d5-9b38fc19edd9,plan_reason,,,,,,
E4AA0883E985E,second,6,2a749515-8333-4eb7-a5d5-9b38fc19edd9,plan_reason,,,,,,
E4AA0883E985E,consensus,6,2a749515-8333-4eb7-a5d5-9b38fc19edd9,plan_reason,,,,,,
E4AA0883E985E,primary,7,029e80b5-437b-4562-a04e-83ae4d481f7c,request_procedure,,,,,,
E4AA0883E985E,second,7,029e80b5-437b-4562-a04e-83ae4d481f7c,request_procedure,,,,,,
E4AA0883E985E,consensus,7,029e80b5-437b-4562-a04e-83ae4d481f7c,request_procedure,,,,,,
E4AA0883E985E,primary,8,1dcb3eea-b551-489c-8e60-9b3ac03b7dd4,request_lab,,,,,,
E4AA0883E985E,second,8,1dcb3eea-b551-489c-8e60-9b3ac03b7dd4,request_lab,,,,,,
E4AA0883E985E,consensus,8,1dcb3eea-b551-489c-8e60-9b3ac03b7dd4,request_lab,,,,,,
E4AA0883E985E,primary,9,b586974f-c498-4491-9caf-120923bc849d,ask_history,,,,,,
E4AA0883E985E,second,9,b586974f-c498-4491-9caf-120923bc849d,ask_history,,,,,,
E4AA0883E985E,consensus,9,b586974f-c498-4491-9caf-120923bc849d,ask_history,,,,,,
E4AA0883E985E,primary,10,809dd1fc-2811-489a-898d-0704317fc838,request_imaging,,,,,,
E4AA0883E985E,second,10,809dd1fc-2811-489a-898d-0704317fc838,request_imaging,,,,,,
E4AA0883E985E,consensus,10,809dd1fc-2811-489a-898d-0704317fc838,request_imaging,,,,,,
E4AA0883E985E,primary,11,5de2ef29-a775-42b8-9816-43cd726eb215,request_procedure,,,,,,
E4AA0883E985E,second,11,5de2ef29-a775-42b8-9816-43cd726eb215,request_procedure,,,,,,
E4AA0883E985E,consensus,11,5de2ef29-a775-42b8-9816-43cd726eb215,request_procedure,,,,,,
E4AA0883E985E,primary,12,f4edf9e6-b714-43c6-b6a1-3c30f2c3806e,ask_history,,,,,,
E4AA0883E985E,second,12,f4edf9e6-b714-43c6-b6a1-3c30f2c3806e,ask_history,,,,,,
E4AA0883E985E,consensus,12,f4edf9e6-b714-43c6-b6a1-3c30f2c3806e,ask_history,,,,,,
E4AA0883E985E,primary,13,6bdcddcd-86ac-49a8-b5ce-a0767ebbcb25,plan_reason,,,,,,
E4AA0883E985E,second,13,6bdcddcd-86ac-49a8-b5ce-a0767ebbcb25,plan_reason,,,,,,
E4AA0883E985E,consensus,13,6bdcddcd-86ac-49a8-b5ce-a0767ebbcb25,plan_reason,,,,,,
E4AA0883E985E,primary,14,034658d6-d1fd-4d99-ad88-524c2429b7d8,final_diagnosis,,,,,,
E4AA0883E985E,second,14,034658d6-d1fd-4d99-ad88-524c2429b7d8,final_diagnosis,,,,,,
E4AA0883E985E,consensus,14,034658d6-d1fd-4d99-ad88-524c2429b7d8,final_diagnosis,,,,,,
E4AA0883E985E,primary,15,8a5feb17-6084-4a02-9d44-c37f4c0d79b5,disposition,,,,,,
E4AA0883E985E,second,15,8a5feb17-6084-4a02-9d44-c37f4c0d79b5,disposition,,,,,,
E4AA0883E985E,consensus,15,8a5feb17-6084-4a02-9d44-c37f4c0d79b5,disposition,,,,,,
EF8AE620BAE7C,primary,1,6cfb78be-ea7a-48c4-b8a2-0e5b0041e244,ask_history,,,,,,
EF8AE620BAE7C,second,1,6cfb78be-ea7a-48c4-b8a2-0e5b0041e244,ask_history,,,,,,
EF8AE620BAE7C,consensus,1,6cfb78be-ea7a-48c4-b8a2-0e5b0041e244,ask_history,,,,,,
EF8AE620BAE7C,primary,2,ffd86ffe-e9b2-4d79-978a-2cc67586e82a,request_physical_exam,,,,,,
EF8AE620BAE7C,second,2,ffd86ffe-e9b2-4d79-978a-2cc67586e82a,request_physical_exam,,,,,,
EF8AE620BAE7C,consensus,2,ffd86ffe-e9b2-4d79-978a-2cc67586e82a,request_physical_exam,,,,,,
EF8AE620BAE7C,primary,3,c2dd2a55-df64-4c69-8757-9bdd979f29b3,request_lab,,,,,,
EF8AE620BAE7C,second,3,c2dd2a55-df64-4c69-8757-9bdd979f29b3,request_lab,,,,,,
EF8AE620BAE7C,consensus,3,c2dd2a55-df64-4c69-8757-9bdd979f29b3,request_lab,,,,,,
EF8AE620BAE7C,primary,4,bd8ff8d5-8e5f-43ed-8f95-80b8ee0464a7,request_lab,,,,,,
EF8AE620BAE7C,second,4,bd8ff8d5-8e5f-43ed-8f95-80b8ee0464a7,request_lab,,,,,,
EF8AE620BAE7C,consensus,4,bd8ff8d5-8e5f-43ed-8f95-80b8ee0464a7,request_lab,,,,,,
EF8AE620BAE7C,primary,5,d4fd24d1-3d46-414f-9286-7bca07f81f0a,request_imaging,,,,,,
EF8AE620BAE7C,second,5,d4fd24d1-3d46-414f-9286-7bca07f81f0a,request_imaging,,,,,,
EF8AE620BAE7C,consensus,5,d4fd24d1-3d46-414f-9286-7bca07f81f0a,request_imaging,,,,,,
EF8AE620BAE7C,primary,6,b485805c-9989-438e-8508-873c72e146ad,plan_reason,,,,,,
EF8AE620BAE7C,second,6,b485805c-9989-438e-8508-873c72e146ad,plan_reason,,,,,,
EF8AE620BAE7C,consensus,6,b485805c-9989-438e-8508-873c72e146ad,plan_reason,,,,,,
EF8AE620BAE7C,primary,7,87935a19-0521-4a23-96aa-be7402acb8c5,request_lab,,,,,,
EF8AE620BAE7C,second,7,87935a19-0521-4a23-96aa-be7402acb8c5,request_lab,,,,,,
EF8AE620BAE7C,consensus,7,87935a19-0521-4a23-96aa-be7402acb8c5,request_lab,,,,,,
EF8AE620BAE7C,primary,8,acf74f60-732e-41c1-9d7f-b0783b4c1637,final_diagnosis,,,,,,
EF8AE620BAE7C,second,8,acf74f60-732e-41c1-9d7f-b0783b4c1637,final_diagnosis,,,,,,
EF8AE620BAE7C,consensus,8,acf74f60-732e-41c1-9d7f-b0783b4c1637,final_diagnosis,,,,,,
EF8AE620BAE7C,primary,9,95b2d3ca-9351-4de0-b167-be22bbb818eb,disposition,,,,,,
EF8AE620BAE7C,second,9,95b2d3ca-9351-4de0-b167-be22bbb818eb,disposition,,,,,,
EF8AE620BAE7C,consensus,9,95b2d3ca-9351-4de0-b167-be22bbb818eb,disposition,,,,,,
E6891D76C5C91,primary,1,78a98e31-4b77-4c08-bdd1-0353ecf6de7f,request_physical_exam,,,,,,
E6891D76C5C91,second,1,78a98e31-4b77-4c08-bdd1-0353ecf6de7f,request_physical_exam,,,,,,
E6891D76C5C91,consensus,1,78a98e31-4b77-4c08-bdd1-0353ecf6de7f,request_physical_exam,,,,,,
E6891D76C5C91,primary,2,83ea5014-1cb7-40d3-ac7d-b40852a737c9,request_imaging,,,,,,
E6891D76C5C91,second,2,83ea5014-1cb7-40d3-ac7d-b40852a737c9,request_imaging,,,,,,
E6891D76C5C91,consensus,2,83ea5014-1cb7-40d3-ac7d-b40852a737c9,request_imaging,,,,,,
E6891D76C5C91,primary,3,838f1cba-44d5-4190-8163-661bb04ccb09,ask_history,,,,,,
E6891D76C5C91,second,3,838f1cba-44d5-4190-8163-661bb04ccb09,ask_history,,,,,,
E6891D76C5C91,consensus,3,838f1cba-44d5-4190-8163-661bb04ccb09,ask_history,,,,,,
E6891D76C5C91,primary,4,37f50cff-ab3e-4d09-9108-79e11f742085,request_imaging,,,,,,
E6891D76C5C91,second,4,37f50cff-ab3e-4d09-9108-79e11f742085,request_imaging,,,,,,
E6891D76C5C91,consensus,4,37f50cff-ab3e-4d09-9108-79e11f742085,request_imaging,,,,,,
E6891D76C5C91,primary,5,f2460384-8663-4a87-8ff3-94b115d51bee,request_lab,,,,,,
E6891D76C5C91,second,5,f2460384-8663-4a87-8ff3-94b115d51bee,request_lab,,,,,,
E6891D76C5C91,consensus,5,f2460384-8663-4a87-8ff3-94b115d51bee,request_lab,,,,,,
E6891D76C5C91,primary,6,8eeb4f3b-d35d-472c-8ba6-57c62d259b60,ask_history,,,,,,
E6891D76C5C91,second,6,8eeb4f3b-d35d-472c-8ba6-57c62d259b60,ask_history,,,,,,
E6891D76C5C91,consensus,6,8eeb4f3b-d35d-472c-8ba6-57c62d259b60,ask_history,,,,,,
E6891D76C5C91,primary,7,1e446136-41da-431d-9996-a82a4cedd75a,ask_history,,,,,,
E6891D76C5C91,second,7,1e446136-41da-431d-9996-a82a4cedd75a,ask_history,,,,,,
E6891D76C5C91,consensus,7,1e446136-41da-431d-9996-a82a4cedd75a,ask_history,,,,,,
E6891D76C5C91,primary,8,2a1406f8-a348-461d-aa63-12cd4d53fa32,request_physical_exam,,,,,,
E6891D76C5C91,second,8,2a1406f8-a348-461d-aa63-12cd4d53fa32,request_physical_exam,,,,,,
E6891D76C5C91,consensus,8,2a1406f8-a348-461d-aa63-12cd4d53fa32,request_physical_exam,,,,,,
E6891D76C5C91,primary,9,ccb5787c-1dfd-45d3-8ae1-39e3447fd8d7,request_lab,,,,,,
E6891D76C5C91,second,9,ccb5787c-1dfd-45d3-8ae1-39e3447fd8d7,request_lab,,,,,,
E6891D76C5C91,consensus,9,ccb5787c-1dfd-45d3-8ae1-39e3447fd8d7,request_lab,,,,,,
E6891D76C5C91,primary,10,3cb74a5d-9c1d-4b81-b480-510f47ed1f50,plan_reason,,,,,,
E6891D76C5C91,second,10,3cb74a5d-9c1d-4b81-b480-510f47ed1f50,plan_reason,,,,,,
E6891D76C5C91,consensus,10,3cb74a5d-9c1d-4b81-b480-510f47ed1f50,plan_reason,,,,,,
E6891D76C5C91,primary,11,46b72f34-638c-4d50-9016-0193c5966a95,request_microbiology,,,,,,
E6891D76C5C91,second,11,46b72f34-638c-4d50-9016-0193c5966a95,request_microbiology,,,,,,
E6891D76C5C91,consensus,11,46b72f34-638c-4d50-9016-0193c5966a95,request_microbiology,,,,,,
E6891D76C5C91,primary,12,72b1581e-8f2d-4ac2-82ec-2861b30f88a9,request_imaging,,,,,,
E6891D76C5C91,second,12,72b1581e-8f2d-4ac2-82ec-2861b30f88a9,request_imaging,,,,,,
E6891D76C5C91,consensus,12,72b1581e-8f2d-4ac2-82ec-2861b30f88a9,request_imaging,,,,,,
E6891D76C5C91,primary,13,70ce1c23-d971-4e42-a88b-b7775fd2dc4d,request_procedure,,,,,,
E6891D76C5C91,second,13,70ce1c23-d971-4e42-a88b-b7775fd2dc4d,request_procedure,,,,,,
E6891D76C5C91,consensus,13,70ce1c23-d971-4e42-a88b-b7775fd2dc4d,request_procedure,,,,,,
E6891D76C5C91,primary,14,01050f7c-de15-4d52-a1ef-7f9b87858bf0,final_diagnosis,,,,,,
E6891D76C5C91,second,14,01050f7c-de15-4d52-a1ef-7f9b87858bf0,final_diagnosis,,,,,,
E6891D76C5C91,consensus,14,01050f7c-de15-4d52-a1ef-7f9b87858bf0,final_diagnosis,,,,,,
E6891D76C5C91,primary,15,7ff7808e-dc85-4b0a-9854-bf7aead4188b,disposition,,,,,,
E6891D76C5C91,second,15,7ff7808e-dc85-4b0a-9854-bf7aead4188b,disposition,,,,,,
E6891D76C5C91,consensus,15,7ff7808e-dc85-4b0a-9854-bf7aead4188b,disposition,,,,,,
E63E57F821FEC,primary,1,45e53b50-4856-4fe0-85d3-26dc583870d7,request_physical_exam,,,,,,
E63E57F821FEC,second,1,45e53b50-4856-4fe0-85d3-26dc583870d7,request_physical_exam,,,,,,
E63E57F821FEC,consensus,1,45e53b50-4856-4fe0-85d3-26dc583870d7,request_physical_exam,,,,,,
E63E57F821FEC,primary,2,b451a6c0-689f-4767-adfd-1d8566941251,request_ecg_or_test,,,,,,
E63E57F821FEC,second,2,b451a6c0-689f-4767-adfd-1d8566941251,request_ecg_or_test,,,,,,
E63E57F821FEC,consensus,2,b451a6c0-689f-4767-adfd-1d8566941251,request_ecg_or_test,,,,,,
E63E57F821FEC,primary,3,7c9dbfb9-cd42-42da-aac4-841dc021e8a6,request_lab,,,,,,
E63E57F821FEC,second,3,7c9dbfb9-cd42-42da-aac4-841dc021e8a6,request_lab,,,,,,
E63E57F821FEC,consensus,3,7c9dbfb9-cd42-42da-aac4-841dc021e8a6,request_lab,,,,,,
E63E57F821FEC,primary,4,faca7d04-bfb4-42e3-970e-0acfcb50ec96,plan_reason,,,,,,
E63E57F821FEC,second,4,faca7d04-bfb4-42e3-970e-0acfcb50ec96,plan_reason,,,,,,
E63E57F821FEC,consensus,4,faca7d04-bfb4-42e3-970e-0acfcb50ec96,plan_reason,,,,,,
E63E57F821FEC,primary,5,8bc18c74-9dbd-40c4-9185-e37589d2ba16,ask_history,,,,,,
E63E57F821FEC,second,5,8bc18c74-9dbd-40c4-9185-e37589d2ba16,ask_history,,,,,,
E63E57F821FEC,consensus,5,8bc18c74-9dbd-40c4-9185-e37589d2ba16,ask_history,,,,,,
E63E57F821FEC,primary,6,c5dec027-87bc-40d8-ad5f-1927961e5426,request_ecg_or_test,,,,,,
E63E57F821FEC,second,6,c5dec027-87bc-40d8-ad5f-1927961e5426,request_ecg_or_test,,,,,,
E63E57F821FEC,consensus,6,c5dec027-87bc-40d8-ad5f-1927961e5426,request_ecg_or_test,,,,,,
E63E57F821FEC,primary,7,d224555a-ba32-4ea0-851c-38c6fb3dc1b5,request_lab,,,,,,
E63E57F821FEC,second,7,d224555a-ba32-4ea0-851c-38c6fb3dc1b5,request_lab,,,,,,
E63E57F821FEC,consensus,7,d224555a-ba32-4ea0-851c-38c6fb3dc1b5,request_lab,,,,,,
E63E57F821FEC,primary,8,79a48bb2-4dd7-464c-98a9-2b4b96cff5fa,ask_history,,,,,,
E63E57F821FEC,second,8,79a48bb2-4dd7-464c-98a9-2b4b96cff5fa,ask_history,,,,,,
E63E57F821FEC,consensus,8,79a48bb2-4dd7-464c-98a9-2b4b96cff5fa,ask_history,,,,,,
E63E57F821FEC,primary,9,1f74b8d8-1fb7-4b2a-b2e8-cadd80911433,request_physical_exam,,,,,,
E63E57F821FEC,second,9,1f74b8d8-1fb7-4b2a-b2e8-cadd80911433,request_physical_exam,,,,,,
E63E57F821FEC,consensus,9,1f74b8d8-1fb7-4b2a-b2e8-cadd80911433,request_physical_exam,,,,,,
E63E57F821FEC,primary,10,43f2c13b-8b24-498e-b142-31cec627161c,request_imaging,,,,,,
E63E57F821FEC,second,10,43f2c13b-8b24-498e-b142-31cec627161c,request_imaging,,,,,,
E63E57F821FEC,consensus,10,43f2c13b-8b24-498e-b142-31cec627161c,request_imaging,,,,,,
E63E57F821FEC,primary,11,90f82e89-4b59-449a-96c6-364ee9ca9e80,request_imaging,,,,,,
E63E57F821FEC,second,11,90f82e89-4b59-449a-96c6-364ee9ca9e80,request_imaging,,,,,,
E63E57F821FEC,consensus,11,90f82e89-4b59-449a-96c6-364ee9ca9e80,request_imaging,,,,,,
E63E57F821FEC,primary,12,5da6f8ce-5d2a-4cff-a945-b6d2c489e92b,request_procedure,,,,,,
E63E57F821FEC,second,12,5da6f8ce-5d2a-4cff-a945-b6d2c489e92b,request_procedure,,,,,,
E63E57F821FEC,consensus,12,5da6f8ce-5d2a-4cff-a945-b6d2c489e92b,request_procedure,,,,,,
E63E57F821FEC,primary,13,266f9772-62e2-4230-ac87-2a22dfaa4275,final_diagnosis,,,,,,
E63E57F821FEC,second,13,266f9772-62e2-4230-ac87-2a22dfaa4275,final_diagnosis,,,,,,
E63E57F821FEC,consensus,13,266f9772-62e2-4230-ac87-2a22dfaa4275,final_diagnosis,,,,,,
E63E57F821FEC,primary,14,bdd6b1b0-aba0-463c-a876-66adf0e2086c,disposition,,,,,,
E63E57F821FEC,second,14,bdd6b1b0-aba0-463c-a876-66adf0e2086c,disposition,,,,,,
E63E57F821FEC,consensus,14,bdd6b1b0-aba0-463c-a876-66adf0e2086c,disposition,,,,,,
E53F2B474F9D2,primary,1,6983da51-6761-4889-aa9b-c2849869aa90,request_physical_exam,,,,,,
E53F2B474F9D2,second,1,6983da51-6761-4889-aa9b-c2849869aa90,request_physical_exam,,,,,,
E53F2B474F9D2,consensus,1,6983da51-6761-4889-aa9b-c2849869aa90,request_physical_exam,,,,,,
E53F2B474F9D2,primary,2,5d3098fa-7161-49bb-a0a0-de2e5629f9fa,request_lab,,,,,,
E53F2B474F9D2,second,2,5d3098fa-7161-49bb-a0a0-de2e5629f9fa,request_lab,,,,,,
E53F2B474F9D2,consensus,2,5d3098fa-7161-49bb-a0a0-de2e5629f9fa,request_lab,,,,,,
E53F2B474F9D2,primary,3,92eeb873-1d03-4441-9a77-8d404805b11a,request_lab,,,,,,
E53F2B474F9D2,second,3,92eeb873-1d03-4441-9a77-8d404805b11a,request_lab,,,,,,
E53F2B474F9D2,consensus,3,92eeb873-1d03-4441-9a77-8d404805b11a,request_lab,,,,,,
E53F2B474F9D2,primary,4,e7010c7c-1159-486e-b8a7-29652866d6df,plan_reason,,,,,,
E53F2B474F9D2,second,4,e7010c7c-1159-486e-b8a7-29652866d6df,plan_reason,,,,,,
E53F2B474F9D2,consensus,4,e7010c7c-1159-486e-b8a7-29652866d6df,plan_reason,,,,,,
E53F2B474F9D2,primary,5,263e7c82-5a79-4790-97f0-f4caf991bc88,prescribe_medication,,,,,,
E53F2B474F9D2,second,5,263e7c82-5a79-4790-97f0-f4caf991bc88,prescribe_medication,,,,,,
E53F2B474F9D2,consensus,5,263e7c82-5a79-4790-97f0-f4caf991bc88,prescribe_medication,,,,,,
E53F2B474F9D2,primary,6,7875da6c-b71a-4077-9436-627b6db612c1,request_procedure,,,,,,
E53F2B474F9D2,second,6,7875da6c-b71a-4077-9436-627b6db612c1,request_procedure,,,,,,
E53F2B474F9D2,consensus,6,7875da6c-b71a-4077-9436-627b6db612c1,request_procedure,,,,,,
E53F2B474F9D2,primary,7,f4ecf79f-a079-4048-a1eb-3dfa5f1a905e,ask_history,,,,,,
E53F2B474F9D2,second,7,f4ecf79f-a079-4048-a1eb-3dfa5f1a905e,ask_history,,,,,,
E53F2B474F9D2,consensus,7,f4ecf79f-a079-4048-a1eb-3dfa5f1a905e,ask_history,,,,,,
E53F2B474F9D2,primary,8,d9fc8c68-1468-4d46-95ff-0d1401c3e60b,ask_history,,,,,,
E53F2B474F9D2,second,8,d9fc8c68-1468-4d46-95ff-0d1401c3e60b,ask_history,,,,,,
E53F2B474F9D2,consensus,8,d9fc8c68-1468-4d46-95ff-0d1401c3e60b,ask_history,,,,,,
E53F2B474F9D2,primary,9,124f93e8-016b-4638-a012-1f719f7bfdeb,request_lab,,,,,,
E53F2B474F9D2,second,9,124f93e8-016b-4638-a012-1f719f7bfdeb,request_lab,,,,,,
E53F2B474F9D2,consensus,9,124f93e8-016b-4638-a012-1f719f7bfdeb,request_lab,,,,,,
E53F2B474F9D2,primary,10,6a55a136-9cdf-475a-8ecf-a8991ca66cde,request_lab,,,,,,
E53F2B474F9D2,second,10,6a55a136-9cdf-475a-8ecf-a8991ca66cde,request_lab,,,,,,
E53F2B474F9D2,consensus,10,6a55a136-9cdf-475a-8ecf-a8991ca66cde,request_lab,,,,,,
E53F2B474F9D2,primary,11,5e218248-f99a-4fb2-92f8-86011a5c9f14,request_physical_exam,,,,,,
E53F2B474F9D2,second,11,5e218248-f99a-4fb2-92f8-86011a5c9f14,request_physical_exam,,,,,,
E53F2B474F9D2,consensus,11,5e218248-f99a-4fb2-92f8-86011a5c9f14,request_physical_exam,,,,,,
E53F2B474F9D2,primary,12,7f47117c-9f1d-457e-b146-e203fb91735a,request_lab,,,,,,
E53F2B474F9D2,second,12,7f47117c-9f1d-457e-b146-e203fb91735a,request_lab,,,,,,
E53F2B474F9D2,consensus,12,7f47117c-9f1d-457e-b146-e203fb91735a,request_lab,,,,,,
E53F2B474F9D2,primary,13,ba2b6c47-965f-4a1f-9d2f-702a404d2286,ask_history,,,,,,
E53F2B474F9D2,second,13,ba2b6c47-965f-4a1f-9d2f-702a404d2286,ask_history,,,,,,
E53F2B474F9D2,consensus,13,ba2b6c47-965f-4a1f-9d2f-702a404d2286,ask_history,,,,,,
E53F2B474F9D2,primary,14,d624eeac-8435-4e3b-8b06-19cb13fc72fd,request_lab,,,,,,
E53F2B474F9D2,second,14,d624eeac-8435-4e3b-8b06-19cb13fc72fd,request_lab,,,,,,
E53F2B474F9D2,consensus,14,d624eeac-8435-4e3b-8b06-19cb13fc72fd,request_lab,,,,,,
E53F2B474F9D2,primary,15,b08210d6-5c19-4555-8fad-b460831af111,request_procedure,,,,,,
E53F2B474F9D2,second,15,b08210d6-5c19-4555-8fad-b460831af111,request_procedure,,,,,,
E53F2B474F9D2,consensus,15,b08210d6-5c19-4555-8fad-b460831af111,request_procedure,,,,,,
E53F2B474F9D2,primary,16,537864af-be25-4812-af6f-a4293eb07ff2,request_imaging,,,,,,
E53F2B474F9D2,second,16,537864af-be25-4812-af6f-a4293eb07ff2,request_imaging,,,,,,
E53F2B474F9D2,consensus,16,537864af-be25-4812-af6f-a4293eb07ff2,request_imaging,,,,,,
E53F2B474F9D2,primary,17,6b729e4c-5f0b-4d85-86ef-87deb87b2736,request_lab,,,,,,
E53F2B474F9D2,second,17,6b729e4c-5f0b-4d85-86ef-87deb87b2736,request_lab,,,,,,
E53F2B474F9D2,consensus,17,6b729e4c-5f0b-4d85-86ef-87deb87b2736,request_lab,,,,,,
E53F2B474F9D2,primary,18,d1eb680c-4bec-4f5d-8dd0-414efbdf8556,final_diagnosis,,,,,,
E53F2B474F9D2,second,18,d1eb680c-4bec-4f5d-8dd0-414efbdf8556,final_diagnosis,,,,,,
E53F2B474F9D2,consensus,18,d1eb680c-4bec-4f5d-8dd0-414efbdf8556,final_diagnosis,,,,,,
E53F2B474F9D2,primary,19,99ec029f-d6e5-40e7-91d7-9ecb5acc5803,disposition,,,,,,
E53F2B474F9D2,second,19,99ec029f-d6e5-40e7-91d7-9ecb5acc5803,disposition,,,,,,
E53F2B474F9D2,consensus,19,99ec029f-d6e5-40e7-91d7-9ecb5acc5803,disposition,,,,,,
E1C936CD8203A,primary,1,0cf21419-e50f-4eb6-a4b4-f970132dc875,request_physical_exam,,,,,,
E1C936CD8203A,second,1,0cf21419-e50f-4eb6-a4b4-f970132dc875,request_physical_exam,,,,,,
E1C936CD8203A,consensus,1,0cf21419-e50f-4eb6-a4b4-f970132dc875,request_physical_exam,,,,,,
E1C936CD8203A,primary,2,eb6ce2fb-cfdf-4dd3-8a47-757481dc509d,request_lab,,,,,,
E1C936CD8203A,second,2,eb6ce2fb-cfdf-4dd3-8a47-757481dc509d,request_lab,,,,,,
E1C936CD8203A,consensus,2,eb6ce2fb-cfdf-4dd3-8a47-757481dc509d,request_lab,,,,,,
E1C936CD8203A,primary,3,61b4335a-a9f0-4634-af6c-ef4e13f378a6,ask_history,,,,,,
E1C936CD8203A,second,3,61b4335a-a9f0-4634-af6c-ef4e13f378a6,ask_history,,,,,,
E1C936CD8203A,consensus,3,61b4335a-a9f0-4634-af6c-ef4e13f378a6,ask_history,,,,,,
E1C936CD8203A,primary,4,16ff9413-813d-48d9-b93e-317c4fc6a633,request_physical_exam,,,,,,
E1C936CD8203A,second,4,16ff9413-813d-48d9-b93e-317c4fc6a633,request_physical_exam,,,,,,
E1C936CD8203A,consensus,4,16ff9413-813d-48d9-b93e-317c4fc6a633,request_physical_exam,,,,,,
E1C936CD8203A,primary,5,298a9a59-4591-44b6-a6c2-03037ebefc9d,ask_history,,,,,,
E1C936CD8203A,second,5,298a9a59-4591-44b6-a6c2-03037ebefc9d,ask_history,,,,,,
E1C936CD8203A,consensus,5,298a9a59-4591-44b6-a6c2-03037ebefc9d,ask_history,,,,,,
E1C936CD8203A,primary,6,ea0493f5-4fd0-4261-84a2-009409a13790,ask_history,,,,,,
E1C936CD8203A,second,6,ea0493f5-4fd0-4261-84a2-009409a13790,ask_history,,,,,,
E1C936CD8203A,consensus,6,ea0493f5-4fd0-4261-84a2-009409a13790,ask_history,,,,,,
E1C936CD8203A,primary,7,0237f3f4-b4b0-4282-acb1-4bee76652444,plan_reason,,,,,,
E1C936CD8203A,second,7,0237f3f4-b4b0-4282-acb1-4bee76652444,plan_reason,,,,,,
E1C936CD8203A,consensus,7,0237f3f4-b4b0-4282-acb1-4bee76652444,plan_reason,,,,,,
E1C936CD8203A,primary,8,71b7087e-6dcd-4f93-b75c-ae32c66aaf35,request_procedure,,,,,,
E1C936CD8203A,second,8,71b7087e-6dcd-4f93-b75c-ae32c66aaf35,request_procedure,,,,,,
E1C936CD8203A,consensus,8,71b7087e-6dcd-4f93-b75c-ae32c66aaf35,request_procedure,,,,,,
E1C936CD8203A,primary,9,6f870210-6d2f-4862-85bb-0473752fd876,request_imaging,,,,,,
E1C936CD8203A,second,9,6f870210-6d2f-4862-85bb-0473752fd876,request_imaging,,,,,,
E1C936CD8203A,consensus,9,6f870210-6d2f-4862-85bb-0473752fd876,request_imaging,,,,,,
E1C936CD8203A,primary,10,85d4a05a-288f-4d41-8f1e-9da083984448,prescribe_medication,,,,,,
E1C936CD8203A,second,10,85d4a05a-288f-4d41-8f1e-9da083984448,prescribe_medication,,,,,,
E1C936CD8203A,consensus,10,85d4a05a-288f-4d41-8f1e-9da083984448,prescribe_medication,,,,,,
E1C936CD8203A,primary,11,8af397b1-47e1-41d3-a829-43918d220651,request_imaging,,,,,,
E1C936CD8203A,second,11,8af397b1-47e1-41d3-a829-43918d220651,request_imaging,,,,,,
E1C936CD8203A,consensus,11,8af397b1-47e1-41d3-a829-43918d220651,request_imaging,,,,,,
E1C936CD8203A,primary,12,5206fce5-4fb6-4d3d-9d84-ec7c9bd0a385,request_lab,,,,,,
E1C936CD8203A,second,12,5206fce5-4fb6-4d3d-9d84-ec7c9bd0a385,request_lab,,,,,,
E1C936CD8203A,consensus,12,5206fce5-4fb6-4d3d-9d84-ec7c9bd0a385,request_lab,,,,,,
E1C936CD8203A,primary,13,8d2e3cf7-a82b-4b0e-933d-b3d8e85481b3,request_lab,,,,,,
E1C936CD8203A,second,13,8d2e3cf7-a82b-4b0e-933d-b3d8e85481b3,request_lab,,,,,,
E1C936CD8203A,consensus,13,8d2e3cf7-a82b-4b0e-933d-b3d8e85481b3,request_lab,,,,,,
E1C936CD8203A,primary,14,8cdf77c3-63e0-40f7-b4e9-90dfd90510d6,final_diagnosis,,,,,,
E1C936CD8203A,second,14,8cdf77c3-63e0-40f7-b4e9-90dfd90510d6,final_diagnosis,,,,,,
E1C936CD8203A,consensus,14,8cdf77c3-63e0-40f7-b4e9-90dfd90510d6,final_diagnosis,,,,,,
E1C936CD8203A,primary,15,e23cddbf-ecd2-40ea-8722-bdb6de8a067b,disposition,,,,,,
E1C936CD8203A,second,15,e23cddbf-ecd2-40ea-8722-bdb6de8a067b,disposition,,,,,,
E1C936CD8203A,consensus,15,e23cddbf-ecd2-40ea-8722-bdb6de8a067b,disposition,,,,,,
EE13EA7172F20,primary,1,e773913f-76a9-4fff-8c05-05494582888c,request_physical_exam,,,,,,
EE13EA7172F20,second,1,e773913f-76a9-4fff-8c05-05494582888c,request_physical_exam,,,,,,
EE13EA7172F20,consensus,1,e773913f-76a9-4fff-8c05-05494582888c,request_physical_exam,,,,,,
EE13EA7172F20,primary,2,a5734a3b-be79-4ba5-abac-58dfe6863233,ask_history,,,,,,
EE13EA7172F20,second,2,a5734a3b-be79-4ba5-abac-58dfe6863233,ask_history,,,,,,
EE13EA7172F20,consensus,2,a5734a3b-be79-4ba5-abac-58dfe6863233,ask_history,,,,,,
EE13EA7172F20,primary,3,6debe645-904d-43c4-be0b-afc530b87f70,request_lab,,,,,,
EE13EA7172F20,second,3,6debe645-904d-43c4-be0b-afc530b87f70,request_lab,,,,,,
EE13EA7172F20,consensus,3,6debe645-904d-43c4-be0b-afc530b87f70,request_lab,,,,,,
EE13EA7172F20,primary,4,f5a61c64-ee1e-4c2c-af58-3b5b74bcb2fb,request_imaging,,,,,,
EE13EA7172F20,second,4,f5a61c64-ee1e-4c2c-af58-3b5b74bcb2fb,request_imaging,,,,,,
EE13EA7172F20,consensus,4,f5a61c64-ee1e-4c2c-af58-3b5b74bcb2fb,request_imaging,,,,,,
EE13EA7172F20,primary,5,e355fae4-6b22-4e33-b609-66ebde80ff23,plan_reason,,,,,,
EE13EA7172F20,second,5,e355fae4-6b22-4e33-b609-66ebde80ff23,plan_reason,,,,,,
EE13EA7172F20,consensus,5,e355fae4-6b22-4e33-b609-66ebde80ff23,plan_reason,,,,,,
EE13EA7172F20,primary,6,3a48e183-9340-4ca8-aeb2-4277b3027ec8,prescribe_medication,,,,,,
EE13EA7172F20,second,6,3a48e183-9340-4ca8-aeb2-4277b3027ec8,prescribe_medication,,,,,,
EE13EA7172F20,consensus,6,3a48e183-9340-4ca8-aeb2-4277b3027ec8,prescribe_medication,,,,,,
EE13EA7172F20,primary,7,0a5bafce-9676-4c85-934b-0162b47cb2bc,request_procedure,,,,,,
EE13EA7172F20,second,7,0a5bafce-9676-4c85-934b-0162b47cb2bc,request_procedure,,,,,,
EE13EA7172F20,consensus,7,0a5bafce-9676-4c85-934b-0162b47cb2bc,request_procedure,,,,,,
EE13EA7172F20,primary,8,c7b9a114-1a33-4863-b2de-cc1c94c9e279,final_diagnosis,,,,,,
EE13EA7172F20,second,8,c7b9a114-1a33-4863-b2de-cc1c94c9e279,final_diagnosis,,,,,,
EE13EA7172F20,consensus,8,c7b9a114-1a33-4863-b2de-cc1c94c9e279,final_diagnosis,,,,,,
EE13EA7172F20,primary,9,090bff27-f460-4896-9955-d2ec3737f95f,disposition,,,,,,
EE13EA7172F20,second,9,090bff27-f460-4896-9955-d2ec3737f95f,disposition,,,,,,
EE13EA7172F20,consensus,9,090bff27-f460-4896-9955-d2ec3737f95f,disposition,,,,,,
E1DD50553B9DA,primary,1,966af78f-6ddb-4f75-8f13-3466da86c51b,request_physical_exam,,,,,,
E1DD50553B9DA,second,1,966af78f-6ddb-4f75-8f13-3466da86c51b,request_physical_exam,,,,,,
E1DD50553B9DA,consensus,1,966af78f-6ddb-4f75-8f13-3466da86c51b,request_physical_exam,,,,,,
E1DD50553B9DA,primary,2,4e655639-d942-48a0-b165-e31a3911a85f,request_imaging,,,,,,
E1DD50553B9DA,second,2,4e655639-d942-48a0-b165-e31a3911a85f,request_imaging,,,,,,
E1DD50553B9DA,consensus,2,4e655639-d942-48a0-b165-e31a3911a85f,request_imaging,,,,,,
E1DD50553B9DA,primary,3,3c9c4f07-63cc-443c-9d27-2a003f634d64,ask_history,,,,,,
E1DD50553B9DA,second,3,3c9c4f07-63cc-443c-9d27-2a003f634d64,ask_history,,,,,,
E1DD50553B9DA,consensus,3,3c9c4f07-63cc-443c-9d27-2a003f634d64,ask_history,,,,,,
E1DD50553B9DA,primary,4,37093a2b-f244-4947-92cc-af103becdd70,request_procedure,,,,,,
E1DD50553B9DA,second,4,37093a2b-f244-4947-92cc-af103becdd70,request_procedure,,,,,,
E1DD50553B9DA,consensus,4,37093a2b-f244-4947-92cc-af103becdd70,request_procedure,,,,,,
E1DD50553B9DA,primary,5,14e5070f-8adf-481e-b0c5-03becb25b7bf,plan_reason,,,,,,
E1DD50553B9DA,second,5,14e5070f-8adf-481e-b0c5-03becb25b7bf,plan_reason,,,,,,
E1DD50553B9DA,consensus,5,14e5070f-8adf-481e-b0c5-03becb25b7bf,plan_reason,,,,,,
E1DD50553B9DA,primary,6,e28698f9-5ee9-4b80-9294-3dfce52c7724,request_procedure,,,,,,
E1DD50553B9DA,second,6,e28698f9-5ee9-4b80-9294-3dfce52c7724,request_procedure,,,,,,
E1DD50553B9DA,consensus,6,e28698f9-5ee9-4b80-9294-3dfce52c7724,request_procedure,,,,,,
E1DD50553B9DA,primary,7,7aa858b9-b247-4956-ab76-f6bf1b4ce0e5,final_diagnosis,,,,,,
E1DD50553B9DA,second,7,7aa858b9-b247-4956-ab76-f6bf1b4ce0e5,final_diagnosis,,,,,,
E1DD50553B9DA,consensus,7,7aa858b9-b247-4956-ab76-f6bf1b4ce0e5,final_diagnosis,,,,,,
E1DD50553B9DA,primary,8,ea0a286e-bb6e-4363-be0f-501c283676cf,disposition,,,,,,
E1DD50553B9DA,second,8,ea0a286e-bb6e-4363-be0f-501c283676cf,disposition,,,,,,
E1DD50553B9DA,consensus,8,ea0a286e-bb6e-4363-be0f-501c283676cf,disposition,,,,,,
EFAC08AFA06C8,primary,1,cd121d16-41dc-4cb7-95c6-0ba5d2b142de,ask_history,,,,,,
EFAC08AFA06C8,second,1,cd121d16-41dc-4cb7-95c6-0ba5d2b142de,ask_history,,,,,,
EFAC08AFA06C8,consensus,1,cd121d16-41dc-4cb7-95c6-0ba5d2b142de,ask_history,,,,,,
EFAC08AFA06C8,primary,2,147167ba-e03d-4231-8a99-cad3efaab960,request_physical_exam,,,,,,
EFAC08AFA06C8,second,2,147167ba-e03d-4231-8a99-cad3efaab960,request_physical_exam,,,,,,
EFAC08AFA06C8,consensus,2,147167ba-e03d-4231-8a99-cad3efaab960,request_physical_exam,,,,,,
EFAC08AFA06C8,primary,3,6f57f4b7-8953-4c29-b591-f90acd058498,request_lab,,,,,,
EFAC08AFA06C8,second,3,6f57f4b7-8953-4c29-b591-f90acd058498,request_lab,,,,,,
EFAC08AFA06C8,consensus,3,6f57f4b7-8953-4c29-b591-f90acd058498,request_lab,,,,,,
EFAC08AFA06C8,primary,4,b1423b1a-0b79-4b05-b135-2b3e762cec6f,ask_history,,,,,,
EFAC08AFA06C8,second,4,b1423b1a-0b79-4b05-b135-2b3e762cec6f,ask_history,,,,,,
EFAC08AFA06C8,consensus,4,b1423b1a-0b79-4b05-b135-2b3e762cec6f,ask_history,,,,,,
EFAC08AFA06C8,primary,5,b9cf744e-4a58-4ac7-85ff-b0edf89a9801,ask_history,,,,,,
EFAC08AFA06C8,second,5,b9cf744e-4a58-4ac7-85ff-b0edf89a9801,ask_history,,,,,,
EFAC08AFA06C8,consensus,5,b9cf744e-4a58-4ac7-85ff-b0edf89a9801,ask_history,,,,,,
EFAC08AFA06C8,primary,6,19e0bb54-ee5a-4827-94fb-c160b005c151,request_physical_exam,,,,,,
EFAC08AFA06C8,second,6,19e0bb54-ee5a-4827-94fb-c160b005c151,request_physical_exam,,,,,,
EFAC08AFA06C8,consensus,6,19e0bb54-ee5a-4827-94fb-c160b005c151,request_physical_exam,,,,,,
EFAC08AFA06C8,primary,7,cb27497f-a33a-4efb-ae60-c6537cd35294,ask_history,,,,,,
EFAC08AFA06C8,second,7,cb27497f-a33a-4efb-ae60-c6537cd35294,ask_history,,,,,,
EFAC08AFA06C8,consensus,7,cb27497f-a33a-4efb-ae60-c6537cd35294,ask_history,,,,,,
EFAC08AFA06C8,primary,8,c7690c34-ff32-4f0f-b753-751f331e87b8,request_imaging,,,,,,
EFAC08AFA06C8,second,8,c7690c34-ff32-4f0f-b753-751f331e87b8,request_imaging,,,,,,
EFAC08AFA06C8,consensus,8,c7690c34-ff32-4f0f-b753-751f331e87b8,request_imaging,,,,,,
EFAC08AFA06C8,primary,9,7d53df8d-821c-4a66-af62-a00f7e2e5610,plan_reason,,,,,,
EFAC08AFA06C8,second,9,7d53df8d-821c-4a66-af62-a00f7e2e5610,plan_reason,,,,,,
EFAC08AFA06C8,consensus,9,7d53df8d-821c-4a66-af62-a00f7e2e5610,plan_reason,,,,,,
EFAC08AFA06C8,primary,10,027f9a76-0737-40e9-9e7d-3dc258bdab63,request_ecg_or_test,,,,,,
EFAC08AFA06C8,second,10,027f9a76-0737-40e9-9e7d-3dc258bdab63,request_ecg_or_test,,,,,,
EFAC08AFA06C8,consensus,10,027f9a76-0737-40e9-9e7d-3dc258bdab63,request_ecg_or_test,,,,,,
EFAC08AFA06C8,primary,11,1c500fae-b312-4947-a24c-96d155eae48f,ask_history,,,,,,
EFAC08AFA06C8,second,11,1c500fae-b312-4947-a24c-96d155eae48f,ask_history,,,,,,
EFAC08AFA06C8,consensus,11,1c500fae-b312-4947-a24c-96d155eae48f,ask_history,,,,,,
EFAC08AFA06C8,primary,12,e5c91656-b475-40d7-9313-9a93cc1dc155,request_lab,,,,,,
EFAC08AFA06C8,second,12,e5c91656-b475-40d7-9313-9a93cc1dc155,request_lab,,,,,,
EFAC08AFA06C8,consensus,12,e5c91656-b475-40d7-9313-9a93cc1dc155,request_lab,,,,,,
EFAC08AFA06C8,primary,13,4c5adb51-ff79-4b0e-8baf-94e5168bc06f,final_diagnosis,,,,,,
EFAC08AFA06C8,second,13,4c5adb51-ff79-4b0e-8baf-94e5168bc06f,final_diagnosis,,,,,,
EFAC08AFA06C8,consensus,13,4c5adb51-ff79-4b0e-8baf-94e5168bc06f,final_diagnosis,,,,,,
EFAC08AFA06C8,primary,14,15c6a1db-d687-4837-9e4c-73008adbfa11,disposition,,,,,,
EFAC08AFA06C8,second,14,15c6a1db-d687-4837-9e4c-73008adbfa11,disposition,,,,,,
EFAC08AFA06C8,consensus,14,15c6a1db-d687-4837-9e4c-73008adbfa11,disposition,,,,,,
E885820AFA158,primary,1,70a6c09c-c7e5-45fb-b0d2-0290c8f588d9,ask_history,,,,,,
E885820AFA158,second,1,70a6c09c-c7e5-45fb-b0d2-0290c8f588d9,ask_history,,,,,,
E885820AFA158,consensus,1,70a6c09c-c7e5-45fb-b0d2-0290c8f588d9,ask_history,,,,,,
E885820AFA158,primary,2,6006cf11-9797-4ed7-9a49-752d2b8a0250,request_physical_exam,,,,,,
E885820AFA158,second,2,6006cf11-9797-4ed7-9a49-752d2b8a0250,request_physical_exam,,,,,,
E885820AFA158,consensus,2,6006cf11-9797-4ed7-9a49-752d2b8a0250,request_physical_exam,,,,,,
E885820AFA158,primary,3,c5c8a3bf-ae2e-4be8-aad7-5301d67587f7,request_lab,,,,,,
E885820AFA158,second,3,c5c8a3bf-ae2e-4be8-aad7-5301d67587f7,request_lab,,,,,,
E885820AFA158,consensus,3,c5c8a3bf-ae2e-4be8-aad7-5301d67587f7,request_lab,,,,,,
E885820AFA158,primary,4,c8f49d9c-2b2d-4039-8204-4981cf1e0d95,request_lab,,,,,,
E885820AFA158,second,4,c8f49d9c-2b2d-4039-8204-4981cf1e0d95,request_lab,,,,,,
E885820AFA158,consensus,4,c8f49d9c-2b2d-4039-8204-4981cf1e0d95,request_lab,,,,,,
E885820AFA158,primary,5,1a91a22f-368d-4c14-a909-2898878b672c,request_imaging,,,,,,
E885820AFA158,second,5,1a91a22f-368d-4c14-a909-2898878b672c,request_imaging,,,,,,
E885820AFA158,consensus,5,1a91a22f-368d-4c14-a909-2898878b672c,request_imaging,,,,,,
E885820AFA158,primary,6,0a7dbfa8-68fa-44c9-b122-9dd8931b40ec,plan_reason,,,,,,
E885820AFA158,second,6,0a7dbfa8-68fa-44c9-b122-9dd8931b40ec,plan_reason,,,,,,
E885820AFA158,consensus,6,0a7dbfa8-68fa-44c9-b122-9dd8931b40ec,plan_reason,,,,,,
E885820AFA158,primary,7,e6c2cf7c-969a-487c-9955-196f28c743b9,request_lab,,,,,,
E885820AFA158,second,7,e6c2cf7c-969a-487c-9955-196f28c743b9,request_lab,,,,,,
E885820AFA158,consensus,7,e6c2cf7c-969a-487c-9955-196f28c743b9,request_lab,,,,,,
E885820AFA158,primary,8,81aea960-7fab-4e12-a5a0-337cb007e547,request_lab,,,,,,
E885820AFA158,second,8,81aea960-7fab-4e12-a5a0-337cb007e547,request_lab,,,,,,
E885820AFA158,consensus,8,81aea960-7fab-4e12-a5a0-337cb007e547,request_lab,,,,,,
E885820AFA158,primary,9,cf513511-93cc-4692-992a-3ca90560627a,request_microbiology,,,,,,
E885820AFA158,second,9,cf513511-93cc-4692-992a-3ca90560627a,request_microbiology,,,,,,
E885820AFA158,consensus,9,cf513511-93cc-4692-992a-3ca90560627a,request_microbiology,,,,,,
E885820AFA158,primary,10,53d9c7c0-0924-45b3-818d-c323c78ee8cb,final_diagnosis,,,,,,
E885820AFA158,second,10,53d9c7c0-0924-45b3-818d-c323c78ee8cb,final_diagnosis,,,,,,
E885820AFA158,consensus,10,53d9c7c0-0924-45b3-818d-c323c78ee8cb,final_diagnosis,,,,,,
E885820AFA158,primary,11,9518dbc0-c3ed-4255-96bf-9bfbb73f211f,disposition,,,,,,
E885820AFA158,second,11,9518dbc0-c3ed-4255-96bf-9bfbb73f211f,disposition,,,,,,
E885820AFA158,consensus,11,9518dbc0-c3ed-4255-96bf-9bfbb73f211f,disposition,,,,,,
ED4238190EB7E,primary,1,1b98a20f-e2ee-4d6e-8acb-d046bde40b18,request_physical_exam,,,,,,
ED4238190EB7E,second,1,1b98a20f-e2ee-4d6e-8acb-d046bde40b18,request_physical_exam,,,,,,
ED4238190EB7E,consensus,1,1b98a20f-e2ee-4d6e-8acb-d046bde40b18,request_physical_exam,,,,,,
ED4238190EB7E,primary,2,d40be176-03a8-4010-ac22-fac8fc3bfa22,request_ecg_or_test,,,,,,
ED4238190EB7E,second,2,d40be176-03a8-4010-ac22-fac8fc3bfa22,request_ecg_or_test,,,,,,
ED4238190EB7E,consensus,2,d40be176-03a8-4010-ac22-fac8fc3bfa22,request_ecg_or_test,,,,,,
ED4238190EB7E,primary,3,26efe3cf-c5c5-4f4b-b4f8-35e14ee6d1c5,request_ecg_or_test,,,,,,
ED4238190EB7E,second,3,26efe3cf-c5c5-4f4b-b4f8-35e14ee6d1c5,request_ecg_or_test,,,,,,
ED4238190EB7E,consensus,3,26efe3cf-c5c5-4f4b-b4f8-35e14ee6d1c5,request_ecg_or_test,,,,,,
ED4238190EB7E,primary,4,ad091fa7-65a3-4cff-8f30-8a0bfc5e1ab0,plan_reason,,,,,,
ED4238190EB7E,second,4,ad091fa7-65a3-4cff-8f30-8a0bfc5e1ab0,plan_reason,,,,,,
ED4238190EB7E,consensus,4,ad091fa7-65a3-4cff-8f30-8a0bfc5e1ab0,plan_reason,,,,,,
ED4238190EB7E,primary,5,5f37fff2-7ab6-4afd-8f8c-0cd5874f3644,request_procedure,,,,,,
ED4238190EB7E,second,5,5f37fff2-7ab6-4afd-8f8c-0cd5874f3644,request_procedure,,,,,,
ED4238190EB7E,consensus,5,5f37fff2-7ab6-4afd-8f8c-0cd5874f3644,request_procedure,,,,,,
ED4238190EB7E,primary,6,482ee70e-98e8-43a9-8a6d-73094a6131a2,request_microbiology,,,,,,
ED4238190EB7E,second,6,482ee70e-98e8-43a9-8a6d-73094a6131a2,request_microbiology,,,,,,
ED4238190EB7E,consensus,6,482ee70e-98e8-43a9-8a6d-73094a6131a2,request_microbiology,,,,,,
ED4238190EB7E,primary,7,e32f213c-e8a1-47f0-b680-14c611fc304a,ask_history,,,,,,
ED4238190EB7E,second,7,e32f213c-e8a1-47f0-b680-14c611fc304a,ask_history,,,,,,
ED4238190EB7E,consensus,7,e32f213c-e8a1-47f0-b680-14c611fc304a,ask_history,,,,,,
ED4238190EB7E,primary,8,09c23023-cd4f-4e0e-8987-424aaaf5d43d,request_lab,,,,,,
ED4238190EB7E,second,8,09c23023-cd4f-4e0e-8987-424aaaf5d43d,request_lab,,,,,,
ED4238190EB7E,consensus,8,09c23023-cd4f-4e0e-8987-424aaaf5d43d,request_lab,,,,,,
ED4238190EB7E,primary,9,a0926326-8c4e-4ee0-8bd2-c0b58f84ba2a,request_ecg_or_test,,,,,,
ED4238190EB7E,second,9,a0926326-8c4e-4ee0-8bd2-c0b58f84ba2a,request_ecg_or_test,,,,,,
ED4238190EB7E,consensus,9,a0926326-8c4e-4ee0-8bd2-c0b58f84ba2a,request_ecg_or_test,,,,,,
ED4238190EB7E,primary,10,77ed5bd8-9113-4039-a851-447dd105e006,final_diagnosis,,,,,,
ED4238190EB7E,second,10,77ed5bd8-9113-4039-a851-447dd105e006,final_diagnosis,,,,,,
ED4238190EB7E,consensus,10,77ed5bd8-9113-4039-a851-447dd105e006,final_diagnosis,,,,,,
ED4238190EB7E,primary,11,f064e29a-66df-4014-9090-83b4e14cc80e,disposition,,,,,,
ED4238190EB7E,second,11,f064e29a-66df-4014-9090-83b4e14cc80e,disposition,,,,,,
ED4238190EB7E,consensus,11,f064e29a-66df-4014-9090-83b4e14cc80e,disposition,,,,,,
EB518E0928CF6,primary,1,10af84af-973a-43ea-b4b9-6a87d1d3a877,request_physical_exam,,,,,,
EB518E0928CF6,second,1,10af84af-973a-43ea-b4b9-6a87d1d3a877,request_physical_exam,,,,,,
EB518E0928CF6,consensus,1,10af84af-973a-43ea-b4b9-6a87d1d3a877,request_physical_exam,,,,,,
EB518E0928CF6,primary,2,2f7ec85c-000b-450c-b259-49650e95d978,request_lab,,,,,,
EB518E0928CF6,second,2,2f7ec85c-000b-450c-b259-49650e95d978,request_lab,,,,,,
EB518E0928CF6,consensus,2,2f7ec85c-000b-450c-b259-49650e95d978,request_lab,,,,,,
EB518E0928CF6,primary,3,352e9fed-3651-467c-bd42-f24ade4cfd7b,request_lab,,,,,,
EB518E0928CF6,second,3,352e9fed-3651-467c-bd42-f24ade4cfd7b,request_lab,,,,,,
EB518E0928CF6,consensus,3,352e9fed-3651-467c-bd42-f24ade4cfd7b,request_lab,,,,,,
EB518E0928CF6,primary,4,d627aa7d-25fa-407b-b362-d16ca13b8e7b,ask_history,,,,,,
EB518E0928CF6,second,4,d627aa7d-25fa-407b-b362-d16ca13b8e7b,ask_history,,,,,,
EB518E0928CF6,consensus,4,d627aa7d-25fa-407b-b362-d16ca13b8e7b,ask_history,,,,,,
EB518E0928CF6,primary,5,f7c98e51-ccf3-447f-9183-0d7071d7b7cf,request_imaging,,,,,,
EB518E0928CF6,second,5,f7c98e51-ccf3-447f-9183-0d7071d7b7cf,request_imaging,,,,,,
EB518E0928CF6,consensus,5,f7c98e51-ccf3-447f-9183-0d7071d7b7cf,request_imaging,,,,,,
EB518E0928CF6,primary,6,a845e242-2660-4268-8a91-238dc5bfef5e,request_imaging,,,,,,
EB518E0928CF6,second,6,a845e242-2660-4268-8a91-238dc5bfef5e,request_imaging,,,,,,
EB518E0928CF6,consensus,6,a845e242-2660-4268-8a91-238dc5bfef5e,request_imaging,,,,,,
EB518E0928CF6,primary,7,78ca601e-031c-4eda-a451-bab3016c42f5,request_imaging,,,,,,
EB518E0928CF6,second,7,78ca601e-031c-4eda-a451-bab3016c42f5,request_imaging,,,,,,
EB518E0928CF6,consensus,7,78ca601e-031c-4eda-a451-bab3016c42f5,request_imaging,,,,,,
EB518E0928CF6,primary,8,1b3a03c9-1ecf-4faa-90fd-1ae138a8db02,request_lab,,,,,,
EB518E0928CF6,second,8,1b3a03c9-1ecf-4faa-90fd-1ae138a8db02,request_lab,,,,,,
EB518E0928CF6,consensus,8,1b3a03c9-1ecf-4faa-90fd-1ae138a8db02,request_lab,,,,,,
EB518E0928CF6,primary,9,beef7a86-20b7-45c2-816f-2b3522155982,plan_reason,,,,,,
EB518E0928CF6,second,9,beef7a86-20b7-45c2-816f-2b3522155982,plan_reason,,,,,,
EB518E0928CF6,consensus,9,beef7a86-20b7-45c2-816f-2b3522155982,plan_reason,,,,,,
EB518E0928CF6,primary,10,06f1ff0b-cd2b-45fe-9fb4-b5bc92dabf61,request_lab,,,,,,
EB518E0928CF6,second,10,06f1ff0b-cd2b-45fe-9fb4-b5bc92dabf61,request_lab,,,,,,
EB518E0928CF6,consensus,10,06f1ff0b-cd2b-45fe-9fb4-b5bc92dabf61,request_lab,,,,,,
EB518E0928CF6,primary,11,9404385c-ddb3-4ed3-ba0d-0280b93f08bc,request_imaging,,,,,,
EB518E0928CF6,second,11,9404385c-ddb3-4ed3-ba0d-0280b93f08bc,request_imaging,,,,,,
EB518E0928CF6,consensus,11,9404385c-ddb3-4ed3-ba0d-0280b93f08bc,request_imaging,,,,,,
EB518E0928CF6,primary,12,8311e71e-a1ae-4078-a8ec-68f3cd59150d,ask_history,,,,,,
EB518E0928CF6,second,12,8311e71e-a1ae-4078-a8ec-68f3cd59150d,ask_history,,,,,,
EB518E0928CF6,consensus,12,8311e71e-a1ae-4078-a8ec-68f3cd59150d,ask_history,,,,,,
EB518E0928CF6,primary,13,5a46b021-ee51-4c5b-81b6-e2c05a06189a,request_imaging,,,,,,
EB518E0928CF6,second,13,5a46b021-ee51-4c5b-81b6-e2c05a06189a,request_imaging,,,,,,
EB518E0928CF6,consensus,13,5a46b021-ee51-4c5b-81b6-e2c05a06189a,request_imaging,,,,,,
EB518E0928CF6,primary,14,4a0bae21-238a-45c6-8ec0-f714544540d3,final_diagnosis,,,,,,
EB518E0928CF6,second,14,4a0bae21-238a-45c6-8ec0-f714544540d3,final_diagnosis,,,,,,
EB518E0928CF6,consensus,14,4a0bae21-238a-45c6-8ec0-f714544540d3,final_diagnosis,,,,,,
EB518E0928CF6,primary,15,65cba3a0-84c2-47e2-aebd-c6f91ceb97ff,disposition,,,,,,
EB518E0928CF6,second,15,65cba3a0-84c2-47e2-aebd-c6f91ceb97ff,disposition,,,,,,
EB518E0928CF6,consensus,15,65cba3a0-84c2-47e2-aebd-c6f91ceb97ff,disposition,,,,,,
E5C69506437BF,primary,1,b03080e9-5a03-47f8-9336-20b68b3be5ea,request_physical_exam,,,,,,
E5C69506437BF,second,1,b03080e9-5a03-47f8-9336-20b68b3be5ea,request_physical_exam,,,,,,
E5C69506437BF,consensus,1,b03080e9-5a03-47f8-9336-20b68b3be5ea,request_physical_exam,,,,,,
E5C69506437BF,primary,2,5d757ee9-6a0d-4a1c-8621-7e43dfc3cafa,request_physical_exam,,,,,,
E5C69506437BF,second,2,5d757ee9-6a0d-4a1c-8621-7e43dfc3cafa,request_physical_exam,,,,,,
E5C69506437BF,consensus,2,5d757ee9-6a0d-4a1c-8621-7e43dfc3cafa,request_physical_exam,,,,,,
E5C69506437BF,primary,3,9b269554-9d6e-40f5-a389-baf3f7b811c8,ask_history,,,,,,
E5C69506437BF,second,3,9b269554-9d6e-40f5-a389-baf3f7b811c8,ask_history,,,,,,
E5C69506437BF,consensus,3,9b269554-9d6e-40f5-a389-baf3f7b811c8,ask_history,,,,,,
E5C69506437BF,primary,4,ddbb8ead-b827-40a3-bb68-7ef962b42cae,ask_history,,,,,,
E5C69506437BF,second,4,ddbb8ead-b827-40a3-bb68-7ef962b42cae,ask_history,,,,,,
E5C69506437BF,consensus,4,ddbb8ead-b827-40a3-bb68-7ef962b42cae,ask_history,,,,,,
E5C69506437BF,primary,5,de42557b-d821-4395-9cb4-bbac437c7272,plan_reason,,,,,,
E5C69506437BF,second,5,de42557b-d821-4395-9cb4-bbac437c7272,plan_reason,,,,,,
E5C69506437BF,consensus,5,de42557b-d821-4395-9cb4-bbac437c7272,plan_reason,,,,,,
E5C69506437BF,primary,6,40cfee90-8f95-4fc2-bbaf-2ee7dd32d2d4,request_lab,,,,,,
E5C69506437BF,second,6,40cfee90-8f95-4fc2-bbaf-2ee7dd32d2d4,request_lab,,,,,,
E5C69506437BF,consensus,6,40cfee90-8f95-4fc2-bbaf-2ee7dd32d2d4,request_lab,,,,,,
E5C69506437BF,primary,7,27a29583-8e88-4b6e-a205-f34c4f8a5e0b,request_physical_exam,,,,,,
E5C69506437BF,second,7,27a29583-8e88-4b6e-a205-f34c4f8a5e0b,request_physical_exam,,,,,,
E5C69506437BF,consensus,7,27a29583-8e88-4b6e-a205-f34c4f8a5e0b,request_physical_exam,,,,,,
E5C69506437BF,primary,8,48fa7a05-c118-4497-8083-fe30e2936fe3,request_procedure,,,,,,
E5C69506437BF,second,8,48fa7a05-c118-4497-8083-fe30e2936fe3,request_procedure,,,,,,
E5C69506437BF,consensus,8,48fa7a05-c118-4497-8083-fe30e2936fe3,request_procedure,,,,,,
E5C69506437BF,primary,9,ea9afd29-f463-427d-8c0b-a0e6b333adc0,request_ecg_or_test,,,,,,
E5C69506437BF,second,9,ea9afd29-f463-427d-8c0b-a0e6b333adc0,request_ecg_or_test,,,,,,
E5C69506437BF,consensus,9,ea9afd29-f463-427d-8c0b-a0e6b333adc0,request_ecg_or_test,,,,,,
E5C69506437BF,primary,10,6de72593-bfb1-4f58-ac46-d269916d256d,request_imaging,,,,,,
E5C69506437BF,second,10,6de72593-bfb1-4f58-ac46-d269916d256d,request_imaging,,,,,,
E5C69506437BF,consensus,10,6de72593-bfb1-4f58-ac46-d269916d256d,request_imaging,,,,,,
E5C69506437BF,primary,11,396853c8-7d5d-4b6b-a4de-97375773fad9,final_diagnosis,,,,,,
E5C69506437BF,second,11,396853c8-7d5d-4b6b-a4de-97375773fad9,final_diagnosis,,,,,,
E5C69506437BF,consensus,11,396853c8-7d5d-4b6b-a4de-97375773fad9,final_diagnosis,,,,,,
E5C69506437BF,primary,12,67b8c7d6-699c-4d3a-acf1-9df51ceac1ef,disposition,,,,,,
E5C69506437BF,second,12,67b8c7d6-699c-4d3a-acf1-9df51ceac1ef,disposition,,,,,,
E5C69506437BF,consensus,12,67b8c7d6-699c-4d3a-acf1-9df51ceac1ef,disposition,,,,,,
E3F9550689EE7,primary,1,ecac7796-62e0-46ed-8306-d26dada26508,ask_history,,,,,,
E3F9550689EE7,second,1,ecac7796-62e0-46ed-8306-d26dada26508,ask_history,,,,,,
E3F9550689EE7,consensus,1,ecac7796-62e0-46ed-8306-d26dada26508,ask_history,,,,,,
E3F9550689EE7,primary,2,78dab7d9-c598-44b1-9ef2-8439027322e9,request_physical_exam,,,,,,
E3F9550689EE7,second,2,78dab7d9-c598-44b1-9ef2-8439027322e9,request_physical_exam,,,,,,
E3F9550689EE7,consensus,2,78dab7d9-c598-44b1-9ef2-8439027322e9,request_physical_exam,,,,,,
E3F9550689EE7,primary,3,94b45d50-d4cb-4cba-ab68-ce4c845e4fb1,request_lab,,,,,,
E3F9550689EE7,second,3,94b45d50-d4cb-4cba-ab68-ce4c845e4fb1,request_lab,,,,,,
E3F9550689EE7,consensus,3,94b45d50-d4cb-4cba-ab68-ce4c845e4fb1,request_lab,,,,,,
E3F9550689EE7,primary,4,a0424401-fcbd-46fb-8513-053c6d83f6a2,ask_history,,,,,,
E3F9550689EE7,second,4,a0424401-fcbd-46fb-8513-053c6d83f6a2,ask_history,,,,,,
E3F9550689EE7,consensus,4,a0424401-fcbd-46fb-8513-053c6d83f6a2,ask_history,,,,,,
E3F9550689EE7,primary,5,1d5a02e0-ad60-47b6-bb5c-59dda85f019b,request_physical_exam,,,,,,
E3F9550689EE7,second,5,1d5a02e0-ad60-47b6-bb5c-59dda85f019b,request_physical_exam,,,,,,
E3F9550689EE7,consensus,5,1d5a02e0-ad60-47b6-bb5c-59dda85f019b,request_physical_exam,,,,,,
E3F9550689EE7,primary,6,48df6dc3-eae1-470f-94e8-0e1b61d9f256,ask_history,,,,,,
E3F9550689EE7,second,6,48df6dc3-eae1-470f-94e8-0e1b61d9f256,ask_history,,,,,,
E3F9550689EE7,consensus,6,48df6dc3-eae1-470f-94e8-0e1b61d9f256,ask_history,,,,,,
E3F9550689EE7,primary,7,3d3f817e-75f5-412a-beb5-225037f1a8ac,ask_history,,,,,,
E3F9550689EE7,second,7,3d3f817e-75f5-412a-beb5-225037f1a8ac,ask_history,,,,,,
E3F9550689EE7,consensus,7,3d3f817e-75f5-412a-beb5-225037f1a8ac,ask_history,,,,,,
E3F9550689EE7,primary,8,e06de54a-1a66-4546-a65e-11e23fd177e7,ask_history,,,,,,
E3F9550689EE7,second,8,e06de54a-1a66-4546-a65e-11e23fd177e7,ask_history,,,,,,
E3F9550689EE7,consensus,8,e06de54a-1a66-4546-a65e-11e23fd177e7,ask_history,,,,,,
E3F9550689EE7,primary,9,0d5ee83f-4d4c-460e-9684-83939f31b845,plan_reason,,,,,,
E3F9550689EE7,second,9,0d5ee83f-4d4c-460e-9684-83939f31b845,plan_reason,,,,,,
E3F9550689EE7,consensus,9,0d5ee83f-4d4c-460e-9684-83939f31b845,plan_reason,,,,,,
E3F9550689EE7,primary,10,1fc8c446-7e29-41df-81c7-c8af3b8eae21,request_ecg_or_test,,,,,,
E3F9550689EE7,second,10,1fc8c446-7e29-41df-81c7-c8af3b8eae21,request_ecg_or_test,,,,,,
E3F9550689EE7,consensus,10,1fc8c446-7e29-41df-81c7-c8af3b8eae21,request_ecg_or_test,,,,,,
E3F9550689EE7,primary,11,84de0ffc-bced-4bde-8a50-4cf87465b663,request_imaging,,,,,,
E3F9550689EE7,second,11,84de0ffc-bced-4bde-8a50-4cf87465b663,request_imaging,,,,,,
E3F9550689EE7,consensus,11,84de0ffc-bced-4bde-8a50-4cf87465b663,request_imaging,,,,,,
E3F9550689EE7,primary,12,56aedbca-ce29-4f27-a802-f626c5a5e0cc,final_diagnosis,,,,,,
E3F9550689EE7,second,12,56aedbca-ce29-4f27-a802-f626c5a5e0cc,final_diagnosis,,,,,,
E3F9550689EE7,consensus,12,56aedbca-ce29-4f27-a802-f626c5a5e0cc,final_diagnosis,,,,,,
E3F9550689EE7,primary,13,c9f09978-619c-48c2-8bc0-8ce04b42eff2,disposition,,,,,,
E3F9550689EE7,second,13,c9f09978-619c-48c2-8bc0-8ce04b42eff2,disposition,,,,,,
E3F9550689EE7,consensus,13,c9f09978-619c-48c2-8bc0-8ce04b42eff2,disposition,,,,,,
E2E09FBA31B8C,primary,1,9c6a0058-9476-42a7-8d6f-7b81b853e4d6,request_physical_exam,,,,,,
E2E09FBA31B8C,second,1,9c6a0058-9476-42a7-8d6f-7b81b853e4d6,request_physical_exam,,,,,,
E2E09FBA31B8C,consensus,1,9c6a0058-9476-42a7-8d6f-7b81b853e4d6,request_physical_exam,,,,,,
E2E09FBA31B8C,primary,2,43a7a8d5-e1a0-4867-a295-5b69717fde49,request_lab,,,,,,
E2E09FBA31B8C,second,2,43a7a8d5-e1a0-4867-a295-5b69717fde49,request_lab,,,,,,
E2E09FBA31B8C,consensus,2,43a7a8d5-e1a0-4867-a295-5b69717fde49,request_lab,,,,,,
E2E09FBA31B8C,primary,3,38399b26-654d-4083-89a9-cd94dd138d3c,request_lab,,,,,,
E2E09FBA31B8C,second,3,38399b26-654d-4083-89a9-cd94dd138d3c,request_lab,,,,,,
E2E09FBA31B8C,consensus,3,38399b26-654d-4083-89a9-cd94dd138d3c,request_lab,,,,,,
E2E09FBA31B8C,primary,4,505f3d89-a7b8-4aa6-9fb6-63943d4ea20f,plan_reason,,,,,,
E2E09FBA31B8C,second,4,505f3d89-a7b8-4aa6-9fb6-63943d4ea20f,plan_reason,,,,,,
E2E09FBA31B8C,consensus,4,505f3d89-a7b8-4aa6-9fb6-63943d4ea20f,plan_reason,,,,,,
E2E09FBA31B8C,primary,5,bbabde4a-1455-4cad-b326-e25d74d42f6a,prescribe_medication,,,,,,
E2E09FBA31B8C,second,5,bbabde4a-1455-4cad-b326-e25d74d42f6a,prescribe_medication,,,,,,
E2E09FBA31B8C,consensus,5,bbabde4a-1455-4cad-b326-e25d74d42f6a,prescribe_medication,,,,,,
E2E09FBA31B8C,primary,6,c979da12-2dbc-4f67-a668-b1fba8258a89,prescribe_medication,,,,,,
E2E09FBA31B8C,second,6,c979da12-2dbc-4f67-a668-b1fba8258a89,prescribe_medication,,,,,,
E2E09FBA31B8C,consensus,6,c979da12-2dbc-4f67-a668-b1fba8258a89,prescribe_medication,,,,,,
E2E09FBA31B8C,primary,7,b4a4acc9-61e9-4b53-934c-0ad5b5d6e544,ask_history,,,,,,
E2E09FBA31B8C,second,7,b4a4acc9-61e9-4b53-934c-0ad5b5d6e544,ask_history,,,,,,
E2E09FBA31B8C,consensus,7,b4a4acc9-61e9-4b53-934c-0ad5b5d6e544,ask_history,,,,,,
E2E09FBA31B8C,primary,8,d8788f8a-143c-469c-9aaa-a5ee12964e9f,request_procedure,,,,,,
E2E09FBA31B8C,second,8,d8788f8a-143c-469c-9aaa-a5ee12964e9f,request_procedure,,,,,,
E2E09FBA31B8C,consensus,8,d8788f8a-143c-469c-9aaa-a5ee12964e9f,request_procedure,,,,,,
E2E09FBA31B8C,primary,9,3dc8989f-dbea-477f-9e85-37ff9bd67cfd,request_imaging,,,,,,
E2E09FBA31B8C,second,9,3dc8989f-dbea-477f-9e85-37ff9bd67cfd,request_imaging,,,,,,
E2E09FBA31B8C,consensus,9,3dc8989f-dbea-477f-9e85-37ff9bd67cfd,request_imaging,,,,,,
E2E09FBA31B8C,primary,10,0dcd89f7-af1d-4c43-b8ff-01bb149bf8df,request_lab,,,,,,
E2E09FBA31B8C,second,10,0dcd89f7-af1d-4c43-b8ff-01bb149bf8df,request_lab,,,,,,
E2E09FBA31B8C,consensus,10,0dcd89f7-af1d-4c43-b8ff-01bb149bf8df,request_lab,,,,,,
E2E09FBA31B8C,primary,11,547cda2a-1ef4-4796-b4e4-3cee823675de,request_lab,,,,,,
E2E09FBA31B8C,second,11,547cda2a-1ef4-4796-b4e4-3cee823675de,request_lab,,,,,,
E2E09FBA31B8C,consensus,11,547cda2a-1ef4-4796-b4e4-3cee823675de,request_lab,,,,,,
E2E09FBA31B8C,primary,12,19bfcc23-1958-486e-8b94-72e7b45aa1a2,request_physical_exam,,,,,,
E2E09FBA31B8C,second,12,19bfcc23-1958-486e-8b94-72e7b45aa1a2,request_physical_exam,,,,,,
E2E09FBA31B8C,consensus,12,19bfcc23-1958-486e-8b94-72e7b45aa1a2,request_physical_exam,,,,,,
E2E09FBA31B8C,primary,13,61c6c5f1-aed3-409b-8381-796b78351fd7,ask_history,,,,,,
E2E09FBA31B8C,second,13,61c6c5f1-aed3-409b-8381-796b78351fd7,ask_history,,,,,,
E2E09FBA31B8C,consensus,13,61c6c5f1-aed3-409b-8381-796b78351fd7,ask_history,,,,,,
E2E09FBA31B8C,primary,14,d73eca9f-55e7-4f5a-8c15-e97ddc74d393,request_lab,,,,,,
E2E09FBA31B8C,second,14,d73eca9f-55e7-4f5a-8c15-e97ddc74d393,request_lab,,,,,,
E2E09FBA31B8C,consensus,14,d73eca9f-55e7-4f5a-8c15-e97ddc74d393,request_lab,,,,,,
E2E09FBA31B8C,primary,15,0427e6c4-d414-4146-989f-bc259a3afd09,prescribe_medication,,,,,,
E2E09FBA31B8C,second,15,0427e6c4-d414-4146-989f-bc259a3afd09,prescribe_medication,,,,,,
E2E09FBA31B8C,consensus,15,0427e6c4-d414-4146-989f-bc259a3afd09,prescribe_medication,,,,,,
E2E09FBA31B8C,primary,16,3fad1fb3-2899-4358-bc70-921b62d5ca49,final_diagnosis,,,,,,
E2E09FBA31B8C,second,16,3fad1fb3-2899-4358-bc70-921b62d5ca49,final_diagnosis,,,,,,
E2E09FBA31B8C,consensus,16,3fad1fb3-2899-4358-bc70-921b62d5ca49,final_diagnosis,,,,,,
E2E09FBA31B8C,primary,17,43eb0772-33be-402d-accf-fb610bbf0a3f,disposition,,,,,,
E2E09FBA31B8C,second,17,43eb0772-33be-402d-accf-fb610bbf0a3f,disposition,,,,,,
E2E09FBA31B8C,consensus,17,43eb0772-33be-402d-accf-fb610bbf0a3f,disposition,,,,,,
EB87206C83585,primary,1,21764cbc-2145-4797-8963-f33d4a19d2bf,request_physical_exam,,,,,,
EB87206C83585,second,1,21764cbc-2145-4797-8963-f33d4a19d2bf,request_physical_exam,,,,,,
EB87206C83585,consensus,1,21764cbc-2145-4797-8963-f33d4a19d2bf,request_physical_exam,,,,,,
EB87206C83585,primary,2,76d28905-9681-44fe-8150-1ed2165265af,request_imaging,,,,,,
EB87206C83585,second,2,76d28905-9681-44fe-8150-1ed2165265af,request_imaging,,,,,,
EB87206C83585,consensus,2,76d28905-9681-44fe-8150-1ed2165265af,request_imaging,,,,,,
EB87206C83585,primary,3,64f4639e-30d9-469f-84d4-dcfbf7b2b2b5,ask_history,,,,,,
EB87206C83585,second,3,64f4639e-30d9-469f-84d4-dcfbf7b2b2b5,ask_history,,,,,,
EB87206C83585,consensus,3,64f4639e-30d9-469f-84d4-dcfbf7b2b2b5,ask_history,,,,,,
EB87206C83585,primary,4,7ea939e0-cedb-46ad-9212-0479e6239d70,ask_history,,,,,,
EB87206C83585,second,4,7ea939e0-cedb-46ad-9212-0479e6239d70,ask_history,,,,,,
EB87206C83585,consensus,4,7ea939e0-cedb-46ad-9212-0479e6239d70,ask_history,,,,,,
EB87206C83585,primary,5,22f6047a-4549-48fb-9a5d-273fc2a2f786,request_lab,,,,,,
EB87206C83585,second,5,22f6047a-4549-48fb-9a5d-273fc2a2f786,request_lab,,,,,,
EB87206C83585,consensus,5,22f6047a-4549-48fb-9a5d-273fc2a2f786,request_lab,,,,,,
EB87206C83585,primary,6,3117a2d7-bc10-4baa-a21b-e4409d413d50,request_imaging,,,,,,
EB87206C83585,second,6,3117a2d7-bc10-4baa-a21b-e4409d413d50,request_imaging,,,,,,
EB87206C83585,consensus,6,3117a2d7-bc10-4baa-a21b-e4409d413d50,request_imaging,,,,,,
EB87206C83585,primary,7,cdf15333-7193-4482-8887-78e4caae0b1b,plan_reason,,,,,,
EB87206C83585,second,7,cdf15333-7193-4482-8887-78e4caae0b1b,plan_reason,,,,,,
EB87206C83585,consensus,7,cdf15333-7193-4482-8887-78e4caae0b1b,plan_reason,,,,,,
EB87206C83585,primary,8,6b222134-4e13-4ca1-a7e8-8478ca0cb782,request_procedure,,,,,,
EB87206C83585,second,8,6b222134-4e13-4ca1-a7e8-8478ca0cb782,request_procedure,,,,,,
EB87206C83585,consensus,8,6b222134-4e13-4ca1-a7e8-8478ca0cb782,request_procedure,,,,,,
EB87206C83585,primary,9,20f8043f-85fd-4be1-9168-f87be5642f59,final_diagnosis,,,,,,
EB87206C83585,second,9,20f8043f-85fd-4be1-9168-f87be5642f59,final_diagnosis,,,,,,
EB87206C83585,consensus,9,20f8043f-85fd-4be1-9168-f87be5642f59,final_diagnosis,,,,,,
EB87206C83585,primary,10,e6177373-3f89-45f5-8fff-0dbe04b4cde8,disposition,,,,,,
EB87206C83585,second,10,e6177373-3f89-45f5-8fff-0dbe04b4cde8,disposition,,,,,,
EB87206C83585,consensus,10,e6177373-3f89-45f5-8fff-0dbe04b4cde8,disposition,,,,,,
EEB1054F1707B,primary,1,80c04911-03c2-4411-8c28-5a4b353853ec,request_physical_exam,,,,,,
EEB1054F1707B,second,1,80c04911-03c2-4411-8c28-5a4b353853ec,request_physical_exam,,,,,,
EEB1054F1707B,consensus,1,80c04911-03c2-4411-8c28-5a4b353853ec,request_physical_exam,,,,,,
EEB1054F1707B,primary,2,874e3064-cef7-4853-b59d-72d134eda97b,request_imaging,,,,,,
EEB1054F1707B,second,2,874e3064-cef7-4853-b59d-72d134eda97b,request_imaging,,,,,,
EEB1054F1707B,consensus,2,874e3064-cef7-4853-b59d-72d134eda97b,request_imaging,,,,,,
EEB1054F1707B,primary,3,ba86633e-d255-4084-bf0c-620be560b18d,request_imaging,,,,,,
EEB1054F1707B,second,3,ba86633e-d255-4084-bf0c-620be560b18d,request_imaging,,,,,,
EEB1054F1707B,consensus,3,ba86633e-d255-4084-bf0c-620be560b18d,request_imaging,,,,,,
EEB1054F1707B,primary,4,c8673ed9-0557-421d-876b-208881ee439a,plan_reason,,,,,,
EEB1054F1707B,second,4,c8673ed9-0557-421d-876b-208881ee439a,plan_reason,,,,,,
EEB1054F1707B,consensus,4,c8673ed9-0557-421d-876b-208881ee439a,plan_reason,,,,,,
EEB1054F1707B,primary,5,37a7e075-c93a-4c61-b42e-8025964bf6dc,ask_history,,,,,,
EEB1054F1707B,second,5,37a7e075-c93a-4c61-b42e-8025964bf6dc,ask_history,,,,,,
EEB1054F1707B,consensus,5,37a7e075-c93a-4c61-b42e-8025964bf6dc,ask_history,,,,,,
EEB1054F1707B,primary,6,7fa65132-0572-4ac9-a6a4-7cc1836a51bf,request_procedure,,,,,,
EEB1054F1707B,second,6,7fa65132-0572-4ac9-a6a4-7cc1836a51bf,request_procedure,,,,,,
EEB1054F1707B,consensus,6,7fa65132-0572-4ac9-a6a4-7cc1836a51bf,request_procedure,,,,,,
EEB1054F1707B,primary,7,468d5a5d-146d-4ba3-89e0-9bc0a4e24b03,final_diagnosis,,,,,,
EEB1054F1707B,second,7,468d5a5d-146d-4ba3-89e0-9bc0a4e24b03,final_diagnosis,,,,,,
EEB1054F1707B,consensus,7,468d5a5d-146d-4ba3-89e0-9bc0a4e24b03,final_diagnosis,,,,,,
EEB1054F1707B,primary,8,34cca385-8496-4c9a-94c1-cefa451e87c1,disposition,,,,,,
EEB1054F1707B,second,8,34cca385-8496-4c9a-94c1-cefa451e87c1,disposition,,,,,,
EEB1054F1707B,consensus,8,34cca385-8496-4c9a-94c1-cefa451e87c1,disposition,,,,,,
E2AC5567E0120,primary,1,4d69b33f-7485-4a1f-a2fe-a3a174717bd4,request_physical_exam,,,,,,
E2AC5567E0120,second,1,4d69b33f-7485-4a1f-a2fe-a3a174717bd4,request_physical_exam,,,,,,
E2AC5567E0120,consensus,1,4d69b33f-7485-4a1f-a2fe-a3a174717bd4,request_physical_exam,,,,,,
E2AC5567E0120,primary,2,857b7cf3-7ec5-4e21-b5ea-a2eccdb792c1,request_lab,,,,,,
E2AC5567E0120,second,2,857b7cf3-7ec5-4e21-b5ea-a2eccdb792c1,request_lab,,,,,,
E2AC5567E0120,consensus,2,857b7cf3-7ec5-4e21-b5ea-a2eccdb792c1,request_lab,,,,,,
E2AC5567E0120,primary,3,1b2eb014-82b3-4e4a-ad6d-ee9890375a86,request_lab,,,,,,
E2AC5567E0120,second,3,1b2eb014-82b3-4e4a-ad6d-ee9890375a86,request_lab,,,,,,
E2AC5567E0120,consensus,3,1b2eb014-82b3-4e4a-ad6d-ee9890375a86,request_lab,,,,,,
E2AC5567E0120,primary,4,c189cc6b-fe30-445a-9a8c-60794246245d,ask_history,,,,,,
E2AC5567E0120,second,4,c189cc6b-fe30-445a-9a8c-60794246245d,ask_history,,,,,,
E2AC5567E0120,consensus,4,c189cc6b-fe30-445a-9a8c-60794246245d,ask_history,,,,,,
E2AC5567E0120,primary,5,07c2e9b7-3994-4329-b348-30fc2d13da86,request_imaging,,,,,,
E2AC5567E0120,second,5,07c2e9b7-3994-4329-b348-30fc2d13da86,request_imaging,,,,,,
E2AC5567E0120,consensus,5,07c2e9b7-3994-4329-b348-30fc2d13da86,request_imaging,,,,,,
E2AC5567E0120,primary,6,43988e4c-bd85-4c3e-896a-c311b6bdf001,request_lab,,,,,,
E2AC5567E0120,second,6,43988e4c-bd85-4c3e-896a-c311b6bdf001,request_lab,,,,,,
E2AC5567E0120,consensus,6,43988e4c-bd85-4c3e-896a-c311b6bdf001,request_lab,,,,,,
E2AC5567E0120,primary,7,c685197b-3c58-4619-a1d3-f35e78c1e37f,plan_reason,,,,,,
E2AC5567E0120,second,7,c685197b-3c58-4619-a1d3-f35e78c1e37f,plan_reason,,,,,,
E2AC5567E0120,consensus,7,c685197b-3c58-4619-a1d3-f35e78c1e37f,plan_reason,,,,,,
E2AC5567E0120,primary,8,d0318bb3-6545-4c74-bbf0-a195ee97e60d,request_imaging,,,,,,
E2AC5567E0120,second,8,d0318bb3-6545-4c74-bbf0-a195ee97e60d,request_imaging,,,,,,
E2AC5567E0120,consensus,8,d0318bb3-6545-4c74-bbf0-a195ee97e60d,request_imaging,,,,,,
E2AC5567E0120,primary,9,ce5365f9-2ddf-4de4-8d07-f4b47f9caf8f,request_imaging,,,,,,
E2AC5567E0120,second,9,ce5365f9-2ddf-4de4-8d07-f4b47f9caf8f,request_imaging,,,,,,
E2AC5567E0120,consensus,9,ce5365f9-2ddf-4de4-8d07-f4b47f9caf8f,request_imaging,,,,,,
E2AC5567E0120,primary,10,600c6f73-abcd-412a-a0f4-d064454f6ff0,final_diagnosis,,,,,,
E2AC5567E0120,second,10,600c6f73-abcd-412a-a0f4-d064454f6ff0,final_diagnosis,,,,,,
E2AC5567E0120,consensus,10,600c6f73-abcd-412a-a0f4-d064454f6ff0,final_diagnosis,,,,,,
E2AC5567E0120,primary,11,545e8690-15dc-4391-bfde-ec2e9a3a80e6,disposition,,,,,,
E2AC5567E0120,second,11,545e8690-15dc-4391-bfde-ec2e9a3a80e6,disposition,,,,,,
E2AC5567E0120,consensus,11,545e8690-15dc-4391-bfde-ec2e9a3a80e6,disposition,,,,,,
EFCAF718C57C6,primary,1,8130b371-6dd1-4457-ade9-827c2bbd00d4,request_physical_exam,,,,,,
EFCAF718C57C6,second,1,8130b371-6dd1-4457-ade9-827c2bbd00d4,request_physical_exam,,,,,,
EFCAF718C57C6,consensus,1,8130b371-6dd1-4457-ade9-827c2bbd00d4,request_physical_exam,,,,,,
EFCAF718C57C6,primary,2,2fba5de4-973b-4503-9226-c429e076c1c4,ask_history,,,,,,
EFCAF718C57C6,second,2,2fba5de4-973b-4503-9226-c429e076c1c4,ask_history,,,,,,
EFCAF718C57C6,consensus,2,2fba5de4-973b-4503-9226-c429e076c1c4,ask_history,,,,,,
EFCAF718C57C6,primary,3,ec984dbb-44eb-492a-91a6-e893416f9b2d,request_imaging,,,,,,
EFCAF718C57C6,second,3,ec984dbb-44eb-492a-91a6-e893416f9b2d,request_imaging,,,,,,
EFCAF718C57C6,consensus,3,ec984dbb-44eb-492a-91a6-e893416f9b2d,request_imaging,,,,,,
EFCAF718C57C6,primary,4,1645bff9-e9ba-42d1-a696-3f92779d9006,plan_reason,,,,,,
EFCAF718C57C6,second,4,1645bff9-e9ba-42d1-a696-3f92779d9006,plan_reason,,,,,,
EFCAF718C57C6,consensus,4,1645bff9-e9ba-42d1-a696-3f92779d9006,plan_reason,,,,,,
EFCAF718C57C6,primary,5,c52edcc4-303d-49f4-a43b-76d166d77c06,ask_history,,,,,,
EFCAF718C57C6,second,5,c52edcc4-303d-49f4-a43b-76d166d77c06,ask_history,,,,,,
EFCAF718C57C6,consensus,5,c52edcc4-303d-49f4-a43b-76d166d77c06,ask_history,,,,,,
EFCAF718C57C6,primary,6,b3beeed7-3a1d-4736-8c12-2bed1293a349,request_physical_exam,,,,,,
EFCAF718C57C6,second,6,b3beeed7-3a1d-4736-8c12-2bed1293a349,request_physical_exam,,,,,,
EFCAF718C57C6,consensus,6,b3beeed7-3a1d-4736-8c12-2bed1293a349,request_physical_exam,,,,,,
EFCAF718C57C6,primary,7,4ace47d1-7d24-49ef-bcba-8d628b84cd10,ask_history,,,,,,
EFCAF718C57C6,second,7,4ace47d1-7d24-49ef-bcba-8d628b84cd10,ask_history,,,,,,
EFCAF718C57C6,consensus,7,4ace47d1-7d24-49ef-bcba-8d628b84cd10,ask_history,,,,,,
EFCAF718C57C6,primary,8,b4ea2b44-da56-40b7-a6a6-a5cb2913b412,request_procedure,,,,,,
EFCAF718C57C6,second,8,b4ea2b44-da56-40b7-a6a6-a5cb2913b412,request_procedure,,,,,,
EFCAF718C57C6,consensus,8,b4ea2b44-da56-40b7-a6a6-a5cb2913b412,request_procedure,,,,,,
EFCAF718C57C6,primary,9,35fd50fa-ac7b-4364-a125-735c87dedcec,request_lab,,,,,,
EFCAF718C57C6,second,9,35fd50fa-ac7b-4364-a125-735c87dedcec,request_lab,,,,,,
EFCAF718C57C6,consensus,9,35fd50fa-ac7b-4364-a125-735c87dedcec,request_lab,,,,,,
EFCAF718C57C6,primary,10,48dbb114-1338-4c56-9b9b-803c84913fc0,request_imaging,,,,,,
EFCAF718C57C6,second,10,48dbb114-1338-4c56-9b9b-803c84913fc0,request_imaging,,,,,,
EFCAF718C57C6,consensus,10,48dbb114-1338-4c56-9b9b-803c84913fc0,request_imaging,,,,,,
EFCAF718C57C6,primary,11,f35897cb-bff0-429a-8193-13fcd89fccd1,request_procedure,,,,,,
EFCAF718C57C6,second,11,f35897cb-bff0-429a-8193-13fcd89fccd1,request_procedure,,,,,,
EFCAF718C57C6,consensus,11,f35897cb-bff0-429a-8193-13fcd89fccd1,request_procedure,,,,,,
EFCAF718C57C6,primary,12,b360ffe2-60b2-4577-b2b0-483da0a01594,final_diagnosis,,,,,,
EFCAF718C57C6,second,12,b360ffe2-60b2-4577-b2b0-483da0a01594,final_diagnosis,,,,,,
EFCAF718C57C6,consensus,12,b360ffe2-60b2-4577-b2b0-483da0a01594,final_diagnosis,,,,,,
EFCAF718C57C6,primary,13,1f16e701-c893-47dd-8b52-81d5fe90b719,disposition,,,,,,
EFCAF718C57C6,second,13,1f16e701-c893-47dd-8b52-81d5fe90b719,disposition,,,,,,
EFCAF718C57C6,consensus,13,1f16e701-c893-47dd-8b52-81d5fe90b719,disposition,,,,,,
E286766E1BB7F,primary,1,a6d02767-c664-4ba4-9294-7b4fde26fd7b,request_physical_exam,,,,,,
E286766E1BB7F,second,1,a6d02767-c664-4ba4-9294-7b4fde26fd7b,request_physical_exam,,,,,,
E286766E1BB7F,consensus,1,a6d02767-c664-4ba4-9294-7b4fde26fd7b,request_physical_exam,,,,,,
E286766E1BB7F,primary,2,58a73aea-0bc4-42b0-9b4e-eecf51937a69,ask_history,,,,,,
E286766E1BB7F,second,2,58a73aea-0bc4-42b0-9b4e-eecf51937a69,ask_history,,,,,,
E286766E1BB7F,consensus,2,58a73aea-0bc4-42b0-9b4e-eecf51937a69,ask_history,,,,,,
E286766E1BB7F,primary,3,49eed775-4f24-4a74-bca9-19b3c17c059f,request_physical_exam,,,,,,
E286766E1BB7F,second,3,49eed775-4f24-4a74-bca9-19b3c17c059f,request_physical_exam,,,,,,
E286766E1BB7F,consensus,3,49eed775-4f24-4a74-bca9-19b3c17c059f,request_physical_exam,,,,,,
E286766E1BB7F,primary,4,125b4036-13a8-4384-ad0c-944f399aa482,request_imaging,,,,,,
E286766E1BB7F,second,4,125b4036-13a8-4384-ad0c-944f399aa482,request_imaging,,,,,,
E286766E1BB7F,consensus,4,125b4036-13a8-4384-ad0c-944f399aa482,request_imaging,,,,,,
E286766E1BB7F,primary,5,3c1db0ba-3749-42ed-92be-1bfbe886c7e9,plan_reason,,,,,,
E286766E1BB7F,second,5,3c1db0ba-3749-42ed-92be-1bfbe886c7e9,plan_reason,,,,,,
E286766E1BB7F,consensus,5,3c1db0ba-3749-42ed-92be-1bfbe886c7e9,plan_reason,,,,,,
E286766E1BB7F,primary,6,1efb0095-8da6-4018-b759-01db02d9a03c,request_lab,,,,,,
E286766E1BB7F,second,6,1efb0095-8da6-4018-b759-01db02d9a03c,request_lab,,,,,,
E286766E1BB7F,consensus,6,1efb0095-8da6-4018-b759-01db02d9a03c,request_lab,,,,,,
E286766E1BB7F,primary,7,e1007757-9c01-4b13-b477-854af78c75fc,ask_history,,,,,,
E286766E1BB7F,second,7,e1007757-9c01-4b13-b477-854af78c75fc,ask_history,,,,,,
E286766E1BB7F,consensus,7,e1007757-9c01-4b13-b477-854af78c75fc,ask_history,,,,,,
E286766E1BB7F,primary,8,ed15d238-bb0a-4108-889b-80f5f367fe8d,prescribe_medication,,,,,,
E286766E1BB7F,second,8,ed15d238-bb0a-4108-889b-80f5f367fe8d,prescribe_medication,,,,,,
E286766E1BB7F,consensus,8,ed15d238-bb0a-4108-889b-80f5f367fe8d,prescribe_medication,,,,,,
E286766E1BB7F,primary,9,13b2e048-93b2-495a-87c0-48d00e978ae3,prescribe_medication,,,,,,
E286766E1BB7F,second,9,13b2e048-93b2-495a-87c0-48d00e978ae3,prescribe_medication,,,,,,
E286766E1BB7F,consensus,9,13b2e048-93b2-495a-87c0-48d00e978ae3,prescribe_medication,,,,,,
E286766E1BB7F,primary,10,2298563b-180d-4a98-ae98-bc6a52ba24f1,request_procedure,,,,,,
E286766E1BB7F,second,10,2298563b-180d-4a98-ae98-bc6a52ba24f1,request_procedure,,,,,,
E286766E1BB7F,consensus,10,2298563b-180d-4a98-ae98-bc6a52ba24f1,request_procedure,,,,,,
E286766E1BB7F,primary,11,4304e89d-884f-499d-9550-00e238c6a32b,final_diagnosis,,,,,,
E286766E1BB7F,second,11,4304e89d-884f-499d-9550-00e238c6a32b,final_diagnosis,,,,,,
E286766E1BB7F,consensus,11,4304e89d-884f-499d-9550-00e238c6a32b,final_diagnosis,,,,,,
E286766E1BB7F,primary,12,a83615da-7510-40c1-b00e-412b32a6b307,disposition,,,,,,
E286766E1BB7F,second,12,a83615da-7510-40c1-b00e-412b32a6b307,disposition,,,,,,
E286766E1BB7F,consensus,12,a83615da-7510-40c1-b00e-412b32a6b307,disposition,,,,,,
EA2755F72D70B,primary,1,5c9ff80e-3694-4a4d-a67b-4348142d3d75,request_physical_exam,,,,,,
EA2755F72D70B,second,1,5c9ff80e-3694-4a4d-a67b-4348142d3d75,request_physical_exam,,,,,,
EA2755F72D70B,consensus,1,5c9ff80e-3694-4a4d-a67b-4348142d3d75,request_physical_exam,,,,,,
EA2755F72D70B,primary,2,9787a942-02a8-45ea-82da-95a27b2d7f34,request_lab,,,,,,
EA2755F72D70B,second,2,9787a942-02a8-45ea-82da-95a27b2d7f34,request_lab,,,,,,
EA2755F72D70B,consensus,2,9787a942-02a8-45ea-82da-95a27b2d7f34,request_lab,,,,,,
EA2755F72D70B,primary,3,ff5f3865-d3e9-4724-b12e-a54e713e78a2,request_lab,,,,,,
EA2755F72D70B,second,3,ff5f3865-d3e9-4724-b12e-a54e713e78a2,request_lab,,,,,,
EA2755F72D70B,consensus,3,ff5f3865-d3e9-4724-b12e-a54e713e78a2,request_lab,,,,,,
EA2755F72D70B,primary,4,00edce6d-eacc-4169-87cf-6abeea862e51,plan_reason,,,,,,
EA2755F72D70B,second,4,00edce6d-eacc-4169-87cf-6abeea862e51,plan_reason,,,,,,
EA2755F72D70B,consensus,4,00edce6d-eacc-4169-87cf-6abeea862e51,plan_reason,,,,,,
EA2755F72D70B,primary,5,1f85ab98-d99f-45b5-b00d-6b0de27950eb,request_procedure,,,,,,
EA2755F72D70B,second,5,1f85ab98-d99f-45b5-b00d-6b0de27950eb,request_procedure,,,,,,
EA2755F72D70B,consensus,5,1f85ab98-d99f-45b5-b00d-6b0de27950eb,request_procedure,,,,,,
EA2755F72D70B,primary,6,965fe0e3-3ccd-4821-b333-39e97d5e19e2,prescribe_medication,,,,,,
EA2755F72D70B,second,6,965fe0e3-3ccd-4821-b333-39e97d5e19e2,prescribe_medication,,,,,,
EA2755F72D70B,consensus,6,965fe0e3-3ccd-4821-b333-39e97d5e19e2,prescribe_medication,,,,,,
EA2755F72D70B,primary,7,6ddab148-6ee9-4490-ad6b-5c71e65e4b04,ask_history,,,,,,
EA2755F72D70B,second,7,6ddab148-6ee9-4490-ad6b-5c71e65e4b04,ask_history,,,,,,
EA2755F72D70B,consensus,7,6ddab148-6ee9-4490-ad6b-5c71e65e4b04,ask_history,,,,,,
EA2755F72D70B,primary,8,6546c3e3-8a3b-4de7-bb32-25e980e94c3f,request_procedure,,,,,,
EA2755F72D70B,second,8,6546c3e3-8a3b-4de7-bb32-25e980e94c3f,request_procedure,,,,,,
EA2755F72D70B,consensus,8,6546c3e3-8a3b-4de7-bb32-25e980e94c3f,request_procedure,,,,,,
EA2755F72D70B,primary,9,cd223aba-109f-47b8-b790-2d638d20a81f,request_imaging,,,,,,
EA2755F72D70B,second,9,cd223aba-109f-47b8-b790-2d638d20a81f,request_imaging,,,,,,
EA2755F72D70B,consensus,9,cd223aba-109f-47b8-b790-2d638d20a81f,request_imaging,,,,,,
EA2755F72D70B,primary,10,cccc8d0e-3cbf-405c-bf26-4cbac428325b,request_lab,,,,,,
EA2755F72D70B,second,10,cccc8d0e-3cbf-405c-bf26-4cbac428325b,request_lab,,,,,,
EA2755F72D70B,consensus,10,cccc8d0e-3cbf-405c-bf26-4cbac428325b,request_lab,,,,,,
EA2755F72D70B,primary,11,64877290-26cc-448c-b17b-9f071627df7c,ask_history,,,,,,
EA2755F72D70B,second,11,64877290-26cc-448c-b17b-9f071627df7c,ask_history,,,,,,
EA2755F72D70B,consensus,11,64877290-26cc-448c-b17b-9f071627df7c,ask_history,,,,,,
EA2755F72D70B,primary,12,e076994e-2e69-4f39-ba38-22bde8053207,ask_history,,,,,,
EA2755F72D70B,second,12,e076994e-2e69-4f39-ba38-22bde8053207,ask_history,,,,,,
EA2755F72D70B,consensus,12,e076994e-2e69-4f39-ba38-22bde8053207,ask_history,,,,,,
EA2755F72D70B,primary,13,4cf890c9-ff19-468f-80a9-8609d613196e,request_lab,,,,,,
EA2755F72D70B,second,13,4cf890c9-ff19-468f-80a9-8609d613196e,request_lab,,,,,,
EA2755F72D70B,consensus,13,4cf890c9-ff19-468f-80a9-8609d613196e,request_lab,,,,,,
EA2755F72D70B,primary,14,029baaee-5948-43aa-a459-630e658d8dc1,request_physical_exam,,,,,,
EA2755F72D70B,second,14,029baaee-5948-43aa-a459-630e658d8dc1,request_physical_exam,,,,,,
EA2755F72D70B,consensus,14,029baaee-5948-43aa-a459-630e658d8dc1,request_physical_exam,,,,,,
EA2755F72D70B,primary,15,2881f8f5-6ec0-4e00-8a4f-fa68a52fa796,final_diagnosis,,,,,,
EA2755F72D70B,second,15,2881f8f5-6ec0-4e00-8a4f-fa68a52fa796,final_diagnosis,,,,,,
EA2755F72D70B,consensus,15,2881f8f5-6ec0-4e00-8a4f-fa68a52fa796,final_diagnosis,,,,,,
EA2755F72D70B,primary,16,2923b3f1-da8d-4f9e-bc59-c5882573aa7e,disposition,,,,,,
EA2755F72D70B,second,16,2923b3f1-da8d-4f9e-bc59-c5882573aa7e,disposition,,,,,,
EA2755F72D70B,consensus,16,2923b3f1-da8d-4f9e-bc59-c5882573aa7e,disposition,,,,,,
E4794DD794A20,primary,1,d6379d4c-35b2-4161-b8a2-936a5c303cb2,request_physical_exam,,,,,,
E4794DD794A20,second,1,d6379d4c-35b2-4161-b8a2-936a5c303cb2,request_physical_exam,,,,,,
E4794DD794A20,consensus,1,d6379d4c-35b2-4161-b8a2-936a5c303cb2,request_physical_exam,,,,,,
E4794DD794A20,primary,2,ff4f172d-3f76-4dbd-b9df-5f41293cdd08,ask_history,,,,,,
E4794DD794A20,second,2,ff4f172d-3f76-4dbd-b9df-5f41293cdd08,ask_history,,,,,,
E4794DD794A20,consensus,2,ff4f172d-3f76-4dbd-b9df-5f41293cdd08,ask_history,,,,,,
E4794DD794A20,primary,3,17d3d37e-02f3-4fe1-9acd-bae715119315,request_imaging,,,,,,
E4794DD794A20,second,3,17d3d37e-02f3-4fe1-9acd-bae715119315,request_imaging,,,,,,
E4794DD794A20,consensus,3,17d3d37e-02f3-4fe1-9acd-bae715119315,request_imaging,,,,,,
E4794DD794A20,primary,4,9f55411e-861d-4afc-bc59-46d990ac3796,request_lab,,,,,,
E4794DD794A20,second,4,9f55411e-861d-4afc-bc59-46d990ac3796,request_lab,,,,,,
E4794DD794A20,consensus,4,9f55411e-861d-4afc-bc59-46d990ac3796,request_lab,,,,,,
E4794DD794A20,primary,5,2320039b-4735-4ba8-b58f-6f506f08713b,plan_reason,,,,,,
E4794DD794A20,second,5,2320039b-4735-4ba8-b58f-6f506f08713b,plan_reason,,,,,,
E4794DD794A20,consensus,5,2320039b-4735-4ba8-b58f-6f506f08713b,plan_reason,,,,,,
E4794DD794A20,primary,6,e2512430-c078-48fd-8334-53b6d52ede84,request_imaging,,,,,,
E4794DD794A20,second,6,e2512430-c078-48fd-8334-53b6d52ede84,request_imaging,,,,,,
E4794DD794A20,consensus,6,e2512430-c078-48fd-8334-53b6d52ede84,request_imaging,,,,,,
E4794DD794A20,primary,7,f1629d15-c6ad-4eb7-8de6-29a33ad6f43f,request_procedure,,,,,,
E4794DD794A20,second,7,f1629d15-c6ad-4eb7-8de6-29a33ad6f43f,request_procedure,,,,,,
E4794DD794A20,consensus,7,f1629d15-c6ad-4eb7-8de6-29a33ad6f43f,request_procedure,,,,,,
E4794DD794A20,primary,8,730112bd-5963-49ae-b634-267f75b0428a,request_microbiology,,,,,,
E4794DD794A20,second,8,730112bd-5963-49ae-b634-267f75b0428a,request_microbiology,,,,,,
E4794DD794A20,consensus,8,730112bd-5963-49ae-b634-267f75b0428a,request_microbiology,,,,,,
E4794DD794A20,primary,9,eea7fdd6-2b9d-4ba8-956b-a6a8c368e798,ask_history,,,,,,
E4794DD794A20,second,9,eea7fdd6-2b9d-4ba8-956b-a6a8c368e798,ask_history,,,,,,
E4794DD794A20,consensus,9,eea7fdd6-2b9d-4ba8-956b-a6a8c368e798,ask_history,,,,,,
E4794DD794A20,primary,10,34dfedda-e54d-4c96-a669-8b30a0006b12,request_lab,,,,,,
E4794DD794A20,second,10,34dfedda-e54d-4c96-a669-8b30a0006b12,request_lab,,,,,,
E4794DD794A20,consensus,10,34dfedda-e54d-4c96-a669-8b30a0006b12,request_lab,,,,,,
E4794DD794A20,primary,11,c8042f5a-d4cd-4fe4-8631-08d743a9df29,request_procedure,,,,,,
E4794DD794A20,second,11,c8042f5a-d4cd-4fe4-8631-08d743a9df29,request_procedure,,,,,,
E4794DD794A20,consensus,11,c8042f5a-d4cd-4fe4-8631-08d743a9df29,request_procedure,,,,,,
E4794DD794A20,primary,12,c9e78095-b84f-4884-a28c-d9f4abe3f926,final_diagnosis,,,,,,
E4794DD794A20,second,12,c9e78095-b84f-4884-a28c-d9f4abe3f926,final_diagnosis,,,,,,
E4794DD794A20,consensus,12,c9e78095-b84f-4884-a28c-d9f4abe3f926,final_diagnosis,,,,,,
E4794DD794A20,primary,13,2e5d0a02-43eb-4656-8f42-18f9e211e604,disposition,,,,,,
E4794DD794A20,second,13,2e5d0a02-43eb-4656-8f42-18f9e211e604,disposition,,,,,,
E4794DD794A20,consensus,13,2e5d0a02-43eb-4656-8f42-18f9e211e604,disposition,,,,,,
E5860F107FAB9,primary,1,40335317-93c9-4f66-ab47-0f5914840ee9,request_physical_exam,,,,,,
E5860F107FAB9,second,1,40335317-93c9-4f66-ab47-0f5914840ee9,request_physical_exam,,,,,,
E5860F107FAB9,consensus,1,40335317-93c9-4f66-ab47-0f5914840ee9,request_physical_exam,,,,,,
E5860F107FAB9,primary,2,90a0027c-08df-4ab9-be77-e8cbf0c943df,ask_history,,,,,,
E5860F107FAB9,second,2,90a0027c-08df-4ab9-be77-e8cbf0c943df,ask_history,,,,,,
E5860F107FAB9,consensus,2,90a0027c-08df-4ab9-be77-e8cbf0c943df,ask_history,,,,,,
E5860F107FAB9,primary,3,fd71e176-46d2-4b66-b5ba-81300755d00a,request_imaging,,,,,,
E5860F107FAB9,second,3,fd71e176-46d2-4b66-b5ba-81300755d00a,request_imaging,,,,,,
E5860F107FAB9,consensus,3,fd71e176-46d2-4b66-b5ba-81300755d00a,request_imaging,,,,,,
E5860F107FAB9,primary,4,e54858b2-fafd-4638-8ae6-f4f47577f172,request_lab,,,,,,
E5860F107FAB9,second,4,e54858b2-fafd-4638-8ae6-f4f47577f172,request_lab,,,,,,
E5860F107FAB9,consensus,4,e54858b2-fafd-4638-8ae6-f4f47577f172,request_lab,,,,,,
E5860F107FAB9,primary,5,9e546675-c290-450e-b84b-7247286e1093,plan_reason,,,,,,
E5860F107FAB9,second,5,9e546675-c290-450e-b84b-7247286e1093,plan_reason,,,,,,
E5860F107FAB9,consensus,5,9e546675-c290-450e-b84b-7247286e1093,plan_reason,,,,,,
E5860F107FAB9,primary,6,4c908829-e30a-4e61-900f-12bdb2c5e68b,request_imaging,,,,,,
E5860F107FAB9,second,6,4c908829-e30a-4e61-900f-12bdb2c5e68b,request_imaging,,,,,,
E5860F107FAB9,consensus,6,4c908829-e30a-4e61-900f-12bdb2c5e68b,request_imaging,,,,,,
E5860F107FAB9,primary,7,58dda601-9fe1-412f-8170-614bab20c29f,request_microbiology,,,,,,
E5860F107FAB9,second,7,58dda601-9fe1-412f-8170-614bab20c29f,request_microbiology,,,,,,
E5860F107FAB9,consensus,7,58dda601-9fe1-412f-8170-614bab20c29f,request_microbiology,,,,,,
E5860F107FAB9,primary,8,31683af4-c875-4662-9740-739fea3f9141,request_procedure,,,,,,
E5860F107FAB9,second,8,31683af4-c875-4662-9740-739fea3f9141,request_procedure,,,,,,
E5860F107FAB9,consensus,8,31683af4-c875-4662-9740-739fea3f9141,request_procedure,,,,,,
E5860F107FAB9,primary,9,5a620518-eadf-415c-bb8e-d8de580cec87,final_diagnosis,,,,,,
E5860F107FAB9,second,9,5a620518-eadf-415c-bb8e-d8de580cec87,final_diagnosis,,,,,,
E5860F107FAB9,consensus,9,5a620518-eadf-415c-bb8e-d8de580cec87,final_diagnosis,,,,,,
E5860F107FAB9,primary,10,f403dc19-a582-4ae9-bce1-3c61daa36f1d,disposition,,,,,,
E5860F107FAB9,second,10,f403dc19-a582-4ae9-bce1-3c61daa36f1d,disposition,,,,,,
E5860F107FAB9,consensus,10,f403dc19-a582-4ae9-bce1-3c61daa36f1d,disposition,,,,,,
EFD677AAFEE13,primary,1,b3848589-141c-4546-9696-c560b6670493,request_physical_exam,,,,,,
EFD677AAFEE13,second,1,b3848589-141c-4546-9696-c560b6670493,request_physical_exam,,,,,,
EFD677AAFEE13,consensus,1,b3848589-141c-4546-9696-c560b6670493,request_physical_exam,,,,,,
EFD677AAFEE13,primary,2,a9126d4b-9d1f-48c2-aa2b-f4b550a9e41e,request_ecg_or_test,,,,,,
EFD677AAFEE13,second,2,a9126d4b-9d1f-48c2-aa2b-f4b550a9e41e,request_ecg_or_test,,,,,,
EFD677AAFEE13,consensus,2,a9126d4b-9d1f-48c2-aa2b-f4b550a9e41e,request_ecg_or_test,,,,,,
EFD677AAFEE13,primary,3,ad8ca53f-593f-4cd2-b4a7-c18d0c95f97f,request_ecg_or_test,,,,,,
EFD677AAFEE13,second,3,ad8ca53f-593f-4cd2-b4a7-c18d0c95f97f,request_ecg_or_test,,,,,,
EFD677AAFEE13,consensus,3,ad8ca53f-593f-4cd2-b4a7-c18d0c95f97f,request_ecg_or_test,,,,,,
EFD677AAFEE13,primary,4,7a62812b-6a48-48b7-b5d7-3a80ec72151c,plan_reason,,,,,,
EFD677AAFEE13,second,4,7a62812b-6a48-48b7-b5d7-3a80ec72151c,plan_reason,,,,,,
EFD677AAFEE13,consensus,4,7a62812b-6a48-48b7-b5d7-3a80ec72151c,plan_reason,,,,,,
EFD677AAFEE13,primary,5,8ac0e562-bdab-4172-a057-fd46e416bc19,request_procedure,,,,,,
EFD677AAFEE13,second,5,8ac0e562-bdab-4172-a057-fd46e416bc19,request_procedure,,,,,,
EFD677AAFEE13,consensus,5,8ac0e562-bdab-4172-a057-fd46e416bc19,request_procedure,,,,,,
EFD677AAFEE13,primary,6,0dfd228e-65ec-44c2-ac23-ef3630d69f86,request_microbiology,,,,,,
EFD677AAFEE13,second,6,0dfd228e-65ec-44c2-ac23-ef3630d69f86,request_microbiology,,,,,,
EFD677AAFEE13,consensus,6,0dfd228e-65ec-44c2-ac23-ef3630d69f86,request_microbiology,,,,,,
EFD677AAFEE13,primary,7,b513915f-25ec-4c73-8bfe-ea8d2f3f167c,ask_history,,,,,,
EFD677AAFEE13,second,7,b513915f-25ec-4c73-8bfe-ea8d2f3f167c,ask_history,,,,,,
EFD677AAFEE13,consensus,7,b513915f-25ec-4c73-8bfe-ea8d2f3f167c,ask_history,,,,,,
EFD677AAFEE13,primary,8,c9373818-2a6b-4a14-9612-60cc0e7413de,request_lab,,,,,,
EFD677AAFEE13,second,8,c9373818-2a6b-4a14-9612-60cc0e7413de,request_lab,,,,,,
EFD677AAFEE13,consensus,8,c9373818-2a6b-4a14-9612-60cc0e7413de,request_lab,,,,,,
EFD677AAFEE13,primary,9,466d346f-ef6e-42df-a7b5-a234923b5586,final_diagnosis,,,,,,
EFD677AAFEE13,second,9,466d346f-ef6e-42df-a7b5-a234923b5586,final_diagnosis,,,,,,
EFD677AAFEE13,consensus,9,466d346f-ef6e-42df-a7b5-a234923b5586,final_diagnosis,,,,,,
EFD677AAFEE13,primary,10,473a5b22-f6f7-4de5-b677-8f78970e21a1,disposition,,,,,,
EFD677AAFEE13,second,10,473a5b22-f6f7-4de5-b677-8f78970e21a1,disposition,,,,,,
EFD677AAFEE13,consensus,10,473a5b22-f6f7-4de5-b677-8f78970e21a1,disposition,,,,,,
EBB7587B767CA,primary,1,7b866f26-3fe5-4a13-9931-b39e5c9b9f64,request_physical_exam,,,,,,
EBB7587B767CA,second,1,7b866f26-3fe5-4a13-9931-b39e5c9b9f64,request_physical_exam,,,,,,
EBB7587B767CA,consensus,1,7b866f26-3fe5-4a13-9931-b39e5c9b9f64,request_physical_exam,,,,,,
EBB7587B767CA,primary,2,29bb9742-db67-4cd9-b6c1-ed576c7d446e,request_ecg_or_test,,,,,,
EBB7587B767CA,second,2,29bb9742-db67-4cd9-b6c1-ed576c7d446e,request_ecg_or_test,,,,,,
EBB7587B767CA,consensus,2,29bb9742-db67-4cd9-b6c1-ed576c7d446e,request_ecg_or_test,,,,,,
EBB7587B767CA,primary,3,f496fa34-c503-4d9c-96d2-e116ac6a4ec4,request_lab,,,,,,
EBB7587B767CA,second,3,f496fa34-c503-4d9c-96d2-e116ac6a4ec4,request_lab,,,,,,
EBB7587B767CA,consensus,3,f496fa34-c503-4d9c-96d2-e116ac6a4ec4,request_lab,,,,,,
EBB7587B767CA,primary,4,14217424-d9e2-4706-a98a-06f5f10de402,plan_reason,,,,,,
EBB7587B767CA,second,4,14217424-d9e2-4706-a98a-06f5f10de402,plan_reason,,,,,,
EBB7587B767CA,consensus,4,14217424-d9e2-4706-a98a-06f5f10de402,plan_reason,,,,,,
EBB7587B767CA,primary,5,84b24012-2c9e-49a8-9f34-e0109b01d7de,request_ecg_or_test,,,,,,
EBB7587B767CA,second,5,84b24012-2c9e-49a8-9f34-e0109b01d7de,request_ecg_or_test,,,,,,
EBB7587B767CA,consensus,5,84b24012-2c9e-49a8-9f34-e0109b01d7de,request_ecg_or_test,,,,,,
EBB7587B767CA,primary,6,41415d2b-94e1-46f1-9d1e-c4b03b4ac77b,request_lab,,,,,,
EBB7587B767CA,second,6,41415d2b-94e1-46f1-9d1e-c4b03b4ac77b,request_lab,,,,,,
EBB7587B767CA,consensus,6,41415d2b-94e1-46f1-9d1e-c4b03b4ac77b,request_lab,,,,,,
EBB7587B767CA,primary,7,bb9f63cb-8c85-4e3f-a1b5-299d17c96f83,ask_history,,,,,,
EBB7587B767CA,second,7,bb9f63cb-8c85-4e3f-a1b5-299d17c96f83,ask_history,,,,,,
EBB7587B767CA,consensus,7,bb9f63cb-8c85-4e3f-a1b5-299d17c96f83,ask_history,,,,,,
EBB7587B767CA,primary,8,7a1ed161-be35-4dfb-97eb-5d13ea8f3b78,prescribe_medication,,,,,,
EBB7587B767CA,second,8,7a1ed161-be35-4dfb-97eb-5d13ea8f3b78,prescribe_medication,,,,,,
EBB7587B767CA,consensus,8,7a1ed161-be35-4dfb-97eb-5d13ea8f3b78,prescribe_medication,,,,,,
EBB7587B767CA,primary,9,a094b6fe-c2c7-472c-8eed-d5db13ed1371,request_imaging,,,,,,
EBB7587B767CA,second,9,a094b6fe-c2c7-472c-8eed-d5db13ed1371,request_imaging,,,,,,
EBB7587B767CA,consensus,9,a094b6fe-c2c7-472c-8eed-d5db13ed1371,request_imaging,,,,,,
EBB7587B767CA,primary,10,02fe81f4-16d4-45fa-adcf-e5d88aa894c3,final_diagnosis,,,,,,
EBB7587B767CA,second,10,02fe81f4-16d4-45fa-adcf-e5d88aa894c3,final_diagnosis,,,,,,
EBB7587B767CA,consensus,10,02fe81f4-16d4-45fa-adcf-e5d88aa894c3,final_diagnosis,,,,,,
EBB7587B767CA,primary,11,56d1afa6-88aa-4f13-adb2-62ac8ebe3946,disposition,,,,,,
EBB7587B767CA,second,11,56d1afa6-88aa-4f13-adb2-62ac8ebe3946,disposition,,,,,,
EBB7587B767CA,consensus,11,56d1afa6-88aa-4f13-adb2-62ac8ebe3946,disposition,,,,,,
ECEAB28A9221E,primary,1,7bfb7c36-d794-494f-981c-b431ae9b26d0,request_ecg_or_test,,,,,,
ECEAB28A9221E,second,1,7bfb7c36-d794-494f-981c-b431ae9b26d0,request_ecg_or_test,,,,,,
ECEAB28A9221E,consensus,1,7bfb7c36-d794-494f-981c-b431ae9b26d0,request_ecg_or_test,,,,,,
ECEAB28A9221E,primary,2,9b37da63-6778-4c54-b229-b5b8175967ca,request_physical_exam,,,,,,
ECEAB28A9221E,second,2,9b37da63-6778-4c54-b229-b5b8175967ca,request_physical_exam,,,,,,
ECEAB28A9221E,consensus,2,9b37da63-6778-4c54-b229-b5b8175967ca,request_physical_exam,,,,,,
ECEAB28A9221E,primary,3,35665cd3-d0df-4cef-885b-11ca602dead1,plan_reason,,,,,,
ECEAB28A9221E,second,3,35665cd3-d0df-4cef-885b-11ca602dead1,plan_reason,,,,,,
ECEAB28A9221E,consensus,3,35665cd3-d0df-4cef-885b-11ca602dead1,plan_reason,,,,,,
ECEAB28A9221E,primary,4,872ed5c3-9a23-4320-a05d-96afffe71e2b,request_imaging,,,,,,
ECEAB28A9221E,second,4,872ed5c3-9a23-4320-a05d-96afffe71e2b,request_imaging,,,,,,
ECEAB28A9221E,consensus,4,872ed5c3-9a23-4320-a05d-96afffe71e2b,request_imaging,,,,,,
ECEAB28A9221E,primary,5,f450751e-d256-4b60-b2b9-aacd02b49124,request_lab,,,,,,
ECEAB28A9221E,second,5,f450751e-d256-4b60-b2b9-aacd02b49124,request_lab,,,,,,
ECEAB28A9221E,consensus,5,f450751e-d256-4b60-b2b9-aacd02b49124,request_lab,,,,,,
ECEAB28A9221E,primary,6,80f915a1-0dbe-4216-8a7a-44855fe5ec6a,prescribe_medication,,,,,,
ECEAB28A9221E,second,6,80f915a1-0dbe-4216-8a7a-44855fe5ec6a,prescribe_medication,,,,,,
ECEAB28A9221E,consensus,6,80f915a1-0dbe-4216-8a7a-44855fe5ec6a,prescribe_medication,,,,,,
ECEAB28A9221E,primary,7,8ec15e5e-92ec-4705-be06-ac9fc1a21a8a,ask_history,,,,,,
ECEAB28A9221E,second,7,8ec15e5e-92ec-4705-be06-ac9fc1a21a8a,ask_history,,,,,,
ECEAB28A9221E,consensus,7,8ec15e5e-92ec-4705-be06-ac9fc1a21a8a,ask_history,,,,,,
ECEAB28A9221E,primary,8,6c4dd835-2e25-4ceb-8268-8af60913f58c,request_physical_exam,,,,,,
ECEAB28A9221E,second,8,6c4dd835-2e25-4ceb-8268-8af60913f58c,request_physical_exam,,,,,,
ECEAB28A9221E,consensus,8,6c4dd835-2e25-4ceb-8268-8af60913f58c,request_physical_exam,,,,,,
ECEAB28A9221E,primary,9,e90c48e9-fba6-47e4-b963-37f7613945e4,request_imaging,,,,,,
ECEAB28A9221E,second,9,e90c48e9-fba6-47e4-b963-37f7613945e4,request_imaging,,,,,,
ECEAB28A9221E,consensus,9,e90c48e9-fba6-47e4-b963-37f7613945e4,request_imaging,,,,,,
ECEAB28A9221E,primary,10,8edd1d86-bc88-47c7-946f-3928e28b262b,request_procedure,,,,,,
ECEAB28A9221E,second,10,8edd1d86-bc88-47c7-946f-3928e28b262b,request_procedure,,,,,,
ECEAB28A9221E,consensus,10,8edd1d86-bc88-47c7-946f-3928e28b262b,request_procedure,,,,,,
ECEAB28A9221E,primary,11,5e34c203-d052-4e28-9fa6-7f5f4aedaa23,final_diagnosis,,,,,,
ECEAB28A9221E,second,11,5e34c203-d052-4e28-9fa6-7f5f4aedaa23,final_diagnosis,,,,,,
ECEAB28A9221E,consensus,11,5e34c203-d052-4e28-9fa6-7f5f4aedaa23,final_diagnosis,,,,,,
ECEAB28A9221E,primary,12,171080e1-3461-47a4-a635-cb970d1ff43b,disposition,,,,,,
ECEAB28A9221E,second,12,171080e1-3461-47a4-a635-cb970d1ff43b,disposition,,,,,,
ECEAB28A9221E,consensus,12,171080e1-3461-47a4-a635-cb970d1ff43b,disposition,,,,,,
E13753B944526,primary,1,2de25228-0aff-4ccd-a17a-e8f3e08a687e,ask_history,,,,,,
E13753B944526,second,1,2de25228-0aff-4ccd-a17a-e8f3e08a687e,ask_history,,,,,,
E13753B944526,consensus,1,2de25228-0aff-4ccd-a17a-e8f3e08a687e,ask_history,,,,,,
E13753B944526,primary,2,6f0cd8d1-fa96-4cd0-b8cf-e0861f3e1a2f,ask_history,,,,,,
E13753B944526,second,2,6f0cd8d1-fa96-4cd0-b8cf-e0861f3e1a2f,ask_history,,,,,,
E13753B944526,consensus,2,6f0cd8d1-fa96-4cd0-b8cf-e0861f3e1a2f,ask_history,,,,,,
E13753B944526,primary,3,f26af991-6660-43ae-86a4-78fe10b892cc,request_physical_exam,,,,,,
E13753B944526,second,3,f26af991-6660-43ae-86a4-78fe10b892cc,request_physical_exam,,,,,,
E13753B944526,consensus,3,f26af991-6660-43ae-86a4-78fe10b892cc,request_physical_exam,,,,,,
E13753B944526,primary,4,af5dde29-5666-437a-9e96-5857ab318abb,request_lab,,,,,,
E13753B944526,second,4,af5dde29-5666-437a-9e96-5857ab318abb,request_lab,,,,,,
E13753B944526,consensus,4,af5dde29-5666-437a-9e96-5857ab318abb,request_lab,,,,,,
E13753B944526,primary,5,5e3334e9-ad7b-4f49-8c2a-14d4063410ab,ask_history,,,,,,
E13753B944526,second,5,5e3334e9-ad7b-4f49-8c2a-14d4063410ab,ask_history,,,,,,
E13753B944526,consensus,5,5e3334e9-ad7b-4f49-8c2a-14d4063410ab,ask_history,,,,,,
E13753B944526,primary,6,d43f4ccb-e2a7-4401-a7fa-fac019792435,request_imaging,,,,,,
E13753B944526,second,6,d43f4ccb-e2a7-4401-a7fa-fac019792435,request_imaging,,,,,,
E13753B944526,consensus,6,d43f4ccb-e2a7-4401-a7fa-fac019792435,request_imaging,,,,,,
E13753B944526,primary,7,756b92cf-a76a-432a-b827-6e6bbad0e71c,request_lab,,,,,,
E13753B944526,second,7,756b92cf-a76a-432a-b827-6e6bbad0e71c,request_lab,,,,,,
E13753B944526,consensus,7,756b92cf-a76a-432a-b827-6e6bbad0e71c,request_lab,,,,,,
E13753B944526,primary,8,0966395c-429b-4822-9c6a-c2b2e4f1ddd5,plan_reason,,,,,,
E13753B944526,second,8,0966395c-429b-4822-9c6a-c2b2e4f1ddd5,plan_reason,,,,,,
E13753B944526,consensus,8,0966395c-429b-4822-9c6a-c2b2e4f1ddd5,plan_reason,,,,,,
E13753B944526,primary,9,44b83f4e-ba8e-4eaf-8c52-2f19a529f311,request_physical_exam,,,,,,
E13753B944526,second,9,44b83f4e-ba8e-4eaf-8c52-2f19a529f311,request_physical_exam,,,,,,
E13753B944526,consensus,9,44b83f4e-ba8e-4eaf-8c52-2f19a529f311,request_physical_exam,,,,,,
E13753B944526,primary,10,6d0cd39d-1afd-43dd-8f96-672410dac07e,ask_history,,,,,,
E13753B944526,second,10,6d0cd39d-1afd-43dd-8f96-672410dac07e,ask_history,,,,,,
E13753B944526,consensus,10,6d0cd39d-1afd-43dd-8f96-672410dac07e,ask_history,,,,,,
E13753B944526,primary,11,125628cd-3900-4526-8fa4-016259bb4e15,ask_history,,,,,,
E13753B944526,second,11,125628cd-3900-4526-8fa4-016259bb4e15,ask_history,,,,,,
E13753B944526,consensus,11,125628cd-3900-4526-8fa4-016259bb4e15,ask_history,,,,,,
E13753B944526,primary,12,50039d1e-7e67-4537-80ab-4704ec66fe06,final_diagnosis,,,,,,
E13753B944526,second,12,50039d1e-7e67-4537-80ab-4704ec66fe06,final_diagnosis,,,,,,
E13753B944526,consensus,12,50039d1e-7e67-4537-80ab-4704ec66fe06,final_diagnosis,,,,,,
E13753B944526,primary,13,1410cbf6-eacc-4410-ac57-c94a3fac5d04,disposition,,,,,,
E13753B944526,second,13,1410cbf6-eacc-4410-ac57-c94a3fac5d04,disposition,,,,,,
E13753B944526,consensus,13,1410cbf6-eacc-4410-ac57-c94a3fac5d04,disposition,,,,,,
EB23EA368D610,primary,1,4873f952-2e5f-4820-9fb7-2f65a6a3a3bf,request_physical_exam,,,,,,
EB23EA368D610,second,1,4873f952-2e5f-4820-9fb7-2f65a6a3a3bf,request_physical_exam,,,,,,
EB23EA368D610,consensus,1,4873f952-2e5f-4820-9fb7-2f65a6a3a3bf,request_physical_exam,,,,,,
EB23EA368D610,primary,2,ef7ed084-b830-4433-83b8-022a637902eb,ask_history,,,,,,
EB23EA368D610,second,2,ef7ed084-b830-4433-83b8-022a637902eb,ask_history,,,,,,
EB23EA368D610,consensus,2,ef7ed084-b830-4433-83b8-022a637902eb,ask_history,,,,,,
EB23EA368D610,primary,3,1f26f40a-ab89-4d6c-9c07-73a2b2314bef,request_lab,,,,,,
EB23EA368D610,second,3,1f26f40a-ab89-4d6c-9c07-73a2b2314bef,request_lab,,,,,,
EB23EA368D610,consensus,3,1f26f40a-ab89-4d6c-9c07-73a2b2314bef,request_lab,,,,,,
EB23EA368D610,primary,4,21ad56a0-f537-410d-bb0b-4aff5aa98b03,request_physical_exam,,,,,,
EB23EA368D610,second,4,21ad56a0-f537-410d-bb0b-4aff5aa98b03,request_physical_exam,,,,,,
EB23EA368D610,consensus,4,21ad56a0-f537-410d-bb0b-4aff5aa98b03,request_physical_exam,,,,,,
EB23EA368D610,primary,5,34a89e40-bac7-47e3-8e61-82b596febd14,request_lab,,,,,,
EB23EA368D610,second,5,34a89e40-bac7-47e3-8e61-82b596febd14,request_lab,,,,,,
EB23EA368D610,consensus,5,34a89e40-bac7-47e3-8e61-82b596febd14,request_lab,,,,,,
EB23EA368D610,primary,6,033d230b-3ef2-4370-ae87-41ae1e80701d,ask_history,,,,,,
EB23EA368D610,second,6,033d230b-3ef2-4370-ae87-41ae1e80701d,ask_history,,,,,,
EB23EA368D610,consensus,6,033d230b-3ef2-4370-ae87-41ae1e80701d,ask_history,,,,,,
EB23EA368D610,primary,7,386f91fa-758d-4eec-8632-d4137bc0b529,ask_history,,,,,,
EB23EA368D610,second,7,386f91fa-758d-4eec-8632-d4137bc0b529,ask_history,,,,,,
EB23EA368D610,consensus,7,386f91fa-758d-4eec-8632-d4137bc0b529,ask_history,,,,,,
EB23EA368D610,primary,8,6dfb43e8-c4e5-40e4-b055-b9148ca727c5,ask_history,,,,,,
EB23EA368D610,second,8,6dfb43e8-c4e5-40e4-b055-b9148ca727c5,ask_history,,,,,,
EB23EA368D610,consensus,8,6dfb43e8-c4e5-40e4-b055-b9148ca727c5,ask_history,,,,,,
EB23EA368D610,primary,9,2c5c8311-b772-4733-a5f2-9dbae10c0599,request_lab,,,,,,
EB23EA368D610,second,9,2c5c8311-b772-4733-a5f2-9dbae10c0599,request_lab,,,,,,
EB23EA368D610,consensus,9,2c5c8311-b772-4733-a5f2-9dbae10c0599,request_lab,,,,,,
EB23EA368D610,primary,10,b874666c-4e07-48f7-832a-3f601168b29b,plan_reason,,,,,,
EB23EA368D610,second,10,b874666c-4e07-48f7-832a-3f601168b29b,plan_reason,,,,,,
EB23EA368D610,consensus,10,b874666c-4e07-48f7-832a-3f601168b29b,plan_reason,,,,,,
EB23EA368D610,primary,11,21e15df2-ba33-465d-b629-c9f79746d50c,request_procedure,,,,,,
EB23EA368D610,second,11,21e15df2-ba33-465d-b629-c9f79746d50c,request_procedure,,,,,,
EB23EA368D610,consensus,11,21e15df2-ba33-465d-b629-c9f79746d50c,request_procedure,,,,,,
EB23EA368D610,primary,12,1835a9a6-48b3-48e9-94dd-59e4e0fa2a74,prescribe_medication,,,,,,
EB23EA368D610,second,12,1835a9a6-48b3-48e9-94dd-59e4e0fa2a74,prescribe_medication,,,,,,
EB23EA368D610,consensus,12,1835a9a6-48b3-48e9-94dd-59e4e0fa2a74,prescribe_medication,,,,,,
EB23EA368D610,primary,13,c2a364cf-a415-4614-af97-2195757ef55d,request_lab,,,,,,
EB23EA368D610,second,13,c2a364cf-a415-4614-af97-2195757ef55d,request_lab,,,,,,
EB23EA368D610,consensus,13,c2a364cf-a415-4614-af97-2195757ef55d,request_lab,,,,,,
EB23EA368D610,primary,14,8d5943c6-a435-4ca5-9c35-fdc8a5d792b8,final_diagnosis,,,,,,
EB23EA368D610,second,14,8d5943c6-a435-4ca5-9c35-fdc8a5d792b8,final_diagnosis,,,,,,
EB23EA368D610,consensus,14,8d5943c6-a435-4ca5-9c35-fdc8a5d792b8,final_diagnosis,,,,,,
EB23EA368D610,primary,15,8babc5a0-87aa-4bb4-94c9-944286057ff2,disposition,,,,,,
EB23EA368D610,second,15,8babc5a0-87aa-4bb4-94c9-944286057ff2,disposition,,,,,,
EB23EA368D610,consensus,15,8babc5a0-87aa-4bb4-94c9-944286057ff2,disposition,,,,,,
EC7FE45119457,primary,1,fd842edb-856b-4386-8702-229cde5aa667,request_physical_exam,,,,,,
EC7FE45119457,second,1,fd842edb-856b-4386-8702-229cde5aa667,request_physical_exam,,,,,,
EC7FE45119457,consensus,1,fd842edb-856b-4386-8702-229cde5aa667,request_physical_exam,,,,,,
EC7FE45119457,primary,2,01d3a3f1-dc6a-4146-a40b-b98c4a6ce9c5,request_ecg_or_test,,,,,,
EC7FE45119457,second,2,01d3a3f1-dc6a-4146-a40b-b98c4a6ce9c5,request_ecg_or_test,,,,,,
EC7FE45119457,consensus,2,01d3a3f1-dc6a-4146-a40b-b98c4a6ce9c5,request_ecg_or_test,,,,,,
EC7FE45119457,primary,3,77ccc7b6-65e4-4cc9-ba4d-5676f80b3fcf,request_lab,,,,,,
EC7FE45119457,second,3,77ccc7b6-65e4-4cc9-ba4d-5676f80b3fcf,request_lab,,,,,,
EC7FE45119457,consensus,3,77ccc7b6-65e4-4cc9-ba4d-5676f80b3fcf,request_lab,,,,,,
EC7FE45119457,primary,4,da91e264-75a8-4acb-8e81-18495b568877,ask_history,,,,,,
EC7FE45119457,second,4,da91e264-75a8-4acb-8e81-18495b568877,ask_history,,,,,,
EC7FE45119457,consensus,4,da91e264-75a8-4acb-8e81-18495b568877,ask_history,,,,,,
EC7FE45119457,primary,5,e6ea3184-979e-43ad-8e51-7c919a082e81,request_physical_exam,,,,,,
EC7FE45119457,second,5,e6ea3184-979e-43ad-8e51-7c919a082e81,request_physical_exam,,,,,,
EC7FE45119457,consensus,5,e6ea3184-979e-43ad-8e51-7c919a082e81,request_physical_exam,,,,,,
EC7FE45119457,primary,6,b27130a7-034c-455e-917a-539de70d285d,request_ecg_or_test,,,,,,
EC7FE45119457,second,6,b27130a7-034c-455e-917a-539de70d285d,request_ecg_or_test,,,,,,
EC7FE45119457,consensus,6,b27130a7-034c-455e-917a-539de70d285d,request_ecg_or_test,,,,,,
EC7FE45119457,primary,7,b431695f-8c3d-4f18-b900-16a4b26c07a7,plan_reason,,,,,,
EC7FE45119457,second,7,b431695f-8c3d-4f18-b900-16a4b26c07a7,plan_reason,,,,,,
EC7FE45119457,consensus,7,b431695f-8c3d-4f18-b900-16a4b26c07a7,plan_reason,,,,,,
EC7FE45119457,primary,8,d742a202-abcd-4f1d-8ced-0a0ba3902eea,ask_history,,,,,,
EC7FE45119457,second,8,d742a202-abcd-4f1d-8ced-0a0ba3902eea,ask_history,,,,,,
EC7FE45119457,consensus,8,d742a202-abcd-4f1d-8ced-0a0ba3902eea,ask_history,,,,,,
EC7FE45119457,primary,9,00af2a23-1309-4a73-abf2-477035e6eeff,request_physical_exam,,,,,,
EC7FE45119457,second,9,00af2a23-1309-4a73-abf2-477035e6eeff,request_physical_exam,,,,,,
EC7FE45119457,consensus,9,00af2a23-1309-4a73-abf2-477035e6eeff,request_physical_exam,,,,,,
EC7FE45119457,primary,10,55745487-ec0f-4719-9a46-91ec0bae536e,final_diagnosis,,,,,,
EC7FE45119457,second,10,55745487-ec0f-4719-9a46-91ec0bae536e,final_diagnosis,,,,,,
EC7FE45119457,consensus,10,55745487-ec0f-4719-9a46-91ec0bae536e,final_diagnosis,,,,,,
EC7FE45119457,primary,11,634de9a0-1d52-48ab-b22e-e1742f6cccc8,disposition,,,,,,
EC7FE45119457,second,11,634de9a0-1d52-48ab-b22e-e1742f6cccc8,disposition,,,,,,
EC7FE45119457,consensus,11,634de9a0-1d52-48ab-b22e-e1742f6cccc8,disposition,,,,,,
E5A14E4FF5DDD,primary,1,e8447ec4-91f4-46cf-9dd4-37ec9a73dd0b,request_physical_exam,,,,,,
E5A14E4FF5DDD,second,1,e8447ec4-91f4-46cf-9dd4-37ec9a73dd0b,request_physical_exam,,,,,,
E5A14E4FF5DDD,consensus,1,e8447ec4-91f4-46cf-9dd4-37ec9a73dd0b,request_physical_exam,,,,,,
E5A14E4FF5DDD,primary,2,b5cf3d65-4d53-4fe7-94c6-9f4531e98792,ask_history,,,,,,
E5A14E4FF5DDD,second,2,b5cf3d65-4d53-4fe7-94c6-9f4531e98792,ask_history,,,,,,
E5A14E4FF5DDD,consensus,2,b5cf3d65-4d53-4fe7-94c6-9f4531e98792,ask_history,,,,,,
E5A14E4FF5DDD,primary,3,2c34b12c-d0c0-417a-a332-7ef2375efd25,ask_history,,,,,,
E5A14E4FF5DDD,second,3,2c34b12c-d0c0-417a-a332-7ef2375efd25,ask_history,,,,,,
E5A14E4FF5DDD,consensus,3,2c34b12c-d0c0-417a-a332-7ef2375efd25,ask_history,,,,,,
E5A14E4FF5DDD,primary,4,32a807f1-cbfc-4ea3-aae0-5bf754b2aed2,request_lab,,,,,,
E5A14E4FF5DDD,second,4,32a807f1-cbfc-4ea3-aae0-5bf754b2aed2,request_lab,,,,,,
E5A14E4FF5DDD,consensus,4,32a807f1-cbfc-4ea3-aae0-5bf754b2aed2,request_lab,,,,,,
E5A14E4FF5DDD,primary,5,bbaaa8d2-e059-4613-9c82-ef21e87401d2,request_imaging,,,,,,
E5A14E4FF5DDD,second,5,bbaaa8d2-e059-4613-9c82-ef21e87401d2,request_imaging,,,,,,
E5A14E4FF5DDD,consensus,5,bbaaa8d2-e059-4613-9c82-ef21e87401d2,request_imaging,,,,,,
E5A14E4FF5DDD,primary,6,207285eb-7063-495e-adde-30017a830b16,plan_reason,,,,,,
E5A14E4FF5DDD,second,6,207285eb-7063-495e-adde-30017a830b16,plan_reason,,,,,,
E5A14E4FF5DDD,consensus,6,207285eb-7063-495e-adde-30017a830b16,plan_reason,,,,,,
E5A14E4FF5DDD,primary,7,15a1b1e2-8ce3-4f65-bf95-9e8318263509,request_procedure,,,,,,
E5A14E4FF5DDD,second,7,15a1b1e2-8ce3-4f65-bf95-9e8318263509,request_procedure,,,,,,
E5A14E4FF5DDD,consensus,7,15a1b1e2-8ce3-4f65-bf95-9e8318263509,request_procedure,,,,,,
E5A14E4FF5DDD,primary,8,aa6c18bf-0b89-4dfd-b77a-d404ff8bd23e,request_physical_exam,,,,,,
E5A14E4FF5DDD,second,8,aa6c18bf-0b89-4dfd-b77a-d404ff8bd23e,request_physical_exam,,,,,,
E5A14E4FF5DDD,consensus,8,aa6c18bf-0b89-4dfd-b77a-d404ff8bd23e,request_physical_exam,,,,,,
E5A14E4FF5DDD,primary,9,75abf031-792c-4de3-ba38-4c09fa3bc0e7,final_diagnosis,,,,,,
E5A14E4FF5DDD,second,9,75abf031-792c-4de3-ba38-4c09fa3bc0e7,final_diagnosis,,,,,,
E5A14E4FF5DDD,consensus,9,75abf031-792c-4de3-ba38-4c09fa3bc0e7,final_diagnosis,,,,,,
E5A14E4FF5DDD,primary,10,1c441628-6d53-41c6-9ba4-85a5dbe028ee,disposition,,,,,,
E5A14E4FF5DDD,second,10,1c441628-6d53-41c6-9ba4-85a5dbe028ee,disposition,,,,,,
E5A14E4FF5DDD,consensus,10,1c441628-6d53-41c6-9ba4-85a5dbe028ee,disposition,,,,,,
E2A2AD24B480B,primary,1,fe6084a2-35a8-440e-90f7-23838c40313a,request_physical_exam,,,,,,
E2A2AD24B480B,second,1,fe6084a2-35a8-440e-90f7-23838c40313a,request_physical_exam,,,,,,
E2A2AD24B480B,consensus,1,fe6084a2-35a8-440e-90f7-23838c40313a,request_physical_exam,,,,,,
E2A2AD24B480B,primary,2,48e246b4-eff2-4af6-861d-1aeed2012a12,request_imaging,,,,,,
E2A2AD24B480B,second,2,48e246b4-eff2-4af6-861d-1aeed2012a12,request_imaging,,,,,,
E2A2AD24B480B,consensus,2,48e246b4-eff2-4af6-861d-1aeed2012a12,request_imaging,,,,,,
E2A2AD24B480B,primary,3,351f4be7-bcb0-4336-bb73-99a10c3c0cd4,request_imaging,,,,,,
E2A2AD24B480B,second,3,351f4be7-bcb0-4336-bb73-99a10c3c0cd4,request_imaging,,,,,,
E2A2AD24B480B,consensus,3,351f4be7-bcb0-4336-bb73-99a10c3c0cd4,request_imaging,,,,,,
E2A2AD24B480B,primary,4,4b6666c0-c487-4419-837c-6a7aefa50087,ask_history,,,,,,
E2A2AD24B480B,second,4,4b6666c0-c487-4419-837c-6a7aefa50087,ask_history,,,,,,
E2A2AD24B480B,consensus,4,4b6666c0-c487-4419-837c-6a7aefa50087,ask_history,,,,,,
E2A2AD24B480B,primary,5,76654061-8791-46b9-a0d3-623fa36a029a,request_lab,,,,,,
E2A2AD24B480B,second,5,76654061-8791-46b9-a0d3-623fa36a029a,request_lab,,,,,,
E2A2AD24B480B,consensus,5,76654061-8791-46b9-a0d3-623fa36a029a,request_lab,,,,,,
E2A2AD24B480B,primary,6,964aae39-33e2-47bc-adaa-661f592261b6,ask_history,,,,,,
E2A2AD24B480B,second,6,964aae39-33e2-47bc-adaa-661f592261b6,ask_history,,,,,,
E2A2AD24B480B,consensus,6,964aae39-33e2-47bc-adaa-661f592261b6,ask_history,,,,,,
E2A2AD24B480B,primary,7,a431a346-b295-4021-b6cb-98df542945c7,ask_history,,,,,,
E2A2AD24B480B,second,7,a431a346-b295-4021-b6cb-98df542945c7,ask_history,,,,,,
E2A2AD24B480B,consensus,7,a431a346-b295-4021-b6cb-98df542945c7,ask_history,,,,,,
E2A2AD24B480B,primary,8,99f7b811-4390-4e58-afa3-645c2366464a,ask_history,,,,,,
E2A2AD24B480B,second,8,99f7b811-4390-4e58-afa3-645c2366464a,ask_history,,,,,,
E2A2AD24B480B,consensus,8,99f7b811-4390-4e58-afa3-645c2366464a,ask_history,,,,,,
E2A2AD24B480B,primary,9,0a93fcfe-ea55-41ee-ad89-8e3de5c78115,plan_reason,,,,,,
E2A2AD24B480B,second,9,0a93fcfe-ea55-41ee-ad89-8e3de5c78115,plan_reason,,,,,,
E2A2AD24B480B,consensus,9,0a93fcfe-ea55-41ee-ad89-8e3de5c78115,plan_reason,,,,,,
E2A2AD24B480B,primary,10,955755b3-785d-462f-8011-618ce859faa4,final_diagnosis,,,,,,
E2A2AD24B480B,second,10,955755b3-785d-462f-8011-618ce859faa4,final_diagnosis,,,,,,
E2A2AD24B480B,consensus,10,955755b3-785d-462f-8011-618ce859faa4,final_diagnosis,,,,,,
E2A2AD24B480B,primary,11,5d2fc5b8-fdaa-4502-b4d2-62f6c1fad726,disposition,,,,,,
E2A2AD24B480B,second,11,5d2fc5b8-fdaa-4502-b4d2-62f6c1fad726,disposition,,,,,,
E2A2AD24B480B,consensus,11,5d2fc5b8-fdaa-4502-b4d2-62f6c1fad726,disposition,,,,,,
E77B6DF55A9EF,primary,1,a552d768-66bd-482f-93f9-9bb423023e9c,request_physical_exam,,,,,,
E77B6DF55A9EF,second,1,a552d768-66bd-482f-93f9-9bb423023e9c,request_physical_exam,,,,,,
E77B6DF55A9EF,consensus,1,a552d768-66bd-482f-93f9-9bb423023e9c,request_physical_exam,,,,,,
E77B6DF55A9EF,primary,2,850cb7d2-6287-42f6-b6f6-b6a1407b52ea,request_imaging,,,,,,
E77B6DF55A9EF,second,2,850cb7d2-6287-42f6-b6f6-b6a1407b52ea,request_imaging,,,,,,
E77B6DF55A9EF,consensus,2,850cb7d2-6287-42f6-b6f6-b6a1407b52ea,request_imaging,,,,,,
E77B6DF55A9EF,primary,3,b54510fa-ede8-40a6-a723-3c757e878b38,plan_reason,,,,,,
E77B6DF55A9EF,second,3,b54510fa-ede8-40a6-a723-3c757e878b38,plan_reason,,,,,,
E77B6DF55A9EF,consensus,3,b54510fa-ede8-40a6-a723-3c757e878b38,plan_reason,,,,,,
E77B6DF55A9EF,primary,4,7737c02e-83bd-43bd-bb20-38e4eed66a23,request_lab,,,,,,
E77B6DF55A9EF,second,4,7737c02e-83bd-43bd-bb20-38e4eed66a23,request_lab,,,,,,
E77B6DF55A9EF,consensus,4,7737c02e-83bd-43bd-bb20-38e4eed66a23,request_lab,,,,,,
E77B6DF55A9EF,primary,5,a86de0cb-6236-4465-8f4a-19ec531309a2,ask_history,,,,,,
E77B6DF55A9EF,second,5,a86de0cb-6236-4465-8f4a-19ec531309a2,ask_history,,,,,,
E77B6DF55A9EF,consensus,5,a86de0cb-6236-4465-8f4a-19ec531309a2,ask_history,,,,,,
E77B6DF55A9EF,primary,6,f181ed90-87b3-4036-a278-fc76ffcdd6f9,request_procedure,,,,,,
E77B6DF55A9EF,second,6,f181ed90-87b3-4036-a278-fc76ffcdd6f9,request_procedure,,,,,,
E77B6DF55A9EF,consensus,6,f181ed90-87b3-4036-a278-fc76ffcdd6f9,request_procedure,,,,,,
E77B6DF55A9EF,primary,7,16e9c860-06b2-496e-8f32-3201ae19c12c,final_diagnosis,,,,,,
E77B6DF55A9EF,second,7,16e9c860-06b2-496e-8f32-3201ae19c12c,final_diagnosis,,,,,,
E77B6DF55A9EF,consensus,7,16e9c860-06b2-496e-8f32-3201ae19c12c,final_diagnosis,,,,,,
E77B6DF55A9EF,primary,8,2ff59d9b-be04-4838-b10e-e9cde42a829c,disposition,,,,,,
E77B6DF55A9EF,second,8,2ff59d9b-be04-4838-b10e-e9cde42a829c,disposition,,,,,,
E77B6DF55A9EF,consensus,8,2ff59d9b-be04-4838-b10e-e9cde42a829c,disposition,,,,,,
E8A03660BFACC,primary,1,37405a8e-dc8a-40a1-b476-378fc179037c,request_physical_exam,,,,,,
E8A03660BFACC,second,1,37405a8e-dc8a-40a1-b476-378fc179037c,request_physical_exam,,,,,,
E8A03660BFACC,consensus,1,37405a8e-dc8a-40a1-b476-378fc179037c,request_physical_exam,,,,,,
E8A03660BFACC,primary,2,93076f2b-788e-4733-a62a-7b93f842de87,request_ecg_or_test,,,,,,
E8A03660BFACC,second,2,93076f2b-788e-4733-a62a-7b93f842de87,request_ecg_or_test,,,,,,
E8A03660BFACC,consensus,2,93076f2b-788e-4733-a62a-7b93f842de87,request_ecg_or_test,,,,,,
E8A03660BFACC,primary,3,2bf31a41-bfb3-4bfa-b374-ffe8fb23f8d2,request_lab,,,,,,
E8A03660BFACC,second,3,2bf31a41-bfb3-4bfa-b374-ffe8fb23f8d2,request_lab,,,,,,
E8A03660BFACC,consensus,3,2bf31a41-bfb3-4bfa-b374-ffe8fb23f8d2,request_lab,,,,,,
E8A03660BFACC,primary,4,dc3f5446-7204-4637-bf19-bbf3b9cf93cb,plan_reason,,,,,,
E8A03660BFACC,second,4,dc3f5446-7204-4637-bf19-bbf3b9cf93cb,plan_reason,,,,,,
E8A03660BFACC,consensus,4,dc3f5446-7204-4637-bf19-bbf3b9cf93cb,plan_reason,,,,,,
E8A03660BFACC,primary,5,5c091b5b-d086-4eaa-be8d-04fd492afc11,request_ecg_or_test,,,,,,
E8A03660BFACC,second,5,5c091b5b-d086-4eaa-be8d-04fd492afc11,request_ecg_or_test,,,,,,
E8A03660BFACC,consensus,5,5c091b5b-d086-4eaa-be8d-04fd492afc11,request_ecg_or_test,,,,,,
E8A03660BFACC,primary,6,a795ceb2-1c8a-4b4d-9cce-c11f92c93c07,ask_history,,,,,,
E8A03660BFACC,second,6,a795ceb2-1c8a-4b4d-9cce-c11f92c93c07,ask_history,,,,,,
E8A03660BFACC,consensus,6,a795ceb2-1c8a-4b4d-9cce-c11f92c93c07,ask_history,,,,,,
E8A03660BFACC,primary,7,83ba793f-2276-406f-b738-781c9cb711f5,request_physical_exam,,,,,,
E8A03660BFACC,second,7,83ba793f-2276-406f-b738-781c9cb711f5,request_physical_exam,,,,,,
E8A03660BFACC,consensus,7,83ba793f-2276-406f-b738-781c9cb711f5,request_physical_exam,,,,,,
E8A03660BFACC,primary,8,8e365356-5be1-4c47-9cff-e4e2b4cf69fa,request_lab,,,,,,
E8A03660BFACC,second,8,8e365356-5be1-4c47-9cff-e4e2b4cf69fa,request_lab,,,,,,
E8A03660BFACC,consensus,8,8e365356-5be1-4c47-9cff-e4e2b4cf69fa,request_lab,,,,,,
E8A03660BFACC,primary,9,fab91957-afcd-41cf-8501-9cf61a0ec2ff,request_lab,,,,,,
E8A03660BFACC,second,9,fab91957-afcd-41cf-8501-9cf61a0ec2ff,request_lab,,,,,,
E8A03660BFACC,consensus,9,fab91957-afcd-41cf-8501-9cf61a0ec2ff,request_lab,,,,,,
E8A03660BFACC,primary,10,61273c2f-6bdb-4529-9a92-bc069f9e6565,request_imaging,,,,,,
E8A03660BFACC,second,10,61273c2f-6bdb-4529-9a92-bc069f9e6565,request_imaging,,,,,,
E8A03660BFACC,consensus,10,61273c2f-6bdb-4529-9a92-bc069f9e6565,request_imaging,,,,,,
E8A03660BFACC,primary,11,64b1ec84-13b8-4776-a01c-8e0f9510c4b8,final_diagnosis,,,,,,
E8A03660BFACC,second,11,64b1ec84-13b8-4776-a01c-8e0f9510c4b8,final_diagnosis,,,,,,
E8A03660BFACC,consensus,11,64b1ec84-13b8-4776-a01c-8e0f9510c4b8,final_diagnosis,,,,,,
E8A03660BFACC,primary,12,ec6b2e18-7e52-4226-8bda-06fe187d2d4f,disposition,,,,,,
E8A03660BFACC,second,12,ec6b2e18-7e52-4226-8bda-06fe187d2d4f,disposition,,,,,,
E8A03660BFACC,consensus,12,ec6b2e18-7e52-4226-8bda-06fe187d2d4f,disposition,,,,,,
E1E0917128068,primary,1,a6d2a578-e11c-40a5-850b-8a77aba2642b,request_physical_exam,,,,,,
E1E0917128068,second,1,a6d2a578-e11c-40a5-850b-8a77aba2642b,request_physical_exam,,,,,,
E1E0917128068,consensus,1,a6d2a578-e11c-40a5-850b-8a77aba2642b,request_physical_exam,,,,,,
E1E0917128068,primary,2,ee5bb67f-23be-4dc9-b3aa-094bb1191e02,ask_history,,,,,,
E1E0917128068,second,2,ee5bb67f-23be-4dc9-b3aa-094bb1191e02,ask_history,,,,,,
E1E0917128068,consensus,2,ee5bb67f-23be-4dc9-b3aa-094bb1191e02,ask_history,,,,,,
E1E0917128068,primary,3,024fab3f-ab49-4bae-a917-a831c6bafa2d,request_physical_exam,,,,,,
E1E0917128068,second,3,024fab3f-ab49-4bae-a917-a831c6bafa2d,request_physical_exam,,,,,,
E1E0917128068,consensus,3,024fab3f-ab49-4bae-a917-a831c6bafa2d,request_physical_exam,,,,,,
E1E0917128068,primary,4,d8f1e6d4-f074-4758-bbc9-d17e36e08b29,request_imaging,,,,,,
E1E0917128068,second,4,d8f1e6d4-f074-4758-bbc9-d17e36e08b29,request_imaging,,,,,,
E1E0917128068,consensus,4,d8f1e6d4-f074-4758-bbc9-d17e36e08b29,request_imaging,,,,,,
E1E0917128068,primary,5,dd54e032-a94c-4166-84c1-0ae345448957,plan_reason,,,,,,
E1E0917128068,second,5,dd54e032-a94c-4166-84c1-0ae345448957,plan_reason,,,,,,
E1E0917128068,consensus,5,dd54e032-a94c-4166-84c1-0ae345448957,plan_reason,,,,,,
E1E0917128068,primary,6,b2e42bf2-40d0-4181-b67f-e0226a2ac4cb,request_lab,,,,,,
E1E0917128068,second,6,b2e42bf2-40d0-4181-b67f-e0226a2ac4cb,request_lab,,,,,,
E1E0917128068,consensus,6,b2e42bf2-40d0-4181-b67f-e0226a2ac4cb,request_lab,,,,,,
E1E0917128068,primary,7,557edd11-22f7-4f11-837e-30ca0efc4f6e,ask_history,,,,,,
E1E0917128068,second,7,557edd11-22f7-4f11-837e-30ca0efc4f6e,ask_history,,,,,,
E1E0917128068,consensus,7,557edd11-22f7-4f11-837e-30ca0efc4f6e,ask_history,,,,,,
E1E0917128068,primary,8,37a861d2-66d6-4444-84a3-de90519adb76,prescribe_medication,,,,,,
E1E0917128068,second,8,37a861d2-66d6-4444-84a3-de90519adb76,prescribe_medication,,,,,,
E1E0917128068,consensus,8,37a861d2-66d6-4444-84a3-de90519adb76,prescribe_medication,,,,,,
E1E0917128068,primary,9,726543cf-3165-4306-89d0-2cd94fd185fb,request_procedure,,,,,,
E1E0917128068,second,9,726543cf-3165-4306-89d0-2cd94fd185fb,request_procedure,,,,,,
E1E0917128068,consensus,9,726543cf-3165-4306-89d0-2cd94fd185fb,request_procedure,,,,,,
E1E0917128068,primary,10,64916cf2-9a9e-4257-9e65-cf13ac26500a,final_diagnosis,,,,,,
E1E0917128068,second,10,64916cf2-9a9e-4257-9e65-cf13ac26500a,final_diagnosis,,,,,,
E1E0917128068,consensus,10,64916cf2-9a9e-4257-9e65-cf13ac26500a,final_diagnosis,,,,,,
E1E0917128068,primary,11,ab6ef624-c4e6-4b0c-a04a-591a3c71d064,disposition,,,,,,
E1E0917128068,second,11,ab6ef624-c4e6-4b0c-a04a-591a3c71d064,disposition,,,,,,
E1E0917128068,consensus,11,ab6ef624-c4e6-4b0c-a04a-591a3c71d064,disposition,,,,,,
E6CB97F13B5CD,primary,1,ac671c14-4488-4e08-8b86-72f69dd39f28,request_physical_exam,,,,,,
E6CB97F13B5CD,second,1,ac671c14-4488-4e08-8b86-72f69dd39f28,request_physical_exam,,,,,,
E6CB97F13B5CD,consensus,1,ac671c14-4488-4e08-8b86-72f69dd39f28,request_physical_exam,,,,,,
E6CB97F13B5CD,primary,2,161f9a08-dad4-4671-8427-08495c52cff3,ask_history,,,,,,
E6CB97F13B5CD,second,2,161f9a08-dad4-4671-8427-08495c52cff3,ask_history,,,,,,
E6CB97F13B5CD,consensus,2,161f9a08-dad4-4671-8427-08495c52cff3,ask_history,,,,,,
E6CB97F13B5CD,primary,3,ab70a72b-9241-4430-a219-342cb5170cd3,request_physical_exam,,,,,,
E6CB97F13B5CD,second,3,ab70a72b-9241-4430-a219-342cb5170cd3,request_physical_exam,,,,,,
E6CB97F13B5CD,consensus,3,ab70a72b-9241-4430-a219-342cb5170cd3,request_physical_exam,,,,,,
E6CB97F13B5CD,primary,4,404a8cee-4fa0-4d46-b4e1-618987405dfa,request_lab,,,,,,
E6CB97F13B5CD,second,4,404a8cee-4fa0-4d46-b4e1-618987405dfa,request_lab,,,,,,
E6CB97F13B5CD,consensus,4,404a8cee-4fa0-4d46-b4e1-618987405dfa,request_lab,,,,,,
E6CB97F13B5CD,primary,5,ad6b8394-7d5f-40b6-af02-96de938111a8,request_imaging,,,,,,
E6CB97F13B5CD,second,5,ad6b8394-7d5f-40b6-af02-96de938111a8,request_imaging,,,,,,
E6CB97F13B5CD,consensus,5,ad6b8394-7d5f-40b6-af02-96de938111a8,request_imaging,,,,,,
E6CB97F13B5CD,primary,6,6b824194-5951-4b49-a073-1c612e1f2489,plan_reason,,,,,,
E6CB97F13B5CD,second,6,6b824194-5951-4b49-a073-1c612e1f2489,plan_reason,,,,,,
E6CB97F13B5CD,consensus,6,6b824194-5951-4b49-a073-1c612e1f2489,plan_reason,,,,,,
E6CB97F13B5CD,primary,7,79ce54df-d8dc-4b1c-aac5-d8f8ec4d4254,prescribe_medication,,,,,,
E6CB97F13B5CD,second,7,79ce54df-d8dc-4b1c-aac5-d8f8ec4d4254,prescribe_medication,,,,,,
E6CB97F13B5CD,consensus,7,79ce54df-d8dc-4b1c-aac5-d8f8ec4d4254,prescribe_medication,,,,,,
E6CB97F13B5CD,primary,8,bc8b2391-4c3e-4e4e-aa2a-d315d7089b6b,prescribe_medication,,,,,,
E6CB97F13B5CD,second,8,bc8b2391-4c3e-4e4e-aa2a-d315d7089b6b,prescribe_medication,,,,,,
E6CB97F13B5CD,consensus,8,bc8b2391-4c3e-4e4e-aa2a-d315d7089b6b,prescribe_medication,,,,,,
E6CB97F13B5CD,primary,9,d926bf80-66ec-4af2-9502-1fb59f7f1ef6,request_procedure,,,,,,
E6CB97F13B5CD,second,9,d926bf80-66ec-4af2-9502-1fb59f7f1ef6,request_procedure,,,,,,
E6CB97F13B5CD,consensus,9,d926bf80-66ec-4af2-9502-1fb59f7f1ef6,request_procedure,,,,,,
E6CB97F13B5CD,primary,10,6a12aa7e-b312-419c-b5fc-1c1cb65842e2,final_diagnosis,,,,,,
E6CB97F13B5CD,second,10,6a12aa7e-b312-419c-b5fc-1c1cb65842e2,final_diagnosis,,,,,,
E6CB97F13B5CD,consensus,10,6a12aa7e-b312-419c-b5fc-1c1cb65842e2,final_diagnosis,,,,,,
E6CB97F13B5CD,primary,11,061a07f9-b9c4-4918-a877-21639bca8d04,disposition,,,,,,
E6CB97F13B5CD,second,11,061a07f9-b9c4-4918-a877-21639bca8d04,disposition,,,,,,
E6CB97F13B5CD,consensus,11,061a07f9-b9c4-4918-a877-21639bca8d04,disposition,,,,,,
EAF3F59A6CAF6,primary,1,425cd495-4b11-4820-af28-c2d32936a4ce,request_physical_exam,,,,,,
EAF3F59A6CAF6,second,1,425cd495-4b11-4820-af28-c2d32936a4ce,request_physical_exam,,,,,,
EAF3F59A6CAF6,consensus,1,425cd495-4b11-4820-af28-c2d32936a4ce,request_physical_exam,,,,,,
EAF3F59A6CAF6,primary,2,bc896442-1c3e-4e6c-9008-3b5821c71990,ask_history,,,,,,
EAF3F59A6CAF6,second,2,bc896442-1c3e-4e6c-9008-3b5821c71990,ask_history,,,,,,
EAF3F59A6CAF6,consensus,2,bc896442-1c3e-4e6c-9008-3b5821c71990,ask_history,,,,,,
EAF3F59A6CAF6,primary,3,f7d8e30f-1f4f-4d6f-ab0a-ca120a88b8e8,request_imaging,,,,,,
EAF3F59A6CAF6,second,3,f7d8e30f-1f4f-4d6f-ab0a-ca120a88b8e8,request_imaging,,,,,,
EAF3F59A6CAF6,consensus,3,f7d8e30f-1f4f-4d6f-ab0a-ca120a88b8e8,request_imaging,,,,,,
EAF3F59A6CAF6,primary,4,c344206c-d096-404b-a2b3-cdfd53bb4474,request_lab,,,,,,
EAF3F59A6CAF6,second,4,c344206c-d096-404b-a2b3-cdfd53bb4474,request_lab,,,,,,
EAF3F59A6CAF6,consensus,4,c344206c-d096-404b-a2b3-cdfd53bb4474,request_lab,,,,,,
EAF3F59A6CAF6,primary,5,900f6c94-669b-4c4e-9561-09c2c3781bc7,request_imaging,,,,,,
EAF3F59A6CAF6,second,5,900f6c94-669b-4c4e-9561-09c2c3781bc7,request_imaging,,,,,,
EAF3F59A6CAF6,consensus,5,900f6c94-669b-4c4e-9561-09c2c3781bc7,request_imaging,,,,,,
EAF3F59A6CAF6,primary,6,f4984c8a-bf8a-46c6-8c80-148e7e5f0c27,plan_reason,,,,,,
EAF3F59A6CAF6,second,6,f4984c8a-bf8a-46c6-8c80-148e7e5f0c27,plan_reason,,,,,,
EAF3F59A6CAF6,consensus,6,f4984c8a-bf8a-46c6-8c80-148e7e5f0c27,plan_reason,,,,,,
EAF3F59A6CAF6,primary,7,1ac18509-653f-4e34-b647-40ce12078376,request_lab,,,,,,
EAF3F59A6CAF6,second,7,1ac18509-653f-4e34-b647-40ce12078376,request_lab,,,,,,
EAF3F59A6CAF6,consensus,7,1ac18509-653f-4e34-b647-40ce12078376,request_lab,,,,,,
EAF3F59A6CAF6,primary,8,0221e2da-242d-476c-9a54-607c0d5ac85e,request_procedure,,,,,,
EAF3F59A6CAF6,second,8,0221e2da-242d-476c-9a54-607c0d5ac85e,request_procedure,,,,,,
EAF3F59A6CAF6,consensus,8,0221e2da-242d-476c-9a54-607c0d5ac85e,request_procedure,,,,,,
EAF3F59A6CAF6,primary,9,06e355c5-d1b0-466d-b17a-a84f4152fd66,final_diagnosis,,,,,,
EAF3F59A6CAF6,second,9,06e355c5-d1b0-466d-b17a-a84f4152fd66,final_diagnosis,,,,,,
EAF3F59A6CAF6,consensus,9,06e355c5-d1b0-466d-b17a-a84f4152fd66,final_diagnosis,,,,,,
EAF3F59A6CAF6,primary,10,02265d86-7500-45d2-ad5a-774f8fa67812,disposition,,,,,,
EAF3F59A6CAF6,second,10,02265d86-7500-45d2-ad5a-774f8fa67812,disposition,,,,,,
EAF3F59A6CAF6,consensus,10,02265d86-7500-45d2-ad5a-774f8fa67812,disposition,,,,,,
EACFA9CE5474F,primary,1,ca9bc57a-885c-4283-93b7-2aa2009ff8f8,request_physical_exam,,,,,,
EACFA9CE5474F,second,1,ca9bc57a-885c-4283-93b7-2aa2009ff8f8,request_physical_exam,,,,,,
EACFA9CE5474F,consensus,1,ca9bc57a-885c-4283-93b7-2aa2009ff8f8,request_physical_exam,,,,,,
EACFA9CE5474F,primary,2,344d340f-743f-4a12-8213-9a9e41e437f7,ask_history,,,,,,
EACFA9CE5474F,second,2,344d340f-743f-4a12-8213-9a9e41e437f7,ask_history,,,,,,
EACFA9CE5474F,consensus,2,344d340f-743f-4a12-8213-9a9e41e437f7,ask_history,,,,,,
EACFA9CE5474F,primary,3,7b348e99-68a9-4ccc-8da0-ae8f8d26dd71,request_physical_exam,,,,,,
EACFA9CE5474F,second,3,7b348e99-68a9-4ccc-8da0-ae8f8d26dd71,request_physical_exam,,,,,,
EACFA9CE5474F,consensus,3,7b348e99-68a9-4ccc-8da0-ae8f8d26dd71,request_physical_exam,,,,,,
EACFA9CE5474F,primary,4,e4c687fc-9b07-4b2e-acc5-9c47aa39576c,request_imaging,,,,,,
EACFA9CE5474F,second,4,e4c687fc-9b07-4b2e-acc5-9c47aa39576c,request_imaging,,,,,,
EACFA9CE5474F,consensus,4,e4c687fc-9b07-4b2e-acc5-9c47aa39576c,request_imaging,,,,,,
EACFA9CE5474F,primary,5,7df44892-0c9e-4114-b9cc-687dd846ff8c,request_lab,,,,,,
EACFA9CE5474F,second,5,7df44892-0c9e-4114-b9cc-687dd846ff8c,request_lab,,,,,,
EACFA9CE5474F,consensus,5,7df44892-0c9e-4114-b9cc-687dd846ff8c,request_lab,,,,,,
EACFA9CE5474F,primary,6,1564a141-882f-4268-98f4-b70475f12cea,plan_reason,,,,,,
EACFA9CE5474F,second,6,1564a141-882f-4268-98f4-b70475f12cea,plan_reason,,,,,,
EACFA9CE5474F,consensus,6,1564a141-882f-4268-98f4-b70475f12cea,plan_reason,,,,,,
EACFA9CE5474F,primary,7,5402e278-c3ce-4e26-b140-0e5923024a49,prescribe_medication,,,,,,
EACFA9CE5474F,second,7,5402e278-c3ce-4e26-b140-0e5923024a49,prescribe_medication,,,,,,
EACFA9CE5474F,consensus,7,5402e278-c3ce-4e26-b140-0e5923024a49,prescribe_medication,,,,,,
EACFA9CE5474F,primary,8,984c422f-eae7-4d58-bca9-d06c3905a015,request_procedure,,,,,,
EACFA9CE5474F,second,8,984c422f-eae7-4d58-bca9-d06c3905a015,request_procedure,,,,,,
EACFA9CE5474F,consensus,8,984c422f-eae7-4d58-bca9-d06c3905a015,request_procedure,,,,,,
EACFA9CE5474F,primary,9,cea3f809-2af0-4c47-b2e5-02f4da7b6dee,final_diagnosis,,,,,,
EACFA9CE5474F,second,9,cea3f809-2af0-4c47-b2e5-02f4da7b6dee,final_diagnosis,,,,,,
EACFA9CE5474F,consensus,9,cea3f809-2af0-4c47-b2e5-02f4da7b6dee,final_diagnosis,,,,,,
EACFA9CE5474F,primary,10,f1165cf4-eddc-4432-91fb-457d590ac46e,disposition,,,,,,
EACFA9CE5474F,second,10,f1165cf4-eddc-4432-91fb-457d590ac46e,disposition,,,,,,
EACFA9CE5474F,consensus,10,f1165cf4-eddc-4432-91fb-457d590ac46e,disposition,,,,,,
EA1A54FF48766,primary,1,6afdaf22-1cef-4a68-b901-1c74b1eb8500,request_physical_exam,,,,,,
EA1A54FF48766,second,1,6afdaf22-1cef-4a68-b901-1c74b1eb8500,request_physical_exam,,,,,,
EA1A54FF48766,consensus,1,6afdaf22-1cef-4a68-b901-1c74b1eb8500,request_physical_exam,,,,,,
EA1A54FF48766,primary,2,202b6348-d295-45e9-b8aa-62c63a63ddf6,request_imaging,,,,,,
EA1A54FF48766,second,2,202b6348-d295-45e9-b8aa-62c63a63ddf6,request_imaging,,,,,,
EA1A54FF48766,consensus,2,202b6348-d295-45e9-b8aa-62c63a63ddf6,request_imaging,,,,,,
EA1A54FF48766,primary,3,81103598-07e8-4e7c-add0-329b0d67fbfb,plan_reason,,,,,,
EA1A54FF48766,second,3,81103598-07e8-4e7c-add0-329b0d67fbfb,plan_reason,,,,,,
EA1A54FF48766,consensus,3,81103598-07e8-4e7c-add0-329b0d67fbfb,plan_reason,,,,,,
EA1A54FF48766,primary,4,e3b5edd4-8943-4725-aa30-9ea60d58d6bb,request_lab,,,,,,
EA1A54FF48766,second,4,e3b5edd4-8943-4725-aa30-9ea60d58d6bb,request_lab,,,,,,
EA1A54FF48766,consensus,4,e3b5edd4-8943-4725-aa30-9ea60d58d6bb,request_lab,,,,,,
EA1A54FF48766,primary,5,e43cb144-f5c5-4c81-b287-6f931f2be019,request_procedure,,,,,,
EA1A54FF48766,second,5,e43cb144-f5c5-4c81-b287-6f931f2be019,request_procedure,,,,,,
EA1A54FF48766,consensus,5,e43cb144-f5c5-4c81-b287-6f931f2be019,request_procedure,,,,,,
EA1A54FF48766,primary,6,ee8138a7-8abc-4e51-800a-a1ddd40c2c9e,ask_history,,,,,,
EA1A54FF48766,second,6,ee8138a7-8abc-4e51-800a-a1ddd40c2c9e,ask_history,,,,,,
EA1A54FF48766,consensus,6,ee8138a7-8abc-4e51-800a-a1ddd40c2c9e,ask_history,,,,,,
EA1A54FF48766,primary,7,8739c3f6-fe44-490e-b268-37aa12dff6d2,final_diagnosis,,,,,,
EA1A54FF48766,second,7,8739c3f6-fe44-490e-b268-37aa12dff6d2,final_diagnosis,,,,,,
EA1A54FF48766,consensus,7,8739c3f6-fe44-490e-b268-37aa12dff6d2,final_diagnosis,,,,,,
EA1A54FF48766,primary,8,b3ef0e0b-c718-4b98-b275-b62c1f167ec6,disposition,,,,,,
EA1A54FF48766,second,8,b3ef0e0b-c718-4b98-b275-b62c1f167ec6,disposition,,,,,,
EA1A54FF48766,consensus,8,b3ef0e0b-c718-4b98-b275-b62c1f167ec6,disposition,,,,,,
E1F37DE56A9AC,primary,1,93cfa216-ed80-4cc1-9b24-1dc9cc0639d4,ask_history,,,,,,
E1F37DE56A9AC,second,1,93cfa216-ed80-4cc1-9b24-1dc9cc0639d4,ask_history,,,,,,
E1F37DE56A9AC,consensus,1,93cfa216-ed80-4cc1-9b24-1dc9cc0639d4,ask_history,,,,,,
E1F37DE56A9AC,primary,2,18c64c4c-ed35-4593-baf3-3ab76ae24f4f,request_physical_exam,,,,,,
E1F37DE56A9AC,second,2,18c64c4c-ed35-4593-baf3-3ab76ae24f4f,request_physical_exam,,,,,,
E1F37DE56A9AC,consensus,2,18c64c4c-ed35-4593-baf3-3ab76ae24f4f,request_physical_exam,,,,,,
E1F37DE56A9AC,primary,3,e2518375-89ad-4306-b14a-cd1828568bd3,request_lab,,,,,,
E1F37DE56A9AC,second,3,e2518375-89ad-4306-b14a-cd1828568bd3,request_lab,,,,,,
E1F37DE56A9AC,consensus,3,e2518375-89ad-4306-b14a-cd1828568bd3,request_lab,,,,,,
E1F37DE56A9AC,primary,4,bebe7dd3-8c57-4264-9127-b0b931c7576b,request_imaging,,,,,,
E1F37DE56A9AC,second,4,bebe7dd3-8c57-4264-9127-b0b931c7576b,request_imaging,,,,,,
E1F37DE56A9AC,consensus,4,bebe7dd3-8c57-4264-9127-b0b931c7576b,request_imaging,,,,,,
E1F37DE56A9AC,primary,5,1b1184f6-7577-4275-9a80-bb378d5dd3cb,request_lab,,,,,,
E1F37DE56A9AC,second,5,1b1184f6-7577-4275-9a80-bb378d5dd3cb,request_lab,,,,,,
E1F37DE56A9AC,consensus,5,1b1184f6-7577-4275-9a80-bb378d5dd3cb,request_lab,,,,,,
E1F37DE56A9AC,primary,6,d909ac89-a95a-482b-9037-3bce8a98bb60,plan_reason,,,,,,
E1F37DE56A9AC,second,6,d909ac89-a95a-482b-9037-3bce8a98bb60,plan_reason,,,,,,
E1F37DE56A9AC,consensus,6,d909ac89-a95a-482b-9037-3bce8a98bb60,plan_reason,,,,,,
E1F37DE56A9AC,primary,7,3b83c54a-097a-475f-badf-52f13ffd43b3,request_lab,,,,,,
E1F37DE56A9AC,second,7,3b83c54a-097a-475f-badf-52f13ffd43b3,request_lab,,,,,,
E1F37DE56A9AC,consensus,7,3b83c54a-097a-475f-badf-52f13ffd43b3,request_lab,,,,,,
E1F37DE56A9AC,primary,8,c7aea999-c5a4-4f59-b477-21ff295ed4b6,request_microbiology,,,,,,
E1F37DE56A9AC,second,8,c7aea999-c5a4-4f59-b477-21ff295ed4b6,request_microbiology,,,,,,
E1F37DE56A9AC,consensus,8,c7aea999-c5a4-4f59-b477-21ff295ed4b6,request_microbiology,,,,,,
E1F37DE56A9AC,primary,9,990a3798-0339-465c-8d52-dd1bab097d1f,prescribe_medication,,,,,,
E1F37DE56A9AC,second,9,990a3798-0339-465c-8d52-dd1bab097d1f,prescribe_medication,,,,,,
E1F37DE56A9AC,consensus,9,990a3798-0339-465c-8d52-dd1bab097d1f,prescribe_medication,,,,,,
E1F37DE56A9AC,primary,10,126b6a5d-22aa-4f6d-ab34-62555162d512,final_diagnosis,,,,,,
E1F37DE56A9AC,second,10,126b6a5d-22aa-4f6d-ab34-62555162d512,final_diagnosis,,,,,,
E1F37DE56A9AC,consensus,10,126b6a5d-22aa-4f6d-ab34-62555162d512,final_diagnosis,,,,,,
E1F37DE56A9AC,primary,11,a83197d0-bc28-41d4-80f5-dd76e2bc9968,disposition,,,,,,
E1F37DE56A9AC,second,11,a83197d0-bc28-41d4-80f5-dd76e2bc9968,disposition,,,,,,
E1F37DE56A9AC,consensus,11,a83197d0-bc28-41d4-80f5-dd76e2bc9968,disposition,,,,,,
E3644D2046AC5,primary,1,f3a6cedd-483e-48f0-925a-c2f1b4cc02d5,request_ecg_or_test,,,,,,
E3644D2046AC5,second,1,f3a6cedd-483e-48f0-925a-c2f1b4cc02d5,request_ecg_or_test,,,,,,
E3644D2046AC5,consensus,1,f3a6cedd-483e-48f0-925a-c2f1b4cc02d5,request_ecg_or_test,,,,,,
E3644D2046AC5,primary,2,c41900b5-966d-4b2c-9302-d6f15e0f0fe5,request_physical_exam,,,,,,
E3644D2046AC5,second,2,c41900b5-966d-4b2c-9302-d6f15e0f0fe5,request_physical_exam,,,,,,
E3644D2046AC5,consensus,2,c41900b5-966d-4b2c-9302-d6f15e0f0fe5,request_physical_exam,,,,,,
E3644D2046AC5,primary,3,f41c6adf-345c-4e08-a633-4da6c9b56c36,plan_reason,,,,,,
E3644D2046AC5,second,3,f41c6adf-345c-4e08-a633-4da6c9b56c36,plan_reason,,,,,,
E3644D2046AC5,consensus,3,f41c6adf-345c-4e08-a633-4da6c9b56c36,plan_reason,,,,,,
E3644D2046AC5,primary,4,98c1466c-7b9a-4422-912d-11c18bf2cc02,request_imaging,,,,,,
E3644D2046AC5,second,4,98c1466c-7b9a-4422-912d-11c18bf2cc02,request_imaging,,,,,,
E3644D2046AC5,consensus,4,98c1466c-7b9a-4422-912d-11c18bf2cc02,request_imaging,,,,,,
E3644D2046AC5,primary,5,0c72fc69-eb88-4754-8eae-23c7e11833d4,request_lab,,,,,,
E3644D2046AC5,second,5,0c72fc69-eb88-4754-8eae-23c7e11833d4,request_lab,,,,,,
E3644D2046AC5,consensus,5,0c72fc69-eb88-4754-8eae-23c7e11833d4,request_lab,,,,,,
E3644D2046AC5,primary,6,cc807535-3cc2-4902-9f5f-a17a426b848d,prescribe_medication,,,,,,
E3644D2046AC5,second,6,cc807535-3cc2-4902-9f5f-a17a426b848d,prescribe_medication,,,,,,
E3644D2046AC5,consensus,6,cc807535-3cc2-4902-9f5f-a17a426b848d,prescribe_medication,,,,,,
E3644D2046AC5,primary,7,cfa9da53-e3c8-49b2-938c-49bda81330a5,request_procedure,,,,,,
E3644D2046AC5,second,7,cfa9da53-e3c8-49b2-938c-49bda81330a5,request_procedure,,,,,,
E3644D2046AC5,consensus,7,cfa9da53-e3c8-49b2-938c-49bda81330a5,request_procedure,,,,,,
E3644D2046AC5,primary,8,6ed97f4e-7433-42e8-b1b4-536c98298cfd,final_diagnosis,,,,,,
E3644D2046AC5,second,8,6ed97f4e-7433-42e8-b1b4-536c98298cfd,final_diagnosis,,,,,,
E3644D2046AC5,consensus,8,6ed97f4e-7433-42e8-b1b4-536c98298cfd,final_diagnosis,,,,,,
E3644D2046AC5,primary,9,b9938687-607a-4b57-ace2-92412abd6f1b,disposition,,,,,,
E3644D2046AC5,second,9,b9938687-607a-4b57-ace2-92412abd6f1b,disposition,,,,,,
E3644D2046AC5,consensus,9,b9938687-607a-4b57-ace2-92412abd6f1b,disposition,,,,,,
E34C8A794E22B,primary,1,3b0105aa-ca64-4e44-892e-f433cf0ce8aa,request_physical_exam,,,,,,
E34C8A794E22B,second,1,3b0105aa-ca64-4e44-892e-f433cf0ce8aa,request_physical_exam,,,,,,
E34C8A794E22B,consensus,1,3b0105aa-ca64-4e44-892e-f433cf0ce8aa,request_physical_exam,,,,,,
E34C8A794E22B,primary,2,75f289d2-35af-4cef-a367-42cd435a6d97,request_ecg_or_test,,,,,,
E34C8A794E22B,second,2,75f289d2-35af-4cef-a367-42cd435a6d97,request_ecg_or_test,,,,,,
E34C8A794E22B,consensus,2,75f289d2-35af-4cef-a367-42cd435a6d97,request_ecg_or_test,,,,,,
E34C8A794E22B,primary,3,afe5f021-c10d-4cf0-bcf2-2d1f3ced36cf,request_ecg_or_test,,,,,,
E34C8A794E22B,second,3,afe5f021-c10d-4cf0-bcf2-2d1f3ced36cf,request_ecg_or_test,,,,,,
E34C8A794E22B,consensus,3,afe5f021-c10d-4cf0-bcf2-2d1f3ced36cf,request_ecg_or_test,,,,,,
E34C8A794E22B,primary,4,511c4a86-ee3c-4b07-b4b7-3d363f21121c,plan_reason,,,,,,
E34C8A794E22B,second,4,511c4a86-ee3c-4b07-b4b7-3d363f21121c,plan_reason,,,,,,
E34C8A794E22B,consensus,4,511c4a86-ee3c-4b07-b4b7-3d363f21121c,plan_reason,,,,,,
E34C8A794E22B,primary,5,b871db25-f89b-4a98-bdcc-65bc6184458d,request_procedure,,,,,,
E34C8A794E22B,second,5,b871db25-f89b-4a98-bdcc-65bc6184458d,request_procedure,,,,,,
E34C8A794E22B,consensus,5,b871db25-f89b-4a98-bdcc-65bc6184458d,request_procedure,,,,,,
E34C8A794E22B,primary,6,de7edb9b-ba25-4866-a023-962319574233,request_microbiology,,,,,,
E34C8A794E22B,second,6,de7edb9b-ba25-4866-a023-962319574233,request_microbiology,,,,,,
E34C8A794E22B,consensus,6,de7edb9b-ba25-4866-a023-962319574233,request_microbiology,,,,,,
E34C8A794E22B,primary,7,8a97c19f-6cb0-4c98-934e-06b203bf4ab5,ask_history,,,,,,
E34C8A794E22B,second,7,8a97c19f-6cb0-4c98-934e-06b203bf4ab5,ask_history,,,,,,
E34C8A794E22B,consensus,7,8a97c19f-6cb0-4c98-934e-06b203bf4ab5,ask_history,,,,,,
E34C8A794E22B,primary,8,31655415-4d2b-4ba7-9ef7-7f9f13b9a1d8,request_lab,,,,,,
E34C8A794E22B,second,8,31655415-4d2b-4ba7-9ef7-7f9f13b9a1d8,request_lab,,,,,,
E34C8A794E22B,consensus,8,31655415-4d2b-4ba7-9ef7-7f9f13b9a1d8,request_lab,,,,,,
E34C8A794E22B,primary,9,9529d943-f156-4059-835f-5a19c56523e0,request_ecg_or_test,,,,,,
E34C8A794E22B,second,9,9529d943-f156-4059-835f-5a19c56523e0,request_ecg_or_test,,,,,,
E34C8A794E22B,consensus,9,9529d943-f156-4059-835f-5a19c56523e0,request_ecg_or_test,,,,,,
E34C8A794E22B,primary,10,b90ff6ee-3201-4efa-be4f-d4a893634c2c,final_diagnosis,,,,,,
E34C8A794E22B,second,10,b90ff6ee-3201-4efa-be4f-d4a893634c2c,final_diagnosis,,,,,,
E34C8A794E22B,consensus,10,b90ff6ee-3201-4efa-be4f-d4a893634c2c,final_diagnosis,,,,,,
E34C8A794E22B,primary,11,15fd8a41-af6b-48d2-b8b1-1130ddd9969e,disposition,,,,,,
E34C8A794E22B,second,11,15fd8a41-af6b-48d2-b8b1-1130ddd9969e,disposition,,,,,,
E34C8A794E22B,consensus,11,15fd8a41-af6b-48d2-b8b1-1130ddd9969e,disposition,,,,,,
E99D9928851B3,primary,1,fbdae12a-7de9-4136-b586-d7f291c7b621,request_physical_exam,,,,,,
E99D9928851B3,second,1,fbdae12a-7de9-4136-b586-d7f291c7b621,request_physical_exam,,,,,,
E99D9928851B3,consensus,1,fbdae12a-7de9-4136-b586-d7f291c7b621,request_physical_exam,,,,,,
E99D9928851B3,primary,2,91456d07-72e9-486a-bbaa-fa934273815e,request_ecg_or_test,,,,,,
E99D9928851B3,second,2,91456d07-72e9-486a-bbaa-fa934273815e,request_ecg_or_test,,,,,,
E99D9928851B3,consensus,2,91456d07-72e9-486a-bbaa-fa934273815e,request_ecg_or_test,,,,,,
E99D9928851B3,primary,3,b16c6e15-30db-4b44-8a75-59cbffcb76e8,request_ecg_or_test,,,,,,
E99D9928851B3,second,3,b16c6e15-30db-4b44-8a75-59cbffcb76e8,request_ecg_or_test,,,,,,
E99D9928851B3,consensus,3,b16c6e15-30db-4b44-8a75-59cbffcb76e8,request_ecg_or_test,,,,,,
E99D9928851B3,primary,4,7ece3e7a-9ef8-4d69-9167-a790e30261c8,plan_reason,,,,,,
E99D9928851B3,second,4,7ece3e7a-9ef8-4d69-9167-a790e30261c8,plan_reason,,,,,,
E99D9928851B3,consensus,4,7ece3e7a-9ef8-4d69-9167-a790e30261c8,plan_reason,,,,,,
E99D9928851B3,primary,5,36566812-a830-4c2b-8201-b2ea452ea9ec,request_procedure,,,,,,
E99D9928851B3,second,5,36566812-a830-4c2b-8201-b2ea452ea9ec,request_procedure,,,,,,
E99D9928851B3,consensus,5,36566812-a830-4c2b-8201-b2ea452ea9ec,request_procedure,,,,,,
E99D9928851B3,primary,6,af170192-2293-40ce-9682-2a16c7a94b81,request_microbiology,,,,,,
E99D9928851B3,second,6,af170192-2293-40ce-9682-2a16c7a94b81,request_microbiology,,,,,,
E99D9928851B3,consensus,6,af170192-2293-40ce-9682-2a16c7a94b81,request_microbiology,,,,,,
E99D9928851B3,primary,7,0aa96e3e-b3bd-41fe-9b36-7ee407d45fe7,request_microbiology,,,,,,
E99D9928851B3,second,7,0aa96e3e-b3bd-41fe-9b36-7ee407d45fe7,request_microbiology,,,,,,
E99D9928851B3,consensus,7,0aa96e3e-b3bd-41fe-9b36-7ee407d45fe7,request_microbiology,,,,,,
E99D9928851B3,primary,8,6d749dbf-4e26-46b0-a7ba-7cff002dad89,ask_history,,,,,,
E99D9928851B3,second,8,6d749dbf-4e26-46b0-a7ba-7cff002dad89,ask_history,,,,,,
E99D9928851B3,consensus,8,6d749dbf-4e26-46b0-a7ba-7cff002dad89,ask_history,,,,,,
E99D9928851B3,primary,9,ab2e9c0c-3da8-4658-bf3b-298c73aa9c97,prescribe_medication,,,,,,
E99D9928851B3,second,9,ab2e9c0c-3da8-4658-bf3b-298c73aa9c97,prescribe_medication,,,,,,
E99D9928851B3,consensus,9,ab2e9c0c-3da8-4658-bf3b-298c73aa9c97,prescribe_medication,,,,,,
E99D9928851B3,primary,10,228e1be6-bb36-4472-94e5-09bf2632873f,request_procedure,,,,,,
E99D9928851B3,second,10,228e1be6-bb36-4472-94e5-09bf2632873f,request_procedure,,,,,,
E99D9928851B3,consensus,10,228e1be6-bb36-4472-94e5-09bf2632873f,request_procedure,,,,,,
E99D9928851B3,primary,11,222a2626-e2fa-42d5-be87-b4a4b9b286f9,final_diagnosis,,,,,,
E99D9928851B3,second,11,222a2626-e2fa-42d5-be87-b4a4b9b286f9,final_diagnosis,,,,,,
E99D9928851B3,consensus,11,222a2626-e2fa-42d5-be87-b4a4b9b286f9,final_diagnosis,,,,,,
E99D9928851B3,primary,12,0ac188a8-760e-4cec-a2e2-55d7e05400f2,disposition,,,,,,
E99D9928851B3,second,12,0ac188a8-760e-4cec-a2e2-55d7e05400f2,disposition,,,,,,
E99D9928851B3,consensus,12,0ac188a8-760e-4cec-a2e2-55d7e05400f2,disposition,,,,,,
ECAD0C9762767,primary,1,1939aa36-dc2e-4849-b16c-a8dfebae53e5,request_physical_exam,,,,,,
ECAD0C9762767,second,1,1939aa36-dc2e-4849-b16c-a8dfebae53e5,request_physical_exam,,,,,,
ECAD0C9762767,consensus,1,1939aa36-dc2e-4849-b16c-a8dfebae53e5,request_physical_exam,,,,,,
ECAD0C9762767,primary,2,ac81fad6-4403-483e-9956-f4e4beeaa483,request_ecg_or_test,,,,,,
ECAD0C9762767,second,2,ac81fad6-4403-483e-9956-f4e4beeaa483,request_ecg_or_test,,,,,,
ECAD0C9762767,consensus,2,ac81fad6-4403-483e-9956-f4e4beeaa483,request_ecg_or_test,,,,,,
ECAD0C9762767,primary,3,7689ba2f-d0a6-41a2-902c-56bb29c85dfa,plan_reason,,,,,,
ECAD0C9762767,second,3,7689ba2f-d0a6-41a2-902c-56bb29c85dfa,plan_reason,,,,,,
ECAD0C9762767,consensus,3,7689ba2f-d0a6-41a2-902c-56bb29c85dfa,plan_reason,,,,,,
ECAD0C9762767,primary,4,91b1418b-3615-4388-a3a1-569c87ec6954,request_lab,,,,,,
ECAD0C9762767,second,4,91b1418b-3615-4388-a3a1-569c87ec6954,request_lab,,,,,,
ECAD0C9762767,consensus,4,91b1418b-3615-4388-a3a1-569c87ec6954,request_lab,,,,,,
ECAD0C9762767,primary,5,7fe8d59a-0f83-421b-bc7a-2db49d79b182,request_imaging,,,,,,
ECAD0C9762767,second,5,7fe8d59a-0f83-421b-bc7a-2db49d79b182,request_imaging,,,,,,
ECAD0C9762767,consensus,5,7fe8d59a-0f83-421b-bc7a-2db49d79b182,request_imaging,,,,,,
ECAD0C9762767,primary,6,a1583483-0590-4801-a6ac-7a44ab236c1e,ask_history,,,,,,
ECAD0C9762767,second,6,a1583483-0590-4801-a6ac-7a44ab236c1e,ask_history,,,,,,
ECAD0C9762767,consensus,6,a1583483-0590-4801-a6ac-7a44ab236c1e,ask_history,,,,,,
ECAD0C9762767,primary,7,de942ff2-528b-42c2-b34d-cda8628bccbb,request_procedure,,,,,,
ECAD0C9762767,second,7,de942ff2-528b-42c2-b34d-cda8628bccbb,request_procedure,,,,,,
ECAD0C9762767,consensus,7,de942ff2-528b-42c2-b34d-cda8628bccbb,request_procedure,,,,,,
ECAD0C9762767,primary,8,b1b1e604-33a2-4c23-8cfb-62a852226668,final_diagnosis,,,,,,
ECAD0C9762767,second,8,b1b1e604-33a2-4c23-8cfb-62a852226668,final_diagnosis,,,,,,
ECAD0C9762767,consensus,8,b1b1e604-33a2-4c23-8cfb-62a852226668,final_diagnosis,,,,,,
ECAD0C9762767,primary,9,63196c22-afd0-4a88-a950-a7444b3bde6c,disposition,,,,,,
ECAD0C9762767,second,9,63196c22-afd0-4a88-a950-a7444b3bde6c,disposition,,,,,,
ECAD0C9762767,consensus,9,63196c22-afd0-4a88-a950-a7444b3bde6c,disposition,,,,,,
EE21DBB37ECC2,primary,1,adf172f1-a7e3-46d5-957e-609cb80f215d,request_physical_exam,,,,,,
EE21DBB37ECC2,second,1,adf172f1-a7e3-46d5-957e-609cb80f215d,request_physical_exam,,,,,,
EE21DBB37ECC2,consensus,1,adf172f1-a7e3-46d5-957e-609cb80f215d,request_physical_exam,,,,,,
EE21DBB37ECC2,primary,2,8002a7c8-4b10-42f4-8bfc-c29153ec9453,request_lab,,,,,,
EE21DBB37ECC2,second,2,8002a7c8-4b10-42f4-8bfc-c29153ec9453,request_lab,,,,,,
EE21DBB37ECC2,consensus,2,8002a7c8-4b10-42f4-8bfc-c29153ec9453,request_lab,,,,,,
EE21DBB37ECC2,primary,3,a9c2fcbf-c6de-4dcf-a700-b80e473a71a1,ask_history,,,,,,
EE21DBB37ECC2,second,3,a9c2fcbf-c6de-4dcf-a700-b80e473a71a1,ask_history,,,,,,
EE21DBB37ECC2,consensus,3,a9c2fcbf-c6de-4dcf-a700-b80e473a71a1,ask_history,,,,,,
EE21DBB37ECC2,primary,4,c6748743-35e1-4918-85bb-bf161d2da5b9,request_imaging,,,,,,
EE21DBB37ECC2,second,4,c6748743-35e1-4918-85bb-bf161d2da5b9,request_imaging,,,,,,
EE21DBB37ECC2,consensus,4,c6748743-35e1-4918-85bb-bf161d2da5b9,request_imaging,,,,,,
EE21DBB37ECC2,primary,5,512e8a13-4e36-4156-a567-fccb0f27cf38,ask_history,,,,,,
EE21DBB37ECC2,second,5,512e8a13-4e36-4156-a567-fccb0f27cf38,ask_history,,,,,,
EE21DBB37ECC2,consensus,5,512e8a13-4e36-4156-a567-fccb0f27cf38,ask_history,,,,,,
EE21DBB37ECC2,primary,6,a68f1b30-2ca3-4478-8394-1a781fcd05f0,request_imaging,,,,,,
EE21DBB37ECC2,second,6,a68f1b30-2ca3-4478-8394-1a781fcd05f0,request_imaging,,,,,,
EE21DBB37ECC2,consensus,6,a68f1b30-2ca3-4478-8394-1a781fcd05f0,request_imaging,,,,,,
EE21DBB37ECC2,primary,7,2309d4bb-a10f-48bd-a5bd-5654226e6532,request_lab,,,,,,
EE21DBB37ECC2,second,7,2309d4bb-a10f-48bd-a5bd-5654226e6532,request_lab,,,,,,
EE21DBB37ECC2,consensus,7,2309d4bb-a10f-48bd-a5bd-5654226e6532,request_lab,,,,,,
EE21DBB37ECC2,primary,8,bd09026f-9f78-48a2-b9a6-0870b0122ce3,ask_history,,,,,,
EE21DBB37ECC2,second,8,bd09026f-9f78-48a2-b9a6-0870b0122ce3,ask_history,,,,,,
EE21DBB37ECC2,consensus,8,bd09026f-9f78-48a2-b9a6-0870b0122ce3,ask_history,,,,,,
EE21DBB37ECC2,primary,9,dd74e97f-69f3-4ffe-a1bb-421b2cbdb8bf,request_imaging,,,,,,
EE21DBB37ECC2,second,9,dd74e97f-69f3-4ffe-a1bb-421b2cbdb8bf,request_imaging,,,,,,
EE21DBB37ECC2,consensus,9,dd74e97f-69f3-4ffe-a1bb-421b2cbdb8bf,request_imaging,,,,,,
EE21DBB37ECC2,primary,10,08848fe7-f960-4de8-9c5f-7fc72b3ab664,plan_reason,,,,,,
EE21DBB37ECC2,second,10,08848fe7-f960-4de8-9c5f-7fc72b3ab664,plan_reason,,,,,,
EE21DBB37ECC2,consensus,10,08848fe7-f960-4de8-9c5f-7fc72b3ab664,plan_reason,,,,,,
EE21DBB37ECC2,primary,11,cef58cdb-e7d3-42b7-9e23-abe025f00363,request_procedure,,,,,,
EE21DBB37ECC2,second,11,cef58cdb-e7d3-42b7-9e23-abe025f00363,request_procedure,,,,,,
EE21DBB37ECC2,consensus,11,cef58cdb-e7d3-42b7-9e23-abe025f00363,request_procedure,,,,,,
EE21DBB37ECC2,primary,12,55c03bdb-a8ec-4849-9f28-739debcc60ef,request_procedure,,,,,,
EE21DBB37ECC2,second,12,55c03bdb-a8ec-4849-9f28-739debcc60ef,request_procedure,,,,,,
EE21DBB37ECC2,consensus,12,55c03bdb-a8ec-4849-9f28-739debcc60ef,request_procedure,,,,,,
EE21DBB37ECC2,primary,13,9de61db6-2eae-4aab-ab21-ea481b932dc7,final_diagnosis,,,,,,
EE21DBB37ECC2,second,13,9de61db6-2eae-4aab-ab21-ea481b932dc7,final_diagnosis,,,,,,
EE21DBB37ECC2,consensus,13,9de61db6-2eae-4aab-ab21-ea481b932dc7,final_diagnosis,,,,,,
EE21DBB37ECC2,primary,14,88f6218c-6fa7-4e04-a7ef-2c847c98561c,disposition,,,,,,
EE21DBB37ECC2,second,14,88f6218c-6fa7-4e04-a7ef-2c847c98561c,disposition,,,,,,
EE21DBB37ECC2,consensus,14,88f6218c-6fa7-4e04-a7ef-2c847c98561c,disposition,,,,,,
E53C7096F2DD6,primary,1,2e5578f1-3fcf-4b98-bd8c-75fb4226a18b,request_physical_exam,,,,,,
E53C7096F2DD6,second,1,2e5578f1-3fcf-4b98-bd8c-75fb4226a18b,request_physical_exam,,,,,,
E53C7096F2DD6,consensus,1,2e5578f1-3fcf-4b98-bd8c-75fb4226a18b,request_physical_exam,,,,,,
E53C7096F2DD6,primary,2,f6af44da-5133-4a77-86ba-6d9951203fee,request_lab,,,,,,
E53C7096F2DD6,second,2,f6af44da-5133-4a77-86ba-6d9951203fee,request_lab,,,,,,
E53C7096F2DD6,consensus,2,f6af44da-5133-4a77-86ba-6d9951203fee,request_lab,,,,,,
E53C7096F2DD6,primary,3,526925df-f166-47eb-a862-694c417e6c83,ask_history,,,,,,
E53C7096F2DD6,second,3,526925df-f166-47eb-a862-694c417e6c83,ask_history,,,,,,
E53C7096F2DD6,consensus,3,526925df-f166-47eb-a862-694c417e6c83,ask_history,,,,,,
E53C7096F2DD6,primary,4,3d0a4302-bc9c-4ce2-bbbd-4cccf263137b,request_imaging,,,,,,
E53C7096F2DD6,second,4,3d0a4302-bc9c-4ce2-bbbd-4cccf263137b,request_imaging,,,,,,
E53C7096F2DD6,consensus,4,3d0a4302-bc9c-4ce2-bbbd-4cccf263137b,request_imaging,,,,,,
E53C7096F2DD6,primary,5,0ed05307-bc0e-40ab-b87a-8c9b39baa317,request_procedure,,,,,,
E53C7096F2DD6,second,5,0ed05307-bc0e-40ab-b87a-8c9b39baa317,request_procedure,,,,,,
E53C7096F2DD6,consensus,5,0ed05307-bc0e-40ab-b87a-8c9b39baa317,request_procedure,,,,,,
E53C7096F2DD6,primary,6,66e63ac8-04cd-4a5e-909a-ec14e9843eb4,plan_reason,,,,,,
E53C7096F2DD6,second,6,66e63ac8-04cd-4a5e-909a-ec14e9843eb4,plan_reason,,,,,,
E53C7096F2DD6,consensus,6,66e63ac8-04cd-4a5e-909a-ec14e9843eb4,plan_reason,,,,,,
E53C7096F2DD6,primary,7,6b359869-dfe6-412f-be8b-7d9056eeae1f,request_procedure,,,,,,
E53C7096F2DD6,second,7,6b359869-dfe6-412f-be8b-7d9056eeae1f,request_procedure,,,,,,
E53C7096F2DD6,consensus,7,6b359869-dfe6-412f-be8b-7d9056eeae1f,request_procedure,,,,,,
E53C7096F2DD6,primary,8,7356fbc9-cfe4-444a-a3be-308a2ceff7aa,ask_history,,,,,,
E53C7096F2DD6,second,8,7356fbc9-cfe4-444a-a3be-308a2ceff7aa,ask_history,,,,,,
E53C7096F2DD6,consensus,8,7356fbc9-cfe4-444a-a3be-308a2ceff7aa,ask_history,,,,,,
E53C7096F2DD6,primary,9,1fd88ae3-d665-447e-83c5-ca0634b49327,request_imaging,,,,,,
E53C7096F2DD6,second,9,1fd88ae3-d665-447e-83c5-ca0634b49327,request_imaging,,,,,,
E53C7096F2DD6,consensus,9,1fd88ae3-d665-447e-83c5-ca0634b49327,request_imaging,,,,,,
E53C7096F2DD6,primary,10,ba623899-a840-499b-867c-1f66385e243e,ask_history,,,,,,
E53C7096F2DD6,second,10,ba623899-a840-499b-867c-1f66385e243e,ask_history,,,,,,
E53C7096F2DD6,consensus,10,ba623899-a840-499b-867c-1f66385e243e,ask_history,,,,,,
E53C7096F2DD6,primary,11,cb816350-7ef3-48da-bfde-870b0028846f,request_physical_exam,,,,,,
E53C7096F2DD6,second,11,cb816350-7ef3-48da-bfde-870b0028846f,request_physical_exam,,,,,,
E53C7096F2DD6,consensus,11,cb816350-7ef3-48da-bfde-870b0028846f,request_physical_exam,,,,,,
E53C7096F2DD6,primary,12,54ce8f84-0120-4844-9ced-4587a0a42363,request_lab,,,,,,
E53C7096F2DD6,second,12,54ce8f84-0120-4844-9ced-4587a0a42363,request_lab,,,,,,
E53C7096F2DD6,consensus,12,54ce8f84-0120-4844-9ced-4587a0a42363,request_lab,,,,,,
E53C7096F2DD6,primary,13,90594885-e5cb-4827-b37d-3b9097b9b3c5,request_lab,,,,,,
E53C7096F2DD6,second,13,90594885-e5cb-4827-b37d-3b9097b9b3c5,request_lab,,,,,,
E53C7096F2DD6,consensus,13,90594885-e5cb-4827-b37d-3b9097b9b3c5,request_lab,,,,,,
E53C7096F2DD6,primary,14,41e72606-1f01-4435-9398-c642be349fa1,request_procedure,,,,,,
E53C7096F2DD6,second,14,41e72606-1f01-4435-9398-c642be349fa1,request_procedure,,,,,,
E53C7096F2DD6,consensus,14,41e72606-1f01-4435-9398-c642be349fa1,request_procedure,,,,,,
E53C7096F2DD6,primary,15,8bea7bf8-fd5d-4cc8-9057-0c5022503da1,final_diagnosis,,,,,,
E53C7096F2DD6,second,15,8bea7bf8-fd5d-4cc8-9057-0c5022503da1,final_diagnosis,,,,,,
E53C7096F2DD6,consensus,15,8bea7bf8-fd5d-4cc8-9057-0c5022503da1,final_diagnosis,,,,,,
E53C7096F2DD6,primary,16,63e0048a-3135-4b3b-954b-1116f4f563e5,disposition,,,,,,
E53C7096F2DD6,second,16,63e0048a-3135-4b3b-954b-1116f4f563e5,disposition,,,,,,
E53C7096F2DD6,consensus,16,63e0048a-3135-4b3b-954b-1116f4f563e5,disposition,,,,,,
EC5FDD9A2DC13,primary,1,978c6105-acd3-49ae-addc-040c27d3467d,request_physical_exam,,,,,,
EC5FDD9A2DC13,second,1,978c6105-acd3-49ae-addc-040c27d3467d,request_physical_exam,,,,,,
EC5FDD9A2DC13,consensus,1,978c6105-acd3-49ae-addc-040c27d3467d,request_physical_exam,,,,,,
EC5FDD9A2DC13,primary,2,4f42119f-4a61-4771-9c29-c99a675f5f98,request_imaging,,,,,,
EC5FDD9A2DC13,second,2,4f42119f-4a61-4771-9c29-c99a675f5f98,request_imaging,,,,,,
EC5FDD9A2DC13,consensus,2,4f42119f-4a61-4771-9c29-c99a675f5f98,request_imaging,,,,,,
EC5FDD9A2DC13,primary,3,e74c1a4c-2f56-45b0-963d-cc05c3abe3ae,ask_history,,,,,,
EC5FDD9A2DC13,second,3,e74c1a4c-2f56-45b0-963d-cc05c3abe3ae,ask_history,,,,,,
EC5FDD9A2DC13,consensus,3,e74c1a4c-2f56-45b0-963d-cc05c3abe3ae,ask_history,,,,,,
EC5FDD9A2DC13,primary,4,99bc9d9e-9f3b-498f-9c0c-4426f6b67289,plan_reason,,,,,,
EC5FDD9A2DC13,second,4,99bc9d9e-9f3b-498f-9c0c-4426f6b67289,plan_reason,,,,,,
EC5FDD9A2DC13,consensus,4,99bc9d9e-9f3b-498f-9c0c-4426f6b67289,plan_reason,,,,,,
EC5FDD9A2DC13,primary,5,d5ae003e-6f47-429d-b31d-e10234ec6332,request_procedure,,,,,,
EC5FDD9A2DC13,second,5,d5ae003e-6f47-429d-b31d-e10234ec6332,request_procedure,,,,,,
EC5FDD9A2DC13,consensus,5,d5ae003e-6f47-429d-b31d-e10234ec6332,request_procedure,,,,,,
EC5FDD9A2DC13,primary,6,963b7e16-fc24-4de9-aa87-53a4daaa0782,request_lab,,,,,,
EC5FDD9A2DC13,second,6,963b7e16-fc24-4de9-aa87-53a4daaa0782,request_lab,,,,,,
EC5FDD9A2DC13,consensus,6,963b7e16-fc24-4de9-aa87-53a4daaa0782,request_lab,,,,,,
EC5FDD9A2DC13,primary,7,9225b0e6-273a-44cc-81fd-7dac655d73b6,request_imaging,,,,,,
EC5FDD9A2DC13,second,7,9225b0e6-273a-44cc-81fd-7dac655d73b6,request_imaging,,,,,,
EC5FDD9A2DC13,consensus,7,9225b0e6-273a-44cc-81fd-7dac655d73b6,request_imaging,,,,,,
EC5FDD9A2DC13,primary,8,8c098a73-5aec-4fe9-a148-d04935bb5dd4,request_procedure,,,,,,
EC5FDD9A2DC13,second,8,8c098a73-5aec-4fe9-a148-d04935bb5dd4,request_procedure,,,,,,
EC5FDD9A2DC13,consensus,8,8c098a73-5aec-4fe9-a148-d04935bb5dd4,request_procedure,,,,,,
EC5FDD9A2DC13,primary,9,ef3775dd-ef2e-406c-88fc-3a1b4ee8f676,final_diagnosis,,,,,,
EC5FDD9A2DC13,second,9,ef3775dd-ef2e-406c-88fc-3a1b4ee8f676,final_diagnosis,,,,,,
EC5FDD9A2DC13,consensus,9,ef3775dd-ef2e-406c-88fc-3a1b4ee8f676,final_diagnosis,,,,,,
EC5FDD9A2DC13,primary,10,e989baa9-80b8-4135-9569-db53cb753091,disposition,,,,,,
EC5FDD9A2DC13,second,10,e989baa9-80b8-4135-9569-db53cb753091,disposition,,,,,,
EC5FDD9A2DC13,consensus,10,e989baa9-80b8-4135-9569-db53cb753091,disposition,,,,,,
E103114BE90BC,primary,1,f817cbdf-f008-495e-b3d6-ed650026a6c9,request_physical_exam,,,,,,
E103114BE90BC,second,1,f817cbdf-f008-495e-b3d6-ed650026a6c9,request_physical_exam,,,,,,
E103114BE90BC,consensus,1,f817cbdf-f008-495e-b3d6-ed650026a6c9,request_physical_exam,,,,,,
E103114BE90BC,primary,2,30bb240d-ac71-4585-8091-420ab4ab464f,request_imaging,,,,,,
E103114BE90BC,second,2,30bb240d-ac71-4585-8091-420ab4ab464f,request_imaging,,,,,,
E103114BE90BC,consensus,2,30bb240d-ac71-4585-8091-420ab4ab464f,request_imaging,,,,,,
E103114BE90BC,primary,3,2933fb61-2122-43ce-9756-3ddc08b1ebda,request_imaging,,,,,,
E103114BE90BC,second,3,2933fb61-2122-43ce-9756-3ddc08b1ebda,request_imaging,,,,,,
E103114BE90BC,consensus,3,2933fb61-2122-43ce-9756-3ddc08b1ebda,request_imaging,,,,,,
E103114BE90BC,primary,4,c032842a-4020-4c6e-9d83-01b296ec8465,plan_reason,,,,,,
E103114BE90BC,second,4,c032842a-4020-4c6e-9d83-01b296ec8465,plan_reason,,,,,,
E103114BE90BC,consensus,4,c032842a-4020-4c6e-9d83-01b296ec8465,plan_reason,,,,,,
E103114BE90BC,primary,5,64cd01dc-ad6e-4454-96f2-818acc47e097,request_procedure,,,,,,
E103114BE90BC,second,5,64cd01dc-ad6e-4454-96f2-818acc47e097,request_procedure,,,,,,
E103114BE90BC,consensus,5,64cd01dc-ad6e-4454-96f2-818acc47e097,request_procedure,,,,,,
E103114BE90BC,primary,6,3d9b9e59-f7b8-4d5b-9175-b91e602f0e13,ask_history,,,,,,
E103114BE90BC,second,6,3d9b9e59-f7b8-4d5b-9175-b91e602f0e13,ask_history,,,,,,
E103114BE90BC,consensus,6,3d9b9e59-f7b8-4d5b-9175-b91e602f0e13,ask_history,,,,,,
E103114BE90BC,primary,7,8ecdf2dd-7c10-4f88-8357-ce8b9495708d,request_imaging,,,,,,
E103114BE90BC,second,7,8ecdf2dd-7c10-4f88-8357-ce8b9495708d,request_imaging,,,,,,
E103114BE90BC,consensus,7,8ecdf2dd-7c10-4f88-8357-ce8b9495708d,request_imaging,,,,,,
E103114BE90BC,primary,8,54250f8c-b1e3-4013-9d52-c2029bbb9d08,request_procedure,,,,,,
E103114BE90BC,second,8,54250f8c-b1e3-4013-9d52-c2029bbb9d08,request_procedure,,,,,,
E103114BE90BC,consensus,8,54250f8c-b1e3-4013-9d52-c2029bbb9d08,request_procedure,,,,,,
E103114BE90BC,primary,9,de14fa56-b0ee-4d81-afee-545d8af24a48,final_diagnosis,,,,,,
E103114BE90BC,second,9,de14fa56-b0ee-4d81-afee-545d8af24a48,final_diagnosis,,,,,,
E103114BE90BC,consensus,9,de14fa56-b0ee-4d81-afee-545d8af24a48,final_diagnosis,,,,,,
E103114BE90BC,primary,10,4c002d41-6c3f-4b47-bdf0-7af85e025e1a,disposition,,,,,,
E103114BE90BC,second,10,4c002d41-6c3f-4b47-bdf0-7af85e025e1a,disposition,,,,,,
E103114BE90BC,consensus,10,4c002d41-6c3f-4b47-bdf0-7af85e025e1a,disposition,,,,,,
EE723BD7AF898,primary,1,ac0e045e-45fe-4350-91a7-1ef8222591cc,request_physical_exam,,,,,,
EE723BD7AF898,second,1,ac0e045e-45fe-4350-91a7-1ef8222591cc,request_physical_exam,,,,,,
EE723BD7AF898,consensus,1,ac0e045e-45fe-4350-91a7-1ef8222591cc,request_physical_exam,,,,,,
EE723BD7AF898,primary,2,6ff90bac-7e3a-4ef5-820d-88f6dc0bbe98,request_imaging,,,,,,
EE723BD7AF898,second,2,6ff90bac-7e3a-4ef5-820d-88f6dc0bbe98,request_imaging,,,,,,
EE723BD7AF898,consensus,2,6ff90bac-7e3a-4ef5-820d-88f6dc0bbe98,request_imaging,,,,,,
EE723BD7AF898,primary,3,168f2c42-a46f-465d-bda8-1f3bd2328166,request_imaging,,,,,,
EE723BD7AF898,second,3,168f2c42-a46f-465d-bda8-1f3bd2328166,request_imaging,,,,,,
EE723BD7AF898,consensus,3,168f2c42-a46f-465d-bda8-1f3bd2328166,request_imaging,,,,,,
EE723BD7AF898,primary,4,a4edfc82-c121-481b-9160-63e72a20edfe,plan_reason,,,,,,
EE723BD7AF898,second,4,a4edfc82-c121-481b-9160-63e72a20edfe,plan_reason,,,,,,
EE723BD7AF898,consensus,4,a4edfc82-c121-481b-9160-63e72a20edfe,plan_reason,,,,,,
EE723BD7AF898,primary,5,ea0478b8-974a-4ada-8d24-5a8bd06b1d50,request_procedure,,,,,,
EE723BD7AF898,second,5,ea0478b8-974a-4ada-8d24-5a8bd06b1d50,request_procedure,,,,,,
EE723BD7AF898,consensus,5,ea0478b8-974a-4ada-8d24-5a8bd06b1d50,request_procedure,,,,,,
EE723BD7AF898,primary,6,5a6e8210-c774-43dd-ace6-6601e1bf43f5,ask_history,,,,,,
EE723BD7AF898,second,6,5a6e8210-c774-43dd-ace6-6601e1bf43f5,ask_history,,,,,,
EE723BD7AF898,consensus,6,5a6e8210-c774-43dd-ace6-6601e1bf43f5,ask_history,,,,,,
EE723BD7AF898,primary,7,9edd15f8-d60e-4cd8-a8b9-2f47e832b742,request_physical_exam,,,,,,
EE723BD7AF898,second,7,9edd15f8-d60e-4cd8-a8b9-2f47e832b742,request_physical_exam,,,,,,
EE723BD7AF898,consensus,7,9edd15f8-d60e-4cd8-a8b9-2f47e832b742,request_physical_exam,,,,,,
EE723BD7AF898,primary,8,5bb93ada-e958-49d3-be4f-92f6f0be2627,request_imaging,,,,,,
EE723BD7AF898,second,8,5bb93ada-e958-49d3-be4f-92f6f0be2627,request_imaging,,,,,,
EE723BD7AF898,consensus,8,5bb93ada-e958-49d3-be4f-92f6f0be2627,request_imaging,,,,,,
EE723BD7AF898,primary,9,80623e6e-3980-41e4-a015-3cfc88f786e0,final_diagnosis,,,,,,
EE723BD7AF898,second,9,80623e6e-3980-41e4-a015-3cfc88f786e0,final_diagnosis,,,,,,
EE723BD7AF898,consensus,9,80623e6e-3980-41e4-a015-3cfc88f786e0,final_diagnosis,,,,,,
EE723BD7AF898,primary,10,42295393-e502-4a25-945e-99ec616bd92d,disposition,,,,,,
EE723BD7AF898,second,10,42295393-e502-4a25-945e-99ec616bd92d,disposition,,,,,,
EE723BD7AF898,consensus,10,42295393-e502-4a25-945e-99ec616bd92d,disposition,,,,,,
E0C9F50CA8F8A,primary,1,0a1e2537-c82d-4d18-9b76-bbbcfed07dbd,request_physical_exam,,,,,,
E0C9F50CA8F8A,second,1,0a1e2537-c82d-4d18-9b76-bbbcfed07dbd,request_physical_exam,,,,,,
E0C9F50CA8F8A,consensus,1,0a1e2537-c82d-4d18-9b76-bbbcfed07dbd,request_physical_exam,,,,,,
E0C9F50CA8F8A,primary,2,2426ff1f-a3fc-4c92-9306-5a488ee50b10,request_imaging,,,,,,
E0C9F50CA8F8A,second,2,2426ff1f-a3fc-4c92-9306-5a488ee50b10,request_imaging,,,,,,
E0C9F50CA8F8A,consensus,2,2426ff1f-a3fc-4c92-9306-5a488ee50b10,request_imaging,,,,,,
E0C9F50CA8F8A,primary,3,8d844a77-16b6-44b1-9dda-95f66f59f48e,plan_reason,,,,,,
E0C9F50CA8F8A,second,3,8d844a77-16b6-44b1-9dda-95f66f59f48e,plan_reason,,,,,,
E0C9F50CA8F8A,consensus,3,8d844a77-16b6-44b1-9dda-95f66f59f48e,plan_reason,,,,,,
E0C9F50CA8F8A,primary,4,cdc9f747-5003-4f84-a718-f0597f05dcc1,request_procedure,,,,,,
E0C9F50CA8F8A,second,4,cdc9f747-5003-4f84-a718-f0597f05dcc1,request_procedure,,,,,,
E0C9F50CA8F8A,consensus,4,cdc9f747-5003-4f84-a718-f0597f05dcc1,request_procedure,,,,,,
E0C9F50CA8F8A,primary,5,9aa903e5-3c2f-46a1-96a5-ca83533b5190,final_diagnosis,,,,,,
E0C9F50CA8F8A,second,5,9aa903e5-3c2f-46a1-96a5-ca83533b5190,final_diagnosis,,,,,,
E0C9F50CA8F8A,consensus,5,9aa903e5-3c2f-46a1-96a5-ca83533b5190,final_diagnosis,,,,,,
E0C9F50CA8F8A,primary,6,88f23b71-8e80-4043-b31f-0478221d9436,disposition,,,,,,
E0C9F50CA8F8A,second,6,88f23b71-8e80-4043-b31f-0478221d9436,disposition,,,,,,
E0C9F50CA8F8A,consensus,6,88f23b71-8e80-4043-b31f-0478221d9436,disposition,,,,,,
E9E260580D862,primary,1,03b75719-8c83-4e19-9241-f90587443ea3,request_physical_exam,,,,,,
E9E260580D862,second,1,03b75719-8c83-4e19-9241-f90587443ea3,request_physical_exam,,,,,,
E9E260580D862,consensus,1,03b75719-8c83-4e19-9241-f90587443ea3,request_physical_exam,,,,,,
E9E260580D862,primary,2,c8c975fc-7205-4add-a668-009b04d00593,request_ecg_or_test,,,,,,
E9E260580D862,second,2,c8c975fc-7205-4add-a668-009b04d00593,request_ecg_or_test,,,,,,
E9E260580D862,consensus,2,c8c975fc-7205-4add-a668-009b04d00593,request_ecg_or_test,,,,,,
E9E260580D862,primary,3,4b51ef20-f686-408e-88c8-53d757d3f75e,request_lab,,,,,,
E9E260580D862,second,3,4b51ef20-f686-408e-88c8-53d757d3f75e,request_lab,,,,,,
E9E260580D862,consensus,3,4b51ef20-f686-408e-88c8-53d757d3f75e,request_lab,,,,,,
E9E260580D862,primary,4,659c0df0-f88f-4751-b0a7-fb5f2fe941f0,ask_history,,,,,,
E9E260580D862,second,4,659c0df0-f88f-4751-b0a7-fb5f2fe941f0,ask_history,,,,,,
E9E260580D862,consensus,4,659c0df0-f88f-4751-b0a7-fb5f2fe941f0,ask_history,,,,,,
E9E260580D862,primary,5,9b5c4836-cd45-473e-a72c-890a9cd03841,plan_reason,,,,,,
E9E260580D862,second,5,9b5c4836-cd45-473e-a72c-890a9cd03841,plan_reason,,,,,,
E9E260580D862,consensus,5,9b5c4836-cd45-473e-a72c-890a9cd03841,plan_reason,,,,,,
E9E260580D862,primary,6,899a92fd-abe3-4ab7-8b12-aff9b2f7581e,request_ecg_or_test,,,,,,
E9E260580D862,second,6,899a92fd-abe3-4ab7-8b12-aff9b2f7581e,request_ecg_or_test,,,,,,
E9E260580D862,consensus,6,899a92fd-abe3-4ab7-8b12-aff9b2f7581e,request_ecg_or_test,,,,,,
E9E260580D862,primary,7,742426db-eed8-44ec-ac39-d6e93e9636e0,request_procedure,,,,,,
E9E260580D862,second,7,742426db-eed8-44ec-ac39-d6e93e9636e0,request_procedure,,,,,,
E9E260580D862,consensus,7,742426db-eed8-44ec-ac39-d6e93e9636e0,request_procedure,,,,,,
E9E260580D862,primary,8,1b50a12c-8287-4cd8-9534-4c111671716b,request_procedure,,,,,,
E9E260580D862,second,8,1b50a12c-8287-4cd8-9534-4c111671716b,request_procedure,,,,,,
E9E260580D862,consensus,8,1b50a12c-8287-4cd8-9534-4c111671716b,request_procedure,,,,,,
E9E260580D862,primary,9,1027a291-f0ab-4957-bbdf-e519d5c3aa05,final_diagnosis,,,,,,
E9E260580D862,second,9,1027a291-f0ab-4957-bbdf-e519d5c3aa05,final_diagnosis,,,,,,
E9E260580D862,consensus,9,1027a291-f0ab-4957-bbdf-e519d5c3aa05,final_diagnosis,,,,,,
E9E260580D862,primary,10,817af344-d637-40ce-88d2-d69c1af121b7,disposition,,,,,,
E9E260580D862,second,10,817af344-d637-40ce-88d2-d69c1af121b7,disposition,,,,,,
E9E260580D862,consensus,10,817af344-d637-40ce-88d2-d69c1af121b7,disposition,,,,,,
EA97AF44FE37C,primary,1,9665c787-ac29-4eb4-bcc4-783676cd0d46,request_physical_exam,,,,,,
EA97AF44FE37C,second,1,9665c787-ac29-4eb4-bcc4-783676cd0d46,request_physical_exam,,,,,,
EA97AF44FE37C,consensus,1,9665c787-ac29-4eb4-bcc4-783676cd0d46,request_physical_exam,,,,,,
EA97AF44FE37C,primary,2,75b1313b-0cee-461a-8a0e-17b7f701544f,ask_history,,,,,,
EA97AF44FE37C,second,2,75b1313b-0cee-461a-8a0e-17b7f701544f,ask_history,,,,,,
EA97AF44FE37C,consensus,2,75b1313b-0cee-461a-8a0e-17b7f701544f,ask_history,,,,,,
EA97AF44FE37C,primary,3,9740a8f8-52da-488f-9c95-2e3fe549ca87,request_imaging,,,,,,
EA97AF44FE37C,second,3,9740a8f8-52da-488f-9c95-2e3fe549ca87,request_imaging,,,,,,
EA97AF44FE37C,consensus,3,9740a8f8-52da-488f-9c95-2e3fe549ca87,request_imaging,,,,,,
EA97AF44FE37C,primary,4,96d11a23-c72f-4bc6-aa32-6cb798babb8b,plan_reason,,,,,,
EA97AF44FE37C,second,4,96d11a23-c72f-4bc6-aa32-6cb798babb8b,plan_reason,,,,,,
EA97AF44FE37C,consensus,4,96d11a23-c72f-4bc6-aa32-6cb798babb8b,plan_reason,,,,,,
EA97AF44FE37C,primary,5,758e5e35-dd8e-43c0-b853-857d2d38dc38,request_procedure,,,,,,
EA97AF44FE37C,second,5,758e5e35-dd8e-43c0-b853-857d2d38dc38,request_procedure,,,,,,
EA97AF44FE37C,consensus,5,758e5e35-dd8e-43c0-b853-857d2d38dc38,request_procedure,,,,,,
EA97AF44FE37C,primary,6,78b412db-4784-4da5-bd7b-e64ea02c991b,request_lab,,,,,,
EA97AF44FE37C,second,6,78b412db-4784-4da5-bd7b-e64ea02c991b,request_lab,,,,,,
EA97AF44FE37C,consensus,6,78b412db-4784-4da5-bd7b-e64ea02c991b,request_lab,,,,,,
EA97AF44FE37C,primary,7,220f7865-3d8a-4892-9ff4-ebce9784f1f3,request_imaging,,,,,,
EA97AF44FE37C,second,7,220f7865-3d8a-4892-9ff4-ebce9784f1f3,request_imaging,,,,,,
EA97AF44FE37C,consensus,7,220f7865-3d8a-4892-9ff4-ebce9784f1f3,request_imaging,,,,,,
EA97AF44FE37C,primary,8,912e141e-fa8d-428c-9104-ddcf8ecae817,request_procedure,,,,,,
EA97AF44FE37C,second,8,912e141e-fa8d-428c-9104-ddcf8ecae817,request_procedure,,,,,,
EA97AF44FE37C,consensus,8,912e141e-fa8d-428c-9104-ddcf8ecae817,request_procedure,,,,,,
EA97AF44FE37C,primary,9,12d57741-264b-496b-860a-824ede245c1e,ask_history,,,,,,
EA97AF44FE37C,second,9,12d57741-264b-496b-860a-824ede245c1e,ask_history,,,,,,
EA97AF44FE37C,consensus,9,12d57741-264b-496b-860a-824ede245c1e,ask_history,,,,,,
EA97AF44FE37C,primary,10,94569d15-4aa4-478f-a577-3017530bf900,request_imaging,,,,,,
EA97AF44FE37C,second,10,94569d15-4aa4-478f-a577-3017530bf900,request_imaging,,,,,,
EA97AF44FE37C,consensus,10,94569d15-4aa4-478f-a577-3017530bf900,request_imaging,,,,,,
EA97AF44FE37C,primary,11,59c6cc51-4932-46b9-88e6-2993a8fa0a67,final_diagnosis,,,,,,
EA97AF44FE37C,second,11,59c6cc51-4932-46b9-88e6-2993a8fa0a67,final_diagnosis,,,,,,
EA97AF44FE37C,consensus,11,59c6cc51-4932-46b9-88e6-2993a8fa0a67,final_diagnosis,,,,,,
EA97AF44FE37C,primary,12,ab24eb4f-08df-4b9d-8f88-1cbadba31671,disposition,,,,,,
EA97AF44FE37C,second,12,ab24eb4f-08df-4b9d-8f88-1cbadba31671,disposition,,,,,,
EA97AF44FE37C,consensus,12,ab24eb4f-08df-4b9d-8f88-1cbadba31671,disposition,,,,,,
E8F5A22D9BD55,primary,1,e378a497-88e0-4ce3-8c2f-bbe7b2545b71,request_physical_exam,,,,,,
E8F5A22D9BD55,second,1,e378a497-88e0-4ce3-8c2f-bbe7b2545b71,request_physical_exam,,,,,,
E8F5A22D9BD55,consensus,1,e378a497-88e0-4ce3-8c2f-bbe7b2545b71,request_physical_exam,,,,,,
E8F5A22D9BD55,primary,2,bc3ebaf3-a4bc-4b7c-be86-7d442bb9a837,ask_history,,,,,,
E8F5A22D9BD55,second,2,bc3ebaf3-a4bc-4b7c-be86-7d442bb9a837,ask_history,,,,,,
E8F5A22D9BD55,consensus,2,bc3ebaf3-a4bc-4b7c-be86-7d442bb9a837,ask_history,,,,,,
E8F5A22D9BD55,primary,3,d8a43dc9-e206-4053-8f85-969e56a80fce,request_lab,,,,,,
E8F5A22D9BD55,second,3,d8a43dc9-e206-4053-8f85-969e56a80fce,request_lab,,,,,,
E8F5A22D9BD55,consensus,3,d8a43dc9-e206-4053-8f85-969e56a80fce,request_lab,,,,,,
E8F5A22D9BD55,primary,4,8ae278e1-a9c2-4598-aff5-7744fa12273f,ask_history,,,,,,
E8F5A22D9BD55,second,4,8ae278e1-a9c2-4598-aff5-7744fa12273f,ask_history,,,,,,
E8F5A22D9BD55,consensus,4,8ae278e1-a9c2-4598-aff5-7744fa12273f,ask_history,,,,,,
E8F5A22D9BD55,primary,5,dfddcf83-51b6-414a-a4b7-4dfb9628e184,request_imaging,,,,,,
E8F5A22D9BD55,second,5,dfddcf83-51b6-414a-a4b7-4dfb9628e184,request_imaging,,,,,,
E8F5A22D9BD55,consensus,5,dfddcf83-51b6-414a-a4b7-4dfb9628e184,request_imaging,,,,,,
E8F5A22D9BD55,primary,6,bbca1ad0-0753-409c-a46d-1177e0cd3eef,plan_reason,,,,,,
E8F5A22D9BD55,second,6,bbca1ad0-0753-409c-a46d-1177e0cd3eef,plan_reason,,,,,,
E8F5A22D9BD55,consensus,6,bbca1ad0-0753-409c-a46d-1177e0cd3eef,plan_reason,,,,,,
E8F5A22D9BD55,primary,7,dbdddd44-608a-4b1d-9bf0-86ac4b8a2024,request_ecg_or_test,,,,,,
E8F5A22D9BD55,second,7,dbdddd44-608a-4b1d-9bf0-86ac4b8a2024,request_ecg_or_test,,,,,,
E8F5A22D9BD55,consensus,7,dbdddd44-608a-4b1d-9bf0-86ac4b8a2024,request_ecg_or_test,,,,,,
E8F5A22D9BD55,primary,8,027f48f4-c98f-4b28-82e1-c707b9a97b51,ask_history,,,,,,
E8F5A22D9BD55,second,8,027f48f4-c98f-4b28-82e1-c707b9a97b51,ask_history,,,,,,
E8F5A22D9BD55,consensus,8,027f48f4-c98f-4b28-82e1-c707b9a97b51,ask_history,,,,,,
E8F5A22D9BD55,primary,9,cb5f0bf0-2310-4bc2-8569-507fa91ccbfd,request_physical_exam,,,,,,
E8F5A22D9BD55,second,9,cb5f0bf0-2310-4bc2-8569-507fa91ccbfd,request_physical_exam,,,,,,
E8F5A22D9BD55,consensus,9,cb5f0bf0-2310-4bc2-8569-507fa91ccbfd,request_physical_exam,,,,,,
E8F5A22D9BD55,primary,10,0eee415a-c44e-44fa-b244-eec740ff136a,final_diagnosis,,,,,,
E8F5A22D9BD55,second,10,0eee415a-c44e-44fa-b244-eec740ff136a,final_diagnosis,,,,,,
E8F5A22D9BD55,consensus,10,0eee415a-c44e-44fa-b244-eec740ff136a,final_diagnosis,,,,,,
E8F5A22D9BD55,primary,11,98612513-cf9d-4399-8fc3-b952a62dc969,disposition,,,,,,
E8F5A22D9BD55,second,11,98612513-cf9d-4399-8fc3-b952a62dc969,disposition,,,,,,
E8F5A22D9BD55,consensus,11,98612513-cf9d-4399-8fc3-b952a62dc969,disposition,,,,,,
E550F07522CF5,primary,1,2ca02641-70d4-4b77-90cc-ab9572a400c9,request_physical_exam,,,,,,
E550F07522CF5,second,1,2ca02641-70d4-4b77-90cc-ab9572a400c9,request_physical_exam,,,,,,
E550F07522CF5,consensus,1,2ca02641-70d4-4b77-90cc-ab9572a400c9,request_physical_exam,,,,,,
E550F07522CF5,primary,2,84baaba1-3087-4021-acd0-1bb906ead8de,request_lab,,,,,,
E550F07522CF5,second,2,84baaba1-3087-4021-acd0-1bb906ead8de,request_lab,,,,,,
E550F07522CF5,consensus,2,84baaba1-3087-4021-acd0-1bb906ead8de,request_lab,,,,,,
E550F07522CF5,primary,3,95379641-f96a-4ff4-9abc-499c55be7c81,ask_history,,,,,,
E550F07522CF5,second,3,95379641-f96a-4ff4-9abc-499c55be7c81,ask_history,,,,,,
E550F07522CF5,consensus,3,95379641-f96a-4ff4-9abc-499c55be7c81,ask_history,,,,,,
E550F07522CF5,primary,4,554bc934-a848-4046-a91e-9828ed71aeba,request_imaging,,,,,,
E550F07522CF5,second,4,554bc934-a848-4046-a91e-9828ed71aeba,request_imaging,,,,,,
E550F07522CF5,consensus,4,554bc934-a848-4046-a91e-9828ed71aeba,request_imaging,,,,,,
E550F07522CF5,primary,5,444e34ca-3ba9-463a-8710-d95d7e071545,ask_history,,,,,,
E550F07522CF5,second,5,444e34ca-3ba9-463a-8710-d95d7e071545,ask_history,,,,,,
E550F07522CF5,consensus,5,444e34ca-3ba9-463a-8710-d95d7e071545,ask_history,,,,,,
E550F07522CF5,primary,6,b1460e7c-84f9-4f28-a41a-061fe464d5d0,request_microbiology,,,,,,
E550F07522CF5,second,6,b1460e7c-84f9-4f28-a41a-061fe464d5d0,request_microbiology,,,,,,
E550F07522CF5,consensus,6,b1460e7c-84f9-4f28-a41a-061fe464d5d0,request_microbiology,,,,,,
E550F07522CF5,primary,7,1642add9-3c57-43b3-b177-386b7d3a430b,plan_reason,,,,,,
E550F07522CF5,second,7,1642add9-3c57-43b3-b177-386b7d3a430b,plan_reason,,,,,,
E550F07522CF5,consensus,7,1642add9-3c57-43b3-b177-386b7d3a430b,plan_reason,,,,,,
E550F07522CF5,primary,8,a4836fb7-6cf9-4e9d-8cfb-ff557be5c0dc,request_ecg_or_test,,,,,,
E550F07522CF5,second,8,a4836fb7-6cf9-4e9d-8cfb-ff557be5c0dc,request_ecg_or_test,,,,,,
E550F07522CF5,consensus,8,a4836fb7-6cf9-4e9d-8cfb-ff557be5c0dc,request_ecg_or_test,,,,,,
E550F07522CF5,primary,9,2e63466e-0478-4d10-9288-26ab313c772b,ask_history,,,,,,
E550F07522CF5,second,9,2e63466e-0478-4d10-9288-26ab313c772b,ask_history,,,,,,
E550F07522CF5,consensus,9,2e63466e-0478-4d10-9288-26ab313c772b,ask_history,,,,,,
E550F07522CF5,primary,10,76f81d52-322c-41b6-9046-e6c4ac963c36,final_diagnosis,,,,,,
E550F07522CF5,second,10,76f81d52-322c-41b6-9046-e6c4ac963c36,final_diagnosis,,,,,,
E550F07522CF5,consensus,10,76f81d52-322c-41b6-9046-e6c4ac963c36,final_diagnosis,,,,,,
E550F07522CF5,primary,11,9f866722-534a-465b-8a65-fc2e1ed31838,disposition,,,,,,
E550F07522CF5,second,11,9f866722-534a-465b-8a65-fc2e1ed31838,disposition,,,,,,
E550F07522CF5,consensus,11,9f866722-534a-465b-8a65-fc2e1ed31838,disposition,,,,,,
E787F0F94AC38,primary,1,0f5f9a63-aa65-40be-891c-2f8c1231f1c9,request_physical_exam,,,,,,
E787F0F94AC38,second,1,0f5f9a63-aa65-40be-891c-2f8c1231f1c9,request_physical_exam,,,,,,
E787F0F94AC38,consensus,1,0f5f9a63-aa65-40be-891c-2f8c1231f1c9,request_physical_exam,,,,,,
E787F0F94AC38,primary,2,796df0f7-48fe-46c4-a035-c5e26fbf2981,request_imaging,,,,,,
E787F0F94AC38,second,2,796df0f7-48fe-46c4-a035-c5e26fbf2981,request_imaging,,,,,,
E787F0F94AC38,consensus,2,796df0f7-48fe-46c4-a035-c5e26fbf2981,request_imaging,,,,,,
E787F0F94AC38,primary,3,41facc74-fb72-4b07-bfff-884121d8ff8a,plan_reason,,,,,,
E787F0F94AC38,second,3,41facc74-fb72-4b07-bfff-884121d8ff8a,plan_reason,,,,,,
E787F0F94AC38,consensus,3,41facc74-fb72-4b07-bfff-884121d8ff8a,plan_reason,,,,,,
E787F0F94AC38,primary,4,f317ed68-ae59-4178-91c9-e9d6faa4fd89,request_procedure,,,,,,
E787F0F94AC38,second,4,f317ed68-ae59-4178-91c9-e9d6faa4fd89,request_procedure,,,,,,
E787F0F94AC38,consensus,4,f317ed68-ae59-4178-91c9-e9d6faa4fd89,request_procedure,,,,,,
E787F0F94AC38,primary,5,e26ccbcd-449f-4b8d-9bbd-4fb0cfe281b9,final_diagnosis,,,,,,
E787F0F94AC38,second,5,e26ccbcd-449f-4b8d-9bbd-4fb0cfe281b9,final_diagnosis,,,,,,
E787F0F94AC38,consensus,5,e26ccbcd-449f-4b8d-9bbd-4fb0cfe281b9,final_diagnosis,,,,,,
E787F0F94AC38,primary,6,b11a9c3e-6f1d-4747-b8fb-9fac47eb5f85,disposition,,,,,,
E787F0F94AC38,second,6,b11a9c3e-6f1d-4747-b8fb-9fac47eb5f85,disposition,,,,,,
E787F0F94AC38,consensus,6,b11a9c3e-6f1d-4747-b8fb-9fac47eb5f85,disposition,,,,,,
E7ECB2283CD64,primary,1,13117b14-cc0d-4f68-aa11-3c99d390a82f,request_physical_exam,,,,,,
E7ECB2283CD64,second,1,13117b14-cc0d-4f68-aa11-3c99d390a82f,request_physical_exam,,,,,,
E7ECB2283CD64,consensus,1,13117b14-cc0d-4f68-aa11-3c99d390a82f,request_physical_exam,,,,,,
E7ECB2283CD64,primary,2,796bbee0-a253-4bcc-b905-c07c4006a9b3,request_imaging,,,,,,
E7ECB2283CD64,second,2,796bbee0-a253-4bcc-b905-c07c4006a9b3,request_imaging,,,,,,
E7ECB2283CD64,consensus,2,796bbee0-a253-4bcc-b905-c07c4006a9b3,request_imaging,,,,,,
E7ECB2283CD64,primary,3,d62219be-17d7-4678-877d-3c7e52bd11d6,request_imaging,,,,,,
E7ECB2283CD64,second,3,d62219be-17d7-4678-877d-3c7e52bd11d6,request_imaging,,,,,,
E7ECB2283CD64,consensus,3,d62219be-17d7-4678-877d-3c7e52bd11d6,request_imaging,,,,,,
E7ECB2283CD64,primary,4,625e428e-b19f-498b-ae49-4b024abc3c63,ask_history,,,,,,
E7ECB2283CD64,second,4,625e428e-b19f-498b-ae49-4b024abc3c63,ask_history,,,,,,
E7ECB2283CD64,consensus,4,625e428e-b19f-498b-ae49-4b024abc3c63,ask_history,,,,,,
E7ECB2283CD64,primary,5,be9bc2ba-4e37-48e9-9359-83bc316343ed,request_imaging,,,,,,
E7ECB2283CD64,second,5,be9bc2ba-4e37-48e9-9359-83bc316343ed,request_imaging,,,,,,
E7ECB2283CD64,consensus,5,be9bc2ba-4e37-48e9-9359-83bc316343ed,request_imaging,,,,,,
E7ECB2283CD64,primary,6,1696e14b-0268-4c0b-b2f8-052a982b18a2,plan_reason,,,,,,
E7ECB2283CD64,second,6,1696e14b-0268-4c0b-b2f8-052a982b18a2,plan_reason,,,,,,
E7ECB2283CD64,consensus,6,1696e14b-0268-4c0b-b2f8-052a982b18a2,plan_reason,,,,,,
E7ECB2283CD64,primary,7,a3532b0f-38b0-480c-92f3-4449d23dd895,request_procedure,,,,,,
E7ECB2283CD64,second,7,a3532b0f-38b0-480c-92f3-4449d23dd895,request_procedure,,,,,,
E7ECB2283CD64,consensus,7,a3532b0f-38b0-480c-92f3-4449d23dd895,request_procedure,,,,,,
E7ECB2283CD64,primary,8,671cfe1f-0d24-4d1c-8522-e06da488947c,final_diagnosis,,,,,,
E7ECB2283CD64,second,8,671cfe1f-0d24-4d1c-8522-e06da488947c,final_diagnosis,,,,,,
E7ECB2283CD64,consensus,8,671cfe1f-0d24-4d1c-8522-e06da488947c,final_diagnosis,,,,,,
E7ECB2283CD64,primary,9,5eac9351-cacf-4399-b326-d7e31d11328b,disposition,,,,,,
E7ECB2283CD64,second,9,5eac9351-cacf-4399-b326-d7e31d11328b,disposition,,,,,,
E7ECB2283CD64,consensus,9,5eac9351-cacf-4399-b326-d7e31d11328b,disposition,,,,,,
ED7F889442663,primary,1,cafa4143-840d-441b-9aed-f4728eade73a,request_physical_exam,,,,,,
ED7F889442663,second,1,cafa4143-840d-441b-9aed-f4728eade73a,request_physical_exam,,,,,,
ED7F889442663,consensus,1,cafa4143-840d-441b-9aed-f4728eade73a,request_physical_exam,,,,,,
ED7F889442663,primary,2,717b8f9c-533d-44d3-b128-af9556100b2c,request_physical_exam,,,,,,
ED7F889442663,second,2,717b8f9c-533d-44d3-b128-af9556100b2c,request_physical_exam,,,,,,
ED7F889442663,consensus,2,717b8f9c-533d-44d3-b128-af9556100b2c,request_physical_exam,,,,,,
ED7F889442663,primary,3,f6efde65-a4ac-406e-990f-17c32c3bec65,request_imaging,,,,,,
ED7F889442663,second,3,f6efde65-a4ac-406e-990f-17c32c3bec65,request_imaging,,,,,,
ED7F889442663,consensus,3,f6efde65-a4ac-406e-990f-17c32c3bec65,request_imaging,,,,,,
ED7F889442663,primary,4,2d40c0cb-49f8-4b54-a6ee-67b45619cc03,plan_reason,,,,,,
ED7F889442663,second,4,2d40c0cb-49f8-4b54-a6ee-67b45619cc03,plan_reason,,,,,,
ED7F889442663,consensus,4,2d40c0cb-49f8-4b54-a6ee-67b45619cc03,plan_reason,,,,,,
ED7F889442663,primary,5,2bdae843-f360-4fde-b3d6-0f2468ade7d5,request_procedure,,,,,,
ED7F889442663,second,5,2bdae843-f360-4fde-b3d6-0f2468ade7d5,request_procedure,,,,,,
ED7F889442663,consensus,5,2bdae843-f360-4fde-b3d6-0f2468ade7d5,request_procedure,,,,,,
ED7F889442663,primary,6,ad7fcd4f-4b9d-4e63-ad21-17627af07a26,request_lab,,,,,,
ED7F889442663,second,6,ad7fcd4f-4b9d-4e63-ad21-17627af07a26,request_lab,,,,,,
ED7F889442663,consensus,6,ad7fcd4f-4b9d-4e63-ad21-17627af07a26,request_lab,,,,,,
ED7F889442663,primary,7,b8ebcd87-e974-425e-ae62-1ade5a86d21f,final_diagnosis,,,,,,
ED7F889442663,second,7,b8ebcd87-e974-425e-ae62-1ade5a86d21f,final_diagnosis,,,,,,
ED7F889442663,consensus,7,b8ebcd87-e974-425e-ae62-1ade5a86d21f,final_diagnosis,,,,,,
ED7F889442663,primary,8,325afdd3-f3af-4291-ba23-9487b673e2d2,disposition,,,,,,
ED7F889442663,second,8,325afdd3-f3af-4291-ba23-9487b673e2d2,disposition,,,,,,
ED7F889442663,consensus,8,325afdd3-f3af-4291-ba23-9487b673e2d2,disposition,,,,,,
EC90614E14F83,primary,1,31ab005d-993d-44ad-a9b1-fc5b68942140,request_physical_exam,,,,,,
EC90614E14F83,second,1,31ab005d-993d-44ad-a9b1-fc5b68942140,request_physical_exam,,,,,,
EC90614E14F83,consensus,1,31ab005d-993d-44ad-a9b1-fc5b68942140,request_physical_exam,,,,,,
EC90614E14F83,primary,2,81138a4a-1dae-482f-b33b-6815a5421cdd,ask_history,,,,,,
EC90614E14F83,second,2,81138a4a-1dae-482f-b33b-6815a5421cdd,ask_history,,,,,,
EC90614E14F83,consensus,2,81138a4a-1dae-482f-b33b-6815a5421cdd,ask_history,,,,,,
EC90614E14F83,primary,3,5f599472-9cf5-4f39-8c26-56fbe66304e1,request_lab,,,,,,
EC90614E14F83,second,3,5f599472-9cf5-4f39-8c26-56fbe66304e1,request_lab,,,,,,
EC90614E14F83,consensus,3,5f599472-9cf5-4f39-8c26-56fbe66304e1,request_lab,,,,,,
EC90614E14F83,primary,4,9f8b4ddf-b3a7-449d-8cff-d4f14c02ba44,request_physical_exam,,,,,,
EC90614E14F83,second,4,9f8b4ddf-b3a7-449d-8cff-d4f14c02ba44,request_physical_exam,,,,,,
EC90614E14F83,consensus,4,9f8b4ddf-b3a7-449d-8cff-d4f14c02ba44,request_physical_exam,,,,,,
EC90614E14F83,primary,5,de989155-0ede-4c3f-8855-749a57cc8d46,request_procedure,,,,,,
EC90614E14F83,second,5,de989155-0ede-4c3f-8855-749a57cc8d46,request_procedure,,,,,,
EC90614E14F83,consensus,5,de989155-0ede-4c3f-8855-749a57cc8d46,request_procedure,,,,,,
EC90614E14F83,primary,6,e79493b7-054b-4d49-821e-027b34675959,plan_reason,,,,,,
EC90614E14F83,second,6,e79493b7-054b-4d49-821e-027b34675959,plan_reason,,,,,,
EC90614E14F83,consensus,6,e79493b7-054b-4d49-821e-027b34675959,plan_reason,,,,,,
EC90614E14F83,primary,7,22871104-0e7e-423f-842f-f62e733f9eb3,request_procedure,,,,,,
EC90614E14F83,second,7,22871104-0e7e-423f-842f-f62e733f9eb3,request_procedure,,,,,,
EC90614E14F83,consensus,7,22871104-0e7e-423f-842f-f62e733f9eb3,request_procedure,,,,,,
EC90614E14F83,primary,8,c9f3c629-b643-4ef2-b52b-f3c005031716,request_imaging,,,,,,
EC90614E14F83,second,8,c9f3c629-b643-4ef2-b52b-f3c005031716,request_imaging,,,,,,
EC90614E14F83,consensus,8,c9f3c629-b643-4ef2-b52b-f3c005031716,request_imaging,,,,,,
EC90614E14F83,primary,9,d5c683d1-e96e-4aaf-ac11-53e070544162,ask_history,,,,,,
EC90614E14F83,second,9,d5c683d1-e96e-4aaf-ac11-53e070544162,ask_history,,,,,,
EC90614E14F83,consensus,9,d5c683d1-e96e-4aaf-ac11-53e070544162,ask_history,,,,,,
EC90614E14F83,primary,10,7b417b54-abde-4745-a64f-73dc6220a570,request_imaging,,,,,,
EC90614E14F83,second,10,7b417b54-abde-4745-a64f-73dc6220a570,request_imaging,,,,,,
EC90614E14F83,consensus,10,7b417b54-abde-4745-a64f-73dc6220a570,request_imaging,,,,,,
EC90614E14F83,primary,11,6d090762-0f78-4d33-b77c-d07cdd623497,request_lab,,,,,,
EC90614E14F83,second,11,6d090762-0f78-4d33-b77c-d07cdd623497,request_lab,,,,,,
EC90614E14F83,consensus,11,6d090762-0f78-4d33-b77c-d07cdd623497,request_lab,,,,,,
EC90614E14F83,primary,12,455a7e82-8ea7-4645-9f5e-f9d51e88a1d0,request_procedure,,,,,,
EC90614E14F83,second,12,455a7e82-8ea7-4645-9f5e-f9d51e88a1d0,request_procedure,,,,,,
EC90614E14F83,consensus,12,455a7e82-8ea7-4645-9f5e-f9d51e88a1d0,request_procedure,,,,,,
EC90614E14F83,primary,13,be8dd878-707d-47c7-9a89-96291462be7d,request_lab,,,,,,
EC90614E14F83,second,13,be8dd878-707d-47c7-9a89-96291462be7d,request_lab,,,,,,
EC90614E14F83,consensus,13,be8dd878-707d-47c7-9a89-96291462be7d,request_lab,,,,,,
EC90614E14F83,primary,14,5c3a4707-a8de-4828-b6e0-b72c78bfb235,request_lab,,,,,,
EC90614E14F83,second,14,5c3a4707-a8de-4828-b6e0-b72c78bfb235,request_lab,,,,,,
EC90614E14F83,consensus,14,5c3a4707-a8de-4828-b6e0-b72c78bfb235,request_lab,,,,,,
EC90614E14F83,primary,15,424b9c12-b158-489f-a396-cf8cc8c88ffd,final_diagnosis,,,,,,
EC90614E14F83,second,15,424b9c12-b158-489f-a396-cf8cc8c88ffd,final_diagnosis,,,,,,
EC90614E14F83,consensus,15,424b9c12-b158-489f-a396-cf8cc8c88ffd,final_diagnosis,,,,,,
EC90614E14F83,primary,16,c0b33a27-1093-4928-a782-2121ba8522f7,disposition,,,,,,
EC90614E14F83,second,16,c0b33a27-1093-4928-a782-2121ba8522f7,disposition,,,,,,
EC90614E14F83,consensus,16,c0b33a27-1093-4928-a782-2121ba8522f7,disposition,,,,,,
E082B0E75B65E,primary,1,ec4c7982-9af8-4c62-acd7-251c27c9bde0,request_physical_exam,,,,,,
E082B0E75B65E,second,1,ec4c7982-9af8-4c62-acd7-251c27c9bde0,request_physical_exam,,,,,,
E082B0E75B65E,consensus,1,ec4c7982-9af8-4c62-acd7-251c27c9bde0,request_physical_exam,,,,,,
E082B0E75B65E,primary,2,4d04f522-645c-4c08-8d31-f345ac991089,request_lab,,,,,,
E082B0E75B65E,second,2,4d04f522-645c-4c08-8d31-f345ac991089,request_lab,,,,,,
E082B0E75B65E,consensus,2,4d04f522-645c-4c08-8d31-f345ac991089,request_lab,,,,,,
E082B0E75B65E,primary,3,68613865-77c6-40ca-9204-c372c7256264,ask_history,,,,,,
E082B0E75B65E,second,3,68613865-77c6-40ca-9204-c372c7256264,ask_history,,,,,,
E082B0E75B65E,consensus,3,68613865-77c6-40ca-9204-c372c7256264,ask_history,,,,,,
E082B0E75B65E,primary,4,3d478701-e103-4c40-a180-b5b9cb51d1ce,request_imaging,,,,,,
E082B0E75B65E,second,4,3d478701-e103-4c40-a180-b5b9cb51d1ce,request_imaging,,,,,,
E082B0E75B65E,consensus,4,3d478701-e103-4c40-a180-b5b9cb51d1ce,request_imaging,,,,,,
E082B0E75B65E,primary,5,737e24b6-ae6a-4fe7-beb6-71d6d0d35a9b,request_imaging,,,,,,
E082B0E75B65E,second,5,737e24b6-ae6a-4fe7-beb6-71d6d0d35a9b,request_imaging,,,,,,
E082B0E75B65E,consensus,5,737e24b6-ae6a-4fe7-beb6-71d6d0d35a9b,request_imaging,,,,,,
E082B0E75B65E,primary,6,6551b485-68ad-4ccc-8a37-31956363b654,request_lab,,,,,,
E082B0E75B65E,second,6,6551b485-68ad-4ccc-8a37-31956363b654,request_lab,,,,,,
E082B0E75B65E,consensus,6,6551b485-68ad-4ccc-8a37-31956363b654,request_lab,,,,,,
E082B0E75B65E,primary,7,64037792-d8a0-4b56-9cbd-1a27ca284f71,plan_reason,,,,,,
E082B0E75B65E,second,7,64037792-d8a0-4b56-9cbd-1a27ca284f71,plan_reason,,,,,,
E082B0E75B65E,consensus,7,64037792-d8a0-4b56-9cbd-1a27ca284f71,plan_reason,,,,,,
E082B0E75B65E,primary,8,c4073360-961c-43cd-8396-330bbd5b604f,request_procedure,,,,,,
E082B0E75B65E,second,8,c4073360-961c-43cd-8396-330bbd5b604f,request_procedure,,,,,,
E082B0E75B65E,consensus,8,c4073360-961c-43cd-8396-330bbd5b604f,request_procedure,,,,,,
E082B0E75B65E,primary,9,605ed082-02b5-4203-a34b-a34ae3e362c9,ask_history,,,,,,
E082B0E75B65E,second,9,605ed082-02b5-4203-a34b-a34ae3e362c9,ask_history,,,,,,
E082B0E75B65E,consensus,9,605ed082-02b5-4203-a34b-a34ae3e362c9,ask_history,,,,,,
E082B0E75B65E,primary,10,caa2c23a-b295-4610-8875-b355dd5cae5f,request_imaging,,,,,,
E082B0E75B65E,second,10,caa2c23a-b295-4610-8875-b355dd5cae5f,request_imaging,,,,,,
E082B0E75B65E,consensus,10,caa2c23a-b295-4610-8875-b355dd5cae5f,request_imaging,,,,,,
E082B0E75B65E,primary,11,4ed81a5f-bd62-4f70-bd13-cdb45ca0b505,request_procedure,,,,,,
E082B0E75B65E,second,11,4ed81a5f-bd62-4f70-bd13-cdb45ca0b505,request_procedure,,,,,,
E082B0E75B65E,consensus,11,4ed81a5f-bd62-4f70-bd13-cdb45ca0b505,request_procedure,,,,,,
E082B0E75B65E,primary,12,7dd46382-934a-445a-840b-07ddf4fdedfd,request_procedure,,,,,,
E082B0E75B65E,second,12,7dd46382-934a-445a-840b-07ddf4fdedfd,request_procedure,,,,,,
E082B0E75B65E,consensus,12,7dd46382-934a-445a-840b-07ddf4fdedfd,request_procedure,,,,,,
E082B0E75B65E,primary,13,d453e33b-a591-4184-a553-ceb3042fdf41,final_diagnosis,,,,,,
E082B0E75B65E,second,13,d453e33b-a591-4184-a553-ceb3042fdf41,final_diagnosis,,,,,,
E082B0E75B65E,consensus,13,d453e33b-a591-4184-a553-ceb3042fdf41,final_diagnosis,,,,,,
E082B0E75B65E,primary,14,cb3854b0-7817-40c0-9400-ac4ab2d32770,disposition,,,,,,
E082B0E75B65E,second,14,cb3854b0-7817-40c0-9400-ac4ab2d32770,disposition,,,,,,
E082B0E75B65E,consensus,14,cb3854b0-7817-40c0-9400-ac4ab2d32770,disposition,,,,,,
E17677BA9CB20,primary,1,74902399-f606-41d5-9eae-370e78a9cbea,request_ecg_or_test,,,,,,
E17677BA9CB20,second,1,74902399-f606-41d5-9eae-370e78a9cbea,request_ecg_or_test,,,,,,
E17677BA9CB20,consensus,1,74902399-f606-41d5-9eae-370e78a9cbea,request_ecg_or_test,,,,,,
E17677BA9CB20,primary,2,d0c80e41-26b7-4fc4-a2ab-3d59b5da8af4,request_physical_exam,,,,,,
E17677BA9CB20,second,2,d0c80e41-26b7-4fc4-a2ab-3d59b5da8af4,request_physical_exam,,,,,,
E17677BA9CB20,consensus,2,d0c80e41-26b7-4fc4-a2ab-3d59b5da8af4,request_physical_exam,,,,,,
E17677BA9CB20,primary,3,05adf4a4-fab5-42f4-a91c-a67ece107a53,request_ecg_or_test,,,,,,
E17677BA9CB20,second,3,05adf4a4-fab5-42f4-a91c-a67ece107a53,request_ecg_or_test,,,,,,
E17677BA9CB20,consensus,3,05adf4a4-fab5-42f4-a91c-a67ece107a53,request_ecg_or_test,,,,,,
E17677BA9CB20,primary,4,982ac3c9-ff51-414a-93dd-b0ef7d6c4535,plan_reason,,,,,,
E17677BA9CB20,second,4,982ac3c9-ff51-414a-93dd-b0ef7d6c4535,plan_reason,,,,,,
E17677BA9CB20,consensus,4,982ac3c9-ff51-414a-93dd-b0ef7d6c4535,plan_reason,,,,,,
E17677BA9CB20,primary,5,1cc65eb9-1a8b-4034-811e-7dc984bd458d,request_procedure,,,,,,
E17677BA9CB20,second,5,1cc65eb9-1a8b-4034-811e-7dc984bd458d,request_procedure,,,,,,
E17677BA9CB20,consensus,5,1cc65eb9-1a8b-4034-811e-7dc984bd458d,request_procedure,,,,,,
E17677BA9CB20,primary,6,17c4163c-f1fe-4e77-a67f-a4e8d92096ac,request_microbiology,,,,,,
E17677BA9CB20,second,6,17c4163c-f1fe-4e77-a67f-a4e8d92096ac,request_microbiology,,,,,,
E17677BA9CB20,consensus,6,17c4163c-f1fe-4e77-a67f-a4e8d92096ac,request_microbiology,,,,,,
E17677BA9CB20,primary,7,74fce061-e511-4095-8389-b2bb48db6703,ask_history,,,,,,
E17677BA9CB20,second,7,74fce061-e511-4095-8389-b2bb48db6703,ask_history,,,,,,
E17677BA9CB20,consensus,7,74fce061-e511-4095-8389-b2bb48db6703,ask_history,,,,,,
E17677BA9CB20,primary,8,b78b8934-c87c-4166-ad6d-ef414d95d91a,request_ecg_or_test,,,,,,
E17677BA9CB20,second,8,b78b8934-c87c-4166-ad6d-ef414d95d91a,request_ecg_or_test,,,,,,
E17677BA9CB20,consensus,8,b78b8934-c87c-4166-ad6d-ef414d95d91a,request_ecg_or_test,,,,,,
E17677BA9CB20,primary,9,c6312075-3afc-4975-b428-9ca5e39a0234,request_procedure,,,,,,
E17677BA9CB20,second,9,c6312075-3afc-4975-b428-9ca5e39a0234,request_procedure,,,,,,
E17677BA9CB20,consensus,9,c6312075-3afc-4975-b428-9ca5e39a0234,request_procedure,,,,,,
E17677BA9CB20,primary,10,ec0261c9-93e8-4a10-ab80-20e278c40204,final_diagnosis,,,,,,
E17677BA9CB20,second,10,ec0261c9-93e8-4a10-ab80-20e278c40204,final_diagnosis,,,,,,
E17677BA9CB20,consensus,10,ec0261c9-93e8-4a10-ab80-20e278c40204,final_diagnosis,,,,,,
E17677BA9CB20,primary,11,206a7431-76d0-4f37-af60-d76b559f0d78,disposition,,,,,,
E17677BA9CB20,second,11,206a7431-76d0-4f37-af60-d76b559f0d78,disposition,,,,,,
E17677BA9CB20,consensus,11,206a7431-76d0-4f37-af60-d76b559f0d78,disposition,,,,,,
E9714C6685AFE,primary,1,049a4670-2ab7-433f-81c2-0da7233c97b3,request_physical_exam,,,,,,
E9714C6685AFE,second,1,049a4670-2ab7-433f-81c2-0da7233c97b3,request_physical_exam,,,,,,
E9714C6685AFE,consensus,1,049a4670-2ab7-433f-81c2-0da7233c97b3,request_physical_exam,,,,,,
E9714C6685AFE,primary,2,6496899f-01ee-4ac4-a87e-cd846c7b4233,request_imaging,,,,,,
E9714C6685AFE,second,2,6496899f-01ee-4ac4-a87e-cd846c7b4233,request_imaging,,,,,,
E9714C6685AFE,consensus,2,6496899f-01ee-4ac4-a87e-cd846c7b4233,request_imaging,,,,,,
E9714C6685AFE,primary,3,d274204c-cc85-4621-8af9-0924f67a4afd,plan_reason,,,,,,
E9714C6685AFE,second,3,d274204c-cc85-4621-8af9-0924f67a4afd,plan_reason,,,,,,
E9714C6685AFE,consensus,3,d274204c-cc85-4621-8af9-0924f67a4afd,plan_reason,,,,,,
E9714C6685AFE,primary,4,43bbb12c-1260-4b78-96fb-0cd2bc425e8b,request_procedure,,,,,,
E9714C6685AFE,second,4,43bbb12c-1260-4b78-96fb-0cd2bc425e8b,request_procedure,,,,,,
E9714C6685AFE,consensus,4,43bbb12c-1260-4b78-96fb-0cd2bc425e8b,request_procedure,,,,,,
E9714C6685AFE,primary,5,eb8e979b-9ff3-46f5-b8ec-9cd9787013c3,request_lab,,,,,,
E9714C6685AFE,second,5,eb8e979b-9ff3-46f5-b8ec-9cd9787013c3,request_lab,,,,,,
E9714C6685AFE,consensus,5,eb8e979b-9ff3-46f5-b8ec-9cd9787013c3,request_lab,,,,,,
E9714C6685AFE,primary,6,5e5b35d2-9fee-4067-80d9-4d4871189857,request_imaging,,,,,,
E9714C6685AFE,second,6,5e5b35d2-9fee-4067-80d9-4d4871189857,request_imaging,,,,,,
E9714C6685AFE,consensus,6,5e5b35d2-9fee-4067-80d9-4d4871189857,request_imaging,,,,,,
E9714C6685AFE,primary,7,211442ce-7b9c-492b-a306-7b772e4ff2d2,request_procedure,,,,,,
E9714C6685AFE,second,7,211442ce-7b9c-492b-a306-7b772e4ff2d2,request_procedure,,,,,,
E9714C6685AFE,consensus,7,211442ce-7b9c-492b-a306-7b772e4ff2d2,request_procedure,,,,,,
E9714C6685AFE,primary,8,5a6651f4-c463-4f9b-9c41-ce99875e0a96,ask_history,,,,,,
E9714C6685AFE,second,8,5a6651f4-c463-4f9b-9c41-ce99875e0a96,ask_history,,,,,,
E9714C6685AFE,consensus,8,5a6651f4-c463-4f9b-9c41-ce99875e0a96,ask_history,,,,,,
E9714C6685AFE,primary,9,622e5f03-92f6-47f9-ad70-08537fcca339,request_lab,,,,,,
E9714C6685AFE,second,9,622e5f03-92f6-47f9-ad70-08537fcca339,request_lab,,,,,,
E9714C6685AFE,consensus,9,622e5f03-92f6-47f9-ad70-08537fcca339,request_lab,,,,,,
E9714C6685AFE,primary,10,60c15dfd-ce3b-47ad-a8f9-8c40cec05de1,final_diagnosis,,,,,,
E9714C6685AFE,second,10,60c15dfd-ce3b-47ad-a8f9-8c40cec05de1,final_diagnosis,,,,,,
E9714C6685AFE,consensus,10,60c15dfd-ce3b-47ad-a8f9-8c40cec05de1,final_diagnosis,,,,,,
E9714C6685AFE,primary,11,9cbe178b-9a4c-4195-a3ee-5165a2492150,disposition,,,,,,
E9714C6685AFE,second,11,9cbe178b-9a4c-4195-a3ee-5165a2492150,disposition,,,,,,
E9714C6685AFE,consensus,11,9cbe178b-9a4c-4195-a3ee-5165a2492150,disposition,,,,,,
EF4E6F6F76BE7,primary,1,98b5c018-f95e-4f3d-82d1-2c0bcb506605,request_physical_exam,,,,,,
EF4E6F6F76BE7,second,1,98b5c018-f95e-4f3d-82d1-2c0bcb506605,request_physical_exam,,,,,,
EF4E6F6F76BE7,consensus,1,98b5c018-f95e-4f3d-82d1-2c0bcb506605,request_physical_exam,,,,,,
EF4E6F6F76BE7,primary,2,e8595d18-a635-4272-9d4a-9cbcf5ba1b9d,request_imaging,,,,,,
EF4E6F6F76BE7,second,2,e8595d18-a635-4272-9d4a-9cbcf5ba1b9d,request_imaging,,,,,,
EF4E6F6F76BE7,consensus,2,e8595d18-a635-4272-9d4a-9cbcf5ba1b9d,request_imaging,,,,,,
EF4E6F6F76BE7,primary,3,2b3a67ea-e996-403d-9dba-f98a84957aef,plan_reason,,,,,,
EF4E6F6F76BE7,second,3,2b3a67ea-e996-403d-9dba-f98a84957aef,plan_reason,,,,,,
EF4E6F6F76BE7,consensus,3,2b3a67ea-e996-403d-9dba-f98a84957aef,plan_reason,,,,,,
EF4E6F6F76BE7,primary,4,5d7494fa-2785-4f57-b9e6-ada48a7814ba,request_procedure,,,,,,
EF4E6F6F76BE7,second,4,5d7494fa-2785-4f57-b9e6-ada48a7814ba,request_procedure,,,,,,
EF4E6F6F76BE7,consensus,4,5d7494fa-2785-4f57-b9e6-ada48a7814ba,request_procedure,,,,,,
EF4E6F6F76BE7,primary,5,c6f0d341-f414-41f0-af5e-bf7e804c0bc8,request_lab,,,,,,
EF4E6F6F76BE7,second,5,c6f0d341-f414-41f0-af5e-bf7e804c0bc8,request_lab,,,,,,
EF4E6F6F76BE7,consensus,5,c6f0d341-f414-41f0-af5e-bf7e804c0bc8,request_lab,,,,,,
EF4E6F6F76BE7,primary,6,9343c169-eb56-476b-8687-4dabfd4d77d6,final_diagnosis,,,,,,
EF4E6F6F76BE7,second,6,9343c169-eb56-476b-8687-4dabfd4d77d6,final_diagnosis,,,,,,
EF4E6F6F76BE7,consensus,6,9343c169-eb56-476b-8687-4dabfd4d77d6,final_diagnosis,,,,,,
EF4E6F6F76BE7,primary,7,85c4fc5c-6b77-41ba-b470-b14f144eb817,disposition,,,,,,
EF4E6F6F76BE7,second,7,85c4fc5c-6b77-41ba-b470-b14f144eb817,disposition,,,,,,
EF4E6F6F76BE7,consensus,7,85c4fc5c-6b77-41ba-b470-b14f144eb817,disposition,,,,,,
ED75447C126F3,primary,1,f67c0696-be35-4e18-8015-20ff087a67a8,request_ecg_or_test,,,,,,
ED75447C126F3,second,1,f67c0696-be35-4e18-8015-20ff087a67a8,request_ecg_or_test,,,,,,
ED75447C126F3,consensus,1,f67c0696-be35-4e18-8015-20ff087a67a8,request_ecg_or_test,,,,,,
ED75447C126F3,primary,2,e401e902-6a41-41c2-a563-ea3dddb7704d,request_physical_exam,,,,,,
ED75447C126F3,second,2,e401e902-6a41-41c2-a563-ea3dddb7704d,request_physical_exam,,,,,,
ED75447C126F3,consensus,2,e401e902-6a41-41c2-a563-ea3dddb7704d,request_physical_exam,,,,,,
ED75447C126F3,primary,3,aff71c83-f87f-467f-9345-3d773a2c60f8,request_ecg_or_test,,,,,,
ED75447C126F3,second,3,aff71c83-f87f-467f-9345-3d773a2c60f8,request_ecg_or_test,,,,,,
ED75447C126F3,consensus,3,aff71c83-f87f-467f-9345-3d773a2c60f8,request_ecg_or_test,,,,,,
ED75447C126F3,primary,4,c4933831-be86-4b24-9e44-5d03d9450403,plan_reason,,,,,,
ED75447C126F3,second,4,c4933831-be86-4b24-9e44-5d03d9450403,plan_reason,,,,,,
ED75447C126F3,consensus,4,c4933831-be86-4b24-9e44-5d03d9450403,plan_reason,,,,,,
ED75447C126F3,primary,5,a076c35b-94f7-4f48-8a6e-e741e956186e,request_procedure,,,,,,
ED75447C126F3,second,5,a076c35b-94f7-4f48-8a6e-e741e956186e,request_procedure,,,,,,
ED75447C126F3,consensus,5,a076c35b-94f7-4f48-8a6e-e741e956186e,request_procedure,,,,,,
ED75447C126F3,primary,6,93dfa891-258c-4aaa-9448-e439f69dd48b,request_microbiology,,,,,,
ED75447C126F3,second,6,93dfa891-258c-4aaa-9448-e439f69dd48b,request_microbiology,,,,,,
ED75447C126F3,consensus,6,93dfa891-258c-4aaa-9448-e439f69dd48b,request_microbiology,,,,,,
ED75447C126F3,primary,7,a9a06bbc-c669-4b53-8711-a98d9625a614,request_microbiology,,,,,,
ED75447C126F3,second,7,a9a06bbc-c669-4b53-8711-a98d9625a614,request_microbiology,,,,,,
ED75447C126F3,consensus,7,a9a06bbc-c669-4b53-8711-a98d9625a614,request_microbiology,,,,,,
ED75447C126F3,primary,8,61cde2e4-136c-43e3-88d2-c99cb5192127,final_diagnosis,,,,,,
ED75447C126F3,second,8,61cde2e4-136c-43e3-88d2-c99cb5192127,final_diagnosis,,,,,,
ED75447C126F3,consensus,8,61cde2e4-136c-43e3-88d2-c99cb5192127,final_diagnosis,,,,,,
ED75447C126F3,primary,9,920579f8-bec7-498a-bb28-bc6a69183a6e,disposition,,,,,,
ED75447C126F3,second,9,920579f8-bec7-498a-bb28-bc6a69183a6e,disposition,,,,,,
ED75447C126F3,consensus,9,920579f8-bec7-498a-bb28-bc6a69183a6e,disposition,,,,,,
E1D870ED63D7E,primary,1,0f03adb0-4f33-42ee-ab28-58b633003624,request_physical_exam,,,,,,
E1D870ED63D7E,second,1,0f03adb0-4f33-42ee-ab28-58b633003624,request_physical_exam,,,,,,
E1D870ED63D7E,consensus,1,0f03adb0-4f33-42ee-ab28-58b633003624,request_physical_exam,,,,,,
E1D870ED63D7E,primary,2,f70cd440-686e-4a2f-9cf7-d71e6a4bd3a7,request_ecg_or_test,,,,,,
E1D870ED63D7E,second,2,f70cd440-686e-4a2f-9cf7-d71e6a4bd3a7,request_ecg_or_test,,,,,,
E1D870ED63D7E,consensus,2,f70cd440-686e-4a2f-9cf7-d71e6a4bd3a7,request_ecg_or_test,,,,,,
E1D870ED63D7E,primary,3,9cb75299-4361-4d58-b234-6a9c0e03e3e2,request_lab,,,,,,
E1D870ED63D7E,second,3,9cb75299-4361-4d58-b234-6a9c0e03e3e2,request_lab,,,,,,
E1D870ED63D7E,consensus,3,9cb75299-4361-4d58-b234-6a9c0e03e3e2,request_lab,,,,,,
E1D870ED63D7E,primary,4,5fcc362e-59dd-4bda-87b3-53787561351b,plan_reason,,,,,,
E1D870ED63D7E,second,4,5fcc362e-59dd-4bda-87b3-53787561351b,plan_reason,,,,,,
E1D870ED63D7E,consensus,4,5fcc362e-59dd-4bda-87b3-53787561351b,plan_reason,,,,,,
E1D870ED63D7E,primary,5,466023df-2def-42fe-85df-3a041266dc77,request_procedure,,,,,,
E1D870ED63D7E,second,5,466023df-2def-42fe-85df-3a041266dc77,request_procedure,,,,,,
E1D870ED63D7E,consensus,5,466023df-2def-42fe-85df-3a041266dc77,request_procedure,,,,,,
E1D870ED63D7E,primary,6,f88fd036-c1aa-48d7-993c-03c218ce035c,request_procedure,,,,,,
E1D870ED63D7E,second,6,f88fd036-c1aa-48d7-993c-03c218ce035c,request_procedure,,,,,,
E1D870ED63D7E,consensus,6,f88fd036-c1aa-48d7-993c-03c218ce035c,request_procedure,,,,,,
E1D870ED63D7E,primary,7,0e0cc173-b66b-4e18-89cc-0cba6f192c7a,request_ecg_or_test,,,,,,
E1D870ED63D7E,second,7,0e0cc173-b66b-4e18-89cc-0cba6f192c7a,request_ecg_or_test,,,,,,
E1D870ED63D7E,consensus,7,0e0cc173-b66b-4e18-89cc-0cba6f192c7a,request_ecg_or_test,,,,,,
E1D870ED63D7E,primary,8,6fa55d81-3199-48aa-94eb-af1fe3c8557f,ask_history,,,,,,
E1D870ED63D7E,second,8,6fa55d81-3199-48aa-94eb-af1fe3c8557f,ask_history,,,,,,
E1D870ED63D7E,consensus,8,6fa55d81-3199-48aa-94eb-af1fe3c8557f,ask_history,,,,,,
E1D870ED63D7E,primary,9,ca2c28ef-c103-4e27-ab17-ce77af63cc7a,request_physical_exam,,,,,,
E1D870ED63D7E,second,9,ca2c28ef-c103-4e27-ab17-ce77af63cc7a,request_physical_exam,,,,,,
E1D870ED63D7E,consensus,9,ca2c28ef-c103-4e27-ab17-ce77af63cc7a,request_physical_exam,,,,,,
E1D870ED63D7E,primary,10,09114df5-b9d5-43c2-9e9a-eb10c3828d63,request_imaging,,,,,,
E1D870ED63D7E,second,10,09114df5-b9d5-43c2-9e9a-eb10c3828d63,request_imaging,,,,,,
E1D870ED63D7E,consensus,10,09114df5-b9d5-43c2-9e9a-eb10c3828d63,request_imaging,,,,,,
E1D870ED63D7E,primary,11,a191ee91-bf67-4985-a85d-caf65300e007,final_diagnosis,,,,,,
E1D870ED63D7E,second,11,a191ee91-bf67-4985-a85d-caf65300e007,final_diagnosis,,,,,,
E1D870ED63D7E,consensus,11,a191ee91-bf67-4985-a85d-caf65300e007,final_diagnosis,,,,,,
E1D870ED63D7E,primary,12,4db3bd10-a763-49d9-bd70-5df9c76c538d,disposition,,,,,,
E1D870ED63D7E,second,12,4db3bd10-a763-49d9-bd70-5df9c76c538d,disposition,,,,,,
E1D870ED63D7E,consensus,12,4db3bd10-a763-49d9-bd70-5df9c76c538d,disposition,,,,,,
EF394FBC00FED,primary,1,491a14e6-d7df-4cbe-9f0c-457087a75a07,request_physical_exam,,,,,,
EF394FBC00FED,second,1,491a14e6-d7df-4cbe-9f0c-457087a75a07,request_physical_exam,,,,,,
EF394FBC00FED,consensus,1,491a14e6-d7df-4cbe-9f0c-457087a75a07,request_physical_exam,,,,,,
EF394FBC00FED,primary,2,ac81faba-2d5e-42ed-b42a-ee1e2917cc27,request_imaging,,,,,,
EF394FBC00FED,second,2,ac81faba-2d5e-42ed-b42a-ee1e2917cc27,request_imaging,,,,,,
EF394FBC00FED,consensus,2,ac81faba-2d5e-42ed-b42a-ee1e2917cc27,request_imaging,,,,,,
EF394FBC00FED,primary,3,cc79bd1b-01a7-4b8c-93f5-e9b69698b121,plan_reason,,,,,,
EF394FBC00FED,second,3,cc79bd1b-01a7-4b8c-93f5-e9b69698b121,plan_reason,,,,,,
EF394FBC00FED,consensus,3,cc79bd1b-01a7-4b8c-93f5-e9b69698b121,plan_reason,,,,,,
EF394FBC00FED,primary,4,f7612add-1000-4d1b-ad8e-2d99c03db804,request_procedure,,,,,,
EF394FBC00FED,second,4,f7612add-1000-4d1b-ad8e-2d99c03db804,request_procedure,,,,,,
EF394FBC00FED,consensus,4,f7612add-1000-4d1b-ad8e-2d99c03db804,request_procedure,,,,,,
EF394FBC00FED,primary,5,615b3b29-ce86-4565-b1f1-4aa44c463339,final_diagnosis,,,,,,
EF394FBC00FED,second,5,615b3b29-ce86-4565-b1f1-4aa44c463339,final_diagnosis,,,,,,
EF394FBC00FED,consensus,5,615b3b29-ce86-4565-b1f1-4aa44c463339,final_diagnosis,,,,,,
EF394FBC00FED,primary,6,014f3ac2-1ef7-4c29-a6e0-4bac7ab319e4,disposition,,,,,,
EF394FBC00FED,second,6,014f3ac2-1ef7-4c29-a6e0-4bac7ab319e4,disposition,,,,,,
EF394FBC00FED,consensus,6,014f3ac2-1ef7-4c29-a6e0-4bac7ab319e4,disposition,,,,,,
EDF3CC81C437C,primary,1,cb6de6bd-b19f-4649-8ceb-2d5c2d40ccce,request_physical_exam,,,,,,
EDF3CC81C437C,second,1,cb6de6bd-b19f-4649-8ceb-2d5c2d40ccce,request_physical_exam,,,,,,
EDF3CC81C437C,consensus,1,cb6de6bd-b19f-4649-8ceb-2d5c2d40ccce,request_physical_exam,,,,,,
EDF3CC81C437C,primary,2,6a34aa3e-b9b3-4073-aadf-cdcf5dc3f62c,request_imaging,,,,,,
EDF3CC81C437C,second,2,6a34aa3e-b9b3-4073-aadf-cdcf5dc3f62c,request_imaging,,,,,,
EDF3CC81C437C,consensus,2,6a34aa3e-b9b3-4073-aadf-cdcf5dc3f62c,request_imaging,,,,,,
EDF3CC81C437C,primary,3,6e434e31-c3c8-42b2-8aad-9480a1691bda,plan_reason,,,,,,
EDF3CC81C437C,second,3,6e434e31-c3c8-42b2-8aad-9480a1691bda,plan_reason,,,,,,
EDF3CC81C437C,consensus,3,6e434e31-c3c8-42b2-8aad-9480a1691bda,plan_reason,,,,,,
EDF3CC81C437C,primary,4,84fd288b-dc9a-473d-be12-559420d237b6,request_procedure,,,,,,
EDF3CC81C437C,second,4,84fd288b-dc9a-473d-be12-559420d237b6,request_procedure,,,,,,
EDF3CC81C437C,consensus,4,84fd288b-dc9a-473d-be12-559420d237b6,request_procedure,,,,,,
EDF3CC81C437C,primary,5,88de0f7b-832f-4ce9-a8b2-ac1e20340ea1,final_diagnosis,,,,,,
EDF3CC81C437C,second,5,88de0f7b-832f-4ce9-a8b2-ac1e20340ea1,final_diagnosis,,,,,,
EDF3CC81C437C,consensus,5,88de0f7b-832f-4ce9-a8b2-ac1e20340ea1,final_diagnosis,,,,,,
EDF3CC81C437C,primary,6,77521d23-8ab8-40c5-a8d9-fefcbdf894e6,disposition,,,,,,
EDF3CC81C437C,second,6,77521d23-8ab8-40c5-a8d9-fefcbdf894e6,disposition,,,,,,
EDF3CC81C437C,consensus,6,77521d23-8ab8-40c5-a8d9-fefcbdf894e6,disposition,,,,,,
E8F99ACEAF652,primary,1,696b6dbf-e7f2-497c-9707-80fa195e2e33,request_physical_exam,,,,,,
E8F99ACEAF652,second,1,696b6dbf-e7f2-497c-9707-80fa195e2e33,request_physical_exam,,,,,,
E8F99ACEAF652,consensus,1,696b6dbf-e7f2-497c-9707-80fa195e2e33,request_physical_exam,,,,,,
E8F99ACEAF652,primary,2,64b7b7d4-b56a-4fc7-937d-b9e64316e437,ask_history,,,,,,
E8F99ACEAF652,second,2,64b7b7d4-b56a-4fc7-937d-b9e64316e437,ask_history,,,,,,
E8F99ACEAF652,consensus,2,64b7b7d4-b56a-4fc7-937d-b9e64316e437,ask_history,,,,,,
E8F99ACEAF652,primary,3,d400335a-d3e7-404c-892c-28bf6f968783,request_lab,,,,,,
E8F99ACEAF652,second,3,d400335a-d3e7-404c-892c-28bf6f968783,request_lab,,,,,,
E8F99ACEAF652,consensus,3,d400335a-d3e7-404c-892c-28bf6f968783,request_lab,,,,,,
E8F99ACEAF652,primary,4,2eaa2790-47ef-45f9-8a67-8a1983cea6ba,request_lab,,,,,,
E8F99ACEAF652,second,4,2eaa2790-47ef-45f9-8a67-8a1983cea6ba,request_lab,,,,,,
E8F99ACEAF652,consensus,4,2eaa2790-47ef-45f9-8a67-8a1983cea6ba,request_lab,,,,,,
E8F99ACEAF652,primary,5,2963da99-08aa-459c-8531-8427dec0dfc8,request_physical_exam,,,,,,
E8F99ACEAF652,second,5,2963da99-08aa-459c-8531-8427dec0dfc8,request_physical_exam,,,,,,
E8F99ACEAF652,consensus,5,2963da99-08aa-459c-8531-8427dec0dfc8,request_physical_exam,,,,,,
E8F99ACEAF652,primary,6,0253e299-1ce6-48c5-b489-e1faad56cb38,request_imaging,,,,,,
E8F99ACEAF652,second,6,0253e299-1ce6-48c5-b489-e1faad56cb38,request_imaging,,,,,,
E8F99ACEAF652,consensus,6,0253e299-1ce6-48c5-b489-e1faad56cb38,request_imaging,,,,,,
E8F99ACEAF652,primary,7,4fa9e611-afb6-4b75-b16e-f97397ae4113,ask_history,,,,,,
E8F99ACEAF652,second,7,4fa9e611-afb6-4b75-b16e-f97397ae4113,ask_history,,,,,,
E8F99ACEAF652,consensus,7,4fa9e611-afb6-4b75-b16e-f97397ae4113,ask_history,,,,,,
E8F99ACEAF652,primary,8,c6f40e17-5c1d-4cf9-951a-4cdfd8d546d0,plan_reason,,,,,,
E8F99ACEAF652,second,8,c6f40e17-5c1d-4cf9-951a-4cdfd8d546d0,plan_reason,,,,,,
E8F99ACEAF652,consensus,8,c6f40e17-5c1d-4cf9-951a-4cdfd8d546d0,plan_reason,,,,,,
E8F99ACEAF652,primary,9,5a436f42-fe15-49ad-b13d-7481cf94640c,request_imaging,,,,,,
E8F99ACEAF652,second,9,5a436f42-fe15-49ad-b13d-7481cf94640c,request_imaging,,,,,,
E8F99ACEAF652,consensus,9,5a436f42-fe15-49ad-b13d-7481cf94640c,request_imaging,,,,,,
E8F99ACEAF652,primary,10,133f6022-465d-48cc-8b62-574fbb3d1942,request_ecg_or_test,,,,,,
E8F99ACEAF652,second,10,133f6022-465d-48cc-8b62-574fbb3d1942,request_ecg_or_test,,,,,,
E8F99ACEAF652,consensus,10,133f6022-465d-48cc-8b62-574fbb3d1942,request_ecg_or_test,,,,,,
E8F99ACEAF652,primary,11,169990a0-5b0e-4e7d-9eb0-37f3aed57936,ask_history,,,,,,
E8F99ACEAF652,second,11,169990a0-5b0e-4e7d-9eb0-37f3aed57936,ask_history,,,,,,
E8F99ACEAF652,consensus,11,169990a0-5b0e-4e7d-9eb0-37f3aed57936,ask_history,,,,,,
E8F99ACEAF652,primary,12,c92c96c4-734f-4de8-a742-b52603286ac7,ask_history,,,,,,
E8F99ACEAF652,second,12,c92c96c4-734f-4de8-a742-b52603286ac7,ask_history,,,,,,
E8F99ACEAF652,consensus,12,c92c96c4-734f-4de8-a742-b52603286ac7,ask_history,,,,,,
E8F99ACEAF652,primary,13,7007e784-f75a-4c57-8833-db9a59dac1b7,request_procedure,,,,,,
E8F99ACEAF652,second,13,7007e784-f75a-4c57-8833-db9a59dac1b7,request_procedure,,,,,,
E8F99ACEAF652,consensus,13,7007e784-f75a-4c57-8833-db9a59dac1b7,request_procedure,,,,,,
E8F99ACEAF652,primary,14,5c43bd72-8fdf-46ba-a2d8-d6d0c99e0302,request_procedure,,,,,,
E8F99ACEAF652,second,14,5c43bd72-8fdf-46ba-a2d8-d6d0c99e0302,request_procedure,,,,,,
E8F99ACEAF652,consensus,14,5c43bd72-8fdf-46ba-a2d8-d6d0c99e0302,request_procedure,,,,,,
E8F99ACEAF652,primary,15,cef6cfdf-e0cf-439f-8d70-a45b23d0442c,request_lab,,,,,,
E8F99ACEAF652,second,15,cef6cfdf-e0cf-439f-8d70-a45b23d0442c,request_lab,,,,,,
E8F99ACEAF652,consensus,15,cef6cfdf-e0cf-439f-8d70-a45b23d0442c,request_lab,,,,,,
E8F99ACEAF652,primary,16,2b56e9e0-7721-4a5f-9475-3079aa0febab,request_imaging,,,,,,
E8F99ACEAF652,second,16,2b56e9e0-7721-4a5f-9475-3079aa0febab,request_imaging,,,,,,
E8F99ACEAF652,consensus,16,2b56e9e0-7721-4a5f-9475-3079aa0febab,request_imaging,,,,,,
E8F99ACEAF652,primary,17,81ef55be-7767-47bd-ac62-434298af33b0,final_diagnosis,,,,,,
E8F99ACEAF652,second,17,81ef55be-7767-47bd-ac62-434298af33b0,final_diagnosis,,,,,,
E8F99ACEAF652,consensus,17,81ef55be-7767-47bd-ac62-434298af33b0,final_diagnosis,,,,,,
E8F99ACEAF652,primary,18,38c78736-f658-4b6a-8bbf-d594cd8ff0e8,disposition,,,,,,
E8F99ACEAF652,second,18,38c78736-f658-4b6a-8bbf-d594cd8ff0e8,disposition,,,,,,
E8F99ACEAF652,consensus,18,38c78736-f658-4b6a-8bbf-d594cd8ff0e8,disposition,,,,,,
ECFAE66326687,primary,1,fad09c6f-3d8d-4374-b936-ea9a4562dbeb,request_imaging,,,,,,
ECFAE66326687,second,1,fad09c6f-3d8d-4374-b936-ea9a4562dbeb,request_imaging,,,,,,
ECFAE66326687,consensus,1,fad09c6f-3d8d-4374-b936-ea9a4562dbeb,request_imaging,,,,,,
ECFAE66326687,primary,2,3f09ab40-8724-410f-aacd-a0a4f33f5731,plan_reason,,,,,,
ECFAE66326687,second,2,3f09ab40-8724-410f-aacd-a0a4f33f5731,plan_reason,,,,,,
ECFAE66326687,consensus,2,3f09ab40-8724-410f-aacd-a0a4f33f5731,plan_reason,,,,,,
ECFAE66326687,primary,3,a61392b4-faa3-4d73-b714-87110def08eb,request_procedure,,,,,,
ECFAE66326687,second,3,a61392b4-faa3-4d73-b714-87110def08eb,request_procedure,,,,,,
ECFAE66326687,consensus,3,a61392b4-faa3-4d73-b714-87110def08eb,request_procedure,,,,,,
ECFAE66326687,primary,4,4aa478bb-a7e3-49f8-ae97-6e382c1ae180,final_diagnosis,,,,,,
ECFAE66326687,second,4,4aa478bb-a7e3-49f8-ae97-6e382c1ae180,final_diagnosis,,,,,,
ECFAE66326687,consensus,4,4aa478bb-a7e3-49f8-ae97-6e382c1ae180,final_diagnosis,,,,,,
ECFAE66326687,primary,5,9a990e19-8fb1-4553-be53-e719647b26d4,disposition,,,,,,
ECFAE66326687,second,5,9a990e19-8fb1-4553-be53-e719647b26d4,disposition,,,,,,
ECFAE66326687,consensus,5,9a990e19-8fb1-4553-be53-e719647b26d4,disposition,,,,,,
E54F6F160229E,primary,1,40bf5e3b-c368-47c6-8594-3104a9d85240,request_lab,,,,,,
E54F6F160229E,second,1,40bf5e3b-c368-47c6-8594-3104a9d85240,request_lab,,,,,,
E54F6F160229E,consensus,1,40bf5e3b-c368-47c6-8594-3104a9d85240,request_lab,,,,,,
E54F6F160229E,primary,2,0a784372-7e57-443e-8b22-6c05d207b222,ask_history,,,,,,
E54F6F160229E,second,2,0a784372-7e57-443e-8b22-6c05d207b222,ask_history,,,,,,
E54F6F160229E,consensus,2,0a784372-7e57-443e-8b22-6c05d207b222,ask_history,,,,,,
E54F6F160229E,primary,3,7c0016d9-0109-419a-93c2-f72f86150a20,request_physical_exam,,,,,,
E54F6F160229E,second,3,7c0016d9-0109-419a-93c2-f72f86150a20,request_physical_exam,,,,,,
E54F6F160229E,consensus,3,7c0016d9-0109-419a-93c2-f72f86150a20,request_physical_exam,,,,,,
E54F6F160229E,primary,4,af041c1b-2236-4fc5-a520-e88ca79b1af6,request_imaging,,,,,,
E54F6F160229E,second,4,af041c1b-2236-4fc5-a520-e88ca79b1af6,request_imaging,,,,,,
E54F6F160229E,consensus,4,af041c1b-2236-4fc5-a520-e88ca79b1af6,request_imaging,,,,,,
E54F6F160229E,primary,5,ab071a19-d56d-4187-83f1-c926168068fe,ask_history,,,,,,
E54F6F160229E,second,5,ab071a19-d56d-4187-83f1-c926168068fe,ask_history,,,,,,
E54F6F160229E,consensus,5,ab071a19-d56d-4187-83f1-c926168068fe,ask_history,,,,,,
E54F6F160229E,primary,6,b10950c0-219c-43ef-a3a0-0af5a229f9c0,request_ecg_or_test,,,,,,
E54F6F160229E,second,6,b10950c0-219c-43ef-a3a0-0af5a229f9c0,request_ecg_or_test,,,,,,
E54F6F160229E,consensus,6,b10950c0-219c-43ef-a3a0-0af5a229f9c0,request_ecg_or_test,,,,,,
E54F6F160229E,primary,7,4f598a86-797e-4c16-a426-08c5ae7a2c5a,ask_history,,,,,,
E54F6F160229E,second,7,4f598a86-797e-4c16-a426-08c5ae7a2c5a,ask_history,,,,,,
E54F6F160229E,consensus,7,4f598a86-797e-4c16-a426-08c5ae7a2c5a,ask_history,,,,,,
E54F6F160229E,primary,8,8a559fcb-0937-4011-ab11-62f00ef53f2f,plan_reason,,,,,,
E54F6F160229E,second,8,8a559fcb-0937-4011-ab11-62f00ef53f2f,plan_reason,,,,,,
E54F6F160229E,consensus,8,8a559fcb-0937-4011-ab11-62f00ef53f2f,plan_reason,,,,,,
E54F6F160229E,primary,9,4e08b432-8543-4f01-b89b-327271fc53c9,final_diagnosis,,,,,,
E54F6F160229E,second,9,4e08b432-8543-4f01-b89b-327271fc53c9,final_diagnosis,,,,,,
E54F6F160229E,consensus,9,4e08b432-8543-4f01-b89b-327271fc53c9,final_diagnosis,,,,,,
E54F6F160229E,primary,10,5f635a60-e92f-4463-b23f-0f60ab770477,disposition,,,,,,
E54F6F160229E,second,10,5f635a60-e92f-4463-b23f-0f60ab770477,disposition,,,,,,
E54F6F160229E,consensus,10,5f635a60-e92f-4463-b23f-0f60ab770477,disposition,,,,,,
E67842768FBBF,primary,1,933dc19c-4427-4b94-b876-ffd380e9036c,request_physical_exam,,,,,,
E67842768FBBF,second,1,933dc19c-4427-4b94-b876-ffd380e9036c,request_physical_exam,,,,,,
E67842768FBBF,consensus,1,933dc19c-4427-4b94-b876-ffd380e9036c,request_physical_exam,,,,,,
E67842768FBBF,primary,2,219ebde2-ffbf-40bb-9080-e5b6dc0680b8,request_lab,,,,,,
E67842768FBBF,second,2,219ebde2-ffbf-40bb-9080-e5b6dc0680b8,request_lab,,,,,,
E67842768FBBF,consensus,2,219ebde2-ffbf-40bb-9080-e5b6dc0680b8,request_lab,,,,,,
E67842768FBBF,primary,3,8ff617c3-400c-4e8c-bca4-02fa39c4b2a7,ask_history,,,,,,
E67842768FBBF,second,3,8ff617c3-400c-4e8c-bca4-02fa39c4b2a7,ask_history,,,,,,
E67842768FBBF,consensus,3,8ff617c3-400c-4e8c-bca4-02fa39c4b2a7,ask_history,,,,,,
E67842768FBBF,primary,4,8c76fab8-b53b-492f-a1cc-2b01f7baf206,request_imaging,,,,,,
E67842768FBBF,second,4,8c76fab8-b53b-492f-a1cc-2b01f7baf206,request_imaging,,,,,,
E67842768FBBF,consensus,4,8c76fab8-b53b-492f-a1cc-2b01f7baf206,request_imaging,,,,,,
E67842768FBBF,primary,5,b68ef160-63ca-4738-a24a-4421030842a8,ask_history,,,,,,
E67842768FBBF,second,5,b68ef160-63ca-4738-a24a-4421030842a8,ask_history,,,,,,
E67842768FBBF,consensus,5,b68ef160-63ca-4738-a24a-4421030842a8,ask_history,,,,,,
E67842768FBBF,primary,6,58446124-8711-4026-8b17-263a4ab09b7e,plan_reason,,,,,,
E67842768FBBF,second,6,58446124-8711-4026-8b17-263a4ab09b7e,plan_reason,,,,,,
E67842768FBBF,consensus,6,58446124-8711-4026-8b17-263a4ab09b7e,plan_reason,,,,,,
E67842768FBBF,primary,7,99d5eb26-bfa6-4846-840f-d96cfef12f38,request_imaging,,,,,,
E67842768FBBF,second,7,99d5eb26-bfa6-4846-840f-d96cfef12f38,request_imaging,,,,,,
E67842768FBBF,consensus,7,99d5eb26-bfa6-4846-840f-d96cfef12f38,request_imaging,,,,,,
E67842768FBBF,primary,8,f5c28ac3-c08f-49d4-8115-23e49841a054,request_lab,,,,,,
E67842768FBBF,second,8,f5c28ac3-c08f-49d4-8115-23e49841a054,request_lab,,,,,,
E67842768FBBF,consensus,8,f5c28ac3-c08f-49d4-8115-23e49841a054,request_lab,,,,,,
E67842768FBBF,primary,9,0d4d1c35-30f3-45cd-a0ff-1657d1e1e7b5,ask_history,,,,,,
E67842768FBBF,second,9,0d4d1c35-30f3-45cd-a0ff-1657d1e1e7b5,ask_history,,,,,,
E67842768FBBF,consensus,9,0d4d1c35-30f3-45cd-a0ff-1657d1e1e7b5,ask_history,,,,,,
E67842768FBBF,primary,10,3a569640-aa45-4a13-85cd-387650574944,request_imaging,,,,,,
E67842768FBBF,second,10,3a569640-aa45-4a13-85cd-387650574944,request_imaging,,,,,,
E67842768FBBF,consensus,10,3a569640-aa45-4a13-85cd-387650574944,request_imaging,,,,,,
E67842768FBBF,primary,11,a5f5a462-4b03-46c5-96f5-ec0c0a23f1ad,request_procedure,,,,,,
E67842768FBBF,second,11,a5f5a462-4b03-46c5-96f5-ec0c0a23f1ad,request_procedure,,,,,,
E67842768FBBF,consensus,11,a5f5a462-4b03-46c5-96f5-ec0c0a23f1ad,request_procedure,,,,,,
E67842768FBBF,primary,12,4d8d98f5-8a0b-42fe-97bb-33a9a7159a93,request_procedure,,,,,,
E67842768FBBF,second,12,4d8d98f5-8a0b-42fe-97bb-33a9a7159a93,request_procedure,,,,,,
E67842768FBBF,consensus,12,4d8d98f5-8a0b-42fe-97bb-33a9a7159a93,request_procedure,,,,,,
E67842768FBBF,primary,13,9f9e9ce5-c402-4f73-92e1-5c2c637fe951,final_diagnosis,,,,,,
E67842768FBBF,second,13,9f9e9ce5-c402-4f73-92e1-5c2c637fe951,final_diagnosis,,,,,,
E67842768FBBF,consensus,13,9f9e9ce5-c402-4f73-92e1-5c2c637fe951,final_diagnosis,,,,,,
E67842768FBBF,primary,14,5a93d116-bfc8-4431-9819-abd90c5b45c4,disposition,,,,,,
E67842768FBBF,second,14,5a93d116-bfc8-4431-9819-abd90c5b45c4,disposition,,,,,,
E67842768FBBF,consensus,14,5a93d116-bfc8-4431-9819-abd90c5b45c4,disposition,,,,,,
EE6F8BAF7ACE9,primary,1,30027561-f722-4140-b707-a2c4513f743a,request_physical_exam,,,,,,
EE6F8BAF7ACE9,second,1,30027561-f722-4140-b707-a2c4513f743a,request_physical_exam,,,,,,
EE6F8BAF7ACE9,consensus,1,30027561-f722-4140-b707-a2c4513f743a,request_physical_exam,,,,,,
EE6F8BAF7ACE9,primary,2,6a471933-fa7a-4a13-a447-db6550e97da5,request_imaging,,,,,,
EE6F8BAF7ACE9,second,2,6a471933-fa7a-4a13-a447-db6550e97da5,request_imaging,,,,,,
EE6F8BAF7ACE9,consensus,2,6a471933-fa7a-4a13-a447-db6550e97da5,request_imaging,,,,,,
EE6F8BAF7ACE9,primary,3,e2afed70-4c15-45df-8427-2409399629f9,plan_reason,,,,,,
EE6F8BAF7ACE9,second,3,e2afed70-4c15-45df-8427-2409399629f9,plan_reason,,,,,,
EE6F8BAF7ACE9,consensus,3,e2afed70-4c15-45df-8427-2409399629f9,plan_reason,,,,,,
EE6F8BAF7ACE9,primary,4,06d4287b-fd29-4b6f-878e-301adbc8d82b,request_procedure,,,,,,
EE6F8BAF7ACE9,second,4,06d4287b-fd29-4b6f-878e-301adbc8d82b,request_procedure,,,,,,
EE6F8BAF7ACE9,consensus,4,06d4287b-fd29-4b6f-878e-301adbc8d82b,request_procedure,,,,,,
EE6F8BAF7ACE9,primary,5,d0e510d1-a1fe-42f2-ba39-7657e2af6371,final_diagnosis,,,,,,
EE6F8BAF7ACE9,second,5,d0e510d1-a1fe-42f2-ba39-7657e2af6371,final_diagnosis,,,,,,
EE6F8BAF7ACE9,consensus,5,d0e510d1-a1fe-42f2-ba39-7657e2af6371,final_diagnosis,,,,,,
EE6F8BAF7ACE9,primary,6,01d39388-44fe-4f00-9b85-acb10ecbede5,disposition,,,,,,
EE6F8BAF7ACE9,second,6,01d39388-44fe-4f00-9b85-acb10ecbede5,disposition,,,,,,
EE6F8BAF7ACE9,consensus,6,01d39388-44fe-4f00-9b85-acb10ecbede5,disposition,,,,,,
E116DB578799F,primary,1,c1bb4afd-44db-474d-abc6-3606c082cd6e,request_physical_exam,,,,,,
E116DB578799F,second,1,c1bb4afd-44db-474d-abc6-3606c082cd6e,request_physical_exam,,,,,,
E116DB578799F,consensus,1,c1bb4afd-44db-474d-abc6-3606c082cd6e,request_physical_exam,,,,,,
E116DB578799F,primary,2,dd87f75d-3583-41d2-9b57-c9722d2ec8e8,request_imaging,,,,,,
E116DB578799F,second,2,dd87f75d-3583-41d2-9b57-c9722d2ec8e8,request_imaging,,,,,,
E116DB578799F,consensus,2,dd87f75d-3583-41d2-9b57-c9722d2ec8e8,request_imaging,,,,,,
E116DB578799F,primary,3,a63fab94-7184-4b35-9cb3-00e3359f855c,plan_reason,,,,,,
E116DB578799F,second,3,a63fab94-7184-4b35-9cb3-00e3359f855c,plan_reason,,,,,,
E116DB578799F,consensus,3,a63fab94-7184-4b35-9cb3-00e3359f855c,plan_reason,,,,,,
E116DB578799F,primary,4,39cd0b30-aa67-40ee-860b-3b0222dddf89,request_procedure,,,,,,
E116DB578799F,second,4,39cd0b30-aa67-40ee-860b-3b0222dddf89,request_procedure,,,,,,
E116DB578799F,consensus,4,39cd0b30-aa67-40ee-860b-3b0222dddf89,request_procedure,,,,,,
E116DB578799F,primary,5,dab182a1-0b56-4d85-89da-6867f7e4e1f9,final_diagnosis,,,,,,
E116DB578799F,second,5,dab182a1-0b56-4d85-89da-6867f7e4e1f9,final_diagnosis,,,,,,
E116DB578799F,consensus,5,dab182a1-0b56-4d85-89da-6867f7e4e1f9,final_diagnosis,,,,,,
E116DB578799F,primary,6,cf0fb9e0-c790-451d-9a2e-8c61127e2efd,disposition,,,,,,
E116DB578799F,second,6,cf0fb9e0-c790-451d-9a2e-8c61127e2efd,disposition,,,,,,
E116DB578799F,consensus,6,cf0fb9e0-c790-451d-9a2e-8c61127e2efd,disposition,,,,,,
