blind_id,review_stage,step_index,call_id,tool,action_appropriateness,unnecessary_action,guideline_concordance,guideline_ref,evidence_fact_ids,rationale
RE4D2C61774CA,primary,1,9225bd34-0034-46b0-ad09-9b819998bf2b,ask_history,,,,,,
RE4D2C61774CA,second,1,9225bd34-0034-46b0-ad09-9b819998bf2b,ask_history,,,,,,
RE4D2C61774CA,consensus,1,9225bd34-0034-46b0-ad09-9b819998bf2b,ask_history,,,,,,
RE4D2C61774CA,primary,2,9fb637a7-657c-4d1d-9d4e-2cc9971e1e48,request_physical_exam,,,,,,
RE4D2C61774CA,second,2,9fb637a7-657c-4d1d-9d4e-2cc9971e1e48,request_physical_exam,,,,,,
RE4D2C61774CA,consensus,2,9fb637a7-657c-4d1d-9d4e-2cc9971e1e48,request_physical_exam,,,,,,
RE4D2C61774CA,primary,3,1765950e-f697-4e40-9187-e2f5a1776a93,request_lab,,,,,,
RE4D2C61774CA,second,3,1765950e-f697-4e40-9187-e2f5a1776a93,request_lab,,,,,,
RE4D2C61774CA,consensus,3,1765950e-f697-4e40-9187-e2f5a1776a93,request_lab,,,,,,
RE4D2C61774CA,primary,4,485d8b97-126b-41c4-9042-7a4a32b5e0d9,request_imaging,,,,,,
RE4D2C61774CA,second,4,485d8b97-126b-41c4-9042-7a4a32b5e0d9,request_imaging,,,,,,
RE4D2C61774CA,consensus,4,485d8b97-126b-41c4-9042-7a4a32b5e0d9,request_imaging,,,,,,
RE4D2C61774CA,primary,5,58efd7c8-f980-435a-b349-42976f3a25a2,request_imaging,,,,,,
RE4D2C61774CA,second,5,58efd7c8-f980-435a-b349-42976f3a25a2,request_imaging,,,,,,
RE4D2C61774CA,consensus,5,58efd7c8-f980-435a-b349-42976f3a25a2,request_imaging,,,,,,
RE4D2C61774CA,primary,6,0cad40ac-e056-4089-b0f5-9e7be03f6749,request_imaging,,,,,,
RE4D2C61774CA,second,6,0cad40ac-e056-4089-b0f5-9e7be03f6749,request_imaging,,,,,,
RE4D2C61774CA,consensus,6,0cad40ac-e056-4089-b0f5-9e7be03f6749,request_imaging,,,,,,
RE4D2C61774CA,primary,7,b16ef576-3085-45eb-be4b-efcb0e6d7cab,ask_history,,,,,,
RE4D2C61774CA,second,7,b16ef576-3085-45eb-be4b-efcb0e6d7cab,ask_history,,,,,,
RE4D2C61774CA,consensus,7,b16ef576-3085-45eb-be4b-efcb0e6d7cab,ask_history,,,,,,
RE4D2C61774CA,primary,8,6ddc54f2-612c-4fd9-9390-58699a3b9d5f,plan_reason,,,,,,
RE4D2C61774CA,second,8,6ddc54f2-612c-4fd9-9390-58699a3b9d5f,plan_reason,,,,,,
RE4D2C61774CA,consensus,8,6ddc54f2-612c-4fd9-9390-58699a3b9d5f,plan_reason,,,,,,
RE4D2C61774CA,primary,9,f0a3ec72-06b3-4c67-a530-c38358805e84,request_procedure,,,,,,
RE4D2C61774CA,second,9,f0a3ec72-06b3-4c67-a530-c38358805e84,request_procedure,,,,,,
RE4D2C61774CA,consensus,9,f0a3ec72-06b3-4c67-a530-c38358805e84,request_procedure,,,,,,
RE4D2C61774CA,primary,10,6d034427-85db-4eab-bee4-29b2d44e2d71,request_procedure,,,,,,
RE4D2C61774CA,second,10,6d034427-85db-4eab-bee4-29b2d44e2d71,request_procedure,,,,,,
RE4D2C61774CA,consensus,10,6d034427-85db-4eab-bee4-29b2d44e2d71,request_procedure,,,,,,
RE4D2C61774CA,primary,11,2a209b3f-631e-4f9d-a419-cbc6f42268ff,final_diagnosis,,,,,,
RE4D2C61774CA,second,11,2a209b3f-631e-4f9d-a419-cbc6f42268ff,final_diagnosis,,,,,,
RE4D2C61774CA,consensus,11,2a209b3f-631e-4f9d-a419-cbc6f42268ff,final_diagnosis,,,,,,
RE4D2C61774CA,primary,12,789635fb-b503-4d39-8b9b-281d66d04a13,disposition,,,,,,
RE4D2C61774CA,second,12,789635fb-b503-4d39-8b9b-281d66d04a13,disposition,,,,,,
RE4D2C61774CA,consensus,12,789635fb-b503-4d39-8b9b-281d66d04a13,disposition,,,,,,
RC2D8A45F877F,primary,1,23d7ac4c-8c3f-4a49-a3d2-978a630d8b67,ask_history,,,,,,
RC2D8A45F877F,second,1,23d7ac4c-8c3f-4a49-a3d2-978a630d8b67,ask_history,,,,,,
RC2D8A45F877F,consensus,1,23d7ac4c-8c3f-4a49-a3d2-978a630d8b67,ask_history,,,,,,
RC2D8A45F877F,primary,2,5dec5fe5-f922-47a9-9d19-a022e6bcb4a8,request_physical_exam,,,,,,
RC2D8A45F877F,second,2,5dec5fe5-f922-47a9-9d19-a022e6bcb4a8,request_physical_exam,,,,,,
RC2D8A45F877F,consensus,2,5dec5fe5-f922-47a9-9d19-a022e6bcb4a8,request_physical_exam,,,,,,
RC2D8A45F877F,primary,3,67619253-0ba6-47f8-a172-2a065e5b0d21,request_lab,,,,,,
RC2D8A45F877F,second,3,67619253-0ba6-47f8-a172-2a065e5b0d21,request_lab,,,,,,
RC2D8A45F877F,consensus,3,67619253-0ba6-47f8-a172-2a065e5b0d21,request_lab,,,,,,
RC2D8A45F877F,primary,4,256e7d01-54cd-4583-a674-32b215878978,request_imaging,,,,,,
RC2D8A45F877F,second,4,256e7d01-54cd-4583-a674-32b215878978,request_imaging,,,,,,
RC2D8A45F877F,consensus,4,256e7d01-54cd-4583-a674-32b215878978,request_imaging,,,,,,
RC2D8A45F877F,primary,5,303fb0e6-dfcb-4dcf-8930-d9b7780b902e,request_ecg_or_test,,,,,,
RC2D8A45F877F,second,5,303fb0e6-dfcb-4dcf-8930-d9b7780b902e,request_ecg_or_test,,,,,,
RC2D8A45F877F,consensus,5,303fb0e6-dfcb-4dcf-8930-d9b7780b902e,request_ecg_or_test,,,,,,
RC2D8A45F877F,primary,6,787fd98c-ab05-47d4-aa20-9c3f6abb2af6,request_microbiology,,,,,,
RC2D8A45F877F,second,6,787fd98c-ab05-47d4-aa20-9c3f6abb2af6,request_microbiology,,,,,,
RC2D8A45F877F,consensus,6,787fd98c-ab05-47d4-aa20-9c3f6abb2af6,request_microbiology,,,,,,
RC2D8A45F877F,primary,7,6cdef4d5-c59c-4e30-9777-49cdd22bce49,ask_history,,,,,,
RC2D8A45F877F,second,7,6cdef4d5-c59c-4e30-9777-49cdd22bce49,ask_history,,,,,,
RC2D8A45F877F,consensus,7,6cdef4d5-c59c-4e30-9777-49cdd22bce49,ask_history,,,,,,
RC2D8A45F877F,primary,8,980d296a-a70f-493e-9863-b92789c07713,final_diagnosis,,,,,,
RC2D8A45F877F,second,8,980d296a-a70f-493e-9863-b92789c07713,final_diagnosis,,,,,,
RC2D8A45F877F,consensus,8,980d296a-a70f-493e-9863-b92789c07713,final_diagnosis,,,,,,
RC2D8A45F877F,primary,9,97f5fea0-456f-483c-bebe-da7acacac2c7,disposition,,,,,,
RC2D8A45F877F,second,9,97f5fea0-456f-483c-bebe-da7acacac2c7,disposition,,,,,,
RC2D8A45F877F,consensus,9,97f5fea0-456f-483c-bebe-da7acacac2c7,disposition,,,,,,
RDE020704C812,primary,1,59035ddc-d3d8-4a57-9601-fc15cc7a616b,request_physical_exam,,,,,,
RDE020704C812,second,1,59035ddc-d3d8-4a57-9601-fc15cc7a616b,request_physical_exam,,,,,,
RDE020704C812,consensus,1,59035ddc-d3d8-4a57-9601-fc15cc7a616b,request_physical_exam,,,,,,
RDE020704C812,primary,2,737df073-a851-416d-afe4-0fff185e571d,ask_history,,,,,,
RDE020704C812,second,2,737df073-a851-416d-afe4-0fff185e571d,ask_history,,,,,,
RDE020704C812,consensus,2,737df073-a851-416d-afe4-0fff185e571d,ask_history,,,,,,
RDE020704C812,primary,3,39e89937-9f47-42ac-9593-6c65451f7983,request_physical_exam,,,,,,
RDE020704C812,second,3,39e89937-9f47-42ac-9593-6c65451f7983,request_physical_exam,,,,,,
RDE020704C812,consensus,3,39e89937-9f47-42ac-9593-6c65451f7983,request_physical_exam,,,,,,
RDE020704C812,primary,4,95a743db-69e9-44c4-bbc9-a49715ef91e1,request_imaging,,,,,,
RDE020704C812,second,4,95a743db-69e9-44c4-bbc9-a49715ef91e1,request_imaging,,,,,,
RDE020704C812,consensus,4,95a743db-69e9-44c4-bbc9-a49715ef91e1,request_imaging,,,,,,
RDE020704C812,primary,5,6360c51e-1f8c-443c-80e8-9a0283f1903b,plan_reason,,,,,,
RDE020704C812,second,5,6360c51e-1f8c-443c-80e8-9a0283f1903b,plan_reason,,,,,,
RDE020704C812,consensus,5,6360c51e-1f8c-443c-80e8-9a0283f1903b,plan_reason,,,,,,
RDE020704C812,primary,6,2e234d7c-1f9b-4557-a6ef-764e21b06771,request_procedure,,,,,,
RDE020704C812,second,6,2e234d7c-1f9b-4557-a6ef-764e21b06771,request_procedure,,,,,,
RDE020704C812,consensus,6,2e234d7c-1f9b-4557-a6ef-764e21b06771,request_procedure,,,,,,
RDE020704C812,primary,7,4ff0440e-21c5-47e5-9a1b-13a312c90a17,final_diagnosis,,,,,,
RDE020704C812,second,7,4ff0440e-21c5-47e5-9a1b-13a312c90a17,final_diagnosis,,,,,,
RDE020704C812,consensus,7,4ff0440e-21c5-47e5-9a1b-13a312c90a17,final_diagnosis,,,,,,
RDE020704C812,primary,8,b479273a-4da7-48f7-8e4e-5e2011b6a168,disposition,,,,,,
RDE020704C812,second,8,b479273a-4da7-48f7-8e4e-5e2011b6a168,disposition,,,,,,
RDE020704C812,consensus,8,b479273a-4da7-48f7-8e4e-5e2011b6a168,disposition,,,,,,
R433AADB9CD55,primary,1,86666dba-7d2f-47b2-b00e-6c140b85dd2b,request_physical_exam,,,,,,
R433AADB9CD55,second,1,86666dba-7d2f-47b2-b00e-6c140b85dd2b,request_physical_exam,,,,,,
R433AADB9CD55,consensus,1,86666dba-7d2f-47b2-b00e-6c140b85dd2b,request_physical_exam,,,,,,
R433AADB9CD55,primary,2,8aeb6eef-5bd7-40e2-a507-f53a4967a0be,ask_history,,,,,,
R433AADB9CD55,second,2,8aeb6eef-5bd7-40e2-a507-f53a4967a0be,ask_history,,,,,,
R433AADB9CD55,consensus,2,8aeb6eef-5bd7-40e2-a507-f53a4967a0be,ask_history,,,,,,
R433AADB9CD55,primary,3,291d2a14-b080-4d93-9b48-d0418ce2e1c2,request_imaging,,,,,,
R433AADB9CD55,second,3,291d2a14-b080-4d93-9b48-d0418ce2e1c2,request_imaging,,,,,,
R433AADB9CD55,consensus,3,291d2a14-b080-4d93-9b48-d0418ce2e1c2,request_imaging,,,,,,
R433AADB9CD55,primary,4,78f303f6-69e9-4bd6-8986-11e206f06e27,request_lab,,,,,,
R433AADB9CD55,second,4,78f303f6-69e9-4bd6-8986-11e206f06e27,request_lab,,,,,,
R433AADB9CD55,consensus,4,78f303f6-69e9-4bd6-8986-11e206f06e27,request_lab,,,,,,
R433AADB9CD55,primary,5,bb7e368d-13b0-41ea-acfd-60190f004454,ask_history,,,,,,
R433AADB9CD55,second,5,bb7e368d-13b0-41ea-acfd-60190f004454,ask_history,,,,,,
R433AADB9CD55,consensus,5,bb7e368d-13b0-41ea-acfd-60190f004454,ask_history,,,,,,
R433AADB9CD55,primary,6,cb19369e-4878-4486-815c-1fab477b4f7a,ask_history,,,,,,
R433AADB9CD55,second,6,cb19369e-4878-4486-815c-1fab477b4f7a,ask_history,,,,,,
R433AADB9CD55,consensus,6,cb19369e-4878-4486-815c-1fab477b4f7a,ask_history,,,,,,
R433AADB9CD55,primary,7,4398dd04-4b09-4461-adb9-c24d64e03d82,request_imaging,,,,,,
R433AADB9CD55,second,7,4398dd04-4b09-4461-adb9-c24d64e03d82,request_imaging,,,,,,
R433AADB9CD55,consensus,7,4398dd04-4b09-4461-adb9-c24d64e03d82,request_imaging,,,,,,
R433AADB9CD55,primary,8,fab4c31e-921d-4307-b1cd-4db6da2f9efc,plan_reason,,,,,,
R433AADB9CD55,second,8,fab4c31e-921d-4307-b1cd-4db6da2f9efc,plan_reason,,,,,,
R433AADB9CD55,consensus,8,fab4c31e-921d-4307-b1cd-4db6da2f9efc,plan_reason,,,,,,
R433AADB9CD55,primary,9,9da875e9-04b6-4811-bd8c-05ab76458121,request_procedure,,,,,,
R433AADB9CD55,second,9,9da875e9-04b6-4811-bd8c-05ab76458121,request_procedure,,,,,,
R433AADB9CD55,consensus,9,9da875e9-04b6-4811-bd8c-05ab76458121,request_procedure,,,,,,
R433AADB9CD55,primary,10,af9a4891-9569-41e6-9d55-b59583c94187,final_diagnosis,,,,,,
R433AADB9CD55,second,10,af9a4891-9569-41e6-9d55-b59583c94187,final_diagnosis,,,,,,
R433AADB9CD55,consensus,10,af9a4891-9569-41e6-9d55-b59583c94187,final_diagnosis,,,,,,
R433AADB9CD55,primary,11,3d85be6a-a73c-44d5-9b78-3c63d56eb2e6,disposition,,,,,,
R433AADB9CD55,second,11,3d85be6a-a73c-44d5-9b78-3c63d56eb2e6,disposition,,,,,,
R433AADB9CD55,consensus,11,3d85be6a-a73c-44d5-9b78-3c63d56eb2e6,disposition,,,,,,
R33B9EF4BE656,primary,1,ffe026b3-ec45-499f-8884-c314bd6ace34,request_physical_exam,,,,,,
R33B9EF4BE656,second,1,ffe026b3-ec45-499f-8884-c314bd6ace34,request_physical_exam,,,,,,
R33B9EF4BE656,consensus,1,ffe026b3-ec45-499f-8884-c314bd6ace34,request_physical_exam,,,,,,
R33B9EF4BE656,primary,2,55466c8a-1ecd-4fbf-9f79-86e706773f6f,request_imaging,,,,,,
R33B9EF4BE656,second,2,55466c8a-1ecd-4fbf-9f79-86e706773f6f,request_imaging,,,,,,
R33B9EF4BE656,consensus,2,55466c8a-1ecd-4fbf-9f79-86e706773f6f,request_imaging,,,,,,
R33B9EF4BE656,primary,3,e27ad88a-c356-46a7-85d1-d3b9feda0a42,plan_reason,,,,,,
R33B9EF4BE656,second,3,e27ad88a-c356-46a7-85d1-d3b9feda0a42,plan_reason,,,,,,
R33B9EF4BE656,consensus,3,e27ad88a-c356-46a7-85d1-d3b9feda0a42,plan_reason,,,,,,
R33B9EF4BE656,primary,4,394b87c2-d0f1-4f8a-9e14-ac401a85f6af,request_procedure,,,,,,
R33B9EF4BE656,second,4,394b87c2-d0f1-4f8a-9e14-ac401a85f6af,request_procedure,,,,,,
R33B9EF4BE656,consensus,4,394b87c2-d0f1-4f8a-9e14-ac401a85f6af,request_procedure,,,,,,
R33B9EF4BE656,primary,5,9fb37b6d-80a7-425d-a07d-ada50a36ec0c,request_lab,,,,,,
R33B9EF4BE656,second,5,9fb37b6d-80a7-425d-a07d-ada50a36ec0c,request_lab,,,,,,
R33B9EF4BE656,consensus,5,9fb37b6d-80a7-425d-a07d-ada50a36ec0c,request_lab,,,,,,
R33B9EF4BE656,primary,6,1cb8d7df-8bc1-49b6-8f73-1d77b632bd83,ask_history,,,,,,
R33B9EF4BE656,second,6,1cb8d7df-8bc1-49b6-8f73-1d77b632bd83,ask_history,,,,,,
R33B9EF4BE656,consensus,6,1cb8d7df-8bc1-49b6-8f73-1d77b632bd83,ask_history,,,,,,
R33B9EF4BE656,primary,7,b9604159-76e0-474b-98d5-42618ef04306,final_diagnosis,,,,,,
R33B9EF4BE656,second,7,b9604159-76e0-474b-98d5-42618ef04306,final_diagnosis,,,,,,
R33B9EF4BE656,consensus,7,b9604159-76e0-474b-98d5-42618ef04306,final_diagnosis,,,,,,
R33B9EF4BE656,primary,8,7c17ae12-8e53-42d1-9c7e-87f9c899bffe,disposition,,,,,,
R33B9EF4BE656,second,8,7c17ae12-8e53-42d1-9c7e-87f9c899bffe,disposition,,,,,,
R33B9EF4BE656,consensus,8,7c17ae12-8e53-42d1-9c7e-87f9c899bffe,disposition,,,,,,
RE90203493381,primary,1,9f24c23f-eb82-4df2-aaf5-61b7394cb786,ask_history,,,,,,
RE90203493381,second,1,9f24c23f-eb82-4df2-aaf5-61b7394cb786,ask_history,,,,,,
RE90203493381,consensus,1,9f24c23f-eb82-4df2-aaf5-61b7394cb786,ask_history,,,,,,
RE90203493381,primary,2,80d8e8b2-5dd3-4eb4-b345-7ef81dbaef2a,request_ecg_or_test,,,,,,
RE90203493381,second,2,80d8e8b2-5dd3-4eb4-b345-7ef81dbaef2a,request_ecg_or_test,,,,,,
RE90203493381,consensus,2,80d8e8b2-5dd3-4eb4-b345-7ef81dbaef2a,request_ecg_or_test,,,,,,
RE90203493381,primary,3,f1b37584-4db9-46a0-b33f-a9ec0e7e50ee,request_physical_exam,,,,,,
RE90203493381,second,3,f1b37584-4db9-46a0-b33f-a9ec0e7e50ee,request_physical_exam,,,,,,
RE90203493381,consensus,3,f1b37584-4db9-46a0-b33f-a9ec0e7e50ee,request_physical_exam,,,,,,
RE90203493381,primary,4,07a43597-6fd1-4c89-8bb3-30cbca24436d,request_ecg_or_test,,,,,,
RE90203493381,second,4,07a43597-6fd1-4c89-8bb3-30cbca24436d,request_ecg_or_test,,,,,,
RE90203493381,consensus,4,07a43597-6fd1-4c89-8bb3-30cbca24436d,request_ecg_or_test,,,,,,
RE90203493381,primary,5,2310f4d3-c163-4f71-938e-72fda9587210,plan_reason,,,,,,
RE90203493381,second,5,2310f4d3-c163-4f71-938e-72fda9587210,plan_reason,,,,,,
RE90203493381,consensus,5,2310f4d3-c163-4f71-938e-72fda9587210,plan_reason,,,,,,
RE90203493381,primary,6,dfc9abaf-7cc7-40e2-b816-5edda863dbff,request_procedure,,,,,,
RE90203493381,second,6,dfc9abaf-7cc7-40e2-b816-5edda863dbff,request_procedure,,,,,,
RE90203493381,consensus,6,dfc9abaf-7cc7-40e2-b816-5edda863dbff,request_procedure,,,,,,
RE90203493381,primary,7,1f1b6420-ef13-443d-83d9-b028ac47f694,request_microbiology,,,,,,
RE90203493381,second,7,1f1b6420-ef13-443d-83d9-b028ac47f694,request_microbiology,,,,,,
RE90203493381,consensus,7,1f1b6420-ef13-443d-83d9-b028ac47f694,request_microbiology,,,,,,
RE90203493381,primary,8,4af7b4d0-db1a-440d-9dbb-38f123add5c4,ask_history,,,,,,
RE90203493381,second,8,4af7b4d0-db1a-440d-9dbb-38f123add5c4,ask_history,,,,,,
RE90203493381,consensus,8,4af7b4d0-db1a-440d-9dbb-38f123add5c4,ask_history,,,,,,
RE90203493381,primary,9,b13d9674-23f3-4afc-a3a7-4ad20f6e859f,request_ecg_or_test,,,,,,
RE90203493381,second,9,b13d9674-23f3-4afc-a3a7-4ad20f6e859f,request_ecg_or_test,,,,,,
RE90203493381,consensus,9,b13d9674-23f3-4afc-a3a7-4ad20f6e859f,request_ecg_or_test,,,,,,
RE90203493381,primary,10,5fac6da1-4669-4254-bf59-4888d269597a,request_lab,,,,,,
RE90203493381,second,10,5fac6da1-4669-4254-bf59-4888d269597a,request_lab,,,,,,
RE90203493381,consensus,10,5fac6da1-4669-4254-bf59-4888d269597a,request_lab,,,,,,
RE90203493381,primary,11,dcece6a3-a2d6-45a6-8f0f-66c083918536,request_physical_exam,,,,,,
RE90203493381,second,11,dcece6a3-a2d6-45a6-8f0f-66c083918536,request_physical_exam,,,,,,
RE90203493381,consensus,11,dcece6a3-a2d6-45a6-8f0f-66c083918536,request_physical_exam,,,,,,
RE90203493381,primary,12,63ba277f-a912-4997-82d9-dfca64984b7d,request_procedure,,,,,,
RE90203493381,second,12,63ba277f-a912-4997-82d9-dfca64984b7d,request_procedure,,,,,,
RE90203493381,consensus,12,63ba277f-a912-4997-82d9-dfca64984b7d,request_procedure,,,,,,
RE90203493381,primary,13,722bd6de-b7e9-42a6-970c-3a4fedd77d52,request_procedure,,,,,,
RE90203493381,second,13,722bd6de-b7e9-42a6-970c-3a4fedd77d52,request_procedure,,,,,,
RE90203493381,consensus,13,722bd6de-b7e9-42a6-970c-3a4fedd77d52,request_procedure,,,,,,
RE90203493381,primary,14,942cb77a-ea22-4ff4-99ed-3ac87040e636,final_diagnosis,,,,,,
RE90203493381,second,14,942cb77a-ea22-4ff4-99ed-3ac87040e636,final_diagnosis,,,,,,
RE90203493381,consensus,14,942cb77a-ea22-4ff4-99ed-3ac87040e636,final_diagnosis,,,,,,
RE90203493381,primary,15,82175169-6e8b-4c85-949c-572d5d3e43f8,disposition,,,,,,
RE90203493381,second,15,82175169-6e8b-4c85-949c-572d5d3e43f8,disposition,,,,,,
RE90203493381,consensus,15,82175169-6e8b-4c85-949c-572d5d3e43f8,disposition,,,,,,
R3E07B1840983,primary,1,b57a3118-cfab-4593-8764-ddb7dbf71fe0,request_physical_exam,,,,,,
R3E07B1840983,second,1,b57a3118-cfab-4593-8764-ddb7dbf71fe0,request_physical_exam,,,,,,
R3E07B1840983,consensus,1,b57a3118-cfab-4593-8764-ddb7dbf71fe0,request_physical_exam,,,,,,
R3E07B1840983,primary,2,8c73a04e-9734-48d5-9648-4e2537635859,request_lab,,,,,,
R3E07B1840983,second,2,8c73a04e-9734-48d5-9648-4e2537635859,request_lab,,,,,,
R3E07B1840983,consensus,2,8c73a04e-9734-48d5-9648-4e2537635859,request_lab,,,,,,
R3E07B1840983,primary,3,e98e4ee6-90c0-4525-977e-4241f9a8226b,ask_history,,,,,,
R3E07B1840983,second,3,e98e4ee6-90c0-4525-977e-4241f9a8226b,ask_history,,,,,,
R3E07B1840983,consensus,3,e98e4ee6-90c0-4525-977e-4241f9a8226b,ask_history,,,,,,
R3E07B1840983,primary,4,e8c725c2-bcc2-4a5e-adc3-b593f9128a49,ask_history,,,,,,
R3E07B1840983,second,4,e8c725c2-bcc2-4a5e-adc3-b593f9128a49,ask_history,,,,,,
R3E07B1840983,consensus,4,e8c725c2-bcc2-4a5e-adc3-b593f9128a49,ask_history,,,,,,
R3E07B1840983,primary,5,dce0e6aa-b37b-44fd-958c-6574c4c973d1,ask_history,,,,,,
R3E07B1840983,second,5,dce0e6aa-b37b-44fd-958c-6574c4c973d1,ask_history,,,,,,
R3E07B1840983,consensus,5,dce0e6aa-b37b-44fd-958c-6574c4c973d1,ask_history,,,,,,
R3E07B1840983,primary,6,0d74cfb5-f4b2-4e89-bb18-3d12887e7501,request_lab,,,,,,
R3E07B1840983,second,6,0d74cfb5-f4b2-4e89-bb18-3d12887e7501,request_lab,,,,,,
R3E07B1840983,consensus,6,0d74cfb5-f4b2-4e89-bb18-3d12887e7501,request_lab,,,,,,
R3E07B1840983,primary,7,6b97e9d3-be45-435b-a296-c6f0878e2f99,plan_reason,,,,,,
R3E07B1840983,second,7,6b97e9d3-be45-435b-a296-c6f0878e2f99,plan_reason,,,,,,
R3E07B1840983,consensus,7,6b97e9d3-be45-435b-a296-c6f0878e2f99,plan_reason,,,,,,
R3E07B1840983,primary,8,704ee0ca-f806-4bab-8ce3-d6cf8817242c,request_procedure,,,,,,
R3E07B1840983,second,8,704ee0ca-f806-4bab-8ce3-d6cf8817242c,request_procedure,,,,,,
R3E07B1840983,consensus,8,704ee0ca-f806-4bab-8ce3-d6cf8817242c,request_procedure,,,,,,
R3E07B1840983,primary,9,96728662-5e4e-4a4c-8550-db329ecfd399,request_lab,,,,,,
R3E07B1840983,second,9,96728662-5e4e-4a4c-8550-db329ecfd399,request_lab,,,,,,
R3E07B1840983,consensus,9,96728662-5e4e-4a4c-8550-db329ecfd399,request_lab,,,,,,
R3E07B1840983,primary,10,57285bef-bbce-41c4-8b3e-94df6034dc4b,request_physical_exam,,,,,,
R3E07B1840983,second,10,57285bef-bbce-41c4-8b3e-94df6034dc4b,request_physical_exam,,,,,,
R3E07B1840983,consensus,10,57285bef-bbce-41c4-8b3e-94df6034dc4b,request_physical_exam,,,,,,
R3E07B1840983,primary,11,51f12012-fac5-4643-ac67-612737f0b08b,request_imaging,,,,,,
R3E07B1840983,second,11,51f12012-fac5-4643-ac67-612737f0b08b,request_imaging,,,,,,
R3E07B1840983,consensus,11,51f12012-fac5-4643-ac67-612737f0b08b,request_imaging,,,,,,
R3E07B1840983,primary,12,0f0b3d31-3fe2-402a-842b-78ed611ed6c2,request_lab,,,,,,
R3E07B1840983,second,12,0f0b3d31-3fe2-402a-842b-78ed611ed6c2,request_lab,,,,,,
R3E07B1840983,consensus,12,0f0b3d31-3fe2-402a-842b-78ed611ed6c2,request_lab,,,,,,
R3E07B1840983,primary,13,9223860d-ba03-4807-917e-10dd5484ca3b,final_diagnosis,,,,,,
R3E07B1840983,second,13,9223860d-ba03-4807-917e-10dd5484ca3b,final_diagnosis,,,,,,
R3E07B1840983,consensus,13,9223860d-ba03-4807-917e-10dd5484ca3b,final_diagnosis,,,,,,
R3E07B1840983,primary,14,af9f41e9-e759-4f02-9e81-9b94c87b48b8,disposition,,,,,,
R3E07B1840983,second,14,af9f41e9-e759-4f02-9e81-9b94c87b48b8,disposition,,,,,,
R3E07B1840983,consensus,14,af9f41e9-e759-4f02-9e81-9b94c87b48b8,disposition,,,,,,
R43632E015981,primary,1,0d0390af-b513-4477-8afd-b5e7d4ca0c3f,request_physical_exam,,,,,,
R43632E015981,second,1,0d0390af-b513-4477-8afd-b5e7d4ca0c3f,request_physical_exam,,,,,,
R43632E015981,consensus,1,0d0390af-b513-4477-8afd-b5e7d4ca0c3f,request_physical_exam,,,,,,
R43632E015981,primary,2,62eed7e6-6c7f-4383-8e18-d01d3f4f5642,request_imaging,,,,,,
R43632E015981,second,2,62eed7e6-6c7f-4383-8e18-d01d3f4f5642,request_imaging,,,,,,
R43632E015981,consensus,2,62eed7e6-6c7f-4383-8e18-d01d3f4f5642,request_imaging,,,,,,
R43632E015981,primary,3,7c70b2d3-3c1d-4679-a342-96aee4d35ff9,ask_history,,,,,,
R43632E015981,second,3,7c70b2d3-3c1d-4679-a342-96aee4d35ff9,ask_history,,,,,,
R43632E015981,consensus,3,7c70b2d3-3c1d-4679-a342-96aee4d35ff9,ask_history,,,,,,
R43632E015981,primary,4,40019ab0-c434-4458-b196-67a1b3ff2ad5,request_imaging,,,,,,
R43632E015981,second,4,40019ab0-c434-4458-b196-67a1b3ff2ad5,request_imaging,,,,,,
R43632E015981,consensus,4,40019ab0-c434-4458-b196-67a1b3ff2ad5,request_imaging,,,,,,
R43632E015981,primary,5,f3b38a80-950e-468b-b79a-46abec72add4,plan_reason,,,,,,
R43632E015981,second,5,f3b38a80-950e-468b-b79a-46abec72add4,plan_reason,,,,,,
R43632E015981,consensus,5,f3b38a80-950e-468b-b79a-46abec72add4,plan_reason,,,,,,
R43632E015981,primary,6,7930671f-8f4c-4572-b336-414fc66e19fc,request_procedure,,,,,,
R43632E015981,second,6,7930671f-8f4c-4572-b336-414fc66e19fc,request_procedure,,,,,,
R43632E015981,consensus,6,7930671f-8f4c-4572-b336-414fc66e19fc,request_procedure,,,,,,
R43632E015981,primary,7,abf9eea3-e265-499f-b410-1e75f36ce3a0,request_procedure,,,,,,
R43632E015981,second,7,abf9eea3-e265-499f-b410-1e75f36ce3a0,request_procedure,,,,,,
R43632E015981,consensus,7,abf9eea3-e265-499f-b410-1e75f36ce3a0,request_procedure,,,,,,
R43632E015981,primary,8,8ccb5e55-5e60-4f53-a9b5-a1bd6f26c997,ask_history,,,,,,
R43632E015981,second,8,8ccb5e55-5e60-4f53-a9b5-a1bd6f26c997,ask_history,,,,,,
R43632E015981,consensus,8,8ccb5e55-5e60-4f53-a9b5-a1bd6f26c997,ask_history,,,,,,
R43632E015981,primary,9,afd26342-4f6a-44a0-bf2c-a10541648ef8,final_diagnosis,,,,,,
R43632E015981,second,9,afd26342-4f6a-44a0-bf2c-a10541648ef8,final_diagnosis,,,,,,
R43632E015981,consensus,9,afd26342-4f6a-44a0-bf2c-a10541648ef8,final_diagnosis,,,,,,
R43632E015981,primary,10,d20558f9-98c9-494d-be0b-c31153bf0226,disposition,,,,,,
R43632E015981,second,10,d20558f9-98c9-494d-be0b-c31153bf0226,disposition,,,,,,
R43632E015981,consensus,10,d20558f9-98c9-494d-be0b-c31153bf0226,disposition,,,,,,
RE0105F793FCF,primary,1,906569bb-8df6-4b63-968a-7a4948204bc7,ask_history,,,,,,
RE0105F793FCF,second,1,906569bb-8df6-4b63-968a-7a4948204bc7,ask_history,,,,,,
RE0105F793FCF,consensus,1,906569bb-8df6-4b63-968a-7a4948204bc7,ask_history,,,,,,
RE0105F793FCF,primary,2,abe05773-15e3-457e-95d6-28e11dca2dba,request_physical_exam,,,,,,
RE0105F793FCF,second,2,abe05773-15e3-457e-95d6-28e11dca2dba,request_physical_exam,,,,,,
RE0105F793FCF,consensus,2,abe05773-15e3-457e-95d6-28e11dca2dba,request_physical_exam,,,,,,
RE0105F793FCF,primary,3,63105900-fe46-4db5-85dc-388879db2872,request_imaging,,,,,,
RE0105F793FCF,second,3,63105900-fe46-4db5-85dc-388879db2872,request_imaging,,,,,,
RE0105F793FCF,consensus,3,63105900-fe46-4db5-85dc-388879db2872,request_imaging,,,,,,
RE0105F793FCF,primary,4,24b5691c-9336-4332-9c7c-e8954afe19f0,request_lab,,,,,,
RE0105F793FCF,second,4,24b5691c-9336-4332-9c7c-e8954afe19f0,request_lab,,,,,,
RE0105F793FCF,consensus,4,24b5691c-9336-4332-9c7c-e8954afe19f0,request_lab,,,,,,
RE0105F793FCF,primary,5,f2a27981-dae8-40fc-a680-fb403a4e9cf7,ask_history,,,,,,
RE0105F793FCF,second,5,f2a27981-dae8-40fc-a680-fb403a4e9cf7,ask_history,,,,,,
RE0105F793FCF,consensus,5,f2a27981-dae8-40fc-a680-fb403a4e9cf7,ask_history,,,,,,
RE0105F793FCF,primary,6,035a3509-7a9a-4dbf-b3ee-055ed4f36611,request_imaging,,,,,,
RE0105F793FCF,second,6,035a3509-7a9a-4dbf-b3ee-055ed4f36611,request_imaging,,,,,,
RE0105F793FCF,consensus,6,035a3509-7a9a-4dbf-b3ee-055ed4f36611,request_imaging,,,,,,
RE0105F793FCF,primary,7,7be61b30-fa35-4da6-980e-ecb8aab1f691,plan_reason,,,,,,
RE0105F793FCF,second,7,7be61b30-fa35-4da6-980e-ecb8aab1f691,plan_reason,,,,,,
RE0105F793FCF,consensus,7,7be61b30-fa35-4da6-980e-ecb8aab1f691,plan_reason,,,,,,
RE0105F793FCF,primary,8,98ff9e47-886a-4775-9b78-8a6f8c3f5a97,request_procedure,,,,,,
RE0105F793FCF,second,8,98ff9e47-886a-4775-9b78-8a6f8c3f5a97,request_procedure,,,,,,
RE0105F793FCF,consensus,8,98ff9e47-886a-4775-9b78-8a6f8c3f5a97,request_procedure,,,,,,
RE0105F793FCF,primary,9,40a66307-ea4d-4b74-9895-1c19caea9570,request_procedure,,,,,,
RE0105F793FCF,second,9,40a66307-ea4d-4b74-9895-1c19caea9570,request_procedure,,,,,,
RE0105F793FCF,consensus,9,40a66307-ea4d-4b74-9895-1c19caea9570,request_procedure,,,,,,
RE0105F793FCF,primary,10,7218c435-9101-4c8a-8d39-603de5ad1452,ask_history,,,,,,
RE0105F793FCF,second,10,7218c435-9101-4c8a-8d39-603de5ad1452,ask_history,,,,,,
RE0105F793FCF,consensus,10,7218c435-9101-4c8a-8d39-603de5ad1452,ask_history,,,,,,
RE0105F793FCF,primary,11,a94b835a-dadf-4c3f-be21-be0b243537d9,request_procedure,,,,,,
RE0105F793FCF,second,11,a94b835a-dadf-4c3f-be21-be0b243537d9,request_procedure,,,,,,
RE0105F793FCF,consensus,11,a94b835a-dadf-4c3f-be21-be0b243537d9,request_procedure,,,,,,
RE0105F793FCF,primary,12,5c4c7d54-9f4d-41fe-a112-362399d5df63,final_diagnosis,,,,,,
RE0105F793FCF,second,12,5c4c7d54-9f4d-41fe-a112-362399d5df63,final_diagnosis,,,,,,
RE0105F793FCF,consensus,12,5c4c7d54-9f4d-41fe-a112-362399d5df63,final_diagnosis,,,,,,
RE0105F793FCF,primary,13,abf0c8cb-1d1f-4dab-950b-3f0a5a703ab9,disposition,,,,,,
RE0105F793FCF,second,13,abf0c8cb-1d1f-4dab-950b-3f0a5a703ab9,disposition,,,,,,
RE0105F793FCF,consensus,13,abf0c8cb-1d1f-4dab-950b-3f0a5a703ab9,disposition,,,,,,
R4EAEAAD55CE5,primary,1,f36bce00-34fc-4da4-a309-d0ae74e7fcc3,request_physical_exam,,,,,,
R4EAEAAD55CE5,second,1,f36bce00-34fc-4da4-a309-d0ae74e7fcc3,request_physical_exam,,,,,,
R4EAEAAD55CE5,consensus,1,f36bce00-34fc-4da4-a309-d0ae74e7fcc3,request_physical_exam,,,,,,
R4EAEAAD55CE5,primary,2,63997180-0652-4c68-8cb5-09fd8f91c968,ask_history,,,,,,
R4EAEAAD55CE5,second,2,63997180-0652-4c68-8cb5-09fd8f91c968,ask_history,,,,,,
R4EAEAAD55CE5,consensus,2,63997180-0652-4c68-8cb5-09fd8f91c968,ask_history,,,,,,
R4EAEAAD55CE5,primary,3,1f0416cd-a753-49e9-b1e0-f2c0ac143ad6,request_physical_exam,,,,,,
R4EAEAAD55CE5,second,3,1f0416cd-a753-49e9-b1e0-f2c0ac143ad6,request_physical_exam,,,,,,
R4EAEAAD55CE5,consensus,3,1f0416cd-a753-49e9-b1e0-f2c0ac143ad6,request_physical_exam,,,,,,
R4EAEAAD55CE5,primary,4,618f7900-6827-451a-b7d3-3aeab3da8441,request_imaging,,,,,,
R4EAEAAD55CE5,second,4,618f7900-6827-451a-b7d3-3aeab3da8441,request_imaging,,,,,,
R4EAEAAD55CE5,consensus,4,618f7900-6827-451a-b7d3-3aeab3da8441,request_imaging,,,,,,
R4EAEAAD55CE5,primary,5,6b3fa565-7a5d-43ca-9d79-e208802af47a,plan_reason,,,,,,
R4EAEAAD55CE5,second,5,6b3fa565-7a5d-43ca-9d79-e208802af47a,plan_reason,,,,,,
R4EAEAAD55CE5,consensus,5,6b3fa565-7a5d-43ca-9d79-e208802af47a,plan_reason,,,,,,
R4EAEAAD55CE5,primary,6,0f30ba48-afa3-4a09-b3bd-5539dfaa3e9d,request_procedure,,,,,,
R4EAEAAD55CE5,second,6,0f30ba48-afa3-4a09-b3bd-5539dfaa3e9d,request_procedure,,,,,,
R4EAEAAD55CE5,consensus,6,0f30ba48-afa3-4a09-b3bd-5539dfaa3e9d,request_procedure,,,,,,
R4EAEAAD55CE5,primary,7,24b9c8d7-51ba-4f20-81c5-08c6f64e3387,request_lab,,,,,,
R4EAEAAD55CE5,second,7,24b9c8d7-51ba-4f20-81c5-08c6f64e3387,request_lab,,,,,,
R4EAEAAD55CE5,consensus,7,24b9c8d7-51ba-4f20-81c5-08c6f64e3387,request_lab,,,,,,
R4EAEAAD55CE5,primary,8,915d2cb1-db73-424f-922e-8146c26eabed,ask_history,,,,,,
R4EAEAAD55CE5,second,8,915d2cb1-db73-424f-922e-8146c26eabed,ask_history,,,,,,
R4EAEAAD55CE5,consensus,8,915d2cb1-db73-424f-922e-8146c26eabed,ask_history,,,,,,
R4EAEAAD55CE5,primary,9,18eff3b6-50ad-4533-a0cc-6520afce66d0,prescribe_medication,,,,,,
R4EAEAAD55CE5,second,9,18eff3b6-50ad-4533-a0cc-6520afce66d0,prescribe_medication,,,,,,
R4EAEAAD55CE5,consensus,9,18eff3b6-50ad-4533-a0cc-6520afce66d0,prescribe_medication,,,,,,
R4EAEAAD55CE5,primary,10,6e131a91-73cf-445e-ba1d-0943f80cafb3,final_diagnosis,,,,,,
R4EAEAAD55CE5,second,10,6e131a91-73cf-445e-ba1d-0943f80cafb3,final_diagnosis,,,,,,
R4EAEAAD55CE5,consensus,10,6e131a91-73cf-445e-ba1d-0943f80cafb3,final_diagnosis,,,,,,
R4EAEAAD55CE5,primary,11,fa94d5af-8b0b-4aec-bd83-103e442c246b,disposition,,,,,,
R4EAEAAD55CE5,second,11,fa94d5af-8b0b-4aec-bd83-103e442c246b,disposition,,,,,,
R4EAEAAD55CE5,consensus,11,fa94d5af-8b0b-4aec-bd83-103e442c246b,disposition,,,,,,
RB8C0C3BC36BD,primary,1,445ec995-0509-49cd-beb5-18a4a1ad0511,request_physical_exam,,,,,,
RB8C0C3BC36BD,second,1,445ec995-0509-49cd-beb5-18a4a1ad0511,request_physical_exam,,,,,,
RB8C0C3BC36BD,consensus,1,445ec995-0509-49cd-beb5-18a4a1ad0511,request_physical_exam,,,,,,
RB8C0C3BC36BD,primary,2,b29b12e2-69a4-46c5-bfc2-32c36abd96cc,ask_history,,,,,,
RB8C0C3BC36BD,second,2,b29b12e2-69a4-46c5-bfc2-32c36abd96cc,ask_history,,,,,,
RB8C0C3BC36BD,consensus,2,b29b12e2-69a4-46c5-bfc2-32c36abd96cc,ask_history,,,,,,
RB8C0C3BC36BD,primary,3,bf00f22a-d6c3-4190-bc96-40bfb2653283,request_lab,,,,,,
RB8C0C3BC36BD,second,3,bf00f22a-d6c3-4190-bc96-40bfb2653283,request_lab,,,,,,
RB8C0C3BC36BD,consensus,3,bf00f22a-d6c3-4190-bc96-40bfb2653283,request_lab,,,,,,
RB8C0C3BC36BD,primary,4,9bf7daae-acf9-4277-af95-6fac54c97ec7,ask_history,,,,,,
RB8C0C3BC36BD,second,4,9bf7daae-acf9-4277-af95-6fac54c97ec7,ask_history,,,,,,
RB8C0C3BC36BD,consensus,4,9bf7daae-acf9-4277-af95-6fac54c97ec7,ask_history,,,,,,
RB8C0C3BC36BD,primary,5,e56be3b2-47ba-43bf-8086-daa8c4fa5235,request_lab,,,,,,
RB8C0C3BC36BD,second,5,e56be3b2-47ba-43bf-8086-daa8c4fa5235,request_lab,,,,,,
RB8C0C3BC36BD,consensus,5,e56be3b2-47ba-43bf-8086-daa8c4fa5235,request_lab,,,,,,
RB8C0C3BC36BD,primary,6,ada584ff-ae56-4f27-b2e4-d753da5654a4,plan_reason,,,,,,
RB8C0C3BC36BD,second,6,ada584ff-ae56-4f27-b2e4-d753da5654a4,plan_reason,,,,,,
RB8C0C3BC36BD,consensus,6,ada584ff-ae56-4f27-b2e4-d753da5654a4,plan_reason,,,,,,
RB8C0C3BC36BD,primary,7,b2fe83a4-14e8-4c8c-9f57-bc248fc904a8,request_procedure,,,,,,
RB8C0C3BC36BD,second,7,b2fe83a4-14e8-4c8c-9f57-bc248fc904a8,request_procedure,,,,,,
RB8C0C3BC36BD,consensus,7,b2fe83a4-14e8-4c8c-9f57-bc248fc904a8,request_procedure,,,,,,
RB8C0C3BC36BD,primary,8,344e3a94-d39b-4269-a2d7-b940936fd950,request_lab,,,,,,
RB8C0C3BC36BD,second,8,344e3a94-d39b-4269-a2d7-b940936fd950,request_lab,,,,,,
RB8C0C3BC36BD,consensus,8,344e3a94-d39b-4269-a2d7-b940936fd950,request_lab,,,,,,
RB8C0C3BC36BD,primary,9,f67b8d43-f8bc-4311-ac46-8ac6ab57539c,ask_history,,,,,,
RB8C0C3BC36BD,second,9,f67b8d43-f8bc-4311-ac46-8ac6ab57539c,ask_history,,,,,,
RB8C0C3BC36BD,consensus,9,f67b8d43-f8bc-4311-ac46-8ac6ab57539c,ask_history,,,,,,
RB8C0C3BC36BD,primary,10,6ed822dd-fb48-479d-9a7a-ee32bcfce28e,request_physical_exam,,,,,,
RB8C0C3BC36BD,second,10,6ed822dd-fb48-479d-9a7a-ee32bcfce28e,request_physical_exam,,,,,,
RB8C0C3BC36BD,consensus,10,6ed822dd-fb48-479d-9a7a-ee32bcfce28e,request_physical_exam,,,,,,
RB8C0C3BC36BD,primary,11,4bebf948-ac1c-4fa9-bb36-3e767a428a8e,ask_history,,,,,,
RB8C0C3BC36BD,second,11,4bebf948-ac1c-4fa9-bb36-3e767a428a8e,ask_history,,,,,,
RB8C0C3BC36BD,consensus,11,4bebf948-ac1c-4fa9-bb36-3e767a428a8e,ask_history,,,,,,
RB8C0C3BC36BD,primary,12,b3c5ad14-be13-4eac-8a43-ded5ad74a7eb,request_imaging,,,,,,
RB8C0C3BC36BD,second,12,b3c5ad14-be13-4eac-8a43-ded5ad74a7eb,request_imaging,,,,,,
RB8C0C3BC36BD,consensus,12,b3c5ad14-be13-4eac-8a43-ded5ad74a7eb,request_imaging,,,,,,
RB8C0C3BC36BD,primary,13,3c353533-7bcf-4213-8b1a-770a5e5e29de,final_diagnosis,,,,,,
RB8C0C3BC36BD,second,13,3c353533-7bcf-4213-8b1a-770a5e5e29de,final_diagnosis,,,,,,
RB8C0C3BC36BD,consensus,13,3c353533-7bcf-4213-8b1a-770a5e5e29de,final_diagnosis,,,,,,
RB8C0C3BC36BD,primary,14,81f8a19b-1d35-4092-be60-64223055df32,disposition,,,,,,
RB8C0C3BC36BD,second,14,81f8a19b-1d35-4092-be60-64223055df32,disposition,,,,,,
RB8C0C3BC36BD,consensus,14,81f8a19b-1d35-4092-be60-64223055df32,disposition,,,,,,
R9969F3243063,primary,1,b8baed13-788b-43b1-a79c-5ad15023f74c,ask_history,,,,,,
R9969F3243063,second,1,b8baed13-788b-43b1-a79c-5ad15023f74c,ask_history,,,,,,
R9969F3243063,consensus,1,b8baed13-788b-43b1-a79c-5ad15023f74c,ask_history,,,,,,
R9969F3243063,primary,2,3f6d90ea-5fdc-4ca8-b31c-280ad631a543,request_physical_exam,,,,,,
R9969F3243063,second,2,3f6d90ea-5fdc-4ca8-b31c-280ad631a543,request_physical_exam,,,,,,
R9969F3243063,consensus,2,3f6d90ea-5fdc-4ca8-b31c-280ad631a543,request_physical_exam,,,,,,
R9969F3243063,primary,3,be57a084-123e-43f7-acf3-9a675ab0ecf1,request_lab,,,,,,
R9969F3243063,second,3,be57a084-123e-43f7-acf3-9a675ab0ecf1,request_lab,,,,,,
R9969F3243063,consensus,3,be57a084-123e-43f7-acf3-9a675ab0ecf1,request_lab,,,,,,
R9969F3243063,primary,4,6026b615-ddef-4fe5-bbbf-2a007b1b7b7c,request_imaging,,,,,,
R9969F3243063,second,4,6026b615-ddef-4fe5-bbbf-2a007b1b7b7c,request_imaging,,,,,,
R9969F3243063,consensus,4,6026b615-ddef-4fe5-bbbf-2a007b1b7b7c,request_imaging,,,,,,
R9969F3243063,primary,5,980e4ded-72af-433b-ae03-ed47673bd116,request_ecg_or_test,,,,,,
R9969F3243063,second,5,980e4ded-72af-433b-ae03-ed47673bd116,request_ecg_or_test,,,,,,
R9969F3243063,consensus,5,980e4ded-72af-433b-ae03-ed47673bd116,request_ecg_or_test,,,,,,
R9969F3243063,primary,6,fe3adc50-4a40-406c-83f6-b3918498fe56,request_microbiology,,,,,,
R9969F3243063,second,6,fe3adc50-4a40-406c-83f6-b3918498fe56,request_microbiology,,,,,,
R9969F3243063,consensus,6,fe3adc50-4a40-406c-83f6-b3918498fe56,request_microbiology,,,,,,
R9969F3243063,primary,7,134bea49-0ca2-4992-a2f6-cb27cae51592,ask_history,,,,,,
R9969F3243063,second,7,134bea49-0ca2-4992-a2f6-cb27cae51592,ask_history,,,,,,
R9969F3243063,consensus,7,134bea49-0ca2-4992-a2f6-cb27cae51592,ask_history,,,,,,
R9969F3243063,primary,8,70a62b96-ce01-44df-9301-e493a8e34161,plan_reason,,,,,,
R9969F3243063,second,8,70a62b96-ce01-44df-9301-e493a8e34161,plan_reason,,,,,,
R9969F3243063,consensus,8,70a62b96-ce01-44df-9301-e493a8e34161,plan_reason,,,,,,
R9969F3243063,primary,9,dcc43704-ff0f-495e-bcaf-67e6718cb674,ask_history,,,,,,
R9969F3243063,second,9,dcc43704-ff0f-495e-bcaf-67e6718cb674,ask_history,,,,,,
R9969F3243063,consensus,9,dcc43704-ff0f-495e-bcaf-67e6718cb674,ask_history,,,,,,
R9969F3243063,primary,10,133535fa-d528-4192-bf9d-8ac2f6a5f17b,final_diagnosis,,,,,,
R9969F3243063,second,10,133535fa-d528-4192-bf9d-8ac2f6a5f17b,final_diagnosis,,,,,,
R9969F3243063,consensus,10,133535fa-d528-4192-bf9d-8ac2f6a5f17b,final_diagnosis,,,,,,
R9969F3243063,primary,11,86bfc324-0642-401a-95cf-8a42bfd46cc0,disposition,,,,,,
R9969F3243063,second,11,86bfc324-0642-401a-95cf-8a42bfd46cc0,disposition,,,,,,
R9969F3243063,consensus,11,86bfc324-0642-401a-95cf-8a42bfd46cc0,disposition,,,,,,
RD1CDB105CA38,primary,1,398251bd-3f92-4cd5-bc18-acb0129ece22,ask_history,,,,,,
RD1CDB105CA38,second,1,398251bd-3f92-4cd5-bc18-acb0129ece22,ask_history,,,,,,
RD1CDB105CA38,consensus,1,398251bd-3f92-4cd5-bc18-acb0129ece22,ask_history,,,,,,
RD1CDB105CA38,primary,2,e7171697-8d5f-48a8-9cb1-f27ce33e5bc9,request_physical_exam,,,,,,
RD1CDB105CA38,second,2,e7171697-8d5f-48a8-9cb1-f27ce33e5bc9,request_physical_exam,,,,,,
RD1CDB105CA38,consensus,2,e7171697-8d5f-48a8-9cb1-f27ce33e5bc9,request_physical_exam,,,,,,
RD1CDB105CA38,primary,3,534bb319-68b7-4572-a687-81595f290b93,request_lab,,,,,,
RD1CDB105CA38,second,3,534bb319-68b7-4572-a687-81595f290b93,request_lab,,,,,,
RD1CDB105CA38,consensus,3,534bb319-68b7-4572-a687-81595f290b93,request_lab,,,,,,
RD1CDB105CA38,primary,4,90092eda-6cc0-4253-a86b-e217307c85e2,request_imaging,,,,,,
RD1CDB105CA38,second,4,90092eda-6cc0-4253-a86b-e217307c85e2,request_imaging,,,,,,
RD1CDB105CA38,consensus,4,90092eda-6cc0-4253-a86b-e217307c85e2,request_imaging,,,,,,
RD1CDB105CA38,primary,5,e3332fe5-e32a-453c-a7bd-e2e3aa2fa2c7,request_imaging,,,,,,
RD1CDB105CA38,second,5,e3332fe5-e32a-453c-a7bd-e2e3aa2fa2c7,request_imaging,,,,,,
RD1CDB105CA38,consensus,5,e3332fe5-e32a-453c-a7bd-e2e3aa2fa2c7,request_imaging,,,,,,
RD1CDB105CA38,primary,6,e42aa2d2-3554-4853-b580-23f2114b2b22,request_imaging,,,,,,
RD1CDB105CA38,second,6,e42aa2d2-3554-4853-b580-23f2114b2b22,request_imaging,,,,,,
RD1CDB105CA38,consensus,6,e42aa2d2-3554-4853-b580-23f2114b2b22,request_imaging,,,,,,
RD1CDB105CA38,primary,7,5be1a079-1e53-48a4-8658-488956b8635d,plan_reason,,,,,,
RD1CDB105CA38,second,7,5be1a079-1e53-48a4-8658-488956b8635d,plan_reason,,,,,,
RD1CDB105CA38,consensus,7,5be1a079-1e53-48a4-8658-488956b8635d,plan_reason,,,,,,
RD1CDB105CA38,primary,8,ca51f6ce-65db-4a85-bae8-04b03217ce10,request_procedure,,,,,,
RD1CDB105CA38,second,8,ca51f6ce-65db-4a85-bae8-04b03217ce10,request_procedure,,,,,,
RD1CDB105CA38,consensus,8,ca51f6ce-65db-4a85-bae8-04b03217ce10,request_procedure,,,,,,
RD1CDB105CA38,primary,9,00a40394-0e5e-431a-8f84-921846065de3,request_procedure,,,,,,
RD1CDB105CA38,second,9,00a40394-0e5e-431a-8f84-921846065de3,request_procedure,,,,,,
RD1CDB105CA38,consensus,9,00a40394-0e5e-431a-8f84-921846065de3,request_procedure,,,,,,
RD1CDB105CA38,primary,10,ce2211e5-677d-4ca7-9332-3e5e84a2241f,request_lab,,,,,,
RD1CDB105CA38,second,10,ce2211e5-677d-4ca7-9332-3e5e84a2241f,request_lab,,,,,,
RD1CDB105CA38,consensus,10,ce2211e5-677d-4ca7-9332-3e5e84a2241f,request_lab,,,,,,
RD1CDB105CA38,primary,11,705308cf-4c20-4f22-be94-bb8a353ed865,final_diagnosis,,,,,,
RD1CDB105CA38,second,11,705308cf-4c20-4f22-be94-bb8a353ed865,final_diagnosis,,,,,,
RD1CDB105CA38,consensus,11,705308cf-4c20-4f22-be94-bb8a353ed865,final_diagnosis,,,,,,
RD1CDB105CA38,primary,12,0328308b-bc68-4ad5-9ce3-cf68ca76ec6a,disposition,,,,,,
RD1CDB105CA38,second,12,0328308b-bc68-4ad5-9ce3-cf68ca76ec6a,disposition,,,,,,
RD1CDB105CA38,consensus,12,0328308b-bc68-4ad5-9ce3-cf68ca76ec6a,disposition,,,,,,
R984A16B98FB9,primary,1,b8500b79-5c83-4752-8408-eebcff671213,ask_history,,,,,,
R984A16B98FB9,second,1,b8500b79-5c83-4752-8408-eebcff671213,ask_history,,,,,,
R984A16B98FB9,consensus,1,b8500b79-5c83-4752-8408-eebcff671213,ask_history,,,,,,
R984A16B98FB9,primary,2,090d6e44-1645-4e0c-afe0-3369d75f1f3b,request_ecg_or_test,,,,,,
R984A16B98FB9,second,2,090d6e44-1645-4e0c-afe0-3369d75f1f3b,request_ecg_or_test,,,,,,
R984A16B98FB9,consensus,2,090d6e44-1645-4e0c-afe0-3369d75f1f3b,request_ecg_or_test,,,,,,
R984A16B98FB9,primary,3,091d7c16-94d5-499f-89a9-9313f9406e96,request_physical_exam,,,,,,
R984A16B98FB9,second,3,091d7c16-94d5-499f-89a9-9313f9406e96,request_physical_exam,,,,,,
R984A16B98FB9,consensus,3,091d7c16-94d5-499f-89a9-9313f9406e96,request_physical_exam,,,,,,
R984A16B98FB9,primary,4,3c65afb2-368e-4d36-8f2d-22a1b00e4039,request_ecg_or_test,,,,,,
R984A16B98FB9,second,4,3c65afb2-368e-4d36-8f2d-22a1b00e4039,request_ecg_or_test,,,,,,
R984A16B98FB9,consensus,4,3c65afb2-368e-4d36-8f2d-22a1b00e4039,request_ecg_or_test,,,,,,
R984A16B98FB9,primary,5,5c9b67f7-7026-4de0-8f13-3396e2f15f5e,plan_reason,,,,,,
R984A16B98FB9,second,5,5c9b67f7-7026-4de0-8f13-3396e2f15f5e,plan_reason,,,,,,
R984A16B98FB9,consensus,5,5c9b67f7-7026-4de0-8f13-3396e2f15f5e,plan_reason,,,,,,
R984A16B98FB9,primary,6,c4c84a21-4b84-45f1-a85b-bbb9983131b1,request_procedure,,,,,,
R984A16B98FB9,second,6,c4c84a21-4b84-45f1-a85b-bbb9983131b1,request_procedure,,,,,,
R984A16B98FB9,consensus,6,c4c84a21-4b84-45f1-a85b-bbb9983131b1,request_procedure,,,,,,
R984A16B98FB9,primary,7,b6206a18-2030-452e-b524-4940dfa3d668,request_microbiology,,,,,,
R984A16B98FB9,second,7,b6206a18-2030-452e-b524-4940dfa3d668,request_microbiology,,,,,,
R984A16B98FB9,consensus,7,b6206a18-2030-452e-b524-4940dfa3d668,request_microbiology,,,,,,
R984A16B98FB9,primary,8,834bd6d0-db9c-4155-b74a-9c8e0883fb33,ask_history,,,,,,
R984A16B98FB9,second,8,834bd6d0-db9c-4155-b74a-9c8e0883fb33,ask_history,,,,,,
R984A16B98FB9,consensus,8,834bd6d0-db9c-4155-b74a-9c8e0883fb33,ask_history,,,,,,
R984A16B98FB9,primary,9,1e370c68-c0a6-43cb-b790-62df0379dbbd,request_lab,,,,,,
R984A16B98FB9,second,9,1e370c68-c0a6-43cb-b790-62df0379dbbd,request_lab,,,,,,
R984A16B98FB9,consensus,9,1e370c68-c0a6-43cb-b790-62df0379dbbd,request_lab,,,,,,
R984A16B98FB9,primary,10,5d1887f5-566b-4658-90b5-d6d5a86dde6c,request_ecg_or_test,,,,,,
R984A16B98FB9,second,10,5d1887f5-566b-4658-90b5-d6d5a86dde6c,request_ecg_or_test,,,,,,
R984A16B98FB9,consensus,10,5d1887f5-566b-4658-90b5-d6d5a86dde6c,request_ecg_or_test,,,,,,
R984A16B98FB9,primary,11,088ae7f0-5f38-4f07-b478-3fc594274122,request_physical_exam,,,,,,
R984A16B98FB9,second,11,088ae7f0-5f38-4f07-b478-3fc594274122,request_physical_exam,,,,,,
R984A16B98FB9,consensus,11,088ae7f0-5f38-4f07-b478-3fc594274122,request_physical_exam,,,,,,
R984A16B98FB9,primary,12,c13787a5-7718-4ace-ae8a-ae1a628e6260,request_procedure,,,,,,
R984A16B98FB9,second,12,c13787a5-7718-4ace-ae8a-ae1a628e6260,request_procedure,,,,,,
R984A16B98FB9,consensus,12,c13787a5-7718-4ace-ae8a-ae1a628e6260,request_procedure,,,,,,
R984A16B98FB9,primary,13,6318ff5e-e607-4d5a-bb73-88fda9aa2d5f,final_diagnosis,,,,,,
R984A16B98FB9,second,13,6318ff5e-e607-4d5a-bb73-88fda9aa2d5f,final_diagnosis,,,,,,
R984A16B98FB9,consensus,13,6318ff5e-e607-4d5a-bb73-88fda9aa2d5f,final_diagnosis,,,,,,
R984A16B98FB9,primary,14,6b8c2a1e-7a68-4cf8-a99d-277749b1ab4a,disposition,,,,,,
R984A16B98FB9,second,14,6b8c2a1e-7a68-4cf8-a99d-277749b1ab4a,disposition,,,,,,
R984A16B98FB9,consensus,14,6b8c2a1e-7a68-4cf8-a99d-277749b1ab4a,disposition,,,,,,
R3C14592ADE14,primary,1,43179b11-57d3-4a87-b942-6b0d134eec92,ask_history,,,,,,
R3C14592ADE14,second,1,43179b11-57d3-4a87-b942-6b0d134eec92,ask_history,,,,,,
R3C14592ADE14,consensus,1,43179b11-57d3-4a87-b942-6b0d134eec92,ask_history,,,,,,
R3C14592ADE14,primary,2,f5f54624-7881-415f-a3d4-6361566647e8,request_physical_exam,,,,,,
R3C14592ADE14,second,2,f5f54624-7881-415f-a3d4-6361566647e8,request_physical_exam,,,,,,
R3C14592ADE14,consensus,2,f5f54624-7881-415f-a3d4-6361566647e8,request_physical_exam,,,,,,
R3C14592ADE14,primary,3,08486764-b460-4716-bfa8-560fcb7c75ff,request_lab,,,,,,
R3C14592ADE14,second,3,08486764-b460-4716-bfa8-560fcb7c75ff,request_lab,,,,,,
R3C14592ADE14,consensus,3,08486764-b460-4716-bfa8-560fcb7c75ff,request_lab,,,,,,
R3C14592ADE14,primary,4,1fed96ed-4b0e-463a-bb3b-27ca6153dd76,request_imaging,,,,,,
R3C14592ADE14,second,4,1fed96ed-4b0e-463a-bb3b-27ca6153dd76,request_imaging,,,,,,
R3C14592ADE14,consensus,4,1fed96ed-4b0e-463a-bb3b-27ca6153dd76,request_imaging,,,,,,
R3C14592ADE14,primary,5,0cabd9b1-ce1e-4c5b-ad1c-f6087c74cbc4,request_ecg_or_test,,,,,,
R3C14592ADE14,second,5,0cabd9b1-ce1e-4c5b-ad1c-f6087c74cbc4,request_ecg_or_test,,,,,,
R3C14592ADE14,consensus,5,0cabd9b1-ce1e-4c5b-ad1c-f6087c74cbc4,request_ecg_or_test,,,,,,
R3C14592ADE14,primary,6,d9e7bf84-db11-4486-acda-b7bbbbc6126c,request_lab,,,,,,
R3C14592ADE14,second,6,d9e7bf84-db11-4486-acda-b7bbbbc6126c,request_lab,,,,,,
R3C14592ADE14,consensus,6,d9e7bf84-db11-4486-acda-b7bbbbc6126c,request_lab,,,,,,
R3C14592ADE14,primary,7,a75008df-6f91-44b5-a6be-c326214aac31,ask_history,,,,,,
R3C14592ADE14,second,7,a75008df-6f91-44b5-a6be-c326214aac31,ask_history,,,,,,
R3C14592ADE14,consensus,7,a75008df-6f91-44b5-a6be-c326214aac31,ask_history,,,,,,
R3C14592ADE14,primary,8,cc289a1f-59b3-49d4-af60-9aafe6dcf0cc,ask_history,,,,,,
R3C14592ADE14,second,8,cc289a1f-59b3-49d4-af60-9aafe6dcf0cc,ask_history,,,,,,
R3C14592ADE14,consensus,8,cc289a1f-59b3-49d4-af60-9aafe6dcf0cc,ask_history,,,,,,
R3C14592ADE14,primary,9,d188a73f-a18d-4d6a-8ee0-a30a36e3c378,final_diagnosis,,,,,,
R3C14592ADE14,second,9,d188a73f-a18d-4d6a-8ee0-a30a36e3c378,final_diagnosis,,,,,,
R3C14592ADE14,consensus,9,d188a73f-a18d-4d6a-8ee0-a30a36e3c378,final_diagnosis,,,,,,
R3C14592ADE14,primary,10,875f8a0e-8f66-4b8b-8d99-1ed2ac18aeeb,disposition,,,,,,
R3C14592ADE14,second,10,875f8a0e-8f66-4b8b-8d99-1ed2ac18aeeb,disposition,,,,,,
R3C14592ADE14,consensus,10,875f8a0e-8f66-4b8b-8d99-1ed2ac18aeeb,disposition,,,,,,
R6CED380EB166,primary,1,f1ea11d1-83c0-44ea-9c26-110ce6442f3c,request_physical_exam,,,,,,
R6CED380EB166,second,1,f1ea11d1-83c0-44ea-9c26-110ce6442f3c,request_physical_exam,,,,,,
R6CED380EB166,consensus,1,f1ea11d1-83c0-44ea-9c26-110ce6442f3c,request_physical_exam,,,,,,
R6CED380EB166,primary,2,df774e4d-974a-4fa1-8fd5-dc8bb572b5f3,ask_history,,,,,,
R6CED380EB166,second,2,df774e4d-974a-4fa1-8fd5-dc8bb572b5f3,ask_history,,,,,,
R6CED380EB166,consensus,2,df774e4d-974a-4fa1-8fd5-dc8bb572b5f3,ask_history,,,,,,
R6CED380EB166,primary,3,38c0c181-9df0-4ed7-9c9c-2b115cd0ff12,request_imaging,,,,,,
R6CED380EB166,second,3,38c0c181-9df0-4ed7-9c9c-2b115cd0ff12,request_imaging,,,,,,
R6CED380EB166,consensus,3,38c0c181-9df0-4ed7-9c9c-2b115cd0ff12,request_imaging,,,,,,
R6CED380EB166,primary,4,d1ab1943-0f86-4818-a608-af7262c2d170,plan_reason,,,,,,
R6CED380EB166,second,4,d1ab1943-0f86-4818-a608-af7262c2d170,plan_reason,,,,,,
R6CED380EB166,consensus,4,d1ab1943-0f86-4818-a608-af7262c2d170,plan_reason,,,,,,
R6CED380EB166,primary,5,876894f4-e06f-4363-b3eb-5d6479ec2113,request_procedure,,,,,,
R6CED380EB166,second,5,876894f4-e06f-4363-b3eb-5d6479ec2113,request_procedure,,,,,,
R6CED380EB166,consensus,5,876894f4-e06f-4363-b3eb-5d6479ec2113,request_procedure,,,,,,
R6CED380EB166,primary,6,2b42b4d6-c88c-4610-b955-252d0e6c0bb6,request_lab,,,,,,
R6CED380EB166,second,6,2b42b4d6-c88c-4610-b955-252d0e6c0bb6,request_lab,,,,,,
R6CED380EB166,consensus,6,2b42b4d6-c88c-4610-b955-252d0e6c0bb6,request_lab,,,,,,
R6CED380EB166,primary,7,d8d973a4-0a31-4019-b94d-19eb16ce03fc,request_procedure,,,,,,
R6CED380EB166,second,7,d8d973a4-0a31-4019-b94d-19eb16ce03fc,request_procedure,,,,,,
R6CED380EB166,consensus,7,d8d973a4-0a31-4019-b94d-19eb16ce03fc,request_procedure,,,,,,
R6CED380EB166,primary,8,ee23c2cf-58c8-4bdc-a747-04dde23e5b8d,final_diagnosis,,,,,,
R6CED380EB166,second,8,ee23c2cf-58c8-4bdc-a747-04dde23e5b8d,final_diagnosis,,,,,,
R6CED380EB166,consensus,8,ee23c2cf-58c8-4bdc-a747-04dde23e5b8d,final_diagnosis,,,,,,
R6CED380EB166,primary,9,588c35d1-37c5-47c9-85fb-8849fe277043,disposition,,,,,,
R6CED380EB166,second,9,588c35d1-37c5-47c9-85fb-8849fe277043,disposition,,,,,,
R6CED380EB166,consensus,9,588c35d1-37c5-47c9-85fb-8849fe277043,disposition,,,,,,
RC36106E499D4,primary,1,45b64b14-98b1-4ebc-9751-46dd06c4fdc2,request_physical_exam,,,,,,
RC36106E499D4,second,1,45b64b14-98b1-4ebc-9751-46dd06c4fdc2,request_physical_exam,,,,,,
RC36106E499D4,consensus,1,45b64b14-98b1-4ebc-9751-46dd06c4fdc2,request_physical_exam,,,,,,
RC36106E499D4,primary,2,cb1b60fa-4262-4ff4-800a-3e74e8b7ce3e,request_imaging,,,,,,
RC36106E499D4,second,2,cb1b60fa-4262-4ff4-800a-3e74e8b7ce3e,request_imaging,,,,,,
RC36106E499D4,consensus,2,cb1b60fa-4262-4ff4-800a-3e74e8b7ce3e,request_imaging,,,,,,
RC36106E499D4,primary,3,f49d9d34-e909-41b0-924a-356ede88d70c,plan_reason,,,,,,
RC36106E499D4,second,3,f49d9d34-e909-41b0-924a-356ede88d70c,plan_reason,,,,,,
RC36106E499D4,consensus,3,f49d9d34-e909-41b0-924a-356ede88d70c,plan_reason,,,,,,
RC36106E499D4,primary,4,b85779d0-1902-4c53-a938-d69997da78cb,request_procedure,,,,,,
RC36106E499D4,second,4,b85779d0-1902-4c53-a938-d69997da78cb,request_procedure,,,,,,
RC36106E499D4,consensus,4,b85779d0-1902-4c53-a938-d69997da78cb,request_procedure,,,,,,
RC36106E499D4,primary,5,9b307816-c2fc-4b98-968a-454ad28debf3,request_lab,,,,,,
RC36106E499D4,second,5,9b307816-c2fc-4b98-968a-454ad28debf3,request_lab,,,,,,
RC36106E499D4,consensus,5,9b307816-c2fc-4b98-968a-454ad28debf3,request_lab,,,,,,
RC36106E499D4,primary,6,11ee565c-8527-4330-93f5-d79f76ce50cc,ask_history,,,,,,
RC36106E499D4,second,6,11ee565c-8527-4330-93f5-d79f76ce50cc,ask_history,,,,,,
RC36106E499D4,consensus,6,11ee565c-8527-4330-93f5-d79f76ce50cc,ask_history,,,,,,
RC36106E499D4,primary,7,5b7acd16-a915-4861-8577-50517a55abe5,request_procedure,,,,,,
RC36106E499D4,second,7,5b7acd16-a915-4861-8577-50517a55abe5,request_procedure,,,,,,
RC36106E499D4,consensus,7,5b7acd16-a915-4861-8577-50517a55abe5,request_procedure,,,,,,
RC36106E499D4,primary,8,beb368cf-e742-4c2a-8074-0b6fa8a41009,final_diagnosis,,,,,,
RC36106E499D4,second,8,beb368cf-e742-4c2a-8074-0b6fa8a41009,final_diagnosis,,,,,,
RC36106E499D4,consensus,8,beb368cf-e742-4c2a-8074-0b6fa8a41009,final_diagnosis,,,,,,
RC36106E499D4,primary,9,f4e0fd2a-ae22-4fe8-9d7f-00835a8a30a7,disposition,,,,,,
RC36106E499D4,second,9,f4e0fd2a-ae22-4fe8-9d7f-00835a8a30a7,disposition,,,,,,
RC36106E499D4,consensus,9,f4e0fd2a-ae22-4fe8-9d7f-00835a8a30a7,disposition,,,,,,
RB20EB983F31A,primary,1,def1eef4-1a1c-481b-9d41-d7d0e8efb2ec,request_physical_exam,,,,,,
RB20EB983F31A,second,1,def1eef4-1a1c-481b-9d41-d7d0e8efb2ec,request_physical_exam,,,,,,
RB20EB983F31A,consensus,1,def1eef4-1a1c-481b-9d41-d7d0e8efb2ec,request_physical_exam,,,,,,
RB20EB983F31A,primary,2,b3c3ef86-de44-47b9-b6bb-78a60b04e72a,request_imaging,,,,,,
RB20EB983F31A,second,2,b3c3ef86-de44-47b9-b6bb-78a60b04e72a,request_imaging,,,,,,
RB20EB983F31A,consensus,2,b3c3ef86-de44-47b9-b6bb-78a60b04e72a,request_imaging,,,,,,
RB20EB983F31A,primary,3,39bb3fb6-751c-4ebc-b211-bd5477728dea,plan_reason,,,,,,
RB20EB983F31A,second,3,39bb3fb6-751c-4ebc-b211-bd5477728dea,plan_reason,,,,,,
RB20EB983F31A,consensus,3,39bb3fb6-751c-4ebc-b211-bd5477728dea,plan_reason,,,,,,
RB20EB983F31A,primary,4,5f806b42-da7c-43e1-8369-31b5ff4d9296,request_procedure,,,,,,
RB20EB983F31A,second,4,5f806b42-da7c-43e1-8369-31b5ff4d9296,request_procedure,,,,,,
RB20EB983F31A,consensus,4,5f806b42-da7c-43e1-8369-31b5ff4d9296,request_procedure,,,,,,
RB20EB983F31A,primary,5,1780addd-6c3a-4c5c-ae67-06bf3f3bcf18,ask_history,,,,,,
RB20EB983F31A,second,5,1780addd-6c3a-4c5c-ae67-06bf3f3bcf18,ask_history,,,,,,
RB20EB983F31A,consensus,5,1780addd-6c3a-4c5c-ae67-06bf3f3bcf18,ask_history,,,,,,
RB20EB983F31A,primary,6,08ef73e9-061b-479a-9c29-3678071cf192,request_lab,,,,,,
RB20EB983F31A,second,6,08ef73e9-061b-479a-9c29-3678071cf192,request_lab,,,,,,
RB20EB983F31A,consensus,6,08ef73e9-061b-479a-9c29-3678071cf192,request_lab,,,,,,
RB20EB983F31A,primary,7,6f365dd7-c46a-4e24-a942-f70bd2922aa5,final_diagnosis,,,,,,
RB20EB983F31A,second,7,6f365dd7-c46a-4e24-a942-f70bd2922aa5,final_diagnosis,,,,,,
RB20EB983F31A,consensus,7,6f365dd7-c46a-4e24-a942-f70bd2922aa5,final_diagnosis,,,,,,
RB20EB983F31A,primary,8,d00d5a11-c102-4915-b208-0b8d33d817a6,disposition,,,,,,
RB20EB983F31A,second,8,d00d5a11-c102-4915-b208-0b8d33d817a6,disposition,,,,,,
RB20EB983F31A,consensus,8,d00d5a11-c102-4915-b208-0b8d33d817a6,disposition,,,,,,
RF96B9CA532C4,primary,1,61b0173c-4998-4dea-b724-e936b0f83614,request_physical_exam,,,,,,
RF96B9CA532C4,second,1,61b0173c-4998-4dea-b724-e936b0f83614,request_physical_exam,,,,,,
RF96B9CA532C4,consensus,1,61b0173c-4998-4dea-b724-e936b0f83614,request_physical_exam,,,,,,
RF96B9CA532C4,primary,2,cc6b3f99-ebe6-4b45-a4ab-3cf86e0d0fb9,ask_history,,,,,,
RF96B9CA532C4,second,2,cc6b3f99-ebe6-4b45-a4ab-3cf86e0d0fb9,ask_history,,,,,,
RF96B9CA532C4,consensus,2,cc6b3f99-ebe6-4b45-a4ab-3cf86e0d0fb9,ask_history,,,,,,
RF96B9CA532C4,primary,3,56a23f5b-c9b5-4e0e-9cdc-f9d4cd029917,request_lab,,,,,,
RF96B9CA532C4,second,3,56a23f5b-c9b5-4e0e-9cdc-f9d4cd029917,request_lab,,,,,,
RF96B9CA532C4,consensus,3,56a23f5b-c9b5-4e0e-9cdc-f9d4cd029917,request_lab,,,,,,
RF96B9CA532C4,primary,4,4e02e5e8-a9ba-49c2-91f1-06695fd73d5a,ask_history,,,,,,
RF96B9CA532C4,second,4,4e02e5e8-a9ba-49c2-91f1-06695fd73d5a,ask_history,,,,,,
RF96B9CA532C4,consensus,4,4e02e5e8-a9ba-49c2-91f1-06695fd73d5a,ask_history,,,,,,
RF96B9CA532C4,primary,5,f923862b-2bf2-49a9-8cc7-5506a9851ca3,request_imaging,,,,,,
RF96B9CA532C4,second,5,f923862b-2bf2-49a9-8cc7-5506a9851ca3,request_imaging,,,,,,
RF96B9CA532C4,consensus,5,f923862b-2bf2-49a9-8cc7-5506a9851ca3,request_imaging,,,,,,
RF96B9CA532C4,primary,6,1e1ca60b-e17c-4a2f-8411-d91d52d7dac4,request_lab,,,,,,
RF96B9CA532C4,second,6,1e1ca60b-e17c-4a2f-8411-d91d52d7dac4,request_lab,,,,,,
RF96B9CA532C4,consensus,6,1e1ca60b-e17c-4a2f-8411-d91d52d7dac4,request_lab,,,,,,
RF96B9CA532C4,primary,7,cb2aa345-c317-40ba-9ab3-cdfa6307fb52,request_imaging,,,,,,
RF96B9CA532C4,second,7,cb2aa345-c317-40ba-9ab3-cdfa6307fb52,request_imaging,,,,,,
RF96B9CA532C4,consensus,7,cb2aa345-c317-40ba-9ab3-cdfa6307fb52,request_imaging,,,,,,
RF96B9CA532C4,primary,8,13621f9d-5a5b-4c5a-9c46-646d0c555126,plan_reason,,,,,,
RF96B9CA532C4,second,8,13621f9d-5a5b-4c5a-9c46-646d0c555126,plan_reason,,,,,,
RF96B9CA532C4,consensus,8,13621f9d-5a5b-4c5a-9c46-646d0c555126,plan_reason,,,,,,
RF96B9CA532C4,primary,9,80f3a53b-a989-4f80-915b-41b3bf1fab81,request_procedure,,,,,,
RF96B9CA532C4,second,9,80f3a53b-a989-4f80-915b-41b3bf1fab81,request_procedure,,,,,,
RF96B9CA532C4,consensus,9,80f3a53b-a989-4f80-915b-41b3bf1fab81,request_procedure,,,,,,
RF96B9CA532C4,primary,10,8d859ec3-d4b9-417d-bad1-714c5b4daf17,request_procedure,,,,,,
RF96B9CA532C4,second,10,8d859ec3-d4b9-417d-bad1-714c5b4daf17,request_procedure,,,,,,
RF96B9CA532C4,consensus,10,8d859ec3-d4b9-417d-bad1-714c5b4daf17,request_procedure,,,,,,
RF96B9CA532C4,primary,11,931a6c38-e57a-4791-bea4-708004cb31a2,ask_history,,,,,,
RF96B9CA532C4,second,11,931a6c38-e57a-4791-bea4-708004cb31a2,ask_history,,,,,,
RF96B9CA532C4,consensus,11,931a6c38-e57a-4791-bea4-708004cb31a2,ask_history,,,,,,
RF96B9CA532C4,primary,12,ab1b291a-8a18-45ce-a1a1-2893d9ef604c,request_procedure,,,,,,
RF96B9CA532C4,second,12,ab1b291a-8a18-45ce-a1a1-2893d9ef604c,request_procedure,,,,,,
RF96B9CA532C4,consensus,12,ab1b291a-8a18-45ce-a1a1-2893d9ef604c,request_procedure,,,,,,
RF96B9CA532C4,primary,13,703b9be5-bee3-418d-8bcd-bc959da0dbed,final_diagnosis,,,,,,
RF96B9CA532C4,second,13,703b9be5-bee3-418d-8bcd-bc959da0dbed,final_diagnosis,,,,,,
RF96B9CA532C4,consensus,13,703b9be5-bee3-418d-8bcd-bc959da0dbed,final_diagnosis,,,,,,
RF96B9CA532C4,primary,14,3968b38e-fd31-4978-8090-2075a127b5fa,disposition,,,,,,
RF96B9CA532C4,second,14,3968b38e-fd31-4978-8090-2075a127b5fa,disposition,,,,,,
RF96B9CA532C4,consensus,14,3968b38e-fd31-4978-8090-2075a127b5fa,disposition,,,,,,
R406D73E6D039,primary,1,a879ab94-702e-44ef-9b1e-045f5bf0b851,request_physical_exam,,,,,,
R406D73E6D039,second,1,a879ab94-702e-44ef-9b1e-045f5bf0b851,request_physical_exam,,,,,,
R406D73E6D039,consensus,1,a879ab94-702e-44ef-9b1e-045f5bf0b851,request_physical_exam,,,,,,
R406D73E6D039,primary,2,35bc8584-860b-426d-9634-d6da5bd55050,ask_history,,,,,,
R406D73E6D039,second,2,35bc8584-860b-426d-9634-d6da5bd55050,ask_history,,,,,,
R406D73E6D039,consensus,2,35bc8584-860b-426d-9634-d6da5bd55050,ask_history,,,,,,
R406D73E6D039,primary,3,0ef5110f-02fc-45e8-8905-447ba4255059,request_physical_exam,,,,,,
R406D73E6D039,second,3,0ef5110f-02fc-45e8-8905-447ba4255059,request_physical_exam,,,,,,
R406D73E6D039,consensus,3,0ef5110f-02fc-45e8-8905-447ba4255059,request_physical_exam,,,,,,
R406D73E6D039,primary,4,3e8b41fb-ce15-43b3-9014-5f53a0275bbc,ask_history,,,,,,
R406D73E6D039,second,4,3e8b41fb-ce15-43b3-9014-5f53a0275bbc,ask_history,,,,,,
R406D73E6D039,consensus,4,3e8b41fb-ce15-43b3-9014-5f53a0275bbc,ask_history,,,,,,
R406D73E6D039,primary,5,41deaccc-3085-4052-a23f-14fe9b343296,request_imaging,,,,,,
R406D73E6D039,second,5,41deaccc-3085-4052-a23f-14fe9b343296,request_imaging,,,,,,
R406D73E6D039,consensus,5,41deaccc-3085-4052-a23f-14fe9b343296,request_imaging,,,,,,
R406D73E6D039,primary,6,f7d6bf76-7bbf-4661-8de7-e491e5af4749,plan_reason,,,,,,
R406D73E6D039,second,6,f7d6bf76-7bbf-4661-8de7-e491e5af4749,plan_reason,,,,,,
R406D73E6D039,consensus,6,f7d6bf76-7bbf-4661-8de7-e491e5af4749,plan_reason,,,,,,
R406D73E6D039,primary,7,a0f5c12a-2807-464d-837d-2e3ea6b8eed4,request_procedure,,,,,,
R406D73E6D039,second,7,a0f5c12a-2807-464d-837d-2e3ea6b8eed4,request_procedure,,,,,,
R406D73E6D039,consensus,7,a0f5c12a-2807-464d-837d-2e3ea6b8eed4,request_procedure,,,,,,
R406D73E6D039,primary,8,3e272f74-1c8d-439d-a9d5-61fd8a332e4a,final_diagnosis,,,,,,
R406D73E6D039,second,8,3e272f74-1c8d-439d-a9d5-61fd8a332e4a,final_diagnosis,,,,,,
R406D73E6D039,consensus,8,3e272f74-1c8d-439d-a9d5-61fd8a332e4a,final_diagnosis,,,,,,
R406D73E6D039,primary,9,e2abb785-9d3c-4d5d-b6ba-8f7bec0b1d3f,disposition,,,,,,
R406D73E6D039,second,9,e2abb785-9d3c-4d5d-b6ba-8f7bec0b1d3f,disposition,,,,,,
R406D73E6D039,consensus,9,e2abb785-9d3c-4d5d-b6ba-8f7bec0b1d3f,disposition,,,,,,
R81E8A0C74827,primary,1,6df65ac2-1a55-40c8-8ea1-16803e7c6abd,request_physical_exam,,,,,,
R81E8A0C74827,second,1,6df65ac2-1a55-40c8-8ea1-16803e7c6abd,request_physical_exam,,,,,,
R81E8A0C74827,consensus,1,6df65ac2-1a55-40c8-8ea1-16803e7c6abd,request_physical_exam,,,,,,
R81E8A0C74827,primary,2,454a76cb-ad7a-4034-81e9-c2b6b50ad81e,ask_history,,,,,,
R81E8A0C74827,second,2,454a76cb-ad7a-4034-81e9-c2b6b50ad81e,ask_history,,,,,,
R81E8A0C74827,consensus,2,454a76cb-ad7a-4034-81e9-c2b6b50ad81e,ask_history,,,,,,
R81E8A0C74827,primary,3,1863b319-ab3c-45da-b2f9-7053805fa777,request_imaging,,,,,,
R81E8A0C74827,second,3,1863b319-ab3c-45da-b2f9-7053805fa777,request_imaging,,,,,,
R81E8A0C74827,consensus,3,1863b319-ab3c-45da-b2f9-7053805fa777,request_imaging,,,,,,
R81E8A0C74827,primary,4,f85bb2d9-2d33-4830-ad25-a23c0a30b140,request_imaging,,,,,,
R81E8A0C74827,second,4,f85bb2d9-2d33-4830-ad25-a23c0a30b140,request_imaging,,,,,,
R81E8A0C74827,consensus,4,f85bb2d9-2d33-4830-ad25-a23c0a30b140,request_imaging,,,,,,
R81E8A0C74827,primary,5,246eeb81-6912-4ae5-b33d-224e337a55d3,plan_reason,,,,,,
R81E8A0C74827,second,5,246eeb81-6912-4ae5-b33d-224e337a55d3,plan_reason,,,,,,
R81E8A0C74827,consensus,5,246eeb81-6912-4ae5-b33d-224e337a55d3,plan_reason,,,,,,
R81E8A0C74827,primary,6,5a28bd9e-a1c0-4690-acab-8f35020f273f,request_procedure,,,,,,
R81E8A0C74827,second,6,5a28bd9e-a1c0-4690-acab-8f35020f273f,request_procedure,,,,,,
R81E8A0C74827,consensus,6,5a28bd9e-a1c0-4690-acab-8f35020f273f,request_procedure,,,,,,
R81E8A0C74827,primary,7,d4c18673-e2c0-4064-ae73-0d911daabed2,ask_history,,,,,,
R81E8A0C74827,second,7,d4c18673-e2c0-4064-ae73-0d911daabed2,ask_history,,,,,,
R81E8A0C74827,consensus,7,d4c18673-e2c0-4064-ae73-0d911daabed2,ask_history,,,,,,
R81E8A0C74827,primary,8,10624074-f0cc-4876-9c66-aad7ecd15994,final_diagnosis,,,,,,
R81E8A0C74827,second,8,10624074-f0cc-4876-9c66-aad7ecd15994,final_diagnosis,,,,,,
R81E8A0C74827,consensus,8,10624074-f0cc-4876-9c66-aad7ecd15994,final_diagnosis,,,,,,
R81E8A0C74827,primary,9,3ad5bd26-85b9-4d08-af36-7ff9a5c3d7bb,disposition,,,,,,
R81E8A0C74827,second,9,3ad5bd26-85b9-4d08-af36-7ff9a5c3d7bb,disposition,,,,,,
R81E8A0C74827,consensus,9,3ad5bd26-85b9-4d08-af36-7ff9a5c3d7bb,disposition,,,,,,
RE8CE7D0917D6,primary,1,80804c1f-82ff-4f2a-840b-fff38891ae73,ask_history,,,,,,
RE8CE7D0917D6,second,1,80804c1f-82ff-4f2a-840b-fff38891ae73,ask_history,,,,,,
RE8CE7D0917D6,consensus,1,80804c1f-82ff-4f2a-840b-fff38891ae73,ask_history,,,,,,
RE8CE7D0917D6,primary,2,dece5916-fe24-48fc-b36e-9291d6cfc728,request_physical_exam,,,,,,
RE8CE7D0917D6,second,2,dece5916-fe24-48fc-b36e-9291d6cfc728,request_physical_exam,,,,,,
RE8CE7D0917D6,consensus,2,dece5916-fe24-48fc-b36e-9291d6cfc728,request_physical_exam,,,,,,
RE8CE7D0917D6,primary,3,c3894380-36e3-4757-af22-f524881a07af,request_lab,,,,,,
RE8CE7D0917D6,second,3,c3894380-36e3-4757-af22-f524881a07af,request_lab,,,,,,
RE8CE7D0917D6,consensus,3,c3894380-36e3-4757-af22-f524881a07af,request_lab,,,,,,
RE8CE7D0917D6,primary,4,0af64b36-136a-4108-b984-0dd3efeddcc4,ask_history,,,,,,
RE8CE7D0917D6,second,4,0af64b36-136a-4108-b984-0dd3efeddcc4,ask_history,,,,,,
RE8CE7D0917D6,consensus,4,0af64b36-136a-4108-b984-0dd3efeddcc4,ask_history,,,,,,
RE8CE7D0917D6,primary,5,1f478c65-7002-4a82-8b3f-ff705b81cdfd,request_lab,,,,,,
RE8CE7D0917D6,second,5,1f478c65-7002-4a82-8b3f-ff705b81cdfd,request_lab,,,,,,
RE8CE7D0917D6,consensus,5,1f478c65-7002-4a82-8b3f-ff705b81cdfd,request_lab,,,,,,
RE8CE7D0917D6,primary,6,e356ba42-49a8-41f9-a4de-72b3c8c84b87,request_imaging,,,,,,
RE8CE7D0917D6,second,6,e356ba42-49a8-41f9-a4de-72b3c8c84b87,request_imaging,,,,,,
RE8CE7D0917D6,consensus,6,e356ba42-49a8-41f9-a4de-72b3c8c84b87,request_imaging,,,,,,
RE8CE7D0917D6,primary,7,7dc50fa3-d49e-4836-8753-c1349a1686c2,plan_reason,,,,,,
RE8CE7D0917D6,second,7,7dc50fa3-d49e-4836-8753-c1349a1686c2,plan_reason,,,,,,
RE8CE7D0917D6,consensus,7,7dc50fa3-d49e-4836-8753-c1349a1686c2,plan_reason,,,,,,
RE8CE7D0917D6,primary,8,00f15fee-dd65-43c7-a16c-0547c8496ec6,request_procedure,,,,,,
RE8CE7D0917D6,second,8,00f15fee-dd65-43c7-a16c-0547c8496ec6,request_procedure,,,,,,
RE8CE7D0917D6,consensus,8,00f15fee-dd65-43c7-a16c-0547c8496ec6,request_procedure,,,,,,
RE8CE7D0917D6,primary,9,a35caa9e-e56e-4cee-9431-dca31888ddab,request_procedure,,,,,,
RE8CE7D0917D6,second,9,a35caa9e-e56e-4cee-9431-dca31888ddab,request_procedure,,,,,,
RE8CE7D0917D6,consensus,9,a35caa9e-e56e-4cee-9431-dca31888ddab,request_procedure,,,,,,
RE8CE7D0917D6,primary,10,6e321945-877e-4b13-881a-9a8adf96cb48,ask_history,,,,,,
RE8CE7D0917D6,second,10,6e321945-877e-4b13-881a-9a8adf96cb48,ask_history,,,,,,
RE8CE7D0917D6,consensus,10,6e321945-877e-4b13-881a-9a8adf96cb48,ask_history,,,,,,
RE8CE7D0917D6,primary,11,04795582-270b-468a-9859-a1b62c8ef6fb,final_diagnosis,,,,,,
RE8CE7D0917D6,second,11,04795582-270b-468a-9859-a1b62c8ef6fb,final_diagnosis,,,,,,
RE8CE7D0917D6,consensus,11,04795582-270b-468a-9859-a1b62c8ef6fb,final_diagnosis,,,,,,
RE8CE7D0917D6,primary,12,911a4898-d57b-419a-90b5-58ad7ebcfd2c,disposition,,,,,,
RE8CE7D0917D6,second,12,911a4898-d57b-419a-90b5-58ad7ebcfd2c,disposition,,,,,,
RE8CE7D0917D6,consensus,12,911a4898-d57b-419a-90b5-58ad7ebcfd2c,disposition,,,,,,
R57BD9CAF1CD7,primary,1,923c7877-3c8a-4016-82d4-ef3fc62fe1d3,ask_history,,,,,,
R57BD9CAF1CD7,second,1,923c7877-3c8a-4016-82d4-ef3fc62fe1d3,ask_history,,,,,,
R57BD9CAF1CD7,consensus,1,923c7877-3c8a-4016-82d4-ef3fc62fe1d3,ask_history,,,,,,
R57BD9CAF1CD7,primary,2,8555a821-986b-4338-9ca2-278ab8702b78,request_physical_exam,,,,,,
R57BD9CAF1CD7,second,2,8555a821-986b-4338-9ca2-278ab8702b78,request_physical_exam,,,,,,
R57BD9CAF1CD7,consensus,2,8555a821-986b-4338-9ca2-278ab8702b78,request_physical_exam,,,,,,
R57BD9CAF1CD7,primary,3,12f523db-8613-4fef-8d47-7e5bf3d5f574,request_imaging,,,,,,
R57BD9CAF1CD7,second,3,12f523db-8613-4fef-8d47-7e5bf3d5f574,request_imaging,,,,,,
R57BD9CAF1CD7,consensus,3,12f523db-8613-4fef-8d47-7e5bf3d5f574,request_imaging,,,,,,
R57BD9CAF1CD7,primary,4,7084f345-d6da-48e5-a225-35206c214739,plan_reason,,,,,,
R57BD9CAF1CD7,second,4,7084f345-d6da-48e5-a225-35206c214739,plan_reason,,,,,,
R57BD9CAF1CD7,consensus,4,7084f345-d6da-48e5-a225-35206c214739,plan_reason,,,,,,
R57BD9CAF1CD7,primary,5,d670908c-2b08-44f0-a765-86e2c096f499,request_procedure,,,,,,
R57BD9CAF1CD7,second,5,d670908c-2b08-44f0-a765-86e2c096f499,request_procedure,,,,,,
R57BD9CAF1CD7,consensus,5,d670908c-2b08-44f0-a765-86e2c096f499,request_procedure,,,,,,
R57BD9CAF1CD7,primary,6,f15d79ce-b6be-443d-9020-0ad850ee6ab4,request_lab,,,,,,
R57BD9CAF1CD7,second,6,f15d79ce-b6be-443d-9020-0ad850ee6ab4,request_lab,,,,,,
R57BD9CAF1CD7,consensus,6,f15d79ce-b6be-443d-9020-0ad850ee6ab4,request_lab,,,,,,
R57BD9CAF1CD7,primary,7,adbec306-93db-4177-81af-b7b34281b408,request_physical_exam,,,,,,
R57BD9CAF1CD7,second,7,adbec306-93db-4177-81af-b7b34281b408,request_physical_exam,,,,,,
R57BD9CAF1CD7,consensus,7,adbec306-93db-4177-81af-b7b34281b408,request_physical_exam,,,,,,
R57BD9CAF1CD7,primary,8,b345bb8f-fdb9-4204-9904-967b39a9eace,final_diagnosis,,,,,,
R57BD9CAF1CD7,second,8,b345bb8f-fdb9-4204-9904-967b39a9eace,final_diagnosis,,,,,,
R57BD9CAF1CD7,consensus,8,b345bb8f-fdb9-4204-9904-967b39a9eace,final_diagnosis,,,,,,
R57BD9CAF1CD7,primary,9,1013c892-c8aa-4002-bece-2a2446e2386e,disposition,,,,,,
R57BD9CAF1CD7,second,9,1013c892-c8aa-4002-bece-2a2446e2386e,disposition,,,,,,
R57BD9CAF1CD7,consensus,9,1013c892-c8aa-4002-bece-2a2446e2386e,disposition,,,,,,
R8DF5E7ECD25E,primary,1,57acff9d-739b-4dba-8b17-593871469185,request_physical_exam,,,,,,
R8DF5E7ECD25E,second,1,57acff9d-739b-4dba-8b17-593871469185,request_physical_exam,,,,,,
R8DF5E7ECD25E,consensus,1,57acff9d-739b-4dba-8b17-593871469185,request_physical_exam,,,,,,
R8DF5E7ECD25E,primary,2,7b7418cc-f256-47b5-a288-7cde4485fea5,request_lab,,,,,,
R8DF5E7ECD25E,second,2,7b7418cc-f256-47b5-a288-7cde4485fea5,request_lab,,,,,,
R8DF5E7ECD25E,consensus,2,7b7418cc-f256-47b5-a288-7cde4485fea5,request_lab,,,,,,
R8DF5E7ECD25E,primary,3,435db53a-60c0-4cd1-a9f2-a446ec2659e6,ask_history,,,,,,
R8DF5E7ECD25E,second,3,435db53a-60c0-4cd1-a9f2-a446ec2659e6,ask_history,,,,,,
R8DF5E7ECD25E,consensus,3,435db53a-60c0-4cd1-a9f2-a446ec2659e6,ask_history,,,,,,
R8DF5E7ECD25E,primary,4,e27a3abf-b27e-4e08-9f74-41a41eccb3af,ask_history,,,,,,
R8DF5E7ECD25E,second,4,e27a3abf-b27e-4e08-9f74-41a41eccb3af,ask_history,,,,,,
R8DF5E7ECD25E,consensus,4,e27a3abf-b27e-4e08-9f74-41a41eccb3af,ask_history,,,,,,
R8DF5E7ECD25E,primary,5,129bf023-2316-4143-82ba-785e000c98c0,request_lab,,,,,,
R8DF5E7ECD25E,second,5,129bf023-2316-4143-82ba-785e000c98c0,request_lab,,,,,,
R8DF5E7ECD25E,consensus,5,129bf023-2316-4143-82ba-785e000c98c0,request_lab,,,,,,
R8DF5E7ECD25E,primary,6,d6c8e323-8dc3-4064-ac29-478b8cbc5253,request_physical_exam,,,,,,
R8DF5E7ECD25E,second,6,d6c8e323-8dc3-4064-ac29-478b8cbc5253,request_physical_exam,,,,,,
R8DF5E7ECD25E,consensus,6,d6c8e323-8dc3-4064-ac29-478b8cbc5253,request_physical_exam,,,,,,
R8DF5E7ECD25E,primary,7,afeca017-c929-41a1-950b-9dca91f5a183,ask_history,,,,,,
R8DF5E7ECD25E,second,7,afeca017-c929-41a1-950b-9dca91f5a183,ask_history,,,,,,
R8DF5E7ECD25E,consensus,7,afeca017-c929-41a1-950b-9dca91f5a183,ask_history,,,,,,
R8DF5E7ECD25E,primary,8,190fd330-fda2-4a48-9248-21734ce902db,request_lab,,,,,,
R8DF5E7ECD25E,second,8,190fd330-fda2-4a48-9248-21734ce902db,request_lab,,,,,,
R8DF5E7ECD25E,consensus,8,190fd330-fda2-4a48-9248-21734ce902db,request_lab,,,,,,
R8DF5E7ECD25E,primary,9,d8375ee1-0073-407d-b331-a6f1bafeca90,plan_reason,,,,,,
R8DF5E7ECD25E,second,9,d8375ee1-0073-407d-b331-a6f1bafeca90,plan_reason,,,,,,
R8DF5E7ECD25E,consensus,9,d8375ee1-0073-407d-b331-a6f1bafeca90,plan_reason,,,,,,
R8DF5E7ECD25E,primary,10,1e5b8e1f-a7ff-4822-84e5-12ba148a3cea,request_procedure,,,,,,
R8DF5E7ECD25E,second,10,1e5b8e1f-a7ff-4822-84e5-12ba148a3cea,request_procedure,,,,,,
R8DF5E7ECD25E,consensus,10,1e5b8e1f-a7ff-4822-84e5-12ba148a3cea,request_procedure,,,,,,
R8DF5E7ECD25E,primary,11,a98c9962-ccff-433c-853e-76fc941cac02,request_lab,,,,,,
R8DF5E7ECD25E,second,11,a98c9962-ccff-433c-853e-76fc941cac02,request_lab,,,,,,
R8DF5E7ECD25E,consensus,11,a98c9962-ccff-433c-853e-76fc941cac02,request_lab,,,,,,
R8DF5E7ECD25E,primary,12,34982ec1-f4bb-4113-877d-ab37f138b84b,request_lab,,,,,,
R8DF5E7ECD25E,second,12,34982ec1-f4bb-4113-877d-ab37f138b84b,request_lab,,,,,,
R8DF5E7ECD25E,consensus,12,34982ec1-f4bb-4113-877d-ab37f138b84b,request_lab,,,,,,
R8DF5E7ECD25E,primary,13,bb34490e-6d1b-4bdc-992b-ad02c487858e,prescribe_medication,,,,,,
R8DF5E7ECD25E,second,13,bb34490e-6d1b-4bdc-992b-ad02c487858e,prescribe_medication,,,,,,
R8DF5E7ECD25E,consensus,13,bb34490e-6d1b-4bdc-992b-ad02c487858e,prescribe_medication,,,,,,
R8DF5E7ECD25E,primary,14,22f83c06-8fb0-4e48-8dfd-3a668e06dad0,final_diagnosis,,,,,,
R8DF5E7ECD25E,second,14,22f83c06-8fb0-4e48-8dfd-3a668e06dad0,final_diagnosis,,,,,,
R8DF5E7ECD25E,consensus,14,22f83c06-8fb0-4e48-8dfd-3a668e06dad0,final_diagnosis,,,,,,
R8DF5E7ECD25E,primary,15,feffb085-f2d4-4667-b5db-b79985d502a6,disposition,,,,,,
R8DF5E7ECD25E,second,15,feffb085-f2d4-4667-b5db-b79985d502a6,disposition,,,,,,
R8DF5E7ECD25E,consensus,15,feffb085-f2d4-4667-b5db-b79985d502a6,disposition,,,,,,
R877617129D64,primary,1,6fb43df7-7211-4aa8-9332-512a52422410,ask_history,,,,,,
R877617129D64,second,1,6fb43df7-7211-4aa8-9332-512a52422410,ask_history,,,,,,
R877617129D64,consensus,1,6fb43df7-7211-4aa8-9332-512a52422410,ask_history,,,,,,
R877617129D64,primary,2,b1085d1c-9d3f-4f51-a6b8-f1d8c41016d8,request_physical_exam,,,,,,
R877617129D64,second,2,b1085d1c-9d3f-4f51-a6b8-f1d8c41016d8,request_physical_exam,,,,,,
R877617129D64,consensus,2,b1085d1c-9d3f-4f51-a6b8-f1d8c41016d8,request_physical_exam,,,,,,
R877617129D64,primary,3,98b17930-bfef-42b7-b297-6f3b34041d64,request_ecg_or_test,,,,,,
R877617129D64,second,3,98b17930-bfef-42b7-b297-6f3b34041d64,request_ecg_or_test,,,,,,
R877617129D64,consensus,3,98b17930-bfef-42b7-b297-6f3b34041d64,request_ecg_or_test,,,,,,
R877617129D64,primary,4,637f7845-fe41-4485-8262-68bd58dd76fb,request_lab,,,,,,
R877617129D64,second,4,637f7845-fe41-4485-8262-68bd58dd76fb,request_lab,,,,,,
R877617129D64,consensus,4,637f7845-fe41-4485-8262-68bd58dd76fb,request_lab,,,,,,
R877617129D64,primary,5,7c193a5b-eb8a-46c3-975e-8af91793b320,request_ecg_or_test,,,,,,
R877617129D64,second,5,7c193a5b-eb8a-46c3-975e-8af91793b320,request_ecg_or_test,,,,,,
R877617129D64,consensus,5,7c193a5b-eb8a-46c3-975e-8af91793b320,request_ecg_or_test,,,,,,
R877617129D64,primary,6,e7adc2be-3ded-47ae-902e-24656e913271,ask_history,,,,,,
R877617129D64,second,6,e7adc2be-3ded-47ae-902e-24656e913271,ask_history,,,,,,
R877617129D64,consensus,6,e7adc2be-3ded-47ae-902e-24656e913271,ask_history,,,,,,
R877617129D64,primary,7,94017534-236f-4cc4-bc25-4da3435bc453,request_imaging,,,,,,
R877617129D64,second,7,94017534-236f-4cc4-bc25-4da3435bc453,request_imaging,,,,,,
R877617129D64,consensus,7,94017534-236f-4cc4-bc25-4da3435bc453,request_imaging,,,,,,
R877617129D64,primary,8,fee8ec2f-b8ea-4193-bbcc-ff38b13ddb72,plan_reason,,,,,,
R877617129D64,second,8,fee8ec2f-b8ea-4193-bbcc-ff38b13ddb72,plan_reason,,,,,,
R877617129D64,consensus,8,fee8ec2f-b8ea-4193-bbcc-ff38b13ddb72,plan_reason,,,,,,
R877617129D64,primary,9,d7ab7145-b030-43eb-b8a9-51afc349a246,request_procedure,,,,,,
R877617129D64,second,9,d7ab7145-b030-43eb-b8a9-51afc349a246,request_procedure,,,,,,
R877617129D64,consensus,9,d7ab7145-b030-43eb-b8a9-51afc349a246,request_procedure,,,,,,
R877617129D64,primary,10,0da33c08-67cf-411a-a162-f465283ead1a,request_procedure,,,,,,
R877617129D64,second,10,0da33c08-67cf-411a-a162-f465283ead1a,request_procedure,,,,,,
R877617129D64,consensus,10,0da33c08-67cf-411a-a162-f465283ead1a,request_procedure,,,,,,
R877617129D64,primary,11,594b1cc5-4b9c-4c4b-81a7-ca2d53ae72c5,request_physical_exam,,,,,,
R877617129D64,second,11,594b1cc5-4b9c-4c4b-81a7-ca2d53ae72c5,request_physical_exam,,,,,,
R877617129D64,consensus,11,594b1cc5-4b9c-4c4b-81a7-ca2d53ae72c5,request_physical_exam,,,,,,
R877617129D64,primary,12,074da401-cc82-4ee7-a013-8ba4d6425432,final_diagnosis,,,,,,
R877617129D64,second,12,074da401-cc82-4ee7-a013-8ba4d6425432,final_diagnosis,,,,,,
R877617129D64,consensus,12,074da401-cc82-4ee7-a013-8ba4d6425432,final_diagnosis,,,,,,
R877617129D64,primary,13,bf9ac143-f065-4b54-b158-80aca9d401a7,disposition,,,,,,
R877617129D64,second,13,bf9ac143-f065-4b54-b158-80aca9d401a7,disposition,,,,,,
R877617129D64,consensus,13,bf9ac143-f065-4b54-b158-80aca9d401a7,disposition,,,,,,
R7E49E50CE921,primary,1,59351b85-9ec4-43a7-a0ae-33bed60ee735,request_physical_exam,,,,,,
R7E49E50CE921,second,1,59351b85-9ec4-43a7-a0ae-33bed60ee735,request_physical_exam,,,,,,
R7E49E50CE921,consensus,1,59351b85-9ec4-43a7-a0ae-33bed60ee735,request_physical_exam,,,,,,
R7E49E50CE921,primary,2,56d89c82-8f79-49fe-b4cc-b001483abba5,ask_history,,,,,,
R7E49E50CE921,second,2,56d89c82-8f79-49fe-b4cc-b001483abba5,ask_history,,,,,,
R7E49E50CE921,consensus,2,56d89c82-8f79-49fe-b4cc-b001483abba5,ask_history,,,,,,
R7E49E50CE921,primary,3,5efa33f6-0e76-4bee-b010-e5d2355de04f,request_imaging,,,,,,
R7E49E50CE921,second,3,5efa33f6-0e76-4bee-b010-e5d2355de04f,request_imaging,,,,,,
R7E49E50CE921,consensus,3,5efa33f6-0e76-4bee-b010-e5d2355de04f,request_imaging,,,,,,
R7E49E50CE921,primary,4,0d13e2ae-88a5-4de9-bd64-0067b57d11c4,request_imaging,,,,,,
R7E49E50CE921,second,4,0d13e2ae-88a5-4de9-bd64-0067b57d11c4,request_imaging,,,,,,
R7E49E50CE921,consensus,4,0d13e2ae-88a5-4de9-bd64-0067b57d11c4,request_imaging,,,,,,
R7E49E50CE921,primary,5,ca5f73c4-e100-440c-a87c-d18daba18ddd,plan_reason,,,,,,
R7E49E50CE921,second,5,ca5f73c4-e100-440c-a87c-d18daba18ddd,plan_reason,,,,,,
R7E49E50CE921,consensus,5,ca5f73c4-e100-440c-a87c-d18daba18ddd,plan_reason,,,,,,
R7E49E50CE921,primary,6,8c25859d-130b-4689-9b2f-b97f4cc6e0fe,request_procedure,,,,,,
R7E49E50CE921,second,6,8c25859d-130b-4689-9b2f-b97f4cc6e0fe,request_procedure,,,,,,
R7E49E50CE921,consensus,6,8c25859d-130b-4689-9b2f-b97f4cc6e0fe,request_procedure,,,,,,
R7E49E50CE921,primary,7,fd6104e5-2b77-4792-b19b-b234c218799e,ask_history,,,,,,
R7E49E50CE921,second,7,fd6104e5-2b77-4792-b19b-b234c218799e,ask_history,,,,,,
R7E49E50CE921,consensus,7,fd6104e5-2b77-4792-b19b-b234c218799e,ask_history,,,,,,
R7E49E50CE921,primary,8,9be123bb-6192-409c-9887-34936da74412,request_imaging,,,,,,
R7E49E50CE921,second,8,9be123bb-6192-409c-9887-34936da74412,request_imaging,,,,,,
R7E49E50CE921,consensus,8,9be123bb-6192-409c-9887-34936da74412,request_imaging,,,,,,
R7E49E50CE921,primary,9,f006db37-5adb-4fd9-aa64-051172fa96b8,final_diagnosis,,,,,,
R7E49E50CE921,second,9,f006db37-5adb-4fd9-aa64-051172fa96b8,final_diagnosis,,,,,,
R7E49E50CE921,consensus,9,f006db37-5adb-4fd9-aa64-051172fa96b8,final_diagnosis,,,,,,
R7E49E50CE921,primary,10,f3802e51-1f94-466e-ba4c-c1b07a730a3f,disposition,,,,,,
R7E49E50CE921,second,10,f3802e51-1f94-466e-ba4c-c1b07a730a3f,disposition,,,,,,
R7E49E50CE921,consensus,10,f3802e51-1f94-466e-ba4c-c1b07a730a3f,disposition,,,,,,
RC13098014F1D,primary,1,e451c46b-70e2-4f86-8e6e-259d7cb17550,request_physical_exam,,,,,,
RC13098014F1D,second,1,e451c46b-70e2-4f86-8e6e-259d7cb17550,request_physical_exam,,,,,,
RC13098014F1D,consensus,1,e451c46b-70e2-4f86-8e6e-259d7cb17550,request_physical_exam,,,,,,
RC13098014F1D,primary,2,104edb79-3083-4e92-bf66-c00394b798c5,request_ecg_or_test,,,,,,
RC13098014F1D,second,2,104edb79-3083-4e92-bf66-c00394b798c5,request_ecg_or_test,,,,,,
RC13098014F1D,consensus,2,104edb79-3083-4e92-bf66-c00394b798c5,request_ecg_or_test,,,,,,
RC13098014F1D,primary,3,1d395d56-7132-491f-877e-471f3b53067a,request_physical_exam,,,,,,
RC13098014F1D,second,3,1d395d56-7132-491f-877e-471f3b53067a,request_physical_exam,,,,,,
RC13098014F1D,consensus,3,1d395d56-7132-491f-877e-471f3b53067a,request_physical_exam,,,,,,
RC13098014F1D,primary,4,02ca88a6-372b-4e49-bb6b-b5b4b2efa40e,ask_history,,,,,,
RC13098014F1D,second,4,02ca88a6-372b-4e49-bb6b-b5b4b2efa40e,ask_history,,,,,,
RC13098014F1D,consensus,4,02ca88a6-372b-4e49-bb6b-b5b4b2efa40e,ask_history,,,,,,
RC13098014F1D,primary,5,3a1110fd-2176-4cd2-8ddf-99d70a5fbd40,request_lab,,,,,,
RC13098014F1D,second,5,3a1110fd-2176-4cd2-8ddf-99d70a5fbd40,request_lab,,,,,,
RC13098014F1D,consensus,5,3a1110fd-2176-4cd2-8ddf-99d70a5fbd40,request_lab,,,,,,
RC13098014F1D,primary,6,6539ab7c-1f3c-421e-a7bd-533643a98c5b,request_ecg_or_test,,,,,,
RC13098014F1D,second,6,6539ab7c-1f3c-421e-a7bd-533643a98c5b,request_ecg_or_test,,,,,,
RC13098014F1D,consensus,6,6539ab7c-1f3c-421e-a7bd-533643a98c5b,request_ecg_or_test,,,,,,
RC13098014F1D,primary,7,be941dde-00c1-492b-adb1-195c7d9d3940,request_imaging,,,,,,
RC13098014F1D,second,7,be941dde-00c1-492b-adb1-195c7d9d3940,request_imaging,,,,,,
RC13098014F1D,consensus,7,be941dde-00c1-492b-adb1-195c7d9d3940,request_imaging,,,,,,
RC13098014F1D,primary,8,e5b9aaf7-3bd2-483e-a9ca-401eb126d7fc,plan_reason,,,,,,
RC13098014F1D,second,8,e5b9aaf7-3bd2-483e-a9ca-401eb126d7fc,plan_reason,,,,,,
RC13098014F1D,consensus,8,e5b9aaf7-3bd2-483e-a9ca-401eb126d7fc,plan_reason,,,,,,
RC13098014F1D,primary,9,f7b0f1d8-fb49-4d6f-b8df-389d3351d8f1,request_procedure,,,,,,
RC13098014F1D,second,9,f7b0f1d8-fb49-4d6f-b8df-389d3351d8f1,request_procedure,,,,,,
RC13098014F1D,consensus,9,f7b0f1d8-fb49-4d6f-b8df-389d3351d8f1,request_procedure,,,,,,
RC13098014F1D,primary,10,2602c732-0782-41d7-bb7c-6226d8d9b742,request_ecg_or_test,,,,,,
RC13098014F1D,second,10,2602c732-0782-41d7-bb7c-6226d8d9b742,request_ecg_or_test,,,,,,
RC13098014F1D,consensus,10,2602c732-0782-41d7-bb7c-6226d8d9b742,request_ecg_or_test,,,,,,
RC13098014F1D,primary,11,09c1ec4b-af0b-445c-9dd5-31258bfebbdb,request_procedure,,,,,,
RC13098014F1D,second,11,09c1ec4b-af0b-445c-9dd5-31258bfebbdb,request_procedure,,,,,,
RC13098014F1D,consensus,11,09c1ec4b-af0b-445c-9dd5-31258bfebbdb,request_procedure,,,,,,
RC13098014F1D,primary,12,04dfdba4-95af-40ef-8f1b-9a1fbe0af900,final_diagnosis,,,,,,
RC13098014F1D,second,12,04dfdba4-95af-40ef-8f1b-9a1fbe0af900,final_diagnosis,,,,,,
RC13098014F1D,consensus,12,04dfdba4-95af-40ef-8f1b-9a1fbe0af900,final_diagnosis,,,,,,
RC13098014F1D,primary,13,6cf7db25-8630-45c6-b008-0a9af60c9ef2,disposition,,,,,,
RC13098014F1D,second,13,6cf7db25-8630-45c6-b008-0a9af60c9ef2,disposition,,,,,,
RC13098014F1D,consensus,13,6cf7db25-8630-45c6-b008-0a9af60c9ef2,disposition,,,,,,
R7DE3523428CD,primary,1,02af728c-b77e-4b92-bde5-824b90bae613,ask_history,,,,,,
R7DE3523428CD,second,1,02af728c-b77e-4b92-bde5-824b90bae613,ask_history,,,,,,
R7DE3523428CD,consensus,1,02af728c-b77e-4b92-bde5-824b90bae613,ask_history,,,,,,
R7DE3523428CD,primary,2,6f583ddb-6fc4-4529-a7de-9de81fa1f8ce,request_ecg_or_test,,,,,,
R7DE3523428CD,second,2,6f583ddb-6fc4-4529-a7de-9de81fa1f8ce,request_ecg_or_test,,,,,,
R7DE3523428CD,consensus,2,6f583ddb-6fc4-4529-a7de-9de81fa1f8ce,request_ecg_or_test,,,,,,
R7DE3523428CD,primary,3,d6d8f90e-bd93-4b1c-9450-487e3490a60f,request_physical_exam,,,,,,
R7DE3523428CD,second,3,d6d8f90e-bd93-4b1c-9450-487e3490a60f,request_physical_exam,,,,,,
R7DE3523428CD,consensus,3,d6d8f90e-bd93-4b1c-9450-487e3490a60f,request_physical_exam,,,,,,
R7DE3523428CD,primary,4,0ad327e0-2314-4e07-be17-5946b51b7d28,request_ecg_or_test,,,,,,
R7DE3523428CD,second,4,0ad327e0-2314-4e07-be17-5946b51b7d28,request_ecg_or_test,,,,,,
R7DE3523428CD,consensus,4,0ad327e0-2314-4e07-be17-5946b51b7d28,request_ecg_or_test,,,,,,
R7DE3523428CD,primary,5,d8129eed-9fde-4e3d-8106-1654be2d2285,plan_reason,,,,,,
R7DE3523428CD,second,5,d8129eed-9fde-4e3d-8106-1654be2d2285,plan_reason,,,,,,
R7DE3523428CD,consensus,5,d8129eed-9fde-4e3d-8106-1654be2d2285,plan_reason,,,,,,
R7DE3523428CD,primary,6,0d2a2e37-6205-4154-b900-3b34f4a56b82,request_procedure,,,,,,
R7DE3523428CD,second,6,0d2a2e37-6205-4154-b900-3b34f4a56b82,request_procedure,,,,,,
R7DE3523428CD,consensus,6,0d2a2e37-6205-4154-b900-3b34f4a56b82,request_procedure,,,,,,
R7DE3523428CD,primary,7,056f67c4-e4fd-4e30-94c5-f7d5f3169341,request_microbiology,,,,,,
R7DE3523428CD,second,7,056f67c4-e4fd-4e30-94c5-f7d5f3169341,request_microbiology,,,,,,
R7DE3523428CD,consensus,7,056f67c4-e4fd-4e30-94c5-f7d5f3169341,request_microbiology,,,,,,
R7DE3523428CD,primary,8,57a33c0e-7300-43f2-9057-d0a679c160d2,ask_history,,,,,,
R7DE3523428CD,second,8,57a33c0e-7300-43f2-9057-d0a679c160d2,ask_history,,,,,,
R7DE3523428CD,consensus,8,57a33c0e-7300-43f2-9057-d0a679c160d2,ask_history,,,,,,
R7DE3523428CD,primary,9,ddcf9c91-c7d9-45ee-83c4-62aaf142184f,request_ecg_or_test,,,,,,
R7DE3523428CD,second,9,ddcf9c91-c7d9-45ee-83c4-62aaf142184f,request_ecg_or_test,,,,,,
R7DE3523428CD,consensus,9,ddcf9c91-c7d9-45ee-83c4-62aaf142184f,request_ecg_or_test,,,,,,
R7DE3523428CD,primary,10,5759bc11-a04e-49be-8d84-94d6e4231215,request_procedure,,,,,,
R7DE3523428CD,second,10,5759bc11-a04e-49be-8d84-94d6e4231215,request_procedure,,,,,,
R7DE3523428CD,consensus,10,5759bc11-a04e-49be-8d84-94d6e4231215,request_procedure,,,,,,
R7DE3523428CD,primary,11,f3048fd6-02a9-491f-ae19-6abb198f6424,request_lab,,,,,,
R7DE3523428CD,second,11,f3048fd6-02a9-491f-ae19-6abb198f6424,request_lab,,,,,,
R7DE3523428CD,consensus,11,f3048fd6-02a9-491f-ae19-6abb198f6424,request_lab,,,,,,
R7DE3523428CD,primary,12,fc4cdc9f-ef81-4314-a392-de5b26d34dc1,final_diagnosis,,,,,,
R7DE3523428CD,second,12,fc4cdc9f-ef81-4314-a392-de5b26d34dc1,final_diagnosis,,,,,,
R7DE3523428CD,consensus,12,fc4cdc9f-ef81-4314-a392-de5b26d34dc1,final_diagnosis,,,,,,
R7DE3523428CD,primary,13,600885f3-accb-47f2-98ab-1c45c99d1aea,disposition,,,,,,
R7DE3523428CD,second,13,600885f3-accb-47f2-98ab-1c45c99d1aea,disposition,,,,,,
R7DE3523428CD,consensus,13,600885f3-accb-47f2-98ab-1c45c99d1aea,disposition,,,,,,
RB26D84D41ADB,primary,1,43d0b2e9-dd41-453c-bc17-174af679aefa,request_physical_exam,,,,,,
RB26D84D41ADB,second,1,43d0b2e9-dd41-453c-bc17-174af679aefa,request_physical_exam,,,,,,
RB26D84D41ADB,consensus,1,43d0b2e9-dd41-453c-bc17-174af679aefa,request_physical_exam,,,,,,
RB26D84D41ADB,primary,2,e8658001-44d2-49d3-a9fb-b339a0671345,request_imaging,,,,,,
RB26D84D41ADB,second,2,e8658001-44d2-49d3-a9fb-b339a0671345,request_imaging,,,,,,
RB26D84D41ADB,consensus,2,e8658001-44d2-49d3-a9fb-b339a0671345,request_imaging,,,,,,
RB26D84D41ADB,primary,3,9edeb647-ab43-4951-b740-cd35ea96800a,plan_reason,,,,,,
RB26D84D41ADB,second,3,9edeb647-ab43-4951-b740-cd35ea96800a,plan_reason,,,,,,
RB26D84D41ADB,consensus,3,9edeb647-ab43-4951-b740-cd35ea96800a,plan_reason,,,,,,
RB26D84D41ADB,primary,4,fbf4af05-ffdd-43d4-b1a2-a9960b7e1ac1,request_procedure,,,,,,
RB26D84D41ADB,second,4,fbf4af05-ffdd-43d4-b1a2-a9960b7e1ac1,request_procedure,,,,,,
RB26D84D41ADB,consensus,4,fbf4af05-ffdd-43d4-b1a2-a9960b7e1ac1,request_procedure,,,,,,
RB26D84D41ADB,primary,5,23680b90-b541-4f6f-b798-9618ee0496ad,request_lab,,,,,,
RB26D84D41ADB,second,5,23680b90-b541-4f6f-b798-9618ee0496ad,request_lab,,,,,,
RB26D84D41ADB,consensus,5,23680b90-b541-4f6f-b798-9618ee0496ad,request_lab,,,,,,
RB26D84D41ADB,primary,6,c5cad99d-32a5-4434-9999-fc58d5063dba,ask_history,,,,,,
RB26D84D41ADB,second,6,c5cad99d-32a5-4434-9999-fc58d5063dba,ask_history,,,,,,
RB26D84D41ADB,consensus,6,c5cad99d-32a5-4434-9999-fc58d5063dba,ask_history,,,,,,
RB26D84D41ADB,primary,7,ec7cac50-2996-434e-8a4d-ffdc9f102a8a,request_physical_exam,,,,,,
RB26D84D41ADB,second,7,ec7cac50-2996-434e-8a4d-ffdc9f102a8a,request_physical_exam,,,,,,
RB26D84D41ADB,consensus,7,ec7cac50-2996-434e-8a4d-ffdc9f102a8a,request_physical_exam,,,,,,
RB26D84D41ADB,primary,8,e26e351a-e9a3-4b0a-8e6d-f1d0c02b990a,final_diagnosis,,,,,,
RB26D84D41ADB,second,8,e26e351a-e9a3-4b0a-8e6d-f1d0c02b990a,final_diagnosis,,,,,,
RB26D84D41ADB,consensus,8,e26e351a-e9a3-4b0a-8e6d-f1d0c02b990a,final_diagnosis,,,,,,
RB26D84D41ADB,primary,9,acff9c0b-fd4c-41a9-9fd8-e864a98c5437,disposition,,,,,,
RB26D84D41ADB,second,9,acff9c0b-fd4c-41a9-9fd8-e864a98c5437,disposition,,,,,,
RB26D84D41ADB,consensus,9,acff9c0b-fd4c-41a9-9fd8-e864a98c5437,disposition,,,,,,
R590ED8B416AF,primary,1,551db221-d22d-4169-8046-c84efc766851,request_physical_exam,,,,,,
R590ED8B416AF,second,1,551db221-d22d-4169-8046-c84efc766851,request_physical_exam,,,,,,
R590ED8B416AF,consensus,1,551db221-d22d-4169-8046-c84efc766851,request_physical_exam,,,,,,
R590ED8B416AF,primary,2,b1de8dd9-87b0-46ec-b9d6-06db7195c9ee,request_ecg_or_test,,,,,,
R590ED8B416AF,second,2,b1de8dd9-87b0-46ec-b9d6-06db7195c9ee,request_ecg_or_test,,,,,,
R590ED8B416AF,consensus,2,b1de8dd9-87b0-46ec-b9d6-06db7195c9ee,request_ecg_or_test,,,,,,
R590ED8B416AF,primary,3,21b72663-2e06-4948-abee-4cb0ed167844,ask_history,,,,,,
R590ED8B416AF,second,3,21b72663-2e06-4948-abee-4cb0ed167844,ask_history,,,,,,
R590ED8B416AF,consensus,3,21b72663-2e06-4948-abee-4cb0ed167844,ask_history,,,,,,
R590ED8B416AF,primary,4,d76f61b0-05d3-46b7-ad59-fc64b0984f69,request_lab,,,,,,
R590ED8B416AF,second,4,d76f61b0-05d3-46b7-ad59-fc64b0984f69,request_lab,,,,,,
R590ED8B416AF,consensus,4,d76f61b0-05d3-46b7-ad59-fc64b0984f69,request_lab,,,,,,
R590ED8B416AF,primary,5,2e1d1542-172d-49cb-a649-6acbb9dad9c2,request_ecg_or_test,,,,,,
R590ED8B416AF,second,5,2e1d1542-172d-49cb-a649-6acbb9dad9c2,request_ecg_or_test,,,,,,
R590ED8B416AF,consensus,5,2e1d1542-172d-49cb-a649-6acbb9dad9c2,request_ecg_or_test,,,,,,
R590ED8B416AF,primary,6,9db90078-91e2-426d-b013-e6f9da960f99,ask_history,,,,,,
R590ED8B416AF,second,6,9db90078-91e2-426d-b013-e6f9da960f99,ask_history,,,,,,
R590ED8B416AF,consensus,6,9db90078-91e2-426d-b013-e6f9da960f99,ask_history,,,,,,
R590ED8B416AF,primary,7,993e526f-4714-4ca4-930a-c696092c5358,request_imaging,,,,,,
R590ED8B416AF,second,7,993e526f-4714-4ca4-930a-c696092c5358,request_imaging,,,,,,
R590ED8B416AF,consensus,7,993e526f-4714-4ca4-930a-c696092c5358,request_imaging,,,,,,
R590ED8B416AF,primary,8,a09bfee6-f0d7-4e6a-aa4d-9b926b14ec23,plan_reason,,,,,,
R590ED8B416AF,second,8,a09bfee6-f0d7-4e6a-aa4d-9b926b14ec23,plan_reason,,,,,,
R590ED8B416AF,consensus,8,a09bfee6-f0d7-4e6a-aa4d-9b926b14ec23,plan_reason,,,,,,
R590ED8B416AF,primary,9,c7ce2f8f-9c81-4d42-94a6-3cc25b10fcd6,request_ecg_or_test,,,,,,
R590ED8B416AF,second,9,c7ce2f8f-9c81-4d42-94a6-3cc25b10fcd6,request_ecg_or_test,,,,,,
R590ED8B416AF,consensus,9,c7ce2f8f-9c81-4d42-94a6-3cc25b10fcd6,request_ecg_or_test,,,,,,
R590ED8B416AF,primary,10,8348e767-5c89-49a8-b0ba-d8153fbdf1f0,request_ecg_or_test,,,,,,
R590ED8B416AF,second,10,8348e767-5c89-49a8-b0ba-d8153fbdf1f0,request_ecg_or_test,,,,,,
R590ED8B416AF,consensus,10,8348e767-5c89-49a8-b0ba-d8153fbdf1f0,request_ecg_or_test,,,,,,
R590ED8B416AF,primary,11,4a098fdf-8315-4da6-b6de-eee8e027dcb6,request_physical_exam,,,,,,
R590ED8B416AF,second,11,4a098fdf-8315-4da6-b6de-eee8e027dcb6,request_physical_exam,,,,,,
R590ED8B416AF,consensus,11,4a098fdf-8315-4da6-b6de-eee8e027dcb6,request_physical_exam,,,,,,
R590ED8B416AF,primary,12,25e3a58f-0f88-4c9c-ab31-1bc6189b76c7,final_diagnosis,,,,,,
R590ED8B416AF,second,12,25e3a58f-0f88-4c9c-ab31-1bc6189b76c7,final_diagnosis,,,,,,
R590ED8B416AF,consensus,12,25e3a58f-0f88-4c9c-ab31-1bc6189b76c7,final_diagnosis,,,,,,
R590ED8B416AF,primary,13,8b4471fc-d6ab-401b-b6cd-49d41e8fffc0,disposition,,,,,,
R590ED8B416AF,second,13,8b4471fc-d6ab-401b-b6cd-49d41e8fffc0,disposition,,,,,,
R590ED8B416AF,consensus,13,8b4471fc-d6ab-401b-b6cd-49d41e8fffc0,disposition,,,,,,
R875E24276B4E,primary,1,721cc1eb-7e4b-40bb-9d11-1c66d800b7ee,request_physical_exam,,,,,,
R875E24276B4E,second,1,721cc1eb-7e4b-40bb-9d11-1c66d800b7ee,request_physical_exam,,,,,,
R875E24276B4E,consensus,1,721cc1eb-7e4b-40bb-9d11-1c66d800b7ee,request_physical_exam,,,,,,
R875E24276B4E,primary,2,90b3113e-0fc0-4bea-9b17-518ef4befd85,ask_history,,,,,,
R875E24276B4E,second,2,90b3113e-0fc0-4bea-9b17-518ef4befd85,ask_history,,,,,,
R875E24276B4E,consensus,2,90b3113e-0fc0-4bea-9b17-518ef4befd85,ask_history,,,,,,
R875E24276B4E,primary,3,9defae6a-b4b8-4904-87fd-afd547fb5aa5,request_lab,,,,,,
R875E24276B4E,second,3,9defae6a-b4b8-4904-87fd-afd547fb5aa5,request_lab,,,,,,
R875E24276B4E,consensus,3,9defae6a-b4b8-4904-87fd-afd547fb5aa5,request_lab,,,,,,
R875E24276B4E,primary,4,62c00a97-736b-42d6-8a6b-c600a88cf74f,request_imaging,,,,,,
R875E24276B4E,second,4,62c00a97-736b-42d6-8a6b-c600a88cf74f,request_imaging,,,,,,
R875E24276B4E,consensus,4,62c00a97-736b-42d6-8a6b-c600a88cf74f,request_imaging,,,,,,
R875E24276B4E,primary,5,df2f1edd-c8a2-426b-aa06-3d38465b1167,ask_history,,,,,,
R875E24276B4E,second,5,df2f1edd-c8a2-426b-aa06-3d38465b1167,ask_history,,,,,,
R875E24276B4E,consensus,5,df2f1edd-c8a2-426b-aa06-3d38465b1167,ask_history,,,,,,
R875E24276B4E,primary,6,e4fd49e3-3b2a-4e43-a2a7-a8124deb7b43,request_ecg_or_test,,,,,,
R875E24276B4E,second,6,e4fd49e3-3b2a-4e43-a2a7-a8124deb7b43,request_ecg_or_test,,,,,,
R875E24276B4E,consensus,6,e4fd49e3-3b2a-4e43-a2a7-a8124deb7b43,request_ecg_or_test,,,,,,
R875E24276B4E,primary,7,7a4b2e9d-17ff-4645-97cc-793d05aa777f,ask_history,,,,,,
R875E24276B4E,second,7,7a4b2e9d-17ff-4645-97cc-793d05aa777f,ask_history,,,,,,
R875E24276B4E,consensus,7,7a4b2e9d-17ff-4645-97cc-793d05aa777f,ask_history,,,,,,
R875E24276B4E,primary,8,ca1df28b-7bc2-44fa-8246-0fe3c06393ec,request_lab,,,,,,
R875E24276B4E,second,8,ca1df28b-7bc2-44fa-8246-0fe3c06393ec,request_lab,,,,,,
R875E24276B4E,consensus,8,ca1df28b-7bc2-44fa-8246-0fe3c06393ec,request_lab,,,,,,
R875E24276B4E,primary,9,bfa0d90d-64c4-491f-9dbe-ee1f51232630,final_diagnosis,,,,,,
R875E24276B4E,second,9,bfa0d90d-64c4-491f-9dbe-ee1f51232630,final_diagnosis,,,,,,
R875E24276B4E,consensus,9,bfa0d90d-64c4-491f-9dbe-ee1f51232630,final_diagnosis,,,,,,
R875E24276B4E,primary,10,c9a3d41f-c4f5-4cfc-ae2a-5f603a68c472,disposition,,,,,,
R875E24276B4E,second,10,c9a3d41f-c4f5-4cfc-ae2a-5f603a68c472,disposition,,,,,,
R875E24276B4E,consensus,10,c9a3d41f-c4f5-4cfc-ae2a-5f603a68c472,disposition,,,,,,
R13E129626C3C,primary,1,b672786f-ff8e-4365-a964-912e9c78d73f,request_physical_exam,,,,,,
R13E129626C3C,second,1,b672786f-ff8e-4365-a964-912e9c78d73f,request_physical_exam,,,,,,
R13E129626C3C,consensus,1,b672786f-ff8e-4365-a964-912e9c78d73f,request_physical_exam,,,,,,
R13E129626C3C,primary,2,e663fd37-0c31-4440-858c-ae0fbf892064,request_ecg_or_test,,,,,,
R13E129626C3C,second,2,e663fd37-0c31-4440-858c-ae0fbf892064,request_ecg_or_test,,,,,,
R13E129626C3C,consensus,2,e663fd37-0c31-4440-858c-ae0fbf892064,request_ecg_or_test,,,,,,
R13E129626C3C,primary,3,6767bd7a-c099-4cf5-a7ca-ae02c8f2be8d,request_physical_exam,,,,,,
R13E129626C3C,second,3,6767bd7a-c099-4cf5-a7ca-ae02c8f2be8d,request_physical_exam,,,,,,
R13E129626C3C,consensus,3,6767bd7a-c099-4cf5-a7ca-ae02c8f2be8d,request_physical_exam,,,,,,
R13E129626C3C,primary,4,d2dacd7c-8549-4851-9151-69e5b930c48a,request_lab,,,,,,
R13E129626C3C,second,4,d2dacd7c-8549-4851-9151-69e5b930c48a,request_lab,,,,,,
R13E129626C3C,consensus,4,d2dacd7c-8549-4851-9151-69e5b930c48a,request_lab,,,,,,
R13E129626C3C,primary,5,512a8782-cc2b-4987-b2f7-6a75c53f4c90,ask_history,,,,,,
R13E129626C3C,second,5,512a8782-cc2b-4987-b2f7-6a75c53f4c90,ask_history,,,,,,
R13E129626C3C,consensus,5,512a8782-cc2b-4987-b2f7-6a75c53f4c90,ask_history,,,,,,
R13E129626C3C,primary,6,118ec726-e4f7-434e-bd4d-f9dbec14ab02,request_ecg_or_test,,,,,,
R13E129626C3C,second,6,118ec726-e4f7-434e-bd4d-f9dbec14ab02,request_ecg_or_test,,,,,,
R13E129626C3C,consensus,6,118ec726-e4f7-434e-bd4d-f9dbec14ab02,request_ecg_or_test,,,,,,
R13E129626C3C,primary,7,a9649517-ad8b-4b4f-9b71-0b6b3db9b7e4,ask_history,,,,,,
R13E129626C3C,second,7,a9649517-ad8b-4b4f-9b71-0b6b3db9b7e4,ask_history,,,,,,
R13E129626C3C,consensus,7,a9649517-ad8b-4b4f-9b71-0b6b3db9b7e4,ask_history,,,,,,
R13E129626C3C,primary,8,c7436190-5c7f-4169-ae6b-77fecd91293d,request_imaging,,,,,,
R13E129626C3C,second,8,c7436190-5c7f-4169-ae6b-77fecd91293d,request_imaging,,,,,,
R13E129626C3C,consensus,8,c7436190-5c7f-4169-ae6b-77fecd91293d,request_imaging,,,,,,
R13E129626C3C,primary,9,0bc9ecb2-9471-4c0e-b67a-e04c1ceca496,plan_reason,,,,,,
R13E129626C3C,second,9,0bc9ecb2-9471-4c0e-b67a-e04c1ceca496,plan_reason,,,,,,
R13E129626C3C,consensus,9,0bc9ecb2-9471-4c0e-b67a-e04c1ceca496,plan_reason,,,,,,
R13E129626C3C,primary,10,1dae5d19-09a4-4397-991d-9d3205ccfeeb,request_procedure,,,,,,
R13E129626C3C,second,10,1dae5d19-09a4-4397-991d-9d3205ccfeeb,request_procedure,,,,,,
R13E129626C3C,consensus,10,1dae5d19-09a4-4397-991d-9d3205ccfeeb,request_procedure,,,,,,
R13E129626C3C,primary,11,41cf477b-42df-49e6-8032-e52aad46798d,request_ecg_or_test,,,,,,
R13E129626C3C,second,11,41cf477b-42df-49e6-8032-e52aad46798d,request_ecg_or_test,,,,,,
R13E129626C3C,consensus,11,41cf477b-42df-49e6-8032-e52aad46798d,request_ecg_or_test,,,,,,
R13E129626C3C,primary,12,1a142d7b-b6ab-49df-95a5-db2993207812,final_diagnosis,,,,,,
R13E129626C3C,second,12,1a142d7b-b6ab-49df-95a5-db2993207812,final_diagnosis,,,,,,
R13E129626C3C,consensus,12,1a142d7b-b6ab-49df-95a5-db2993207812,final_diagnosis,,,,,,
R13E129626C3C,primary,13,3072a246-1db7-4605-83cd-fa67fa817502,disposition,,,,,,
R13E129626C3C,second,13,3072a246-1db7-4605-83cd-fa67fa817502,disposition,,,,,,
R13E129626C3C,consensus,13,3072a246-1db7-4605-83cd-fa67fa817502,disposition,,,,,,
R1B4D4EDF1FD2,primary,1,cf915326-2c6c-4071-af2f-76c6f1fd7719,ask_history,,,,,,
R1B4D4EDF1FD2,second,1,cf915326-2c6c-4071-af2f-76c6f1fd7719,ask_history,,,,,,
R1B4D4EDF1FD2,consensus,1,cf915326-2c6c-4071-af2f-76c6f1fd7719,ask_history,,,,,,
R1B4D4EDF1FD2,primary,2,d8152ec6-54bf-40f4-a3fb-29e2db15cfa6,request_physical_exam,,,,,,
R1B4D4EDF1FD2,second,2,d8152ec6-54bf-40f4-a3fb-29e2db15cfa6,request_physical_exam,,,,,,
R1B4D4EDF1FD2,consensus,2,d8152ec6-54bf-40f4-a3fb-29e2db15cfa6,request_physical_exam,,,,,,
R1B4D4EDF1FD2,primary,3,61e20e37-7cfd-466f-b72a-a2b344d78351,request_lab,,,,,,
R1B4D4EDF1FD2,second,3,61e20e37-7cfd-466f-b72a-a2b344d78351,request_lab,,,,,,
R1B4D4EDF1FD2,consensus,3,61e20e37-7cfd-466f-b72a-a2b344d78351,request_lab,,,,,,
R1B4D4EDF1FD2,primary,4,bb76737a-59a5-49f0-8a2e-ea4a63577981,request_imaging,,,,,,
R1B4D4EDF1FD2,second,4,bb76737a-59a5-49f0-8a2e-ea4a63577981,request_imaging,,,,,,
R1B4D4EDF1FD2,consensus,4,bb76737a-59a5-49f0-8a2e-ea4a63577981,request_imaging,,,,,,
R1B4D4EDF1FD2,primary,5,cdc4d4ad-c5c0-492c-95d8-8cf62b4141b5,request_imaging,,,,,,
R1B4D4EDF1FD2,second,5,cdc4d4ad-c5c0-492c-95d8-8cf62b4141b5,request_imaging,,,,,,
R1B4D4EDF1FD2,consensus,5,cdc4d4ad-c5c0-492c-95d8-8cf62b4141b5,request_imaging,,,,,,
R1B4D4EDF1FD2,primary,6,d287aca8-dbf9-43e4-9893-1288c907a8bd,request_imaging,,,,,,
R1B4D4EDF1FD2,second,6,d287aca8-dbf9-43e4-9893-1288c907a8bd,request_imaging,,,,,,
R1B4D4EDF1FD2,consensus,6,d287aca8-dbf9-43e4-9893-1288c907a8bd,request_imaging,,,,,,
R1B4D4EDF1FD2,primary,7,869097db-582e-4286-9460-35e3dd039ced,plan_reason,,,,,,
R1B4D4EDF1FD2,second,7,869097db-582e-4286-9460-35e3dd039ced,plan_reason,,,,,,
R1B4D4EDF1FD2,consensus,7,869097db-582e-4286-9460-35e3dd039ced,plan_reason,,,,,,
R1B4D4EDF1FD2,primary,8,a1960537-1afc-47d4-86d1-8465fdee48f5,request_procedure,,,,,,
R1B4D4EDF1FD2,second,8,a1960537-1afc-47d4-86d1-8465fdee48f5,request_procedure,,,,,,
R1B4D4EDF1FD2,consensus,8,a1960537-1afc-47d4-86d1-8465fdee48f5,request_procedure,,,,,,
R1B4D4EDF1FD2,primary,9,570208b3-cb35-4b95-97d4-c12f47a7888f,request_procedure,,,,,,
R1B4D4EDF1FD2,second,9,570208b3-cb35-4b95-97d4-c12f47a7888f,request_procedure,,,,,,
R1B4D4EDF1FD2,consensus,9,570208b3-cb35-4b95-97d4-c12f47a7888f,request_procedure,,,,,,
R1B4D4EDF1FD2,primary,10,eea99cb8-fca4-4072-bc7a-d5631e75a1ea,request_lab,,,,,,
R1B4D4EDF1FD2,second,10,eea99cb8-fca4-4072-bc7a-d5631e75a1ea,request_lab,,,,,,
R1B4D4EDF1FD2,consensus,10,eea99cb8-fca4-4072-bc7a-d5631e75a1ea,request_lab,,,,,,
R1B4D4EDF1FD2,primary,11,0324aa4e-0ad7-4e75-9463-e415d16865d4,final_diagnosis,,,,,,
R1B4D4EDF1FD2,second,11,0324aa4e-0ad7-4e75-9463-e415d16865d4,final_diagnosis,,,,,,
R1B4D4EDF1FD2,consensus,11,0324aa4e-0ad7-4e75-9463-e415d16865d4,final_diagnosis,,,,,,
R1B4D4EDF1FD2,primary,12,ebaaf537-5c15-4402-954a-4766cbf02866,disposition,,,,,,
R1B4D4EDF1FD2,second,12,ebaaf537-5c15-4402-954a-4766cbf02866,disposition,,,,,,
R1B4D4EDF1FD2,consensus,12,ebaaf537-5c15-4402-954a-4766cbf02866,disposition,,,,,,
RAF8B528ACBED,primary,1,8fad07fa-99a1-4e0b-b45c-189dd91d6f9a,request_physical_exam,,,,,,
RAF8B528ACBED,second,1,8fad07fa-99a1-4e0b-b45c-189dd91d6f9a,request_physical_exam,,,,,,
RAF8B528ACBED,consensus,1,8fad07fa-99a1-4e0b-b45c-189dd91d6f9a,request_physical_exam,,,,,,
RAF8B528ACBED,primary,2,3ed30772-a83c-4a28-8e8a-a96f68b8a8fc,ask_history,,,,,,
RAF8B528ACBED,second,2,3ed30772-a83c-4a28-8e8a-a96f68b8a8fc,ask_history,,,,,,
RAF8B528ACBED,consensus,2,3ed30772-a83c-4a28-8e8a-a96f68b8a8fc,ask_history,,,,,,
RAF8B528ACBED,primary,3,3e606f5f-e1ef-45fb-b335-69e2bc5ec06a,request_lab,,,,,,
RAF8B528ACBED,second,3,3e606f5f-e1ef-45fb-b335-69e2bc5ec06a,request_lab,,,,,,
RAF8B528ACBED,consensus,3,3e606f5f-e1ef-45fb-b335-69e2bc5ec06a,request_lab,,,,,,
RAF8B528ACBED,primary,4,5a48ac78-0839-4c4a-b2be-9f44986bb243,request_lab,,,,,,
RAF8B528ACBED,second,4,5a48ac78-0839-4c4a-b2be-9f44986bb243,request_lab,,,,,,
RAF8B528ACBED,consensus,4,5a48ac78-0839-4c4a-b2be-9f44986bb243,request_lab,,,,,,
RAF8B528ACBED,primary,5,e1bfe676-924d-4b61-bee6-af29ef03666b,plan_reason,,,,,,
RAF8B528ACBED,second,5,e1bfe676-924d-4b61-bee6-af29ef03666b,plan_reason,,,,,,
RAF8B528ACBED,consensus,5,e1bfe676-924d-4b61-bee6-af29ef03666b,plan_reason,,,,,,
RAF8B528ACBED,primary,6,e871ab28-90f9-418e-b36c-cf689aea2ab8,request_procedure,,,,,,
RAF8B528ACBED,second,6,e871ab28-90f9-418e-b36c-cf689aea2ab8,request_procedure,,,,,,
RAF8B528ACBED,consensus,6,e871ab28-90f9-418e-b36c-cf689aea2ab8,request_procedure,,,,,,
RAF8B528ACBED,primary,7,69776ca3-f6b4-4a54-bffd-8a04e54990d8,ask_history,,,,,,
RAF8B528ACBED,second,7,69776ca3-f6b4-4a54-bffd-8a04e54990d8,ask_history,,,,,,
RAF8B528ACBED,consensus,7,69776ca3-f6b4-4a54-bffd-8a04e54990d8,ask_history,,,,,,
RAF8B528ACBED,primary,8,4e3306de-e235-491e-804c-caebdb3ca89f,request_lab,,,,,,
RAF8B528ACBED,second,8,4e3306de-e235-491e-804c-caebdb3ca89f,request_lab,,,,,,
RAF8B528ACBED,consensus,8,4e3306de-e235-491e-804c-caebdb3ca89f,request_lab,,,,,,
RAF8B528ACBED,primary,9,c900b272-bc1b-48bc-882e-a9722f623b5a,request_lab,,,,,,
RAF8B528ACBED,second,9,c900b272-bc1b-48bc-882e-a9722f623b5a,request_lab,,,,,,
RAF8B528ACBED,consensus,9,c900b272-bc1b-48bc-882e-a9722f623b5a,request_lab,,,,,,
RAF8B528ACBED,primary,10,3f7485a8-c21e-46da-9179-cd8fcde3a6a5,request_lab,,,,,,
RAF8B528ACBED,second,10,3f7485a8-c21e-46da-9179-cd8fcde3a6a5,request_lab,,,,,,
RAF8B528ACBED,consensus,10,3f7485a8-c21e-46da-9179-cd8fcde3a6a5,request_lab,,,,,,
RAF8B528ACBED,primary,11,fb352798-456b-4294-b854-7f7405275329,request_lab,,,,,,
RAF8B528ACBED,second,11,fb352798-456b-4294-b854-7f7405275329,request_lab,,,,,,
RAF8B528ACBED,consensus,11,fb352798-456b-4294-b854-7f7405275329,request_lab,,,,,,
RAF8B528ACBED,primary,12,4945b0ce-88a5-4710-a339-4ffee5cf699e,ask_history,,,,,,
RAF8B528ACBED,second,12,4945b0ce-88a5-4710-a339-4ffee5cf699e,ask_history,,,,,,
RAF8B528ACBED,consensus,12,4945b0ce-88a5-4710-a339-4ffee5cf699e,ask_history,,,,,,
RAF8B528ACBED,primary,13,eb801712-446f-48ce-bbe9-ba0b5ed9afd3,request_physical_exam,,,,,,
RAF8B528ACBED,second,13,eb801712-446f-48ce-bbe9-ba0b5ed9afd3,request_physical_exam,,,,,,
RAF8B528ACBED,consensus,13,eb801712-446f-48ce-bbe9-ba0b5ed9afd3,request_physical_exam,,,,,,
RAF8B528ACBED,primary,14,f636d46f-5c8a-4506-b2ef-6d77713ec08d,request_lab,,,,,,
RAF8B528ACBED,second,14,f636d46f-5c8a-4506-b2ef-6d77713ec08d,request_lab,,,,,,
RAF8B528ACBED,consensus,14,f636d46f-5c8a-4506-b2ef-6d77713ec08d,request_lab,,,,,,
RAF8B528ACBED,primary,15,fd462c17-88e3-4db9-b595-34b54c6565e0,request_imaging,,,,,,
RAF8B528ACBED,second,15,fd462c17-88e3-4db9-b595-34b54c6565e0,request_imaging,,,,,,
RAF8B528ACBED,consensus,15,fd462c17-88e3-4db9-b595-34b54c6565e0,request_imaging,,,,,,
RAF8B528ACBED,primary,16,c8ba9095-ae8a-4b93-a3d5-ea01baceea90,request_lab,,,,,,
RAF8B528ACBED,second,16,c8ba9095-ae8a-4b93-a3d5-ea01baceea90,request_lab,,,,,,
RAF8B528ACBED,consensus,16,c8ba9095-ae8a-4b93-a3d5-ea01baceea90,request_lab,,,,,,
RAF8B528ACBED,primary,17,265cdbf0-264d-4afe-bed6-341f987585c2,request_lab,,,,,,
RAF8B528ACBED,second,17,265cdbf0-264d-4afe-bed6-341f987585c2,request_lab,,,,,,
RAF8B528ACBED,consensus,17,265cdbf0-264d-4afe-bed6-341f987585c2,request_lab,,,,,,
RAF8B528ACBED,primary,18,1bb6ecbf-2213-4b54-a998-ab04faee6592,final_diagnosis,,,,,,
RAF8B528ACBED,second,18,1bb6ecbf-2213-4b54-a998-ab04faee6592,final_diagnosis,,,,,,
RAF8B528ACBED,consensus,18,1bb6ecbf-2213-4b54-a998-ab04faee6592,final_diagnosis,,,,,,
RAF8B528ACBED,primary,19,0ec20b56-4122-4e08-a26d-4dd34c529d66,disposition,,,,,,
RAF8B528ACBED,second,19,0ec20b56-4122-4e08-a26d-4dd34c529d66,disposition,,,,,,
RAF8B528ACBED,consensus,19,0ec20b56-4122-4e08-a26d-4dd34c529d66,disposition,,,,,,
R8A992D54ECD7,primary,1,6eb1a304-1d66-41d1-bf35-95d59afc2177,ask_history,,,,,,
R8A992D54ECD7,second,1,6eb1a304-1d66-41d1-bf35-95d59afc2177,ask_history,,,,,,
R8A992D54ECD7,consensus,1,6eb1a304-1d66-41d1-bf35-95d59afc2177,ask_history,,,,,,
R8A992D54ECD7,primary,2,c558c588-a2b0-4292-8359-ca4499843d02,request_physical_exam,,,,,,
R8A992D54ECD7,second,2,c558c588-a2b0-4292-8359-ca4499843d02,request_physical_exam,,,,,,
R8A992D54ECD7,consensus,2,c558c588-a2b0-4292-8359-ca4499843d02,request_physical_exam,,,,,,
R8A992D54ECD7,primary,3,36dd8237-8080-4179-b33e-f5112f16ad3a,request_lab,,,,,,
R8A992D54ECD7,second,3,36dd8237-8080-4179-b33e-f5112f16ad3a,request_lab,,,,,,
R8A992D54ECD7,consensus,3,36dd8237-8080-4179-b33e-f5112f16ad3a,request_lab,,,,,,
R8A992D54ECD7,primary,4,a1fc603c-1f3d-4971-b38b-8c6564f06cd9,request_imaging,,,,,,
R8A992D54ECD7,second,4,a1fc603c-1f3d-4971-b38b-8c6564f06cd9,request_imaging,,,,,,
R8A992D54ECD7,consensus,4,a1fc603c-1f3d-4971-b38b-8c6564f06cd9,request_imaging,,,,,,
R8A992D54ECD7,primary,5,af97b3c8-852f-41c2-b221-1451036b9877,request_imaging,,,,,,
R8A992D54ECD7,second,5,af97b3c8-852f-41c2-b221-1451036b9877,request_imaging,,,,,,
R8A992D54ECD7,consensus,5,af97b3c8-852f-41c2-b221-1451036b9877,request_imaging,,,,,,
R8A992D54ECD7,primary,6,928d59ea-7588-4b6f-9b2c-a3fc8ab3e2b1,request_imaging,,,,,,
R8A992D54ECD7,second,6,928d59ea-7588-4b6f-9b2c-a3fc8ab3e2b1,request_imaging,,,,,,
R8A992D54ECD7,consensus,6,928d59ea-7588-4b6f-9b2c-a3fc8ab3e2b1,request_imaging,,,,,,
R8A992D54ECD7,primary,7,1a20c4e7-ef11-4b37-853d-3b018e4821c3,plan_reason,,,,,,
R8A992D54ECD7,second,7,1a20c4e7-ef11-4b37-853d-3b018e4821c3,plan_reason,,,,,,
R8A992D54ECD7,consensus,7,1a20c4e7-ef11-4b37-853d-3b018e4821c3,plan_reason,,,,,,
R8A992D54ECD7,primary,8,26187668-9c01-403d-89f4-de43c9cf1857,request_procedure,,,,,,
R8A992D54ECD7,second,8,26187668-9c01-403d-89f4-de43c9cf1857,request_procedure,,,,,,
R8A992D54ECD7,consensus,8,26187668-9c01-403d-89f4-de43c9cf1857,request_procedure,,,,,,
R8A992D54ECD7,primary,9,b513b3db-a3f8-42ff-ab26-768d10a28be8,request_procedure,,,,,,
R8A992D54ECD7,second,9,b513b3db-a3f8-42ff-ab26-768d10a28be8,request_procedure,,,,,,
R8A992D54ECD7,consensus,9,b513b3db-a3f8-42ff-ab26-768d10a28be8,request_procedure,,,,,,
R8A992D54ECD7,primary,10,dc165177-2f5e-4e93-89a6-1c8456f02ebb,request_lab,,,,,,
R8A992D54ECD7,second,10,dc165177-2f5e-4e93-89a6-1c8456f02ebb,request_lab,,,,,,
R8A992D54ECD7,consensus,10,dc165177-2f5e-4e93-89a6-1c8456f02ebb,request_lab,,,,,,
R8A992D54ECD7,primary,11,30db9997-628c-45a8-9fcf-cd5df58b70d5,final_diagnosis,,,,,,
R8A992D54ECD7,second,11,30db9997-628c-45a8-9fcf-cd5df58b70d5,final_diagnosis,,,,,,
R8A992D54ECD7,consensus,11,30db9997-628c-45a8-9fcf-cd5df58b70d5,final_diagnosis,,,,,,
R8A992D54ECD7,primary,12,73b24de9-914c-4c07-8dec-d7cf2151068e,disposition,,,,,,
R8A992D54ECD7,second,12,73b24de9-914c-4c07-8dec-d7cf2151068e,disposition,,,,,,
R8A992D54ECD7,consensus,12,73b24de9-914c-4c07-8dec-d7cf2151068e,disposition,,,,,,
R1A9B6D83931C,primary,1,1dd5d90b-c2f0-4953-8497-a9f4d91dc9ba,request_physical_exam,,,,,,
R1A9B6D83931C,second,1,1dd5d90b-c2f0-4953-8497-a9f4d91dc9ba,request_physical_exam,,,,,,
R1A9B6D83931C,consensus,1,1dd5d90b-c2f0-4953-8497-a9f4d91dc9ba,request_physical_exam,,,,,,
R1A9B6D83931C,primary,2,d74e6e74-e275-48a3-a2ab-365e72d748fb,ask_history,,,,,,
R1A9B6D83931C,second,2,d74e6e74-e275-48a3-a2ab-365e72d748fb,ask_history,,,,,,
R1A9B6D83931C,consensus,2,d74e6e74-e275-48a3-a2ab-365e72d748fb,ask_history,,,,,,
R1A9B6D83931C,primary,3,35469594-676c-4ff4-85d2-566a32260935,request_imaging,,,,,,
R1A9B6D83931C,second,3,35469594-676c-4ff4-85d2-566a32260935,request_imaging,,,,,,
R1A9B6D83931C,consensus,3,35469594-676c-4ff4-85d2-566a32260935,request_imaging,,,,,,
R1A9B6D83931C,primary,4,9f42dd9d-e9b6-42ce-94d0-c87eb68e43eb,ask_history,,,,,,
R1A9B6D83931C,second,4,9f42dd9d-e9b6-42ce-94d0-c87eb68e43eb,ask_history,,,,,,
R1A9B6D83931C,consensus,4,9f42dd9d-e9b6-42ce-94d0-c87eb68e43eb,ask_history,,,,,,
R1A9B6D83931C,primary,5,b05016d3-61c3-43a7-832f-81f94c9196a4,request_lab,,,,,,
R1A9B6D83931C,second,5,b05016d3-61c3-43a7-832f-81f94c9196a4,request_lab,,,,,,
R1A9B6D83931C,consensus,5,b05016d3-61c3-43a7-832f-81f94c9196a4,request_lab,,,,,,
R1A9B6D83931C,primary,6,1507b40c-72bd-405c-a75b-424a680fb606,request_imaging,,,,,,
R1A9B6D83931C,second,6,1507b40c-72bd-405c-a75b-424a680fb606,request_imaging,,,,,,
R1A9B6D83931C,consensus,6,1507b40c-72bd-405c-a75b-424a680fb606,request_imaging,,,,,,
R1A9B6D83931C,primary,7,41db2f31-263f-4e1c-b729-98af68da0b5b,plan_reason,,,,,,
R1A9B6D83931C,second,7,41db2f31-263f-4e1c-b729-98af68da0b5b,plan_reason,,,,,,
R1A9B6D83931C,consensus,7,41db2f31-263f-4e1c-b729-98af68da0b5b,plan_reason,,,,,,
R1A9B6D83931C,primary,8,521ed2e6-efa0-4378-9f45-9b07f40b1e2d,request_procedure,,,,,,
R1A9B6D83931C,second,8,521ed2e6-efa0-4378-9f45-9b07f40b1e2d,request_procedure,,,,,,
R1A9B6D83931C,consensus,8,521ed2e6-efa0-4378-9f45-9b07f40b1e2d,request_procedure,,,,,,
R1A9B6D83931C,primary,9,5c67f680-16f2-46e5-a842-46878e266dba,final_diagnosis,,,,,,
R1A9B6D83931C,second,9,5c67f680-16f2-46e5-a842-46878e266dba,final_diagnosis,,,,,,
R1A9B6D83931C,consensus,9,5c67f680-16f2-46e5-a842-46878e266dba,final_diagnosis,,,,,,
R1A9B6D83931C,primary,10,47bd0551-6bbf-4f90-89fa-724300922e7e,disposition,,,,,,
R1A9B6D83931C,second,10,47bd0551-6bbf-4f90-89fa-724300922e7e,disposition,,,,,,
R1A9B6D83931C,consensus,10,47bd0551-6bbf-4f90-89fa-724300922e7e,disposition,,,,,,
R5CA767BEB374,primary,1,3f5beaa3-2966-4344-99b7-9bb53f59b95c,request_physical_exam,,,,,,
R5CA767BEB374,second,1,3f5beaa3-2966-4344-99b7-9bb53f59b95c,request_physical_exam,,,,,,
R5CA767BEB374,consensus,1,3f5beaa3-2966-4344-99b7-9bb53f59b95c,request_physical_exam,,,,,,
R5CA767BEB374,primary,2,0748438e-b1d0-4af9-ac95-481bad1e52e0,ask_history,,,,,,
R5CA767BEB374,second,2,0748438e-b1d0-4af9-ac95-481bad1e52e0,ask_history,,,,,,
R5CA767BEB374,consensus,2,0748438e-b1d0-4af9-ac95-481bad1e52e0,ask_history,,,,,,
R5CA767BEB374,primary,3,4e02d2bb-d904-4290-a4d3-b4b6a28c009f,request_lab,,,,,,
R5CA767BEB374,second,3,4e02d2bb-d904-4290-a4d3-b4b6a28c009f,request_lab,,,,,,
R5CA767BEB374,consensus,3,4e02d2bb-d904-4290-a4d3-b4b6a28c009f,request_lab,,,,,,
R5CA767BEB374,primary,4,45bdb045-2b77-48d2-bdbe-3fec649159ad,ask_history,,,,,,
R5CA767BEB374,second,4,45bdb045-2b77-48d2-bdbe-3fec649159ad,ask_history,,,,,,
R5CA767BEB374,consensus,4,45bdb045-2b77-48d2-bdbe-3fec649159ad,ask_history,,,,,,
R5CA767BEB374,primary,5,b076d566-de72-4b78-a49b-54c6a382a9e2,request_imaging,,,,,,
R5CA767BEB374,second,5,b076d566-de72-4b78-a49b-54c6a382a9e2,request_imaging,,,,,,
R5CA767BEB374,consensus,5,b076d566-de72-4b78-a49b-54c6a382a9e2,request_imaging,,,,,,
R5CA767BEB374,primary,6,4b3212a0-467c-498d-9dfe-26a742baa570,plan_reason,,,,,,
R5CA767BEB374,second,6,4b3212a0-467c-498d-9dfe-26a742baa570,plan_reason,,,,,,
R5CA767BEB374,consensus,6,4b3212a0-467c-498d-9dfe-26a742baa570,plan_reason,,,,,,
R5CA767BEB374,primary,7,43977d06-b0ed-4ce1-a994-524431117932,request_procedure,,,,,,
R5CA767BEB374,second,7,43977d06-b0ed-4ce1-a994-524431117932,request_procedure,,,,,,
R5CA767BEB374,consensus,7,43977d06-b0ed-4ce1-a994-524431117932,request_procedure,,,,,,
R5CA767BEB374,primary,8,43e78ff1-0aca-4732-a164-d4f25a32c376,request_procedure,,,,,,
R5CA767BEB374,second,8,43e78ff1-0aca-4732-a164-d4f25a32c376,request_procedure,,,,,,
R5CA767BEB374,consensus,8,43e78ff1-0aca-4732-a164-d4f25a32c376,request_procedure,,,,,,
R5CA767BEB374,primary,9,f921e537-162b-4529-91ab-a70bffbadf44,ask_history,,,,,,
R5CA767BEB374,second,9,f921e537-162b-4529-91ab-a70bffbadf44,ask_history,,,,,,
R5CA767BEB374,consensus,9,f921e537-162b-4529-91ab-a70bffbadf44,ask_history,,,,,,
R5CA767BEB374,primary,10,67ca38dc-3955-4fa2-9003-e679547903fd,request_imaging,,,,,,
R5CA767BEB374,second,10,67ca38dc-3955-4fa2-9003-e679547903fd,request_imaging,,,,,,
R5CA767BEB374,consensus,10,67ca38dc-3955-4fa2-9003-e679547903fd,request_imaging,,,,,,
R5CA767BEB374,primary,11,a40b8a94-8aa7-4a38-8008-d96a38b64ee4,request_procedure,,,,,,
R5CA767BEB374,second,11,a40b8a94-8aa7-4a38-8008-d96a38b64ee4,request_procedure,,,,,,
R5CA767BEB374,consensus,11,a40b8a94-8aa7-4a38-8008-d96a38b64ee4,request_procedure,,,,,,
R5CA767BEB374,primary,12,909a11a1-9676-482a-a847-aa2ced42019e,final_diagnosis,,,,,,
R5CA767BEB374,second,12,909a11a1-9676-482a-a847-aa2ced42019e,final_diagnosis,,,,,,
R5CA767BEB374,consensus,12,909a11a1-9676-482a-a847-aa2ced42019e,final_diagnosis,,,,,,
R5CA767BEB374,primary,13,64613ff8-0e1d-473e-b28a-d12c29c4fdc8,disposition,,,,,,
R5CA767BEB374,second,13,64613ff8-0e1d-473e-b28a-d12c29c4fdc8,disposition,,,,,,
R5CA767BEB374,consensus,13,64613ff8-0e1d-473e-b28a-d12c29c4fdc8,disposition,,,,,,
RF0AE7DF5DC12,primary,1,0223bfd8-2f3b-4b72-ba21-4e398fb4acbf,request_physical_exam,,,,,,
RF0AE7DF5DC12,second,1,0223bfd8-2f3b-4b72-ba21-4e398fb4acbf,request_physical_exam,,,,,,
RF0AE7DF5DC12,consensus,1,0223bfd8-2f3b-4b72-ba21-4e398fb4acbf,request_physical_exam,,,,,,
RF0AE7DF5DC12,primary,2,bddd9d44-872c-466e-af47-da7a2cd4e3ae,request_imaging,,,,,,
RF0AE7DF5DC12,second,2,bddd9d44-872c-466e-af47-da7a2cd4e3ae,request_imaging,,,,,,
RF0AE7DF5DC12,consensus,2,bddd9d44-872c-466e-af47-da7a2cd4e3ae,request_imaging,,,,,,
RF0AE7DF5DC12,primary,3,10bddf65-5889-435c-8f26-36d1012b1eb0,plan_reason,,,,,,
RF0AE7DF5DC12,second,3,10bddf65-5889-435c-8f26-36d1012b1eb0,plan_reason,,,,,,
RF0AE7DF5DC12,consensus,3,10bddf65-5889-435c-8f26-36d1012b1eb0,plan_reason,,,,,,
RF0AE7DF5DC12,primary,4,d0f295e2-695a-4e8b-9840-b33f9c11cf46,request_procedure,,,,,,
RF0AE7DF5DC12,second,4,d0f295e2-695a-4e8b-9840-b33f9c11cf46,request_procedure,,,,,,
RF0AE7DF5DC12,consensus,4,d0f295e2-695a-4e8b-9840-b33f9c11cf46,request_procedure,,,,,,
RF0AE7DF5DC12,primary,5,ab02323e-170a-42ed-8d03-faad771275be,request_lab,,,,,,
RF0AE7DF5DC12,second,5,ab02323e-170a-42ed-8d03-faad771275be,request_lab,,,,,,
RF0AE7DF5DC12,consensus,5,ab02323e-170a-42ed-8d03-faad771275be,request_lab,,,,,,
RF0AE7DF5DC12,primary,6,1b02440b-960b-484d-b02c-6d4a1124980f,ask_history,,,,,,
RF0AE7DF5DC12,second,6,1b02440b-960b-484d-b02c-6d4a1124980f,ask_history,,,,,,
RF0AE7DF5DC12,consensus,6,1b02440b-960b-484d-b02c-6d4a1124980f,ask_history,,,,,,
RF0AE7DF5DC12,primary,7,f860b2e0-6b7e-4c21-93d0-509528aa406c,final_diagnosis,,,,,,
RF0AE7DF5DC12,second,7,f860b2e0-6b7e-4c21-93d0-509528aa406c,final_diagnosis,,,,,,
RF0AE7DF5DC12,consensus,7,f860b2e0-6b7e-4c21-93d0-509528aa406c,final_diagnosis,,,,,,
RF0AE7DF5DC12,primary,8,5b5cbd7a-af5d-465e-972d-97492d700121,disposition,,,,,,
RF0AE7DF5DC12,second,8,5b5cbd7a-af5d-465e-972d-97492d700121,disposition,,,,,,
RF0AE7DF5DC12,consensus,8,5b5cbd7a-af5d-465e-972d-97492d700121,disposition,,,,,,
RC5466F491066,primary,1,a5175912-5995-4c57-8270-3b3d585d1595,request_physical_exam,,,,,,
RC5466F491066,second,1,a5175912-5995-4c57-8270-3b3d585d1595,request_physical_exam,,,,,,
RC5466F491066,consensus,1,a5175912-5995-4c57-8270-3b3d585d1595,request_physical_exam,,,,,,
RC5466F491066,primary,2,ff2e403d-d377-4045-bac7-d8773d966539,request_lab,,,,,,
RC5466F491066,second,2,ff2e403d-d377-4045-bac7-d8773d966539,request_lab,,,,,,
RC5466F491066,consensus,2,ff2e403d-d377-4045-bac7-d8773d966539,request_lab,,,,,,
RC5466F491066,primary,3,c2b5e314-d7b5-4f6a-828c-9d78487c3bbc,ask_history,,,,,,
RC5466F491066,second,3,c2b5e314-d7b5-4f6a-828c-9d78487c3bbc,ask_history,,,,,,
RC5466F491066,consensus,3,c2b5e314-d7b5-4f6a-828c-9d78487c3bbc,ask_history,,,,,,
RC5466F491066,primary,4,6f189888-995c-410a-9317-08f3d8d1bf6f,ask_history,,,,,,
RC5466F491066,second,4,6f189888-995c-410a-9317-08f3d8d1bf6f,ask_history,,,,,,
RC5466F491066,consensus,4,6f189888-995c-410a-9317-08f3d8d1bf6f,ask_history,,,,,,
RC5466F491066,primary,5,edeefbd6-5d67-4501-9c87-7f5e97d05415,request_lab,,,,,,
RC5466F491066,second,5,edeefbd6-5d67-4501-9c87-7f5e97d05415,request_lab,,,,,,
RC5466F491066,consensus,5,edeefbd6-5d67-4501-9c87-7f5e97d05415,request_lab,,,,,,
RC5466F491066,primary,6,0fb005c4-d9e2-4250-b10e-f5a956634413,plan_reason,,,,,,
RC5466F491066,second,6,0fb005c4-d9e2-4250-b10e-f5a956634413,plan_reason,,,,,,
RC5466F491066,consensus,6,0fb005c4-d9e2-4250-b10e-f5a956634413,plan_reason,,,,,,
RC5466F491066,primary,7,8fdf8196-ab7c-4d8f-8541-589fe36d73af,request_procedure,,,,,,
RC5466F491066,second,7,8fdf8196-ab7c-4d8f-8541-589fe36d73af,request_procedure,,,,,,
RC5466F491066,consensus,7,8fdf8196-ab7c-4d8f-8541-589fe36d73af,request_procedure,,,,,,
RC5466F491066,primary,8,8f7293f7-0abc-4be3-b4e2-f324f8c5fe25,request_lab,,,,,,
RC5466F491066,second,8,8f7293f7-0abc-4be3-b4e2-f324f8c5fe25,request_lab,,,,,,
RC5466F491066,consensus,8,8f7293f7-0abc-4be3-b4e2-f324f8c5fe25,request_lab,,,,,,
RC5466F491066,primary,9,8c86894b-f06f-47f1-8ea3-60b2a6371371,ask_history,,,,,,
RC5466F491066,second,9,8c86894b-f06f-47f1-8ea3-60b2a6371371,ask_history,,,,,,
RC5466F491066,consensus,9,8c86894b-f06f-47f1-8ea3-60b2a6371371,ask_history,,,,,,
RC5466F491066,primary,10,3d780afb-c814-4796-abc4-9231811de86c,request_physical_exam,,,,,,
RC5466F491066,second,10,3d780afb-c814-4796-abc4-9231811de86c,request_physical_exam,,,,,,
RC5466F491066,consensus,10,3d780afb-c814-4796-abc4-9231811de86c,request_physical_exam,,,,,,
RC5466F491066,primary,11,e33d70ef-5dd8-4218-832e-51ad4d4e5c42,request_lab,,,,,,
RC5466F491066,second,11,e33d70ef-5dd8-4218-832e-51ad4d4e5c42,request_lab,,,,,,
RC5466F491066,consensus,11,e33d70ef-5dd8-4218-832e-51ad4d4e5c42,request_lab,,,,,,
RC5466F491066,primary,12,19dc4209-7cdc-4e58-9573-4fa5e8253c33,final_diagnosis,,,,,,
RC5466F491066,second,12,19dc4209-7cdc-4e58-9573-4fa5e8253c33,final_diagnosis,,,,,,
RC5466F491066,consensus,12,19dc4209-7cdc-4e58-9573-4fa5e8253c33,final_diagnosis,,,,,,
RC5466F491066,primary,13,36e18380-7c7b-4cf5-832c-54025c39b2ae,disposition,,,,,,
RC5466F491066,second,13,36e18380-7c7b-4cf5-832c-54025c39b2ae,disposition,,,,,,
RC5466F491066,consensus,13,36e18380-7c7b-4cf5-832c-54025c39b2ae,disposition,,,,,,
R360D3910B5E1,primary,1,30b321ec-221b-47d1-b0b2-d964d8d8826f,request_physical_exam,,,,,,
R360D3910B5E1,second,1,30b321ec-221b-47d1-b0b2-d964d8d8826f,request_physical_exam,,,,,,
R360D3910B5E1,consensus,1,30b321ec-221b-47d1-b0b2-d964d8d8826f,request_physical_exam,,,,,,
R360D3910B5E1,primary,2,0a7015f3-b85a-43c5-b029-6b8853d6bc61,ask_history,,,,,,
R360D3910B5E1,second,2,0a7015f3-b85a-43c5-b029-6b8853d6bc61,ask_history,,,,,,
R360D3910B5E1,consensus,2,0a7015f3-b85a-43c5-b029-6b8853d6bc61,ask_history,,,,,,
R360D3910B5E1,primary,3,c9ee3300-af40-4dd3-ba99-8639cebbd29f,request_physical_exam,,,,,,
R360D3910B5E1,second,3,c9ee3300-af40-4dd3-ba99-8639cebbd29f,request_physical_exam,,,,,,
R360D3910B5E1,consensus,3,c9ee3300-af40-4dd3-ba99-8639cebbd29f,request_physical_exam,,,,,,
R360D3910B5E1,primary,4,dd9c14d5-29a7-4110-8614-e1b0cd5a0770,request_lab,,,,,,
R360D3910B5E1,second,4,dd9c14d5-29a7-4110-8614-e1b0cd5a0770,request_lab,,,,,,
R360D3910B5E1,consensus,4,dd9c14d5-29a7-4110-8614-e1b0cd5a0770,request_lab,,,,,,
R360D3910B5E1,primary,5,0a46bb6b-d606-48c7-8dc0-b064818fe324,request_imaging,,,,,,
R360D3910B5E1,second,5,0a46bb6b-d606-48c7-8dc0-b064818fe324,request_imaging,,,,,,
R360D3910B5E1,consensus,5,0a46bb6b-d606-48c7-8dc0-b064818fe324,request_imaging,,,,,,
R360D3910B5E1,primary,6,205f3e7c-7b19-4dd4-9a4a-0d28aed410b6,plan_reason,,,,,,
R360D3910B5E1,second,6,205f3e7c-7b19-4dd4-9a4a-0d28aed410b6,plan_reason,,,,,,
R360D3910B5E1,consensus,6,205f3e7c-7b19-4dd4-9a4a-0d28aed410b6,plan_reason,,,,,,
R360D3910B5E1,primary,7,39d23f0d-0a17-4ade-96c3-adb706923c15,request_procedure,,,,,,
R360D3910B5E1,second,7,39d23f0d-0a17-4ade-96c3-adb706923c15,request_procedure,,,,,,
R360D3910B5E1,consensus,7,39d23f0d-0a17-4ade-96c3-adb706923c15,request_procedure,,,,,,
R360D3910B5E1,primary,8,59910432-1bd9-418b-9daf-2d937f0976ae,ask_history,,,,,,
R360D3910B5E1,second,8,59910432-1bd9-418b-9daf-2d937f0976ae,ask_history,,,,,,
R360D3910B5E1,consensus,8,59910432-1bd9-418b-9daf-2d937f0976ae,ask_history,,,,,,
R360D3910B5E1,primary,9,c20c81d4-2b74-48dc-8f03-60694cb76edf,prescribe_medication,,,,,,
R360D3910B5E1,second,9,c20c81d4-2b74-48dc-8f03-60694cb76edf,prescribe_medication,,,,,,
R360D3910B5E1,consensus,9,c20c81d4-2b74-48dc-8f03-60694cb76edf,prescribe_medication,,,,,,
R360D3910B5E1,primary,10,dea1dbee-4b6e-41be-88ae-3348aa6ca4cb,final_diagnosis,,,,,,
R360D3910B5E1,second,10,dea1dbee-4b6e-41be-88ae-3348aa6ca4cb,final_diagnosis,,,,,,
R360D3910B5E1,consensus,10,dea1dbee-4b6e-41be-88ae-3348aa6ca4cb,final_diagnosis,,,,,,
R360D3910B5E1,primary,11,e02db91e-f3ff-4cd1-bf1b-173808ca2c36,disposition,,,,,,
R360D3910B5E1,second,11,e02db91e-f3ff-4cd1-bf1b-173808ca2c36,disposition,,,,,,
R360D3910B5E1,consensus,11,e02db91e-f3ff-4cd1-bf1b-173808ca2c36,disposition,,,,,,
R0123C89BB1BE,primary,1,086acae6-713a-4616-bc1d-237103fd8d5d,request_physical_exam,,,,,,
R0123C89BB1BE,second,1,086acae6-713a-4616-bc1d-237103fd8d5d,request_physical_exam,,,,,,
R0123C89BB1BE,consensus,1,086acae6-713a-4616-bc1d-237103fd8d5d,request_physical_exam,,,,,,
R0123C89BB1BE,primary,2,d0649d2b-c02f-437f-b752-bc1a9fedb1fd,request_imaging,,,,,,
R0123C89BB1BE,second,2,d0649d2b-c02f-437f-b752-bc1a9fedb1fd,request_imaging,,,,,,
R0123C89BB1BE,consensus,2,d0649d2b-c02f-437f-b752-bc1a9fedb1fd,request_imaging,,,,,,
R0123C89BB1BE,primary,3,b43a778e-afe9-4215-b47c-743883a649b0,plan_reason,,,,,,
R0123C89BB1BE,second,3,b43a778e-afe9-4215-b47c-743883a649b0,plan_reason,,,,,,
R0123C89BB1BE,consensus,3,b43a778e-afe9-4215-b47c-743883a649b0,plan_reason,,,,,,
R0123C89BB1BE,primary,4,b93c25e3-e68b-4d88-8ceb-9bc9e9189418,request_procedure,,,,,,
R0123C89BB1BE,second,4,b93c25e3-e68b-4d88-8ceb-9bc9e9189418,request_procedure,,,,,,
R0123C89BB1BE,consensus,4,b93c25e3-e68b-4d88-8ceb-9bc9e9189418,request_procedure,,,,,,
R0123C89BB1BE,primary,5,c4bb0ed6-519c-4edd-890e-a0f150755cb3,request_lab,,,,,,
R0123C89BB1BE,second,5,c4bb0ed6-519c-4edd-890e-a0f150755cb3,request_lab,,,,,,
R0123C89BB1BE,consensus,5,c4bb0ed6-519c-4edd-890e-a0f150755cb3,request_lab,,,,,,
R0123C89BB1BE,primary,6,88d00206-a580-4df1-b8e4-e6c33cc8af78,ask_history,,,,,,
R0123C89BB1BE,second,6,88d00206-a580-4df1-b8e4-e6c33cc8af78,ask_history,,,,,,
R0123C89BB1BE,consensus,6,88d00206-a580-4df1-b8e4-e6c33cc8af78,ask_history,,,,,,
R0123C89BB1BE,primary,7,e5b9e736-fb6b-4d02-b88e-76504e4c4fb2,final_diagnosis,,,,,,
R0123C89BB1BE,second,7,e5b9e736-fb6b-4d02-b88e-76504e4c4fb2,final_diagnosis,,,,,,
R0123C89BB1BE,consensus,7,e5b9e736-fb6b-4d02-b88e-76504e4c4fb2,final_diagnosis,,,,,,
R0123C89BB1BE,primary,8,79c06be6-0a87-40c4-a2a4-acdc886105f6,disposition,,,,,,
R0123C89BB1BE,second,8,79c06be6-0a87-40c4-a2a4-acdc886105f6,disposition,,,,,,
R0123C89BB1BE,consensus,8,79c06be6-0a87-40c4-a2a4-acdc886105f6,disposition,,,,,,
RD6DA2D2D8B4E,primary,1,21d3958e-f4f8-42ba-973d-265098b3ee77,request_physical_exam,,,,,,
RD6DA2D2D8B4E,second,1,21d3958e-f4f8-42ba-973d-265098b3ee77,request_physical_exam,,,,,,
RD6DA2D2D8B4E,consensus,1,21d3958e-f4f8-42ba-973d-265098b3ee77,request_physical_exam,,,,,,
RD6DA2D2D8B4E,primary,2,87cdf763-6bd3-416e-bb28-a66d257d8af0,request_ecg_or_test,,,,,,
RD6DA2D2D8B4E,second,2,87cdf763-6bd3-416e-bb28-a66d257d8af0,request_ecg_or_test,,,,,,
RD6DA2D2D8B4E,consensus,2,87cdf763-6bd3-416e-bb28-a66d257d8af0,request_ecg_or_test,,,,,,
RD6DA2D2D8B4E,primary,3,142f898d-4124-46ab-862b-5332ad30b7fc,request_physical_exam,,,,,,
RD6DA2D2D8B4E,second,3,142f898d-4124-46ab-862b-5332ad30b7fc,request_physical_exam,,,,,,
RD6DA2D2D8B4E,consensus,3,142f898d-4124-46ab-862b-5332ad30b7fc,request_physical_exam,,,,,,
RD6DA2D2D8B4E,primary,4,b2a10012-fc5b-42a1-b03d-df7b202fe56f,request_lab,,,,,,
RD6DA2D2D8B4E,second,4,b2a10012-fc5b-42a1-b03d-df7b202fe56f,request_lab,,,,,,
RD6DA2D2D8B4E,consensus,4,b2a10012-fc5b-42a1-b03d-df7b202fe56f,request_lab,,,,,,
RD6DA2D2D8B4E,primary,5,7207d335-dee7-4c61-a7fb-0cb09d6c27fd,ask_history,,,,,,
RD6DA2D2D8B4E,second,5,7207d335-dee7-4c61-a7fb-0cb09d6c27fd,ask_history,,,,,,
RD6DA2D2D8B4E,consensus,5,7207d335-dee7-4c61-a7fb-0cb09d6c27fd,ask_history,,,,,,
RD6DA2D2D8B4E,primary,6,e9831285-df08-4a9e-828e-fab81d2a0726,request_ecg_or_test,,,,,,
RD6DA2D2D8B4E,second,6,e9831285-df08-4a9e-828e-fab81d2a0726,request_ecg_or_test,,,,,,
RD6DA2D2D8B4E,consensus,6,e9831285-df08-4a9e-828e-fab81d2a0726,request_ecg_or_test,,,,,,
RD6DA2D2D8B4E,primary,7,0af27c35-3827-46ca-b152-f5687195a8de,ask_history,,,,,,
RD6DA2D2D8B4E,second,7,0af27c35-3827-46ca-b152-f5687195a8de,ask_history,,,,,,
RD6DA2D2D8B4E,consensus,7,0af27c35-3827-46ca-b152-f5687195a8de,ask_history,,,,,,
RD6DA2D2D8B4E,primary,8,7eb40a89-4c94-42b2-afe0-8d77d449a372,request_imaging,,,,,,
RD6DA2D2D8B4E,second,8,7eb40a89-4c94-42b2-afe0-8d77d449a372,request_imaging,,,,,,
RD6DA2D2D8B4E,consensus,8,7eb40a89-4c94-42b2-afe0-8d77d449a372,request_imaging,,,,,,
RD6DA2D2D8B4E,primary,9,53642f88-04b6-47f9-a244-18b0c2aa8f13,plan_reason,,,,,,
RD6DA2D2D8B4E,second,9,53642f88-04b6-47f9-a244-18b0c2aa8f13,plan_reason,,,,,,
RD6DA2D2D8B4E,consensus,9,53642f88-04b6-47f9-a244-18b0c2aa8f13,plan_reason,,,,,,
RD6DA2D2D8B4E,primary,10,cf35772e-5f12-45b6-8adf-8e7f1e543185,request_procedure,,,,,,
RD6DA2D2D8B4E,second,10,cf35772e-5f12-45b6-8adf-8e7f1e543185,request_procedure,,,,,,
RD6DA2D2D8B4E,consensus,10,cf35772e-5f12-45b6-8adf-8e7f1e543185,request_procedure,,,,,,
RD6DA2D2D8B4E,primary,11,cad9401c-a420-4909-bd24-2df7b8f7c1e9,request_procedure,,,,,,
RD6DA2D2D8B4E,second,11,cad9401c-a420-4909-bd24-2df7b8f7c1e9,request_procedure,,,,,,
RD6DA2D2D8B4E,consensus,11,cad9401c-a420-4909-bd24-2df7b8f7c1e9,request_procedure,,,,,,
RD6DA2D2D8B4E,primary,12,189d0f6d-1da2-4b39-be45-2d74e64e9056,request_ecg_or_test,,,,,,
RD6DA2D2D8B4E,second,12,189d0f6d-1da2-4b39-be45-2d74e64e9056,request_ecg_or_test,,,,,,
RD6DA2D2D8B4E,consensus,12,189d0f6d-1da2-4b39-be45-2d74e64e9056,request_ecg_or_test,,,,,,
RD6DA2D2D8B4E,primary,13,554afcc3-2253-4889-8840-fe2b80e5bedc,final_diagnosis,,,,,,
RD6DA2D2D8B4E,second,13,554afcc3-2253-4889-8840-fe2b80e5bedc,final_diagnosis,,,,,,
RD6DA2D2D8B4E,consensus,13,554afcc3-2253-4889-8840-fe2b80e5bedc,final_diagnosis,,,,,,
RD6DA2D2D8B4E,primary,14,7febfc53-d890-4177-97ef-8c846e255e47,disposition,,,,,,
RD6DA2D2D8B4E,second,14,7febfc53-d890-4177-97ef-8c846e255e47,disposition,,,,,,
RD6DA2D2D8B4E,consensus,14,7febfc53-d890-4177-97ef-8c846e255e47,disposition,,,,,,
RAB2DED3849EB,primary,1,7dc376d9-af60-4f0a-9aae-9fbe610fedb1,request_physical_exam,,,,,,
RAB2DED3849EB,second,1,7dc376d9-af60-4f0a-9aae-9fbe610fedb1,request_physical_exam,,,,,,
RAB2DED3849EB,consensus,1,7dc376d9-af60-4f0a-9aae-9fbe610fedb1,request_physical_exam,,,,,,
RAB2DED3849EB,primary,2,53593505-6c1d-4db1-b89c-a75c1fa9c568,ask_history,,,,,,
RAB2DED3849EB,second,2,53593505-6c1d-4db1-b89c-a75c1fa9c568,ask_history,,,,,,
RAB2DED3849EB,consensus,2,53593505-6c1d-4db1-b89c-a75c1fa9c568,ask_history,,,,,,
RAB2DED3849EB,primary,3,9798d18f-7170-4ff5-9040-d9af4ced4e12,request_physical_exam,,,,,,
RAB2DED3849EB,second,3,9798d18f-7170-4ff5-9040-d9af4ced4e12,request_physical_exam,,,,,,
RAB2DED3849EB,consensus,3,9798d18f-7170-4ff5-9040-d9af4ced4e12,request_physical_exam,,,,,,
RAB2DED3849EB,primary,4,64e6ca4c-4d24-4e9c-a4dc-5e5ad547057b,request_imaging,,,,,,
RAB2DED3849EB,second,4,64e6ca4c-4d24-4e9c-a4dc-5e5ad547057b,request_imaging,,,,,,
RAB2DED3849EB,consensus,4,64e6ca4c-4d24-4e9c-a4dc-5e5ad547057b,request_imaging,,,,,,
RAB2DED3849EB,primary,5,83b9338b-c137-4474-a7e2-a1d69dd4c491,request_imaging,,,,,,
RAB2DED3849EB,second,5,83b9338b-c137-4474-a7e2-a1d69dd4c491,request_imaging,,,,,,
RAB2DED3849EB,consensus,5,83b9338b-c137-4474-a7e2-a1d69dd4c491,request_imaging,,,,,,
RAB2DED3849EB,primary,6,2f8c6dd8-604c-4dcd-a15b-ceebb37763c0,plan_reason,,,,,,
RAB2DED3849EB,second,6,2f8c6dd8-604c-4dcd-a15b-ceebb37763c0,plan_reason,,,,,,
RAB2DED3849EB,consensus,6,2f8c6dd8-604c-4dcd-a15b-ceebb37763c0,plan_reason,,,,,,
RAB2DED3849EB,primary,7,22cecaff-8c1f-42bc-ac4a-c5728127dc65,request_procedure,,,,,,
RAB2DED3849EB,second,7,22cecaff-8c1f-42bc-ac4a-c5728127dc65,request_procedure,,,,,,
RAB2DED3849EB,consensus,7,22cecaff-8c1f-42bc-ac4a-c5728127dc65,request_procedure,,,,,,
RAB2DED3849EB,primary,8,ba520b07-a478-47e4-ba6a-613494f856ef,request_lab,,,,,,
RAB2DED3849EB,second,8,ba520b07-a478-47e4-ba6a-613494f856ef,request_lab,,,,,,
RAB2DED3849EB,consensus,8,ba520b07-a478-47e4-ba6a-613494f856ef,request_lab,,,,,,
RAB2DED3849EB,primary,9,50847aad-c51e-4d00-82b6-106b958672ac,ask_history,,,,,,
RAB2DED3849EB,second,9,50847aad-c51e-4d00-82b6-106b958672ac,ask_history,,,,,,
RAB2DED3849EB,consensus,9,50847aad-c51e-4d00-82b6-106b958672ac,ask_history,,,,,,
RAB2DED3849EB,primary,10,d2a26f6d-afe9-4e7c-ad79-07476ee93df3,prescribe_medication,,,,,,
RAB2DED3849EB,second,10,d2a26f6d-afe9-4e7c-ad79-07476ee93df3,prescribe_medication,,,,,,
RAB2DED3849EB,consensus,10,d2a26f6d-afe9-4e7c-ad79-07476ee93df3,prescribe_medication,,,,,,
RAB2DED3849EB,primary,11,7ede9182-bcb0-4a2e-9eed-1d4508d6d7c3,final_diagnosis,,,,,,
RAB2DED3849EB,second,11,7ede9182-bcb0-4a2e-9eed-1d4508d6d7c3,final_diagnosis,,,,,,
RAB2DED3849EB,consensus,11,7ede9182-bcb0-4a2e-9eed-1d4508d6d7c3,final_diagnosis,,,,,,
RAB2DED3849EB,primary,12,06db7ba5-5376-4a53-9dc1-2c0503894345,disposition,,,,,,
RAB2DED3849EB,second,12,06db7ba5-5376-4a53-9dc1-2c0503894345,disposition,,,,,,
RAB2DED3849EB,consensus,12,06db7ba5-5376-4a53-9dc1-2c0503894345,disposition,,,,,,
R9148F4BFF539,primary,1,a7542be7-0aa5-4ef6-8446-63d26a0e3189,request_physical_exam,,,,,,
R9148F4BFF539,second,1,a7542be7-0aa5-4ef6-8446-63d26a0e3189,request_physical_exam,,,,,,
R9148F4BFF539,consensus,1,a7542be7-0aa5-4ef6-8446-63d26a0e3189,request_physical_exam,,,,,,
R9148F4BFF539,primary,2,c6e23cad-fc7c-47f7-b7f0-8254f8f65d16,request_ecg_or_test,,,,,,
R9148F4BFF539,second,2,c6e23cad-fc7c-47f7-b7f0-8254f8f65d16,request_ecg_or_test,,,,,,
R9148F4BFF539,consensus,2,c6e23cad-fc7c-47f7-b7f0-8254f8f65d16,request_ecg_or_test,,,,,,
R9148F4BFF539,primary,3,f387157c-5d1f-4fc7-9a53-dedfe530a0d7,request_ecg_or_test,,,,,,
R9148F4BFF539,second,3,f387157c-5d1f-4fc7-9a53-dedfe530a0d7,request_ecg_or_test,,,,,,
R9148F4BFF539,consensus,3,f387157c-5d1f-4fc7-9a53-dedfe530a0d7,request_ecg_or_test,,,,,,
R9148F4BFF539,primary,4,3e275e31-833f-4df5-b9fb-744f4b22fd13,plan_reason,,,,,,
R9148F4BFF539,second,4,3e275e31-833f-4df5-b9fb-744f4b22fd13,plan_reason,,,,,,
R9148F4BFF539,consensus,4,3e275e31-833f-4df5-b9fb-744f4b22fd13,plan_reason,,,,,,
R9148F4BFF539,primary,5,5d0a7e72-1deb-41f3-8750-2cb70c936a43,request_procedure,,,,,,
R9148F4BFF539,second,5,5d0a7e72-1deb-41f3-8750-2cb70c936a43,request_procedure,,,,,,
R9148F4BFF539,consensus,5,5d0a7e72-1deb-41f3-8750-2cb70c936a43,request_procedure,,,,,,
R9148F4BFF539,primary,6,5abb3e19-0a96-4a4e-8214-2ffca72c2499,request_microbiology,,,,,,
R9148F4BFF539,second,6,5abb3e19-0a96-4a4e-8214-2ffca72c2499,request_microbiology,,,,,,
R9148F4BFF539,consensus,6,5abb3e19-0a96-4a4e-8214-2ffca72c2499,request_microbiology,,,,,,
R9148F4BFF539,primary,7,0aab9d50-9ee1-4c1b-9648-21ec62ca4e78,ask_history,,,,,,
R9148F4BFF539,second,7,0aab9d50-9ee1-4c1b-9648-21ec62ca4e78,ask_history,,,,,,
R9148F4BFF539,consensus,7,0aab9d50-9ee1-4c1b-9648-21ec62ca4e78,ask_history,,,,,,
R9148F4BFF539,primary,8,72384106-5513-4374-84f2-de1f938020cd,request_ecg_or_test,,,,,,
R9148F4BFF539,second,8,72384106-5513-4374-84f2-de1f938020cd,request_ecg_or_test,,,,,,
R9148F4BFF539,consensus,8,72384106-5513-4374-84f2-de1f938020cd,request_ecg_or_test,,,,,,
R9148F4BFF539,primary,9,d7b50b27-424e-40b8-a801-b7754b0dc650,request_lab,,,,,,
R9148F4BFF539,second,9,d7b50b27-424e-40b8-a801-b7754b0dc650,request_lab,,,,,,
R9148F4BFF539,consensus,9,d7b50b27-424e-40b8-a801-b7754b0dc650,request_lab,,,,,,
R9148F4BFF539,primary,10,f111dd98-b843-4285-81bc-38c6426489c4,ask_history,,,,,,
R9148F4BFF539,second,10,f111dd98-b843-4285-81bc-38c6426489c4,ask_history,,,,,,
R9148F4BFF539,consensus,10,f111dd98-b843-4285-81bc-38c6426489c4,ask_history,,,,,,
R9148F4BFF539,primary,11,83b2dc62-0965-4352-ac13-f55d48f999fc,request_procedure,,,,,,
R9148F4BFF539,second,11,83b2dc62-0965-4352-ac13-f55d48f999fc,request_procedure,,,,,,
R9148F4BFF539,consensus,11,83b2dc62-0965-4352-ac13-f55d48f999fc,request_procedure,,,,,,
R9148F4BFF539,primary,12,053a3d88-68c7-4957-bda9-9218abe4ae92,final_diagnosis,,,,,,
R9148F4BFF539,second,12,053a3d88-68c7-4957-bda9-9218abe4ae92,final_diagnosis,,,,,,
R9148F4BFF539,consensus,12,053a3d88-68c7-4957-bda9-9218abe4ae92,final_diagnosis,,,,,,
R9148F4BFF539,primary,13,98c87a92-38dd-489d-947f-777c02c29cb0,disposition,,,,,,
R9148F4BFF539,second,13,98c87a92-38dd-489d-947f-777c02c29cb0,disposition,,,,,,
R9148F4BFF539,consensus,13,98c87a92-38dd-489d-947f-777c02c29cb0,disposition,,,,,,
R361E62391A37,primary,1,4499fc1d-e655-49d9-b105-46306de45846,ask_history,,,,,,
R361E62391A37,second,1,4499fc1d-e655-49d9-b105-46306de45846,ask_history,,,,,,
R361E62391A37,consensus,1,4499fc1d-e655-49d9-b105-46306de45846,ask_history,,,,,,
R361E62391A37,primary,2,95dfb0e8-4d73-4872-b645-0644346e27c2,request_physical_exam,,,,,,
R361E62391A37,second,2,95dfb0e8-4d73-4872-b645-0644346e27c2,request_physical_exam,,,,,,
R361E62391A37,consensus,2,95dfb0e8-4d73-4872-b645-0644346e27c2,request_physical_exam,,,,,,
R361E62391A37,primary,3,75568753-f255-4b52-a56d-73aa9a6ffd21,request_imaging,,,,,,
R361E62391A37,second,3,75568753-f255-4b52-a56d-73aa9a6ffd21,request_imaging,,,,,,
R361E62391A37,consensus,3,75568753-f255-4b52-a56d-73aa9a6ffd21,request_imaging,,,,,,
R361E62391A37,primary,4,18f40add-6a2e-482b-8994-02bc54f31265,plan_reason,,,,,,
R361E62391A37,second,4,18f40add-6a2e-482b-8994-02bc54f31265,plan_reason,,,,,,
R361E62391A37,consensus,4,18f40add-6a2e-482b-8994-02bc54f31265,plan_reason,,,,,,
R361E62391A37,primary,5,fc68b275-2de5-435c-bb75-228462c304e2,request_procedure,,,,,,
R361E62391A37,second,5,fc68b275-2de5-435c-bb75-228462c304e2,request_procedure,,,,,,
R361E62391A37,consensus,5,fc68b275-2de5-435c-bb75-228462c304e2,request_procedure,,,,,,
R361E62391A37,primary,6,ac97015b-9880-41d9-93e0-44840c65fae2,request_lab,,,,,,
R361E62391A37,second,6,ac97015b-9880-41d9-93e0-44840c65fae2,request_lab,,,,,,
R361E62391A37,consensus,6,ac97015b-9880-41d9-93e0-44840c65fae2,request_lab,,,,,,
R361E62391A37,primary,7,d6c8a81b-8826-48be-bb27-efe15169280d,request_procedure,,,,,,
R361E62391A37,second,7,d6c8a81b-8826-48be-bb27-efe15169280d,request_procedure,,,,,,
R361E62391A37,consensus,7,d6c8a81b-8826-48be-bb27-efe15169280d,request_procedure,,,,,,
R361E62391A37,primary,8,1ce382cd-fa50-4882-989f-b13a86ddc5a1,final_diagnosis,,,,,,
R361E62391A37,second,8,1ce382cd-fa50-4882-989f-b13a86ddc5a1,final_diagnosis,,,,,,
R361E62391A37,consensus,8,1ce382cd-fa50-4882-989f-b13a86ddc5a1,final_diagnosis,,,,,,
R361E62391A37,primary,9,3a8f1909-77da-4dda-8ae7-200906cd06ef,disposition,,,,,,
R361E62391A37,second,9,3a8f1909-77da-4dda-8ae7-200906cd06ef,disposition,,,,,,
R361E62391A37,consensus,9,3a8f1909-77da-4dda-8ae7-200906cd06ef,disposition,,,,,,
R3B3CFD2B2443,primary,1,bec5c839-2107-4694-beb4-435dcfb4d87c,request_physical_exam,,,,,,
R3B3CFD2B2443,second,1,bec5c839-2107-4694-beb4-435dcfb4d87c,request_physical_exam,,,,,,
R3B3CFD2B2443,consensus,1,bec5c839-2107-4694-beb4-435dcfb4d87c,request_physical_exam,,,,,,
R3B3CFD2B2443,primary,2,77505134-e53f-442c-9dc1-a236d45adae6,request_ecg_or_test,,,,,,
R3B3CFD2B2443,second,2,77505134-e53f-442c-9dc1-a236d45adae6,request_ecg_or_test,,,,,,
R3B3CFD2B2443,consensus,2,77505134-e53f-442c-9dc1-a236d45adae6,request_ecg_or_test,,,,,,
R3B3CFD2B2443,primary,3,aea1b148-2f57-49de-9c1c-28d23d98aa04,request_ecg_or_test,,,,,,
R3B3CFD2B2443,second,3,aea1b148-2f57-49de-9c1c-28d23d98aa04,request_ecg_or_test,,,,,,
R3B3CFD2B2443,consensus,3,aea1b148-2f57-49de-9c1c-28d23d98aa04,request_ecg_or_test,,,,,,
R3B3CFD2B2443,primary,4,354eafaa-5e6f-4040-b068-a1c03b6c0c1e,plan_reason,,,,,,
R3B3CFD2B2443,second,4,354eafaa-5e6f-4040-b068-a1c03b6c0c1e,plan_reason,,,,,,
R3B3CFD2B2443,consensus,4,354eafaa-5e6f-4040-b068-a1c03b6c0c1e,plan_reason,,,,,,
R3B3CFD2B2443,primary,5,f66b8c22-84f0-4f5b-939d-49486e4dd96b,request_procedure,,,,,,
R3B3CFD2B2443,second,5,f66b8c22-84f0-4f5b-939d-49486e4dd96b,request_procedure,,,,,,
R3B3CFD2B2443,consensus,5,f66b8c22-84f0-4f5b-939d-49486e4dd96b,request_procedure,,,,,,
R3B3CFD2B2443,primary,6,71d0e915-c31d-492f-8467-a685f6948bc4,request_microbiology,,,,,,
R3B3CFD2B2443,second,6,71d0e915-c31d-492f-8467-a685f6948bc4,request_microbiology,,,,,,
R3B3CFD2B2443,consensus,6,71d0e915-c31d-492f-8467-a685f6948bc4,request_microbiology,,,,,,
R3B3CFD2B2443,primary,7,1c23f997-18f3-46cd-8a17-7edd075a326c,ask_history,,,,,,
R3B3CFD2B2443,second,7,1c23f997-18f3-46cd-8a17-7edd075a326c,ask_history,,,,,,
R3B3CFD2B2443,consensus,7,1c23f997-18f3-46cd-8a17-7edd075a326c,ask_history,,,,,,
R3B3CFD2B2443,primary,8,ed99a689-8d07-416e-ba7f-e21f34504fae,request_ecg_or_test,,,,,,
R3B3CFD2B2443,second,8,ed99a689-8d07-416e-ba7f-e21f34504fae,request_ecg_or_test,,,,,,
R3B3CFD2B2443,consensus,8,ed99a689-8d07-416e-ba7f-e21f34504fae,request_ecg_or_test,,,,,,
R3B3CFD2B2443,primary,9,d08e6000-eebb-4655-8144-5ec6bee92cd7,request_procedure,,,,,,
R3B3CFD2B2443,second,9,d08e6000-eebb-4655-8144-5ec6bee92cd7,request_procedure,,,,,,
R3B3CFD2B2443,consensus,9,d08e6000-eebb-4655-8144-5ec6bee92cd7,request_procedure,,,,,,
R3B3CFD2B2443,primary,10,f1700b0b-b9f2-4382-92b6-c16adea87229,request_lab,,,,,,
R3B3CFD2B2443,second,10,f1700b0b-b9f2-4382-92b6-c16adea87229,request_lab,,,,,,
R3B3CFD2B2443,consensus,10,f1700b0b-b9f2-4382-92b6-c16adea87229,request_lab,,,,,,
R3B3CFD2B2443,primary,11,158d7561-c69a-4457-a32a-134663466e98,final_diagnosis,,,,,,
R3B3CFD2B2443,second,11,158d7561-c69a-4457-a32a-134663466e98,final_diagnosis,,,,,,
R3B3CFD2B2443,consensus,11,158d7561-c69a-4457-a32a-134663466e98,final_diagnosis,,,,,,
R3B3CFD2B2443,primary,12,18b607c8-7e6d-49ed-867e-3e5ef68eb183,disposition,,,,,,
R3B3CFD2B2443,second,12,18b607c8-7e6d-49ed-867e-3e5ef68eb183,disposition,,,,,,
R3B3CFD2B2443,consensus,12,18b607c8-7e6d-49ed-867e-3e5ef68eb183,disposition,,,,,,
RBA8B7B7E5039,primary,1,bfd06fe8-a7ea-44ae-9d99-f1609f4b5799,request_physical_exam,,,,,,
RBA8B7B7E5039,second,1,bfd06fe8-a7ea-44ae-9d99-f1609f4b5799,request_physical_exam,,,,,,
RBA8B7B7E5039,consensus,1,bfd06fe8-a7ea-44ae-9d99-f1609f4b5799,request_physical_exam,,,,,,
RBA8B7B7E5039,primary,2,7f225240-9e72-46f8-9caa-c06333ad6cc7,ask_history,,,,,,
RBA8B7B7E5039,second,2,7f225240-9e72-46f8-9caa-c06333ad6cc7,ask_history,,,,,,
RBA8B7B7E5039,consensus,2,7f225240-9e72-46f8-9caa-c06333ad6cc7,ask_history,,,,,,
RBA8B7B7E5039,primary,3,fd755c68-bf0d-488d-aa5c-62275bcf6315,request_lab,,,,,,
RBA8B7B7E5039,second,3,fd755c68-bf0d-488d-aa5c-62275bcf6315,request_lab,,,,,,
RBA8B7B7E5039,consensus,3,fd755c68-bf0d-488d-aa5c-62275bcf6315,request_lab,,,,,,
RBA8B7B7E5039,primary,4,0b2dc9a0-5ed3-4224-b527-e11eafc67000,request_lab,,,,,,
RBA8B7B7E5039,second,4,0b2dc9a0-5ed3-4224-b527-e11eafc67000,request_lab,,,,,,
RBA8B7B7E5039,consensus,4,0b2dc9a0-5ed3-4224-b527-e11eafc67000,request_lab,,,,,,
RBA8B7B7E5039,primary,5,b3841fd5-2a6b-4532-b9fe-5710b9a8d288,plan_reason,,,,,,
RBA8B7B7E5039,second,5,b3841fd5-2a6b-4532-b9fe-5710b9a8d288,plan_reason,,,,,,
RBA8B7B7E5039,consensus,5,b3841fd5-2a6b-4532-b9fe-5710b9a8d288,plan_reason,,,,,,
RBA8B7B7E5039,primary,6,de06f2f0-f7ce-43ec-9427-1dae18d7226e,request_procedure,,,,,,
RBA8B7B7E5039,second,6,de06f2f0-f7ce-43ec-9427-1dae18d7226e,request_procedure,,,,,,
RBA8B7B7E5039,consensus,6,de06f2f0-f7ce-43ec-9427-1dae18d7226e,request_procedure,,,,,,
RBA8B7B7E5039,primary,7,644a8313-fdc4-4923-96e4-254f6272edab,ask_history,,,,,,
RBA8B7B7E5039,second,7,644a8313-fdc4-4923-96e4-254f6272edab,ask_history,,,,,,
RBA8B7B7E5039,consensus,7,644a8313-fdc4-4923-96e4-254f6272edab,ask_history,,,,,,
RBA8B7B7E5039,primary,8,20b94bdf-72f6-4c5a-b1c0-6ab8d4b76245,request_lab,,,,,,
RBA8B7B7E5039,second,8,20b94bdf-72f6-4c5a-b1c0-6ab8d4b76245,request_lab,,,,,,
RBA8B7B7E5039,consensus,8,20b94bdf-72f6-4c5a-b1c0-6ab8d4b76245,request_lab,,,,,,
RBA8B7B7E5039,primary,9,1de961cf-1f3a-4c4f-9eff-c86bab716461,request_lab,,,,,,
RBA8B7B7E5039,second,9,1de961cf-1f3a-4c4f-9eff-c86bab716461,request_lab,,,,,,
RBA8B7B7E5039,consensus,9,1de961cf-1f3a-4c4f-9eff-c86bab716461,request_lab,,,,,,
RBA8B7B7E5039,primary,10,691b9219-f2dc-4d1a-b9a2-7228d3fc834d,request_lab,,,,,,
RBA8B7B7E5039,second,10,691b9219-f2dc-4d1a-b9a2-7228d3fc834d,request_lab,,,,,,
RBA8B7B7E5039,consensus,10,691b9219-f2dc-4d1a-b9a2-7228d3fc834d,request_lab,,,,,,
RBA8B7B7E5039,primary,11,264d046e-9dbf-4c25-a31c-824352ba0bca,ask_history,,,,,,
RBA8B7B7E5039,second,11,264d046e-9dbf-4c25-a31c-824352ba0bca,ask_history,,,,,,
RBA8B7B7E5039,consensus,11,264d046e-9dbf-4c25-a31c-824352ba0bca,ask_history,,,,,,
RBA8B7B7E5039,primary,12,b1d633cf-5a68-4e85-a6ed-ad0f331f1b60,request_lab,,,,,,
RBA8B7B7E5039,second,12,b1d633cf-5a68-4e85-a6ed-ad0f331f1b60,request_lab,,,,,,
RBA8B7B7E5039,consensus,12,b1d633cf-5a68-4e85-a6ed-ad0f331f1b60,request_lab,,,,,,
RBA8B7B7E5039,primary,13,747ed8c5-fdb6-488d-9c9c-904ad266c163,request_physical_exam,,,,,,
RBA8B7B7E5039,second,13,747ed8c5-fdb6-488d-9c9c-904ad266c163,request_physical_exam,,,,,,
RBA8B7B7E5039,consensus,13,747ed8c5-fdb6-488d-9c9c-904ad266c163,request_physical_exam,,,,,,
RBA8B7B7E5039,primary,14,9947b58d-0f96-42a4-ba23-83adcf88ebda,final_diagnosis,,,,,,
RBA8B7B7E5039,second,14,9947b58d-0f96-42a4-ba23-83adcf88ebda,final_diagnosis,,,,,,
RBA8B7B7E5039,consensus,14,9947b58d-0f96-42a4-ba23-83adcf88ebda,final_diagnosis,,,,,,
RBA8B7B7E5039,primary,15,e4b1a11f-cfeb-4849-b05c-1c5aa2ac1d06,disposition,,,,,,
RBA8B7B7E5039,second,15,e4b1a11f-cfeb-4849-b05c-1c5aa2ac1d06,disposition,,,,,,
RBA8B7B7E5039,consensus,15,e4b1a11f-cfeb-4849-b05c-1c5aa2ac1d06,disposition,,,,,,
R22C57B0817F0,primary,1,33fdbdf9-e776-477b-9e08-5dc40b125d1a,ask_history,,,,,,
R22C57B0817F0,second,1,33fdbdf9-e776-477b-9e08-5dc40b125d1a,ask_history,,,,,,
R22C57B0817F0,consensus,1,33fdbdf9-e776-477b-9e08-5dc40b125d1a,ask_history,,,,,,
R22C57B0817F0,primary,2,e7f9d5fa-1e6b-4801-bf31-5e30fdcf82e0,request_physical_exam,,,,,,
R22C57B0817F0,second,2,e7f9d5fa-1e6b-4801-bf31-5e30fdcf82e0,request_physical_exam,,,,,,
R22C57B0817F0,consensus,2,e7f9d5fa-1e6b-4801-bf31-5e30fdcf82e0,request_physical_exam,,,,,,
R22C57B0817F0,primary,3,77c4af8a-bc83-45e0-8541-595e21fd07c7,request_lab,,,,,,
R22C57B0817F0,second,3,77c4af8a-bc83-45e0-8541-595e21fd07c7,request_lab,,,,,,
R22C57B0817F0,consensus,3,77c4af8a-bc83-45e0-8541-595e21fd07c7,request_lab,,,,,,
R22C57B0817F0,primary,4,38381b28-2b53-49f0-ab4c-02b27434cc33,request_imaging,,,,,,
R22C57B0817F0,second,4,38381b28-2b53-49f0-ab4c-02b27434cc33,request_imaging,,,,,,
R22C57B0817F0,consensus,4,38381b28-2b53-49f0-ab4c-02b27434cc33,request_imaging,,,,,,
R22C57B0817F0,primary,5,ec08c74a-b1e2-428a-ab66-3cb97efdfacf,ask_history,,,,,,
R22C57B0817F0,second,5,ec08c74a-b1e2-428a-ab66-3cb97efdfacf,ask_history,,,,,,
R22C57B0817F0,consensus,5,ec08c74a-b1e2-428a-ab66-3cb97efdfacf,ask_history,,,,,,
R22C57B0817F0,primary,6,7258522b-bd37-42d5-911d-f142f2a5e2fe,request_lab,,,,,,
R22C57B0817F0,second,6,7258522b-bd37-42d5-911d-f142f2a5e2fe,request_lab,,,,,,
R22C57B0817F0,consensus,6,7258522b-bd37-42d5-911d-f142f2a5e2fe,request_lab,,,,,,
R22C57B0817F0,primary,7,e0edea17-916a-4c2b-8cdf-60165f5d1b56,request_ecg_or_test,,,,,,
R22C57B0817F0,second,7,e0edea17-916a-4c2b-8cdf-60165f5d1b56,request_ecg_or_test,,,,,,
R22C57B0817F0,consensus,7,e0edea17-916a-4c2b-8cdf-60165f5d1b56,request_ecg_or_test,,,,,,
R22C57B0817F0,primary,8,913026ac-6e57-482a-bcb7-48b506695c0e,ask_history,,,,,,
R22C57B0817F0,second,8,913026ac-6e57-482a-bcb7-48b506695c0e,ask_history,,,,,,
R22C57B0817F0,consensus,8,913026ac-6e57-482a-bcb7-48b506695c0e,ask_history,,,,,,
R22C57B0817F0,primary,9,a063694d-65e5-4b5d-beee-e5816d0d8f40,request_lab,,,,,,
R22C57B0817F0,second,9,a063694d-65e5-4b5d-beee-e5816d0d8f40,request_lab,,,,,,
R22C57B0817F0,consensus,9,a063694d-65e5-4b5d-beee-e5816d0d8f40,request_lab,,,,,,
R22C57B0817F0,primary,10,75a50454-1c3a-4796-9e3e-6362e175f364,final_diagnosis,,,,,,
R22C57B0817F0,second,10,75a50454-1c3a-4796-9e3e-6362e175f364,final_diagnosis,,,,,,
R22C57B0817F0,consensus,10,75a50454-1c3a-4796-9e3e-6362e175f364,final_diagnosis,,,,,,
R22C57B0817F0,primary,11,828d8a5b-f7ec-43cf-9633-82dc78a4b175,disposition,,,,,,
R22C57B0817F0,second,11,828d8a5b-f7ec-43cf-9633-82dc78a4b175,disposition,,,,,,
R22C57B0817F0,consensus,11,828d8a5b-f7ec-43cf-9633-82dc78a4b175,disposition,,,,,,
R301D9442C453,primary,1,40390a17-bf23-42b2-afcd-d770cba4fdff,ask_history,,,,,,
R301D9442C453,second,1,40390a17-bf23-42b2-afcd-d770cba4fdff,ask_history,,,,,,
R301D9442C453,consensus,1,40390a17-bf23-42b2-afcd-d770cba4fdff,ask_history,,,,,,
R301D9442C453,primary,2,6302b82d-6fe1-4e53-941c-b727f36f5994,request_physical_exam,,,,,,
R301D9442C453,second,2,6302b82d-6fe1-4e53-941c-b727f36f5994,request_physical_exam,,,,,,
R301D9442C453,consensus,2,6302b82d-6fe1-4e53-941c-b727f36f5994,request_physical_exam,,,,,,
R301D9442C453,primary,3,44987115-941a-479a-a443-500e62c622b6,request_lab,,,,,,
R301D9442C453,second,3,44987115-941a-479a-a443-500e62c622b6,request_lab,,,,,,
R301D9442C453,consensus,3,44987115-941a-479a-a443-500e62c622b6,request_lab,,,,,,
R301D9442C453,primary,4,61e79451-6116-47d0-bc34-5c278e3c468f,request_imaging,,,,,,
R301D9442C453,second,4,61e79451-6116-47d0-bc34-5c278e3c468f,request_imaging,,,,,,
R301D9442C453,consensus,4,61e79451-6116-47d0-bc34-5c278e3c468f,request_imaging,,,,,,
R301D9442C453,primary,5,6e56922c-3654-42ee-88ee-f6ac0156a67c,request_imaging,,,,,,
R301D9442C453,second,5,6e56922c-3654-42ee-88ee-f6ac0156a67c,request_imaging,,,,,,
R301D9442C453,consensus,5,6e56922c-3654-42ee-88ee-f6ac0156a67c,request_imaging,,,,,,
R301D9442C453,primary,6,b251b1ba-5e92-487d-91ee-4ebc6f71676c,request_imaging,,,,,,
R301D9442C453,second,6,b251b1ba-5e92-487d-91ee-4ebc6f71676c,request_imaging,,,,,,
R301D9442C453,consensus,6,b251b1ba-5e92-487d-91ee-4ebc6f71676c,request_imaging,,,,,,
R301D9442C453,primary,7,b3f804a7-3108-48de-ba03-52d002d8ce42,request_imaging,,,,,,
R301D9442C453,second,7,b3f804a7-3108-48de-ba03-52d002d8ce42,request_imaging,,,,,,
R301D9442C453,consensus,7,b3f804a7-3108-48de-ba03-52d002d8ce42,request_imaging,,,,,,
R301D9442C453,primary,8,bb4a3b14-79eb-4402-92fd-bdbf105a1789,plan_reason,,,,,,
R301D9442C453,second,8,bb4a3b14-79eb-4402-92fd-bdbf105a1789,plan_reason,,,,,,
R301D9442C453,consensus,8,bb4a3b14-79eb-4402-92fd-bdbf105a1789,plan_reason,,,,,,
R301D9442C453,primary,9,12b2329e-d4ba-4633-ad34-9a20dd0dbcde,request_procedure,,,,,,
R301D9442C453,second,9,12b2329e-d4ba-4633-ad34-9a20dd0dbcde,request_procedure,,,,,,
R301D9442C453,consensus,9,12b2329e-d4ba-4633-ad34-9a20dd0dbcde,request_procedure,,,,,,
R301D9442C453,primary,10,2bf39a53-efc1-4a92-9858-63d48997b6ef,request_procedure,,,,,,
R301D9442C453,second,10,2bf39a53-efc1-4a92-9858-63d48997b6ef,request_procedure,,,,,,
R301D9442C453,consensus,10,2bf39a53-efc1-4a92-9858-63d48997b6ef,request_procedure,,,,,,
R301D9442C453,primary,11,5b9bbabf-6f36-41d9-9112-04def1d3a219,request_lab,,,,,,
R301D9442C453,second,11,5b9bbabf-6f36-41d9-9112-04def1d3a219,request_lab,,,,,,
R301D9442C453,consensus,11,5b9bbabf-6f36-41d9-9112-04def1d3a219,request_lab,,,,,,
R301D9442C453,primary,12,421ad315-6690-42a5-abc1-bcffd7236315,final_diagnosis,,,,,,
R301D9442C453,second,12,421ad315-6690-42a5-abc1-bcffd7236315,final_diagnosis,,,,,,
R301D9442C453,consensus,12,421ad315-6690-42a5-abc1-bcffd7236315,final_diagnosis,,,,,,
R301D9442C453,primary,13,5a05c690-e284-41b3-863a-b94fc3573d1b,disposition,,,,,,
R301D9442C453,second,13,5a05c690-e284-41b3-863a-b94fc3573d1b,disposition,,,,,,
R301D9442C453,consensus,13,5a05c690-e284-41b3-863a-b94fc3573d1b,disposition,,,,,,
RB4C95B799172,primary,1,c7c3423a-5e58-4d1e-bc32-e3c71af1b265,request_physical_exam,,,,,,
RB4C95B799172,second,1,c7c3423a-5e58-4d1e-bc32-e3c71af1b265,request_physical_exam,,,,,,
RB4C95B799172,consensus,1,c7c3423a-5e58-4d1e-bc32-e3c71af1b265,request_physical_exam,,,,,,
RB4C95B799172,primary,2,325cec7a-80a6-4bc8-8c2e-98c2b2e29841,request_imaging,,,,,,
RB4C95B799172,second,2,325cec7a-80a6-4bc8-8c2e-98c2b2e29841,request_imaging,,,,,,
RB4C95B799172,consensus,2,325cec7a-80a6-4bc8-8c2e-98c2b2e29841,request_imaging,,,,,,
RB4C95B799172,primary,3,b4010f41-2b6b-451f-834d-905b96456011,ask_history,,,,,,
RB4C95B799172,second,3,b4010f41-2b6b-451f-834d-905b96456011,ask_history,,,,,,
RB4C95B799172,consensus,3,b4010f41-2b6b-451f-834d-905b96456011,ask_history,,,,,,
RB4C95B799172,primary,4,9b0ffb46-3c34-4bdb-9fbc-cf59907fa9ca,request_imaging,,,,,,
RB4C95B799172,second,4,9b0ffb46-3c34-4bdb-9fbc-cf59907fa9ca,request_imaging,,,,,,
RB4C95B799172,consensus,4,9b0ffb46-3c34-4bdb-9fbc-cf59907fa9ca,request_imaging,,,,,,
RB4C95B799172,primary,5,9a4dbc4f-8b75-46c5-b7db-2365154725b5,plan_reason,,,,,,
RB4C95B799172,second,5,9a4dbc4f-8b75-46c5-b7db-2365154725b5,plan_reason,,,,,,
RB4C95B799172,consensus,5,9a4dbc4f-8b75-46c5-b7db-2365154725b5,plan_reason,,,,,,
RB4C95B799172,primary,6,c6cad8fe-a024-427b-857d-43c3dd65979e,request_procedure,,,,,,
RB4C95B799172,second,6,c6cad8fe-a024-427b-857d-43c3dd65979e,request_procedure,,,,,,
RB4C95B799172,consensus,6,c6cad8fe-a024-427b-857d-43c3dd65979e,request_procedure,,,,,,
RB4C95B799172,primary,7,8f4c76b5-6084-4193-b3db-ce8ce82a788b,ask_history,,,,,,
RB4C95B799172,second,7,8f4c76b5-6084-4193-b3db-ce8ce82a788b,ask_history,,,,,,
RB4C95B799172,consensus,7,8f4c76b5-6084-4193-b3db-ce8ce82a788b,ask_history,,,,,,
RB4C95B799172,primary,8,86f9a3b1-d099-4981-a0af-9cd7ee038694,request_procedure,,,,,,
RB4C95B799172,second,8,86f9a3b1-d099-4981-a0af-9cd7ee038694,request_procedure,,,,,,
RB4C95B799172,consensus,8,86f9a3b1-d099-4981-a0af-9cd7ee038694,request_procedure,,,,,,
RB4C95B799172,primary,9,dbd1c684-efc7-4240-bfde-21e93e80e5d2,request_imaging,,,,,,
RB4C95B799172,second,9,dbd1c684-efc7-4240-bfde-21e93e80e5d2,request_imaging,,,,,,
RB4C95B799172,consensus,9,dbd1c684-efc7-4240-bfde-21e93e80e5d2,request_imaging,,,,,,
RB4C95B799172,primary,10,41a7ad31-a0e1-4d66-9427-4e24b3682144,final_diagnosis,,,,,,
RB4C95B799172,second,10,41a7ad31-a0e1-4d66-9427-4e24b3682144,final_diagnosis,,,,,,
RB4C95B799172,consensus,10,41a7ad31-a0e1-4d66-9427-4e24b3682144,final_diagnosis,,,,,,
RB4C95B799172,primary,11,ffbb1dd9-674a-410f-b5e8-279c5eda3dbe,disposition,,,,,,
RB4C95B799172,second,11,ffbb1dd9-674a-410f-b5e8-279c5eda3dbe,disposition,,,,,,
RB4C95B799172,consensus,11,ffbb1dd9-674a-410f-b5e8-279c5eda3dbe,disposition,,,,,,
R0EC8845DA9FE,primary,1,19471ecd-52ef-449d-83a5-15808b40ce4c,ask_history,,,,,,
R0EC8845DA9FE,second,1,19471ecd-52ef-449d-83a5-15808b40ce4c,ask_history,,,,,,
R0EC8845DA9FE,consensus,1,19471ecd-52ef-449d-83a5-15808b40ce4c,ask_history,,,,,,
R0EC8845DA9FE,primary,2,e63010e0-adad-4171-bc1d-5324cf49716b,request_physical_exam,,,,,,
R0EC8845DA9FE,second,2,e63010e0-adad-4171-bc1d-5324cf49716b,request_physical_exam,,,,,,
R0EC8845DA9FE,consensus,2,e63010e0-adad-4171-bc1d-5324cf49716b,request_physical_exam,,,,,,
R0EC8845DA9FE,primary,3,15015d3c-da59-4f50-a87d-c172eafd9427,request_lab,,,,,,
R0EC8845DA9FE,second,3,15015d3c-da59-4f50-a87d-c172eafd9427,request_lab,,,,,,
R0EC8845DA9FE,consensus,3,15015d3c-da59-4f50-a87d-c172eafd9427,request_lab,,,,,,
R0EC8845DA9FE,primary,4,d80214b6-0c9d-43c2-8167-387b18fcb4f5,request_imaging,,,,,,
R0EC8845DA9FE,second,4,d80214b6-0c9d-43c2-8167-387b18fcb4f5,request_imaging,,,,,,
R0EC8845DA9FE,consensus,4,d80214b6-0c9d-43c2-8167-387b18fcb4f5,request_imaging,,,,,,
R0EC8845DA9FE,primary,5,cdfa7395-d730-4d77-9538-539ef719a17a,request_ecg_or_test,,,,,,
R0EC8845DA9FE,second,5,cdfa7395-d730-4d77-9538-539ef719a17a,request_ecg_or_test,,,,,,
R0EC8845DA9FE,consensus,5,cdfa7395-d730-4d77-9538-539ef719a17a,request_ecg_or_test,,,,,,
R0EC8845DA9FE,primary,6,005b5b14-a9de-46e4-8d89-53284ebf874f,ask_history,,,,,,
R0EC8845DA9FE,second,6,005b5b14-a9de-46e4-8d89-53284ebf874f,ask_history,,,,,,
R0EC8845DA9FE,consensus,6,005b5b14-a9de-46e4-8d89-53284ebf874f,ask_history,,,,,,
R0EC8845DA9FE,primary,7,b740a9ac-bc1f-4d46-bd8a-b1a4c3e0a519,request_lab,,,,,,
R0EC8845DA9FE,second,7,b740a9ac-bc1f-4d46-bd8a-b1a4c3e0a519,request_lab,,,,,,
R0EC8845DA9FE,consensus,7,b740a9ac-bc1f-4d46-bd8a-b1a4c3e0a519,request_lab,,,,,,
R0EC8845DA9FE,primary,8,cfd9c76d-f5e2-49ae-803e-77feb910f172,request_lab,,,,,,
R0EC8845DA9FE,second,8,cfd9c76d-f5e2-49ae-803e-77feb910f172,request_lab,,,,,,
R0EC8845DA9FE,consensus,8,cfd9c76d-f5e2-49ae-803e-77feb910f172,request_lab,,,,,,
R0EC8845DA9FE,primary,9,7379eea9-cb4a-45d9-8e24-831252d74c4d,plan_reason,,,,,,
R0EC8845DA9FE,second,9,7379eea9-cb4a-45d9-8e24-831252d74c4d,plan_reason,,,,,,
R0EC8845DA9FE,consensus,9,7379eea9-cb4a-45d9-8e24-831252d74c4d,plan_reason,,,,,,
R0EC8845DA9FE,primary,10,669bcd8e-b9c4-4e36-8b44-49baadccf696,final_diagnosis,,,,,,
R0EC8845DA9FE,second,10,669bcd8e-b9c4-4e36-8b44-49baadccf696,final_diagnosis,,,,,,
R0EC8845DA9FE,consensus,10,669bcd8e-b9c4-4e36-8b44-49baadccf696,final_diagnosis,,,,,,
R0EC8845DA9FE,primary,11,e1aab1ae-5743-4850-808e-0e03749e012b,disposition,,,,,,
R0EC8845DA9FE,second,11,e1aab1ae-5743-4850-808e-0e03749e012b,disposition,,,,,,
R0EC8845DA9FE,consensus,11,e1aab1ae-5743-4850-808e-0e03749e012b,disposition,,,,,,
RC139D783F28C,primary,1,c68ed5ce-a342-43b5-851b-4041a48ac617,request_physical_exam,,,,,,
RC139D783F28C,second,1,c68ed5ce-a342-43b5-851b-4041a48ac617,request_physical_exam,,,,,,
RC139D783F28C,consensus,1,c68ed5ce-a342-43b5-851b-4041a48ac617,request_physical_exam,,,,,,
RC139D783F28C,primary,2,3c6078ec-654b-48b3-925f-ff065d205518,ask_history,,,,,,
RC139D783F28C,second,2,3c6078ec-654b-48b3-925f-ff065d205518,ask_history,,,,,,
RC139D783F28C,consensus,2,3c6078ec-654b-48b3-925f-ff065d205518,ask_history,,,,,,
RC139D783F28C,primary,3,29f21b52-fbfc-4767-822d-c0da84f4118e,request_imaging,,,,,,
RC139D783F28C,second,3,29f21b52-fbfc-4767-822d-c0da84f4118e,request_imaging,,,,,,
RC139D783F28C,consensus,3,29f21b52-fbfc-4767-822d-c0da84f4118e,request_imaging,,,,,,
RC139D783F28C,primary,4,b76cea67-2bd1-47be-9cff-408a0cc73608,request_imaging,,,,,,
RC139D783F28C,second,4,b76cea67-2bd1-47be-9cff-408a0cc73608,request_imaging,,,,,,
RC139D783F28C,consensus,4,b76cea67-2bd1-47be-9cff-408a0cc73608,request_imaging,,,,,,
RC139D783F28C,primary,5,01a96bd1-0758-47e8-8773-3d02c9b82fc9,plan_reason,,,,,,
RC139D783F28C,second,5,01a96bd1-0758-47e8-8773-3d02c9b82fc9,plan_reason,,,,,,
RC139D783F28C,consensus,5,01a96bd1-0758-47e8-8773-3d02c9b82fc9,plan_reason,,,,,,
RC139D783F28C,primary,6,7fd52e51-a209-4558-aaf1-aaad6800cb17,request_procedure,,,,,,
RC139D783F28C,second,6,7fd52e51-a209-4558-aaf1-aaad6800cb17,request_procedure,,,,,,
RC139D783F28C,consensus,6,7fd52e51-a209-4558-aaf1-aaad6800cb17,request_procedure,,,,,,
RC139D783F28C,primary,7,74f1f530-ba12-4773-b43b-77b0120b2ea3,request_procedure,,,,,,
RC139D783F28C,second,7,74f1f530-ba12-4773-b43b-77b0120b2ea3,request_procedure,,,,,,
RC139D783F28C,consensus,7,74f1f530-ba12-4773-b43b-77b0120b2ea3,request_procedure,,,,,,
RC139D783F28C,primary,8,502e86a9-13d2-4004-b86b-cd3f5ad3a447,ask_history,,,,,,
RC139D783F28C,second,8,502e86a9-13d2-4004-b86b-cd3f5ad3a447,ask_history,,,,,,
RC139D783F28C,consensus,8,502e86a9-13d2-4004-b86b-cd3f5ad3a447,ask_history,,,,,,
RC139D783F28C,primary,9,56119e54-0985-41d4-ae15-f46dcf17d255,final_diagnosis,,,,,,
RC139D783F28C,second,9,56119e54-0985-41d4-ae15-f46dcf17d255,final_diagnosis,,,,,,
RC139D783F28C,consensus,9,56119e54-0985-41d4-ae15-f46dcf17d255,final_diagnosis,,,,,,
RC139D783F28C,primary,10,a0130bd8-38c5-466c-b7a8-403f5666c272,disposition,,,,,,
RC139D783F28C,second,10,a0130bd8-38c5-466c-b7a8-403f5666c272,disposition,,,,,,
RC139D783F28C,consensus,10,a0130bd8-38c5-466c-b7a8-403f5666c272,disposition,,,,,,
R2E70A92E6AFE,primary,1,db47d6b5-56ae-4c0a-b79a-108a06c8b59d,request_physical_exam,,,,,,
R2E70A92E6AFE,second,1,db47d6b5-56ae-4c0a-b79a-108a06c8b59d,request_physical_exam,,,,,,
R2E70A92E6AFE,consensus,1,db47d6b5-56ae-4c0a-b79a-108a06c8b59d,request_physical_exam,,,,,,
R2E70A92E6AFE,primary,2,7fa7f690-eefb-4eaa-9a78-c30875f28418,ask_history,,,,,,
R2E70A92E6AFE,second,2,7fa7f690-eefb-4eaa-9a78-c30875f28418,ask_history,,,,,,
R2E70A92E6AFE,consensus,2,7fa7f690-eefb-4eaa-9a78-c30875f28418,ask_history,,,,,,
R2E70A92E6AFE,primary,3,0c494a6a-71b0-4c22-b82b-93dd16bed441,request_lab,,,,,,
R2E70A92E6AFE,second,3,0c494a6a-71b0-4c22-b82b-93dd16bed441,request_lab,,,,,,
R2E70A92E6AFE,consensus,3,0c494a6a-71b0-4c22-b82b-93dd16bed441,request_lab,,,,,,
R2E70A92E6AFE,primary,4,b0e6750d-9190-484e-88ca-f348e25a7b04,ask_history,,,,,,
R2E70A92E6AFE,second,4,b0e6750d-9190-484e-88ca-f348e25a7b04,ask_history,,,,,,
R2E70A92E6AFE,consensus,4,b0e6750d-9190-484e-88ca-f348e25a7b04,ask_history,,,,,,
R2E70A92E6AFE,primary,5,74ad5d44-1aa4-45c3-b937-5696fb701916,request_imaging,,,,,,
R2E70A92E6AFE,second,5,74ad5d44-1aa4-45c3-b937-5696fb701916,request_imaging,,,,,,
R2E70A92E6AFE,consensus,5,74ad5d44-1aa4-45c3-b937-5696fb701916,request_imaging,,,,,,
R2E70A92E6AFE,primary,6,6b07b5a0-a991-43ce-8bf6-f1a95225f487,plan_reason,,,,,,
R2E70A92E6AFE,second,6,6b07b5a0-a991-43ce-8bf6-f1a95225f487,plan_reason,,,,,,
R2E70A92E6AFE,consensus,6,6b07b5a0-a991-43ce-8bf6-f1a95225f487,plan_reason,,,,,,
R2E70A92E6AFE,primary,7,615c8b8d-160c-40d6-9141-3eba9cbd41f6,request_procedure,,,,,,
R2E70A92E6AFE,second,7,615c8b8d-160c-40d6-9141-3eba9cbd41f6,request_procedure,,,,,,
R2E70A92E6AFE,consensus,7,615c8b8d-160c-40d6-9141-3eba9cbd41f6,request_procedure,,,,,,
R2E70A92E6AFE,primary,8,ee5f3e14-7f93-4f63-b84a-5507d895a511,request_procedure,,,,,,
R2E70A92E6AFE,second,8,ee5f3e14-7f93-4f63-b84a-5507d895a511,request_procedure,,,,,,
R2E70A92E6AFE,consensus,8,ee5f3e14-7f93-4f63-b84a-5507d895a511,request_procedure,,,,,,
R2E70A92E6AFE,primary,9,8b748777-4965-4e71-ba47-99b52fa2e24c,request_imaging,,,,,,
R2E70A92E6AFE,second,9,8b748777-4965-4e71-ba47-99b52fa2e24c,request_imaging,,,,,,
R2E70A92E6AFE,consensus,9,8b748777-4965-4e71-ba47-99b52fa2e24c,request_imaging,,,,,,
R2E70A92E6AFE,primary,10,681be289-f784-4c76-a9d7-46ab4b36d92c,request_procedure,,,,,,
R2E70A92E6AFE,second,10,681be289-f784-4c76-a9d7-46ab4b36d92c,request_procedure,,,,,,
R2E70A92E6AFE,consensus,10,681be289-f784-4c76-a9d7-46ab4b36d92c,request_procedure,,,,,,
R2E70A92E6AFE,primary,11,06256b92-adda-4d35-acb1-02d20f387004,ask_history,,,,,,
R2E70A92E6AFE,second,11,06256b92-adda-4d35-acb1-02d20f387004,ask_history,,,,,,
R2E70A92E6AFE,consensus,11,06256b92-adda-4d35-acb1-02d20f387004,ask_history,,,,,,
R2E70A92E6AFE,primary,12,8aea9cc8-7b5f-434e-b0e0-295f16a18f61,final_diagnosis,,,,,,
R2E70A92E6AFE,second,12,8aea9cc8-7b5f-434e-b0e0-295f16a18f61,final_diagnosis,,,,,,
R2E70A92E6AFE,consensus,12,8aea9cc8-7b5f-434e-b0e0-295f16a18f61,final_diagnosis,,,,,,
R2E70A92E6AFE,primary,13,11372a80-b0e6-447f-ba84-a0b5b9eaefda,disposition,,,,,,
R2E70A92E6AFE,second,13,11372a80-b0e6-447f-ba84-a0b5b9eaefda,disposition,,,,,,
R2E70A92E6AFE,consensus,13,11372a80-b0e6-447f-ba84-a0b5b9eaefda,disposition,,,,,,
RCCFBB657CEF3,primary,1,b1dd5353-686f-43d4-b250-af566d23046b,request_physical_exam,,,,,,
RCCFBB657CEF3,second,1,b1dd5353-686f-43d4-b250-af566d23046b,request_physical_exam,,,,,,
RCCFBB657CEF3,consensus,1,b1dd5353-686f-43d4-b250-af566d23046b,request_physical_exam,,,,,,
RCCFBB657CEF3,primary,2,a7ec780f-b15f-4480-9d8d-1be98d9662aa,request_imaging,,,,,,
RCCFBB657CEF3,second,2,a7ec780f-b15f-4480-9d8d-1be98d9662aa,request_imaging,,,,,,
RCCFBB657CEF3,consensus,2,a7ec780f-b15f-4480-9d8d-1be98d9662aa,request_imaging,,,,,,
RCCFBB657CEF3,primary,3,6afd4abc-9db2-469e-b4b5-5dfdb5893252,plan_reason,,,,,,
RCCFBB657CEF3,second,3,6afd4abc-9db2-469e-b4b5-5dfdb5893252,plan_reason,,,,,,
RCCFBB657CEF3,consensus,3,6afd4abc-9db2-469e-b4b5-5dfdb5893252,plan_reason,,,,,,
RCCFBB657CEF3,primary,4,f58e5651-0eb6-457d-8b9f-fa11d9d5557a,request_procedure,,,,,,
RCCFBB657CEF3,second,4,f58e5651-0eb6-457d-8b9f-fa11d9d5557a,request_procedure,,,,,,
RCCFBB657CEF3,consensus,4,f58e5651-0eb6-457d-8b9f-fa11d9d5557a,request_procedure,,,,,,
RCCFBB657CEF3,primary,5,1a87d6a4-044f-4c43-b079-ab029e712e0e,request_lab,,,,,,
RCCFBB657CEF3,second,5,1a87d6a4-044f-4c43-b079-ab029e712e0e,request_lab,,,,,,
RCCFBB657CEF3,consensus,5,1a87d6a4-044f-4c43-b079-ab029e712e0e,request_lab,,,,,,
RCCFBB657CEF3,primary,6,f17f2f9a-c711-47d7-94a1-0ac725ec03a1,ask_history,,,,,,
RCCFBB657CEF3,second,6,f17f2f9a-c711-47d7-94a1-0ac725ec03a1,ask_history,,,,,,
RCCFBB657CEF3,consensus,6,f17f2f9a-c711-47d7-94a1-0ac725ec03a1,ask_history,,,,,,
RCCFBB657CEF3,primary,7,3138ad03-6929-425b-a759-35595f9c3c2a,final_diagnosis,,,,,,
RCCFBB657CEF3,second,7,3138ad03-6929-425b-a759-35595f9c3c2a,final_diagnosis,,,,,,
RCCFBB657CEF3,consensus,7,3138ad03-6929-425b-a759-35595f9c3c2a,final_diagnosis,,,,,,
RCCFBB657CEF3,primary,8,3e30427f-16f9-48ae-b656-ca9cafca42bc,disposition,,,,,,
RCCFBB657CEF3,second,8,3e30427f-16f9-48ae-b656-ca9cafca42bc,disposition,,,,,,
RCCFBB657CEF3,consensus,8,3e30427f-16f9-48ae-b656-ca9cafca42bc,disposition,,,,,,
R90EBA8110077,primary,1,cca92a36-86d7-4d56-9ef9-fc63703e28e5,request_physical_exam,,,,,,
R90EBA8110077,second,1,cca92a36-86d7-4d56-9ef9-fc63703e28e5,request_physical_exam,,,,,,
R90EBA8110077,consensus,1,cca92a36-86d7-4d56-9ef9-fc63703e28e5,request_physical_exam,,,,,,
R90EBA8110077,primary,2,e520b526-573b-4294-8ad1-1b49220be7a5,request_ecg_or_test,,,,,,
R90EBA8110077,second,2,e520b526-573b-4294-8ad1-1b49220be7a5,request_ecg_or_test,,,,,,
R90EBA8110077,consensus,2,e520b526-573b-4294-8ad1-1b49220be7a5,request_ecg_or_test,,,,,,
R90EBA8110077,primary,3,ff5e22eb-ff5c-470b-867a-8423cab1c19b,request_physical_exam,,,,,,
R90EBA8110077,second,3,ff5e22eb-ff5c-470b-867a-8423cab1c19b,request_physical_exam,,,,,,
R90EBA8110077,consensus,3,ff5e22eb-ff5c-470b-867a-8423cab1c19b,request_physical_exam,,,,,,
R90EBA8110077,primary,4,5625960b-7a8d-43a1-8889-cce36ca9d596,ask_history,,,,,,
R90EBA8110077,second,4,5625960b-7a8d-43a1-8889-cce36ca9d596,ask_history,,,,,,
R90EBA8110077,consensus,4,5625960b-7a8d-43a1-8889-cce36ca9d596,ask_history,,,,,,
R90EBA8110077,primary,5,f60d68c4-7853-4b58-b1f9-2c62a65c0abb,request_lab,,,,,,
R90EBA8110077,second,5,f60d68c4-7853-4b58-b1f9-2c62a65c0abb,request_lab,,,,,,
R90EBA8110077,consensus,5,f60d68c4-7853-4b58-b1f9-2c62a65c0abb,request_lab,,,,,,
R90EBA8110077,primary,6,01d19178-77a4-4ae7-bac2-6d1e38e5449f,request_ecg_or_test,,,,,,
R90EBA8110077,second,6,01d19178-77a4-4ae7-bac2-6d1e38e5449f,request_ecg_or_test,,,,,,
R90EBA8110077,consensus,6,01d19178-77a4-4ae7-bac2-6d1e38e5449f,request_ecg_or_test,,,,,,
R90EBA8110077,primary,7,41709a75-9474-43be-855c-e33bd67dd131,ask_history,,,,,,
R90EBA8110077,second,7,41709a75-9474-43be-855c-e33bd67dd131,ask_history,,,,,,
R90EBA8110077,consensus,7,41709a75-9474-43be-855c-e33bd67dd131,ask_history,,,,,,
R90EBA8110077,primary,8,8f55ae7a-302d-4237-b45a-d372b6c0d2cb,request_imaging,,,,,,
R90EBA8110077,second,8,8f55ae7a-302d-4237-b45a-d372b6c0d2cb,request_imaging,,,,,,
R90EBA8110077,consensus,8,8f55ae7a-302d-4237-b45a-d372b6c0d2cb,request_imaging,,,,,,
R90EBA8110077,primary,9,ad4e088f-26c9-4212-b13e-67ee6f0be339,plan_reason,,,,,,
R90EBA8110077,second,9,ad4e088f-26c9-4212-b13e-67ee6f0be339,plan_reason,,,,,,
R90EBA8110077,consensus,9,ad4e088f-26c9-4212-b13e-67ee6f0be339,plan_reason,,,,,,
R90EBA8110077,primary,10,e9e88e6d-5a97-4c26-9418-77bb4e1eed50,request_procedure,,,,,,
R90EBA8110077,second,10,e9e88e6d-5a97-4c26-9418-77bb4e1eed50,request_procedure,,,,,,
R90EBA8110077,consensus,10,e9e88e6d-5a97-4c26-9418-77bb4e1eed50,request_procedure,,,,,,
R90EBA8110077,primary,11,a4556e6a-9d58-4861-8762-5f6efa42ef77,request_ecg_or_test,,,,,,
R90EBA8110077,second,11,a4556e6a-9d58-4861-8762-5f6efa42ef77,request_ecg_or_test,,,,,,
R90EBA8110077,consensus,11,a4556e6a-9d58-4861-8762-5f6efa42ef77,request_ecg_or_test,,,,,,
R90EBA8110077,primary,12,8c010ea2-def9-4ab8-9390-7cb1f1250b9f,request_ecg_or_test,,,,,,
R90EBA8110077,second,12,8c010ea2-def9-4ab8-9390-7cb1f1250b9f,request_ecg_or_test,,,,,,
R90EBA8110077,consensus,12,8c010ea2-def9-4ab8-9390-7cb1f1250b9f,request_ecg_or_test,,,,,,
R90EBA8110077,primary,13,907ba1b2-8645-40a1-9f8e-74a69ce71271,final_diagnosis,,,,,,
R90EBA8110077,second,13,907ba1b2-8645-40a1-9f8e-74a69ce71271,final_diagnosis,,,,,,
R90EBA8110077,consensus,13,907ba1b2-8645-40a1-9f8e-74a69ce71271,final_diagnosis,,,,,,
R90EBA8110077,primary,14,82807d8d-4a3a-4c8c-b8ee-5ad86af497c1,disposition,,,,,,
R90EBA8110077,second,14,82807d8d-4a3a-4c8c-b8ee-5ad86af497c1,disposition,,,,,,
R90EBA8110077,consensus,14,82807d8d-4a3a-4c8c-b8ee-5ad86af497c1,disposition,,,,,,
RB9CFD3F65DEF,primary,1,5243d362-b14a-414b-9231-c24410ccf77e,request_ecg_or_test,,,,,,
RB9CFD3F65DEF,second,1,5243d362-b14a-414b-9231-c24410ccf77e,request_ecg_or_test,,,,,,
RB9CFD3F65DEF,consensus,1,5243d362-b14a-414b-9231-c24410ccf77e,request_ecg_or_test,,,,,,
RB9CFD3F65DEF,primary,2,68c3c608-8388-48f0-a31b-1a2f95b732e0,request_physical_exam,,,,,,
RB9CFD3F65DEF,second,2,68c3c608-8388-48f0-a31b-1a2f95b732e0,request_physical_exam,,,,,,
RB9CFD3F65DEF,consensus,2,68c3c608-8388-48f0-a31b-1a2f95b732e0,request_physical_exam,,,,,,
RB9CFD3F65DEF,primary,3,c400846f-4277-4a33-abd6-b8ea37578f2b,request_ecg_or_test,,,,,,
RB9CFD3F65DEF,second,3,c400846f-4277-4a33-abd6-b8ea37578f2b,request_ecg_or_test,,,,,,
RB9CFD3F65DEF,consensus,3,c400846f-4277-4a33-abd6-b8ea37578f2b,request_ecg_or_test,,,,,,
RB9CFD3F65DEF,primary,4,d1ba8ee1-b701-45ee-a061-4d68842c49e2,plan_reason,,,,,,
RB9CFD3F65DEF,second,4,d1ba8ee1-b701-45ee-a061-4d68842c49e2,plan_reason,,,,,,
RB9CFD3F65DEF,consensus,4,d1ba8ee1-b701-45ee-a061-4d68842c49e2,plan_reason,,,,,,
RB9CFD3F65DEF,primary,5,9d9e62aa-8fc3-479d-9ba5-3ba2a87ae74f,request_procedure,,,,,,
RB9CFD3F65DEF,second,5,9d9e62aa-8fc3-479d-9ba5-3ba2a87ae74f,request_procedure,,,,,,
RB9CFD3F65DEF,consensus,5,9d9e62aa-8fc3-479d-9ba5-3ba2a87ae74f,request_procedure,,,,,,
RB9CFD3F65DEF,primary,6,6da04ec9-7d9c-4768-a5ef-ed5559084cf7,request_microbiology,,,,,,
RB9CFD3F65DEF,second,6,6da04ec9-7d9c-4768-a5ef-ed5559084cf7,request_microbiology,,,,,,
RB9CFD3F65DEF,consensus,6,6da04ec9-7d9c-4768-a5ef-ed5559084cf7,request_microbiology,,,,,,
RB9CFD3F65DEF,primary,7,81a1d919-742f-4ab2-87af-464b823a6ccb,ask_history,,,,,,
RB9CFD3F65DEF,second,7,81a1d919-742f-4ab2-87af-464b823a6ccb,ask_history,,,,,,
RB9CFD3F65DEF,consensus,7,81a1d919-742f-4ab2-87af-464b823a6ccb,ask_history,,,,,,
RB9CFD3F65DEF,primary,8,545d9691-1369-4b01-80f8-01cbfb6791ea,request_ecg_or_test,,,,,,
RB9CFD3F65DEF,second,8,545d9691-1369-4b01-80f8-01cbfb6791ea,request_ecg_or_test,,,,,,
RB9CFD3F65DEF,consensus,8,545d9691-1369-4b01-80f8-01cbfb6791ea,request_ecg_or_test,,,,,,
RB9CFD3F65DEF,primary,9,92f7af92-a0fd-4676-8094-c64246928b5a,request_imaging,,,,,,
RB9CFD3F65DEF,second,9,92f7af92-a0fd-4676-8094-c64246928b5a,request_imaging,,,,,,
RB9CFD3F65DEF,consensus,9,92f7af92-a0fd-4676-8094-c64246928b5a,request_imaging,,,,,,
RB9CFD3F65DEF,primary,10,e7b67d39-f314-4ff2-badb-6ad34258f120,request_procedure,,,,,,
RB9CFD3F65DEF,second,10,e7b67d39-f314-4ff2-badb-6ad34258f120,request_procedure,,,,,,
RB9CFD3F65DEF,consensus,10,e7b67d39-f314-4ff2-badb-6ad34258f120,request_procedure,,,,,,
RB9CFD3F65DEF,primary,11,705a65a7-2ae9-4872-b7cb-d5e814beffbc,request_lab,,,,,,
RB9CFD3F65DEF,second,11,705a65a7-2ae9-4872-b7cb-d5e814beffbc,request_lab,,,,,,
RB9CFD3F65DEF,consensus,11,705a65a7-2ae9-4872-b7cb-d5e814beffbc,request_lab,,,,,,
RB9CFD3F65DEF,primary,12,a435b6a3-503c-4ef4-ba75-98e8c918d0fc,request_physical_exam,,,,,,
RB9CFD3F65DEF,second,12,a435b6a3-503c-4ef4-ba75-98e8c918d0fc,request_physical_exam,,,,,,
RB9CFD3F65DEF,consensus,12,a435b6a3-503c-4ef4-ba75-98e8c918d0fc,request_physical_exam,,,,,,
RB9CFD3F65DEF,primary,13,f38898e5-957b-4082-9c72-16d4a2167ab0,final_diagnosis,,,,,,
RB9CFD3F65DEF,second,13,f38898e5-957b-4082-9c72-16d4a2167ab0,final_diagnosis,,,,,,
RB9CFD3F65DEF,consensus,13,f38898e5-957b-4082-9c72-16d4a2167ab0,final_diagnosis,,,,,,
RB9CFD3F65DEF,primary,14,e41449d1-b443-4b99-ba4f-c3e856020b53,disposition,,,,,,
RB9CFD3F65DEF,second,14,e41449d1-b443-4b99-ba4f-c3e856020b53,disposition,,,,,,
RB9CFD3F65DEF,consensus,14,e41449d1-b443-4b99-ba4f-c3e856020b53,disposition,,,,,,
R58DA0C4EA376,primary,1,9a5b8e5f-330e-4db7-bb2c-2129dd235fc9,request_physical_exam,,,,,,
R58DA0C4EA376,second,1,9a5b8e5f-330e-4db7-bb2c-2129dd235fc9,request_physical_exam,,,,,,
R58DA0C4EA376,consensus,1,9a5b8e5f-330e-4db7-bb2c-2129dd235fc9,request_physical_exam,,,,,,
R58DA0C4EA376,primary,2,adcc562a-b459-48eb-8314-2815742fa997,ask_history,,,,,,
R58DA0C4EA376,second,2,adcc562a-b459-48eb-8314-2815742fa997,ask_history,,,,,,
R58DA0C4EA376,consensus,2,adcc562a-b459-48eb-8314-2815742fa997,ask_history,,,,,,
R58DA0C4EA376,primary,3,7d497701-8765-4e88-843c-cf0bacaf49bc,request_physical_exam,,,,,,
R58DA0C4EA376,second,3,7d497701-8765-4e88-843c-cf0bacaf49bc,request_physical_exam,,,,,,
R58DA0C4EA376,consensus,3,7d497701-8765-4e88-843c-cf0bacaf49bc,request_physical_exam,,,,,,
R58DA0C4EA376,primary,4,e37c1ba9-c2e8-49e6-a90a-0ca861772b72,request_imaging,,,,,,
R58DA0C4EA376,second,4,e37c1ba9-c2e8-49e6-a90a-0ca861772b72,request_imaging,,,,,,
R58DA0C4EA376,consensus,4,e37c1ba9-c2e8-49e6-a90a-0ca861772b72,request_imaging,,,,,,
R58DA0C4EA376,primary,5,2e64fb26-0b60-4793-b3d3-181a91e7444c,plan_reason,,,,,,
R58DA0C4EA376,second,5,2e64fb26-0b60-4793-b3d3-181a91e7444c,plan_reason,,,,,,
R58DA0C4EA376,consensus,5,2e64fb26-0b60-4793-b3d3-181a91e7444c,plan_reason,,,,,,
R58DA0C4EA376,primary,6,6155e51d-8f84-4bad-bebc-201ee361e4c4,request_procedure,,,,,,
R58DA0C4EA376,second,6,6155e51d-8f84-4bad-bebc-201ee361e4c4,request_procedure,,,,,,
R58DA0C4EA376,consensus,6,6155e51d-8f84-4bad-bebc-201ee361e4c4,request_procedure,,,,,,
R58DA0C4EA376,primary,7,5c7d0d09-7e24-4345-b06d-abc4c5215ecf,request_physical_exam,,,,,,
R58DA0C4EA376,second,7,5c7d0d09-7e24-4345-b06d-abc4c5215ecf,request_physical_exam,,,,,,
R58DA0C4EA376,consensus,7,5c7d0d09-7e24-4345-b06d-abc4c5215ecf,request_physical_exam,,,,,,
R58DA0C4EA376,primary,8,d10694f5-fa5e-4f69-b610-673b66310c5f,request_lab,,,,,,
R58DA0C4EA376,second,8,d10694f5-fa5e-4f69-b610-673b66310c5f,request_lab,,,,,,
R58DA0C4EA376,consensus,8,d10694f5-fa5e-4f69-b610-673b66310c5f,request_lab,,,,,,
R58DA0C4EA376,primary,9,b52b9d92-fdca-44fe-a3f7-b7bb225dc9a0,final_diagnosis,,,,,,
R58DA0C4EA376,second,9,b52b9d92-fdca-44fe-a3f7-b7bb225dc9a0,final_diagnosis,,,,,,
R58DA0C4EA376,consensus,9,b52b9d92-fdca-44fe-a3f7-b7bb225dc9a0,final_diagnosis,,,,,,
R58DA0C4EA376,primary,10,ff76dc5f-2449-4723-a50a-70ea1d402d95,disposition,,,,,,
R58DA0C4EA376,second,10,ff76dc5f-2449-4723-a50a-70ea1d402d95,disposition,,,,,,
R58DA0C4EA376,consensus,10,ff76dc5f-2449-4723-a50a-70ea1d402d95,disposition,,,,,,
R4B2819860CA5,primary,1,ec8997df-97a6-41c3-8113-8b19f6f3c8d4,ask_history,,,,,,
R4B2819860CA5,second,1,ec8997df-97a6-41c3-8113-8b19f6f3c8d4,ask_history,,,,,,
R4B2819860CA5,consensus,1,ec8997df-97a6-41c3-8113-8b19f6f3c8d4,ask_history,,,,,,
R4B2819860CA5,primary,2,965b4ec5-5145-4a38-bc9c-0234f3fe4ca7,request_physical_exam,,,,,,
R4B2819860CA5,second,2,965b4ec5-5145-4a38-bc9c-0234f3fe4ca7,request_physical_exam,,,,,,
R4B2819860CA5,consensus,2,965b4ec5-5145-4a38-bc9c-0234f3fe4ca7,request_physical_exam,,,,,,
R4B2819860CA5,primary,3,1eaaff3d-65c7-4ee3-b4cd-1fed38306549,request_imaging,,,,,,
R4B2819860CA5,second,3,1eaaff3d-65c7-4ee3-b4cd-1fed38306549,request_imaging,,,,,,
R4B2819860CA5,consensus,3,1eaaff3d-65c7-4ee3-b4cd-1fed38306549,request_imaging,,,,,,
R4B2819860CA5,primary,4,eccd95ab-d417-4dd4-82be-11cd012c7d80,plan_reason,,,,,,
R4B2819860CA5,second,4,eccd95ab-d417-4dd4-82be-11cd012c7d80,plan_reason,,,,,,
R4B2819860CA5,consensus,4,eccd95ab-d417-4dd4-82be-11cd012c7d80,plan_reason,,,,,,
R4B2819860CA5,primary,5,de0ee862-b751-4dfe-8315-f353cd9b1878,request_procedure,,,,,,
R4B2819860CA5,second,5,de0ee862-b751-4dfe-8315-f353cd9b1878,request_procedure,,,,,,
R4B2819860CA5,consensus,5,de0ee862-b751-4dfe-8315-f353cd9b1878,request_procedure,,,,,,
R4B2819860CA5,primary,6,8f62b136-f5e3-4bc8-a559-49dea91ec604,request_lab,,,,,,
R4B2819860CA5,second,6,8f62b136-f5e3-4bc8-a559-49dea91ec604,request_lab,,,,,,
R4B2819860CA5,consensus,6,8f62b136-f5e3-4bc8-a559-49dea91ec604,request_lab,,,,,,
R4B2819860CA5,primary,7,39dfec50-5067-4b55-82e0-e8d01934c864,request_procedure,,,,,,
R4B2819860CA5,second,7,39dfec50-5067-4b55-82e0-e8d01934c864,request_procedure,,,,,,
R4B2819860CA5,consensus,7,39dfec50-5067-4b55-82e0-e8d01934c864,request_procedure,,,,,,
R4B2819860CA5,primary,8,716c2630-a7c4-4a87-b361-577214f44b13,final_diagnosis,,,,,,
R4B2819860CA5,second,8,716c2630-a7c4-4a87-b361-577214f44b13,final_diagnosis,,,,,,
R4B2819860CA5,consensus,8,716c2630-a7c4-4a87-b361-577214f44b13,final_diagnosis,,,,,,
R4B2819860CA5,primary,9,4007673f-b7ba-4059-9b13-171d0c822e07,disposition,,,,,,
R4B2819860CA5,second,9,4007673f-b7ba-4059-9b13-171d0c822e07,disposition,,,,,,
R4B2819860CA5,consensus,9,4007673f-b7ba-4059-9b13-171d0c822e07,disposition,,,,,,
R7DF1BFF41EEE,primary,1,5159e699-de04-465c-9248-04503719f959,request_physical_exam,,,,,,
R7DF1BFF41EEE,second,1,5159e699-de04-465c-9248-04503719f959,request_physical_exam,,,,,,
R7DF1BFF41EEE,consensus,1,5159e699-de04-465c-9248-04503719f959,request_physical_exam,,,,,,
R7DF1BFF41EEE,primary,2,dd823c7d-8699-4893-8ad7-04cf752a5397,request_imaging,,,,,,
R7DF1BFF41EEE,second,2,dd823c7d-8699-4893-8ad7-04cf752a5397,request_imaging,,,,,,
R7DF1BFF41EEE,consensus,2,dd823c7d-8699-4893-8ad7-04cf752a5397,request_imaging,,,,,,
R7DF1BFF41EEE,primary,3,e6b06f1b-a669-4a8c-8c91-25f8282654ae,ask_history,,,,,,
R7DF1BFF41EEE,second,3,e6b06f1b-a669-4a8c-8c91-25f8282654ae,ask_history,,,,,,
R7DF1BFF41EEE,consensus,3,e6b06f1b-a669-4a8c-8c91-25f8282654ae,ask_history,,,,,,
R7DF1BFF41EEE,primary,4,23a7cdd3-a832-494a-95e8-bbc5fa8a04e0,request_imaging,,,,,,
R7DF1BFF41EEE,second,4,23a7cdd3-a832-494a-95e8-bbc5fa8a04e0,request_imaging,,,,,,
R7DF1BFF41EEE,consensus,4,23a7cdd3-a832-494a-95e8-bbc5fa8a04e0,request_imaging,,,,,,
R7DF1BFF41EEE,primary,5,9af63f02-cb84-4fde-9ec7-2e7a64508e9d,plan_reason,,,,,,
R7DF1BFF41EEE,second,5,9af63f02-cb84-4fde-9ec7-2e7a64508e9d,plan_reason,,,,,,
R7DF1BFF41EEE,consensus,5,9af63f02-cb84-4fde-9ec7-2e7a64508e9d,plan_reason,,,,,,
R7DF1BFF41EEE,primary,6,a3d8b8fd-f65a-4282-8235-90627522a803,request_procedure,,,,,,
R7DF1BFF41EEE,second,6,a3d8b8fd-f65a-4282-8235-90627522a803,request_procedure,,,,,,
R7DF1BFF41EEE,consensus,6,a3d8b8fd-f65a-4282-8235-90627522a803,request_procedure,,,,,,
R7DF1BFF41EEE,primary,7,2c6278bf-4654-46cb-8ebd-08bf8b7b0928,request_procedure,,,,,,
R7DF1BFF41EEE,second,7,2c6278bf-4654-46cb-8ebd-08bf8b7b0928,request_procedure,,,,,,
R7DF1BFF41EEE,consensus,7,2c6278bf-4654-46cb-8ebd-08bf8b7b0928,request_procedure,,,,,,
R7DF1BFF41EEE,primary,8,8f808fbb-1728-4642-ac24-882a5087fc12,ask_history,,,,,,
R7DF1BFF41EEE,second,8,8f808fbb-1728-4642-ac24-882a5087fc12,ask_history,,,,,,
R7DF1BFF41EEE,consensus,8,8f808fbb-1728-4642-ac24-882a5087fc12,ask_history,,,,,,
R7DF1BFF41EEE,primary,9,5707c1a4-2286-4570-83dc-d37b6a01986e,final_diagnosis,,,,,,
R7DF1BFF41EEE,second,9,5707c1a4-2286-4570-83dc-d37b6a01986e,final_diagnosis,,,,,,
R7DF1BFF41EEE,consensus,9,5707c1a4-2286-4570-83dc-d37b6a01986e,final_diagnosis,,,,,,
R7DF1BFF41EEE,primary,10,0b82358f-93d4-46ba-a2f6-23ba2cbd3bb9,disposition,,,,,,
R7DF1BFF41EEE,second,10,0b82358f-93d4-46ba-a2f6-23ba2cbd3bb9,disposition,,,,,,
R7DF1BFF41EEE,consensus,10,0b82358f-93d4-46ba-a2f6-23ba2cbd3bb9,disposition,,,,,,
R39618BC234E7,primary,1,b238d673-6732-4318-b192-7920052f10bd,ask_history,,,,,,
R39618BC234E7,second,1,b238d673-6732-4318-b192-7920052f10bd,ask_history,,,,,,
R39618BC234E7,consensus,1,b238d673-6732-4318-b192-7920052f10bd,ask_history,,,,,,
R39618BC234E7,primary,2,a2c18bf8-b79b-4632-8d50-5b3f503dd297,request_physical_exam,,,,,,
R39618BC234E7,second,2,a2c18bf8-b79b-4632-8d50-5b3f503dd297,request_physical_exam,,,,,,
R39618BC234E7,consensus,2,a2c18bf8-b79b-4632-8d50-5b3f503dd297,request_physical_exam,,,,,,
R39618BC234E7,primary,3,70087fe7-f613-4d99-90fd-f08f321807d9,request_imaging,,,,,,
R39618BC234E7,second,3,70087fe7-f613-4d99-90fd-f08f321807d9,request_imaging,,,,,,
R39618BC234E7,consensus,3,70087fe7-f613-4d99-90fd-f08f321807d9,request_imaging,,,,,,
R39618BC234E7,primary,4,0d68a7bf-e23f-4321-bfd4-4ed797018cda,plan_reason,,,,,,
R39618BC234E7,second,4,0d68a7bf-e23f-4321-bfd4-4ed797018cda,plan_reason,,,,,,
R39618BC234E7,consensus,4,0d68a7bf-e23f-4321-bfd4-4ed797018cda,plan_reason,,,,,,
R39618BC234E7,primary,5,8fe752fe-ef0b-4ddd-ab44-9b330cfca4f1,request_procedure,,,,,,
R39618BC234E7,second,5,8fe752fe-ef0b-4ddd-ab44-9b330cfca4f1,request_procedure,,,,,,
R39618BC234E7,consensus,5,8fe752fe-ef0b-4ddd-ab44-9b330cfca4f1,request_procedure,,,,,,
R39618BC234E7,primary,6,187b0e29-d6e3-47bb-9d2e-45a855152c1b,final_diagnosis,,,,,,
R39618BC234E7,second,6,187b0e29-d6e3-47bb-9d2e-45a855152c1b,final_diagnosis,,,,,,
R39618BC234E7,consensus,6,187b0e29-d6e3-47bb-9d2e-45a855152c1b,final_diagnosis,,,,,,
R39618BC234E7,primary,7,fec2a8c4-515c-4193-8eb6-e08db2487429,disposition,,,,,,
R39618BC234E7,second,7,fec2a8c4-515c-4193-8eb6-e08db2487429,disposition,,,,,,
R39618BC234E7,consensus,7,fec2a8c4-515c-4193-8eb6-e08db2487429,disposition,,,,,,
