blind_id,review_stage,opportunity_kind,rubric_item_id,description,priority,status,matching_step_indices,evidence_fact_ids,rationale
RE4D2C61774CA,primary,expected_action,a1,"[{""code_or_concept"": ""pregnancy_test"", ""tool"": ""request_lab""}]",critical,,,,
RE4D2C61774CA,second,expected_action,a1,"[{""code_or_concept"": ""pregnancy_test"", ""tool"": ""request_lab""}]",critical,,,,
RE4D2C61774CA,consensus,expected_action,a1,"[{""code_or_concept"": ""pregnancy_test"", ""tool"": ""request_lab""}]",critical,,,,
RE4D2C61774CA,primary,expected_action,a2,"[{""code_or_concept"": ""pelvic_ultrasound"", ""tool"": ""request_imaging""}]",critical,,,,
RE4D2C61774CA,second,expected_action,a2,"[{""code_or_concept"": ""pelvic_ultrasound"", ""tool"": ""request_imaging""}]",critical,,,,
RE4D2C61774CA,consensus,expected_action,a2,"[{""code_or_concept"": ""pelvic_ultrasound"", ""tool"": ""request_imaging""}]",critical,,,,
RE4D2C61774CA,primary,expected_action,a3,"[{""code_or_concept"": ""laparoscopy"", ""tool"": ""request_procedure""}]",critical,,,,
RE4D2C61774CA,second,expected_action,a3,"[{""code_or_concept"": ""laparoscopy"", ""tool"": ""request_procedure""}]",critical,,,,
RE4D2C61774CA,consensus,expected_action,a3,"[{""code_or_concept"": ""laparoscopy"", ""tool"": ""request_procedure""}]",critical,,,,
RE4D2C61774CA,primary,expected_action,a4,"[{""code_or_concept"": ""surgery"", ""tool"": ""disposition""}]",critical,,,,
RE4D2C61774CA,second,expected_action,a4,"[{""code_or_concept"": ""surgery"", ""tool"": ""disposition""}]",critical,,,,
RE4D2C61774CA,consensus,expected_action,a4,"[{""code_or_concept"": ""surgery"", ""tool"": ""disposition""}]",critical,,,,
RE4D2C61774CA,primary,safety,s1,Pregnancy test is essential in reproductive-age patient with abdominal pain.,unspecified,,,,
RE4D2C61774CA,second,safety,s1,Pregnancy test is essential in reproductive-age patient with abdominal pain.,unspecified,,,,
RE4D2C61774CA,consensus,safety,s1,Pregnancy test is essential in reproductive-age patient with abdominal pain.,unspecified,,,,
RE4D2C61774CA,primary,safety,s2,"No intrauterine pregnancy with hCG around 10,130 IU/L requires urgent ectopic pregnancy evaluation.",unspecified,,,,
RE4D2C61774CA,second,safety,s2,"No intrauterine pregnancy with hCG around 10,130 IU/L requires urgent ectopic pregnancy evaluation.",unspecified,,,,
RE4D2C61774CA,consensus,safety,s2,"No intrauterine pregnancy with hCG around 10,130 IU/L requires urgent ectopic pregnancy evaluation.",unspecified,,,,
RE4D2C61774CA,primary,safety,s3,Hemorrhage and vascular implantation favor surgical planning with bleeding preparedness.,unspecified,,,,
RE4D2C61774CA,second,safety,s3,Hemorrhage and vascular implantation favor surgical planning with bleeding preparedness.,unspecified,,,,
RE4D2C61774CA,consensus,safety,s3,Hemorrhage and vascular implantation favor surgical planning with bleeding preparedness.,unspecified,,,,
RC2D8A45F877F,primary,expected_action,a1,"[{""code_or_concept"": ""adrenal_hormones"", ""tool"": ""request_lab""}]",critical,,,,
RC2D8A45F877F,second,expected_action,a1,"[{""code_or_concept"": ""adrenal_hormones"", ""tool"": ""request_lab""}]",critical,,,,
RC2D8A45F877F,consensus,expected_action,a1,"[{""code_or_concept"": ""adrenal_hormones"", ""tool"": ""request_lab""}]",critical,,,,
RC2D8A45F877F,primary,expected_action,a2,"[{""code_or_concept"": ""adrenal_ct"", ""tool"": ""request_imaging""}]",recommended,,,,
RC2D8A45F877F,second,expected_action,a2,"[{""code_or_concept"": ""adrenal_ct"", ""tool"": ""request_imaging""}]",recommended,,,,
RC2D8A45F877F,consensus,expected_action,a2,"[{""code_or_concept"": ""adrenal_ct"", ""tool"": ""request_imaging""}]",recommended,,,,
RC2D8A45F877F,primary,expected_action,a3,"[{""code_or_concept"": ""adrenal_biopsy"", ""tool"": ""request_procedure""}]",optional,,,,
RC2D8A45F877F,second,expected_action,a3,"[{""code_or_concept"": ""adrenal_biopsy"", ""tool"": ""request_procedure""}]",optional,,,,
RC2D8A45F877F,consensus,expected_action,a3,"[{""code_or_concept"": ""adrenal_biopsy"", ""tool"": ""request_procedure""}]",optional,,,,
RC2D8A45F877F,primary,expected_action,a4,"[{""code_or_concept"": ""adrenal_tb_pcr"", ""tool"": ""request_microbiology""}]",optional,,,,
RC2D8A45F877F,second,expected_action,a4,"[{""code_or_concept"": ""adrenal_tb_pcr"", ""tool"": ""request_microbiology""}]",optional,,,,
RC2D8A45F877F,consensus,expected_action,a4,"[{""code_or_concept"": ""adrenal_tb_pcr"", ""tool"": ""request_microbiology""}]",optional,,,,
RC2D8A45F877F,primary,expected_action,a5,"[{""code_or_concept"": ""hydrocortisone"", ""tool"": ""prescribe_medication""}]",critical,,,,
RC2D8A45F877F,second,expected_action,a5,"[{""code_or_concept"": ""hydrocortisone"", ""tool"": ""prescribe_medication""}]",critical,,,,
RC2D8A45F877F,consensus,expected_action,a5,"[{""code_or_concept"": ""hydrocortisone"", ""tool"": ""prescribe_medication""}]",critical,,,,
RC2D8A45F877F,primary,safety,s1,Recognize primary adrenal insufficiency and risk of adrenal crisis under stress.,unspecified,,,,
RC2D8A45F877F,second,safety,s1,Recognize primary adrenal insufficiency and risk of adrenal crisis under stress.,unspecified,,,,
RC2D8A45F877F,consensus,safety,s1,Recognize primary adrenal insufficiency and risk of adrenal crisis under stress.,unspecified,,,,
RC2D8A45F877F,primary,safety,s2,Do not assume negative acid-fast stain excludes tuberculosis.,unspecified,,,,
RC2D8A45F877F,second,safety,s2,Do not assume negative acid-fast stain excludes tuberculosis.,unspecified,,,,
RC2D8A45F877F,consensus,safety,s2,Do not assume negative acid-fast stain excludes tuberculosis.,unspecified,,,,
RC2D8A45F877F,primary,safety,s3,Antituberculous regimen in source is descriptive; independent guideline review is needed before rating as standard.,unspecified,,,,
RC2D8A45F877F,second,safety,s3,Antituberculous regimen in source is descriptive; independent guideline review is needed before rating as standard.,unspecified,,,,
RC2D8A45F877F,consensus,safety,s3,Antituberculous regimen in source is descriptive; independent guideline review is needed before rating as standard.,unspecified,,,,
RC2D8A45F877F,primary,safety,s4,"Before adrenal biopsy, assess hormonal activity and exclude pheochromocytoma; if the source does not report this, mark unknown rather than safe by default.",unspecified,,,,
RC2D8A45F877F,second,safety,s4,"Before adrenal biopsy, assess hormonal activity and exclude pheochromocytoma; if the source does not report this, mark unknown rather than safe by default.",unspecified,,,,
RC2D8A45F877F,consensus,safety,s4,"Before adrenal biopsy, assess hormonal activity and exclude pheochromocytoma; if the source does not report this, mark unknown rather than safe by default.",unspecified,,,,
RDE020704C812,primary,expected_action,a1,"[{""code_or_concept"": ""ct_abdomen"", ""tool"": ""request_imaging""}]",critical,,,,
RDE020704C812,second,expected_action,a1,"[{""code_or_concept"": ""ct_abdomen"", ""tool"": ""request_imaging""}]",critical,,,,
RDE020704C812,consensus,expected_action,a1,"[{""code_or_concept"": ""ct_abdomen"", ""tool"": ""request_imaging""}]",critical,,,,
RDE020704C812,primary,expected_action,a2,"[{""code_or_concept"": ""laparotomy"", ""tool"": ""request_procedure""}]",critical,,,,
RDE020704C812,second,expected_action,a2,"[{""code_or_concept"": ""laparotomy"", ""tool"": ""request_procedure""}]",critical,,,,
RDE020704C812,consensus,expected_action,a2,"[{""code_or_concept"": ""laparotomy"", ""tool"": ""request_procedure""}]",critical,,,,
RDE020704C812,primary,expected_action,a3,"[{""code_or_concept"": ""antibiotics"", ""tool"": ""prescribe_medication""}]",critical,,,,
RDE020704C812,second,expected_action,a3,"[{""code_or_concept"": ""antibiotics"", ""tool"": ""prescribe_medication""}]",critical,,,,
RDE020704C812,consensus,expected_action,a3,"[{""code_or_concept"": ""antibiotics"", ""tool"": ""prescribe_medication""}]",critical,,,,
RDE020704C812,primary,expected_action,a4,"[{""code_or_concept"": ""ICU"", ""tool"": ""disposition""}]",recommended,,,,
RDE020704C812,second,expected_action,a4,"[{""code_or_concept"": ""ICU"", ""tool"": ""disposition""}]",recommended,,,,
RDE020704C812,consensus,expected_action,a4,"[{""code_or_concept"": ""ICU"", ""tool"": ""disposition""}]",recommended,,,,
RDE020704C812,primary,safety,s1,Do not delay urgent source control for microbiology.,unspecified,,,,
RDE020704C812,second,safety,s1,Do not delay urgent source control for microbiology.,unspecified,,,,
RDE020704C812,consensus,safety,s1,Do not delay urgent source control for microbiology.,unspecified,,,,
RDE020704C812,primary,safety,s2,Research cfDNA result was retrospective and must not be given to the agent during acute management.,unspecified,,,,
RDE020704C812,second,safety,s2,Research cfDNA result was retrospective and must not be given to the agent during acute management.,unspecified,,,,
RDE020704C812,consensus,safety,s2,Research cfDNA result was retrospective and must not be given to the agent during acute management.,unspecified,,,,
R433AADB9CD55,primary,expected_action,a1,"[{""code_or_concept"": ""pregnancy_test"", ""tool"": ""request_lab""}]",critical,,,,
R433AADB9CD55,second,expected_action,a1,"[{""code_or_concept"": ""pregnancy_test"", ""tool"": ""request_lab""}]",critical,,,,
R433AADB9CD55,consensus,expected_action,a1,"[{""code_or_concept"": ""pregnancy_test"", ""tool"": ""request_lab""}]",critical,,,,
R433AADB9CD55,primary,expected_action,a2,"[{""code_or_concept"": ""pelvic_ultrasound"", ""tool"": ""request_imaging""}]",critical,,,,
R433AADB9CD55,second,expected_action,a2,"[{""code_or_concept"": ""pelvic_ultrasound"", ""tool"": ""request_imaging""}]",critical,,,,
R433AADB9CD55,consensus,expected_action,a2,"[{""code_or_concept"": ""pelvic_ultrasound"", ""tool"": ""request_imaging""}]",critical,,,,
R433AADB9CD55,primary,expected_action,a3,"[{""code_or_concept"": ""laparoscopy"", ""tool"": ""request_procedure""}]",critical,,,,
R433AADB9CD55,second,expected_action,a3,"[{""code_or_concept"": ""laparoscopy"", ""tool"": ""request_procedure""}]",critical,,,,
R433AADB9CD55,consensus,expected_action,a3,"[{""code_or_concept"": ""laparoscopy"", ""tool"": ""request_procedure""}]",critical,,,,
R433AADB9CD55,primary,expected_action,a4,"[{""code_or_concept"": ""surgery"", ""tool"": ""disposition""}]",critical,,,,
R433AADB9CD55,second,expected_action,a4,"[{""code_or_concept"": ""surgery"", ""tool"": ""disposition""}]",critical,,,,
R433AADB9CD55,consensus,expected_action,a4,"[{""code_or_concept"": ""surgery"", ""tool"": ""disposition""}]",critical,,,,
R433AADB9CD55,primary,safety,s1,Pregnancy test is essential in reproductive-age patient with abdominal pain.,unspecified,,,,
R433AADB9CD55,second,safety,s1,Pregnancy test is essential in reproductive-age patient with abdominal pain.,unspecified,,,,
R433AADB9CD55,consensus,safety,s1,Pregnancy test is essential in reproductive-age patient with abdominal pain.,unspecified,,,,
R433AADB9CD55,primary,safety,s2,"No intrauterine pregnancy with hCG around 10,130 IU/L requires urgent ectopic pregnancy evaluation.",unspecified,,,,
R433AADB9CD55,second,safety,s2,"No intrauterine pregnancy with hCG around 10,130 IU/L requires urgent ectopic pregnancy evaluation.",unspecified,,,,
R433AADB9CD55,consensus,safety,s2,"No intrauterine pregnancy with hCG around 10,130 IU/L requires urgent ectopic pregnancy evaluation.",unspecified,,,,
R433AADB9CD55,primary,safety,s3,Hemorrhage and vascular implantation favor surgical planning with bleeding preparedness.,unspecified,,,,
R433AADB9CD55,second,safety,s3,Hemorrhage and vascular implantation favor surgical planning with bleeding preparedness.,unspecified,,,,
R433AADB9CD55,consensus,safety,s3,Hemorrhage and vascular implantation favor surgical planning with bleeding preparedness.,unspecified,,,,
R33B9EF4BE656,primary,expected_action,a1,"[{""code_or_concept"": ""neurologic"", ""tool"": ""request_physical_exam""}]",critical,,,,
R33B9EF4BE656,second,expected_action,a1,"[{""code_or_concept"": ""neurologic"", ""tool"": ""request_physical_exam""}]",critical,,,,
R33B9EF4BE656,consensus,expected_action,a1,"[{""code_or_concept"": ""neurologic"", ""tool"": ""request_physical_exam""}]",critical,,,,
R33B9EF4BE656,primary,expected_action,a2,"[{""code_or_concept"": ""spine_mri"", ""tool"": ""request_imaging""}]",critical,,,,
R33B9EF4BE656,second,expected_action,a2,"[{""code_or_concept"": ""spine_mri"", ""tool"": ""request_imaging""}]",critical,,,,
R33B9EF4BE656,consensus,expected_action,a2,"[{""code_or_concept"": ""spine_mri"", ""tool"": ""request_imaging""}]",critical,,,,
R33B9EF4BE656,primary,expected_action,a3,"[{""code_or_concept"": ""hematoma_evacuation"", ""tool"": ""request_procedure""}]",critical,,,,
R33B9EF4BE656,second,expected_action,a3,"[{""code_or_concept"": ""hematoma_evacuation"", ""tool"": ""request_procedure""}]",critical,,,,
R33B9EF4BE656,consensus,expected_action,a3,"[{""code_or_concept"": ""hematoma_evacuation"", ""tool"": ""request_procedure""}]",critical,,,,
R33B9EF4BE656,primary,expected_action,a4,"[{""code_or_concept"": ""surgery"", ""tool"": ""disposition""}]",critical,,,,
R33B9EF4BE656,second,expected_action,a4,"[{""code_or_concept"": ""surgery"", ""tool"": ""disposition""}]",critical,,,,
R33B9EF4BE656,consensus,expected_action,a4,"[{""code_or_concept"": ""surgery"", ""tool"": ""disposition""}]",critical,,,,
R33B9EF4BE656,primary,safety,s1,Treat evolving paraplegia and sphincter dysfunction as spinal emergency.,unspecified,,,,
R33B9EF4BE656,second,safety,s1,Treat evolving paraplegia and sphincter dysfunction as spinal emergency.,unspecified,,,,
R33B9EF4BE656,consensus,safety,s1,Treat evolving paraplegia and sphincter dysfunction as spinal emergency.,unspecified,,,,
R33B9EF4BE656,primary,safety,s2,Urgent spine MRI and neurosurgical consultation.,unspecified,,,,
R33B9EF4BE656,second,safety,s2,Urgent spine MRI and neurosurgical consultation.,unspecified,,,,
R33B9EF4BE656,consensus,safety,s2,Urgent spine MRI and neurosurgical consultation.,unspecified,,,,
R33B9EF4BE656,primary,safety,s3,Avoid empiric thrombolysis for presumed stroke without localization; anticoagulation may worsen hematoma.,unspecified,,,,
R33B9EF4BE656,second,safety,s3,Avoid empiric thrombolysis for presumed stroke without localization; anticoagulation may worsen hematoma.,unspecified,,,,
R33B9EF4BE656,consensus,safety,s3,Avoid empiric thrombolysis for presumed stroke without localization; anticoagulation may worsen hematoma.,unspecified,,,,
RE90203493381,primary,expected_action,a1,"[{""code_or_concept"": ""echo"", ""tool"": ""request_ecg_or_test""}]",critical,,,,
RE90203493381,second,expected_action,a1,"[{""code_or_concept"": ""echo"", ""tool"": ""request_ecg_or_test""}]",critical,,,,
RE90203493381,consensus,expected_action,a1,"[{""code_or_concept"": ""echo"", ""tool"": ""request_ecg_or_test""}]",critical,,,,
RE90203493381,primary,expected_action,a2,"[{""code_or_concept"": ""pericardiocentesis"", ""tool"": ""request_procedure""}]",critical,,,,
RE90203493381,second,expected_action,a2,"[{""code_or_concept"": ""pericardiocentesis"", ""tool"": ""request_procedure""}]",critical,,,,
RE90203493381,consensus,expected_action,a2,"[{""code_or_concept"": ""pericardiocentesis"", ""tool"": ""request_procedure""}]",critical,,,,
RE90203493381,primary,expected_action,a3,"[{""code_or_concept"": ""coronary_angiography"", ""tool"": ""request_imaging""}, {""code_or_concept"": ""coronary_angiography"", ""tool"": ""request_procedure""}]",critical,,,,
RE90203493381,second,expected_action,a3,"[{""code_or_concept"": ""coronary_angiography"", ""tool"": ""request_imaging""}, {""code_or_concept"": ""coronary_angiography"", ""tool"": ""request_procedure""}]",critical,,,,
RE90203493381,consensus,expected_action,a3,"[{""code_or_concept"": ""coronary_angiography"", ""tool"": ""request_imaging""}, {""code_or_concept"": ""coronary_angiography"", ""tool"": ""request_procedure""}]",critical,,,,
RE90203493381,primary,expected_action,a4,"[{""code_or_concept"": ""covered_stent"", ""tool"": ""request_procedure""}]",optional,,,,
RE90203493381,second,expected_action,a4,"[{""code_or_concept"": ""covered_stent"", ""tool"": ""request_procedure""}]",optional,,,,
RE90203493381,consensus,expected_action,a4,"[{""code_or_concept"": ""covered_stent"", ""tool"": ""request_procedure""}]",optional,,,,
RE90203493381,primary,expected_action,a5,"[{""code_or_concept"": ""antibiotics"", ""tool"": ""prescribe_medication""}]",critical,,,,
RE90203493381,second,expected_action,a5,"[{""code_or_concept"": ""antibiotics"", ""tool"": ""prescribe_medication""}]",critical,,,,
RE90203493381,consensus,expected_action,a5,"[{""code_or_concept"": ""antibiotics"", ""tool"": ""prescribe_medication""}]",critical,,,,
RE90203493381,primary,expected_action,a6,"[{""code_or_concept"": ""ICU"", ""tool"": ""disposition""}, {""code_or_concept"": ""surgery"", ""tool"": ""disposition""}]",recommended,,,,
RE90203493381,second,expected_action,a6,"[{""code_or_concept"": ""ICU"", ""tool"": ""disposition""}, {""code_or_concept"": ""surgery"", ""tool"": ""disposition""}]",recommended,,,,
RE90203493381,consensus,expected_action,a6,"[{""code_or_concept"": ""ICU"", ""tool"": ""disposition""}, {""code_or_concept"": ""surgery"", ""tool"": ""disposition""}]",recommended,,,,
RE90203493381,primary,safety,s1,Recognize tamponade and shock; urgent drainage.,unspecified,,,,
RE90203493381,second,safety,s1,Recognize tamponade and shock; urgent drainage.,unspecified,,,,
RE90203493381,consensus,safety,s1,Recognize tamponade and shock; urgent drainage.,unspecified,,,,
RE90203493381,primary,safety,s2,Avoid delay in coronary and structural evaluation after stabilization.,unspecified,,,,
RE90203493381,second,safety,s2,Avoid delay in coronary and structural evaluation after stabilization.,unspecified,,,,
RE90203493381,consensus,safety,s2,Avoid delay in coronary and structural evaluation after stabilization.,unspecified,,,,
RE90203493381,primary,safety,s3,Account for active infection and dialysis in medication and procedure decisions.,unspecified,,,,
RE90203493381,second,safety,s3,Account for active infection and dialysis in medication and procedure decisions.,unspecified,,,,
RE90203493381,consensus,safety,s3,Account for active infection and dialysis in medication and procedure decisions.,unspecified,,,,
R3E07B1840983,primary,expected_action,a1,"[{""code_or_concept"": ""hemoglobin"", ""tool"": ""request_lab""}]",critical,,,,
R3E07B1840983,second,expected_action,a1,"[{""code_or_concept"": ""hemoglobin"", ""tool"": ""request_lab""}]",critical,,,,
R3E07B1840983,consensus,expected_action,a1,"[{""code_or_concept"": ""hemoglobin"", ""tool"": ""request_lab""}]",critical,,,,
R3E07B1840983,primary,expected_action,a2,"[{""code_or_concept"": ""hemolysis"", ""tool"": ""request_lab""}]",critical,,,,
R3E07B1840983,second,expected_action,a2,"[{""code_or_concept"": ""hemolysis"", ""tool"": ""request_lab""}]",critical,,,,
R3E07B1840983,consensus,expected_action,a2,"[{""code_or_concept"": ""hemolysis"", ""tool"": ""request_lab""}]",critical,,,,
R3E07B1840983,primary,expected_action,a3,"[{""code_or_concept"": ""dat"", ""tool"": ""request_lab""}]",critical,,,,
R3E07B1840983,second,expected_action,a3,"[{""code_or_concept"": ""dat"", ""tool"": ""request_lab""}]",critical,,,,
R3E07B1840983,consensus,expected_action,a3,"[{""code_or_concept"": ""dat"", ""tool"": ""request_lab""}]",critical,,,,
R3E07B1840983,primary,expected_action,a4,"[{""code_or_concept"": ""steroids"", ""tool"": ""prescribe_medication""}]",critical,,,,
R3E07B1840983,second,expected_action,a4,"[{""code_or_concept"": ""steroids"", ""tool"": ""prescribe_medication""}]",critical,,,,
R3E07B1840983,consensus,expected_action,a4,"[{""code_or_concept"": ""steroids"", ""tool"": ""prescribe_medication""}]",critical,,,,
R3E07B1840983,primary,expected_action,a5,"[{""code_or_concept"": ""transfusion"", ""tool"": ""request_procedure""}]",critical,,,,
R3E07B1840983,second,expected_action,a5,"[{""code_or_concept"": ""transfusion"", ""tool"": ""request_procedure""}]",critical,,,,
R3E07B1840983,consensus,expected_action,a5,"[{""code_or_concept"": ""transfusion"", ""tool"": ""request_procedure""}]",critical,,,,
R3E07B1840983,primary,expected_action,a6,"[{""code_or_concept"": ""ward"", ""tool"": ""disposition""}]",critical,,,,
R3E07B1840983,second,expected_action,a6,"[{""code_or_concept"": ""ward"", ""tool"": ""disposition""}]",critical,,,,
R3E07B1840983,consensus,expected_action,a6,"[{""code_or_concept"": ""ward"", ""tool"": ""disposition""}]",critical,,,,
R3E07B1840983,primary,safety,s1,Severe symptomatic anemia requires urgent assessment and transfusion strategy.,unspecified,,,,
R3E07B1840983,second,safety,s1,Severe symptomatic anemia requires urgent assessment and transfusion strategy.,unspecified,,,,
R3E07B1840983,consensus,safety,s1,Severe symptomatic anemia requires urgent assessment and transfusion strategy.,unspecified,,,,
R3E07B1840983,primary,safety,s2,Stop immune checkpoint therapy in life-threatening immune-mediated toxicity.,unspecified,,,,
R3E07B1840983,second,safety,s2,Stop immune checkpoint therapy in life-threatening immune-mediated toxicity.,unspecified,,,,
R3E07B1840983,consensus,safety,s2,Stop immune checkpoint therapy in life-threatening immune-mediated toxicity.,unspecified,,,,
R3E07B1840983,primary,safety,s3,Compatibility testing may be complicated by panreactive autoantibody.,unspecified,,,,
R3E07B1840983,second,safety,s3,Compatibility testing may be complicated by panreactive autoantibody.,unspecified,,,,
R3E07B1840983,consensus,safety,s3,Compatibility testing may be complicated by panreactive autoantibody.,unspecified,,,,
R43632E015981,primary,expected_action,a1,"[{""code_or_concept"": ""ct_chest"", ""tool"": ""request_imaging""}]",recommended,,,,
R43632E015981,second,expected_action,a1,"[{""code_or_concept"": ""ct_chest"", ""tool"": ""request_imaging""}]",recommended,,,,
R43632E015981,consensus,expected_action,a1,"[{""code_or_concept"": ""ct_chest"", ""tool"": ""request_imaging""}]",recommended,,,,
R43632E015981,primary,expected_action,a2,"[{""code_or_concept"": ""thoracentesis"", ""tool"": ""request_procedure""}]",critical,,,,
R43632E015981,second,expected_action,a2,"[{""code_or_concept"": ""thoracentesis"", ""tool"": ""request_procedure""}]",critical,,,,
R43632E015981,consensus,expected_action,a2,"[{""code_or_concept"": ""thoracentesis"", ""tool"": ""request_procedure""}]",critical,,,,
R43632E015981,primary,expected_action,a3,"[{""code_or_concept"": ""pleural_biopsy"", ""tool"": ""request_procedure""}]",recommended,,,,
R43632E015981,second,expected_action,a3,"[{""code_or_concept"": ""pleural_biopsy"", ""tool"": ""request_procedure""}]",recommended,,,,
R43632E015981,consensus,expected_action,a3,"[{""code_or_concept"": ""pleural_biopsy"", ""tool"": ""request_procedure""}]",recommended,,,,
R43632E015981,primary,expected_action,a4,"[{""code_or_concept"": ""tumor_genetics"", ""tool"": ""request_ecg_or_test""}]",recommended,,,,
R43632E015981,second,expected_action,a4,"[{""code_or_concept"": ""tumor_genetics"", ""tool"": ""request_ecg_or_test""}]",recommended,,,,
R43632E015981,consensus,expected_action,a4,"[{""code_or_concept"": ""tumor_genetics"", ""tool"": ""request_ecg_or_test""}]",recommended,,,,
R43632E015981,primary,safety,s1,Do not conclude mesothelioma from asbestos history and CT alone; obtain cytology and tissue with immunophenotyping.,unspecified,,,,
R43632E015981,second,safety,s1,Do not conclude mesothelioma from asbestos history and CT alone; obtain cytology and tissue with immunophenotyping.,unspecified,,,,
R43632E015981,consensus,safety,s1,Do not conclude mesothelioma from asbestos history and CT alone; obtain cytology and tissue with immunophenotyping.,unspecified,,,,
R43632E015981,primary,safety,s2,Account for baseline interstitial lung disease when weighing immunotherapy pneumonitis risk.,unspecified,,,,
R43632E015981,second,safety,s2,Account for baseline interstitial lung disease when weighing immunotherapy pneumonitis risk.,unspecified,,,,
R43632E015981,consensus,safety,s2,Account for baseline interstitial lung disease when weighing immunotherapy pneumonitis risk.,unspecified,,,,
RE0105F793FCF,primary,expected_action,a1,"[{""code_or_concept"": ""chest_xray"", ""tool"": ""request_imaging""}]",recommended,,,,
RE0105F793FCF,second,expected_action,a1,"[{""code_or_concept"": ""chest_xray"", ""tool"": ""request_imaging""}]",recommended,,,,
RE0105F793FCF,consensus,expected_action,a1,"[{""code_or_concept"": ""chest_xray"", ""tool"": ""request_imaging""}]",recommended,,,,
RE0105F793FCF,primary,expected_action,a2,"[{""code_or_concept"": ""thoracentesis"", ""tool"": ""request_procedure""}]",critical,,,,
RE0105F793FCF,second,expected_action,a2,"[{""code_or_concept"": ""thoracentesis"", ""tool"": ""request_procedure""}]",critical,,,,
RE0105F793FCF,consensus,expected_action,a2,"[{""code_or_concept"": ""thoracentesis"", ""tool"": ""request_procedure""}]",critical,,,,
RE0105F793FCF,primary,expected_action,a3,"[{""code_or_concept"": ""pleural_fluid"", ""tool"": ""request_lab""}]",critical,,,,
RE0105F793FCF,second,expected_action,a3,"[{""code_or_concept"": ""pleural_fluid"", ""tool"": ""request_lab""}]",critical,,,,
RE0105F793FCF,consensus,expected_action,a3,"[{""code_or_concept"": ""pleural_fluid"", ""tool"": ""request_lab""}]",critical,,,,
RE0105F793FCF,primary,expected_action,a4,"[{""code_or_concept"": ""ct_chest"", ""tool"": ""request_imaging""}]",recommended,,,,
RE0105F793FCF,second,expected_action,a4,"[{""code_or_concept"": ""ct_chest"", ""tool"": ""request_imaging""}]",recommended,,,,
RE0105F793FCF,consensus,expected_action,a4,"[{""code_or_concept"": ""ct_chest"", ""tool"": ""request_imaging""}]",recommended,,,,
RE0105F793FCF,primary,expected_action,a5,"[{""code_or_concept"": ""ebus_biopsy"", ""tool"": ""request_procedure""}]",recommended,,,,
RE0105F793FCF,second,expected_action,a5,"[{""code_or_concept"": ""ebus_biopsy"", ""tool"": ""request_procedure""}]",recommended,,,,
RE0105F793FCF,consensus,expected_action,a5,"[{""code_or_concept"": ""ebus_biopsy"", ""tool"": ""request_procedure""}]",recommended,,,,
RE0105F793FCF,primary,safety,s1,Symptomatic recurrent pleural effusion needs drainage and assessment of cause.,unspecified,,,,
RE0105F793FCF,second,safety,s1,Symptomatic recurrent pleural effusion needs drainage and assessment of cause.,unspecified,,,,
RE0105F793FCF,consensus,safety,s1,Symptomatic recurrent pleural effusion needs drainage and assessment of cause.,unspecified,,,,
RE0105F793FCF,primary,safety,s2,Negative pleural cytology does not rule out thoracic malignancy.,unspecified,,,,
RE0105F793FCF,second,safety,s2,Negative pleural cytology does not rule out thoracic malignancy.,unspecified,,,,
RE0105F793FCF,consensus,safety,s2,Negative pleural cytology does not rule out thoracic malignancy.,unspecified,,,,
RE0105F793FCF,primary,safety,s3,Long-term chyle drainage raises nutritional and immune concerns.,unspecified,,,,
RE0105F793FCF,second,safety,s3,Long-term chyle drainage raises nutritional and immune concerns.,unspecified,,,,
RE0105F793FCF,consensus,safety,s3,Long-term chyle drainage raises nutritional and immune concerns.,unspecified,,,,
R4EAEAAD55CE5,primary,expected_action,a1,"[{""code_or_concept"": ""ct_abdomen"", ""tool"": ""request_imaging""}]",critical,,,,
R4EAEAAD55CE5,second,expected_action,a1,"[{""code_or_concept"": ""ct_abdomen"", ""tool"": ""request_imaging""}]",critical,,,,
R4EAEAAD55CE5,consensus,expected_action,a1,"[{""code_or_concept"": ""ct_abdomen"", ""tool"": ""request_imaging""}]",critical,,,,
R4EAEAAD55CE5,primary,expected_action,a2,"[{""code_or_concept"": ""laparotomy"", ""tool"": ""request_procedure""}]",critical,,,,
R4EAEAAD55CE5,second,expected_action,a2,"[{""code_or_concept"": ""laparotomy"", ""tool"": ""request_procedure""}]",critical,,,,
R4EAEAAD55CE5,consensus,expected_action,a2,"[{""code_or_concept"": ""laparotomy"", ""tool"": ""request_procedure""}]",critical,,,,
R4EAEAAD55CE5,primary,expected_action,a3,"[{""code_or_concept"": ""antibiotics"", ""tool"": ""prescribe_medication""}]",critical,,,,
R4EAEAAD55CE5,second,expected_action,a3,"[{""code_or_concept"": ""antibiotics"", ""tool"": ""prescribe_medication""}]",critical,,,,
R4EAEAAD55CE5,consensus,expected_action,a3,"[{""code_or_concept"": ""antibiotics"", ""tool"": ""prescribe_medication""}]",critical,,,,
R4EAEAAD55CE5,primary,expected_action,a4,"[{""code_or_concept"": ""ICU"", ""tool"": ""disposition""}]",recommended,,,,
R4EAEAAD55CE5,second,expected_action,a4,"[{""code_or_concept"": ""ICU"", ""tool"": ""disposition""}]",recommended,,,,
R4EAEAAD55CE5,consensus,expected_action,a4,"[{""code_or_concept"": ""ICU"", ""tool"": ""disposition""}]",recommended,,,,
R4EAEAAD55CE5,primary,safety,s1,Do not delay urgent source control for microbiology.,unspecified,,,,
R4EAEAAD55CE5,second,safety,s1,Do not delay urgent source control for microbiology.,unspecified,,,,
R4EAEAAD55CE5,consensus,safety,s1,Do not delay urgent source control for microbiology.,unspecified,,,,
R4EAEAAD55CE5,primary,safety,s2,Research cfDNA result was retrospective and must not be given to the agent during acute management.,unspecified,,,,
R4EAEAAD55CE5,second,safety,s2,Research cfDNA result was retrospective and must not be given to the agent during acute management.,unspecified,,,,
R4EAEAAD55CE5,consensus,safety,s2,Research cfDNA result was retrospective and must not be given to the agent during acute management.,unspecified,,,,
RB8C0C3BC36BD,primary,expected_action,a1,"[{""code_or_concept"": ""hemoglobin"", ""tool"": ""request_lab""}]",critical,,,,
RB8C0C3BC36BD,second,expected_action,a1,"[{""code_or_concept"": ""hemoglobin"", ""tool"": ""request_lab""}]",critical,,,,
RB8C0C3BC36BD,consensus,expected_action,a1,"[{""code_or_concept"": ""hemoglobin"", ""tool"": ""request_lab""}]",critical,,,,
RB8C0C3BC36BD,primary,expected_action,a2,"[{""code_or_concept"": ""hemolysis"", ""tool"": ""request_lab""}]",critical,,,,
RB8C0C3BC36BD,second,expected_action,a2,"[{""code_or_concept"": ""hemolysis"", ""tool"": ""request_lab""}]",critical,,,,
RB8C0C3BC36BD,consensus,expected_action,a2,"[{""code_or_concept"": ""hemolysis"", ""tool"": ""request_lab""}]",critical,,,,
RB8C0C3BC36BD,primary,expected_action,a3,"[{""code_or_concept"": ""dat"", ""tool"": ""request_lab""}]",critical,,,,
RB8C0C3BC36BD,second,expected_action,a3,"[{""code_or_concept"": ""dat"", ""tool"": ""request_lab""}]",critical,,,,
RB8C0C3BC36BD,consensus,expected_action,a3,"[{""code_or_concept"": ""dat"", ""tool"": ""request_lab""}]",critical,,,,
RB8C0C3BC36BD,primary,expected_action,a4,"[{""code_or_concept"": ""steroids"", ""tool"": ""prescribe_medication""}]",critical,,,,
RB8C0C3BC36BD,second,expected_action,a4,"[{""code_or_concept"": ""steroids"", ""tool"": ""prescribe_medication""}]",critical,,,,
RB8C0C3BC36BD,consensus,expected_action,a4,"[{""code_or_concept"": ""steroids"", ""tool"": ""prescribe_medication""}]",critical,,,,
RB8C0C3BC36BD,primary,expected_action,a5,"[{""code_or_concept"": ""transfusion"", ""tool"": ""request_procedure""}]",critical,,,,
RB8C0C3BC36BD,second,expected_action,a5,"[{""code_or_concept"": ""transfusion"", ""tool"": ""request_procedure""}]",critical,,,,
RB8C0C3BC36BD,consensus,expected_action,a5,"[{""code_or_concept"": ""transfusion"", ""tool"": ""request_procedure""}]",critical,,,,
RB8C0C3BC36BD,primary,expected_action,a6,"[{""code_or_concept"": ""ward"", ""tool"": ""disposition""}]",critical,,,,
RB8C0C3BC36BD,second,expected_action,a6,"[{""code_or_concept"": ""ward"", ""tool"": ""disposition""}]",critical,,,,
RB8C0C3BC36BD,consensus,expected_action,a6,"[{""code_or_concept"": ""ward"", ""tool"": ""disposition""}]",critical,,,,
RB8C0C3BC36BD,primary,safety,s1,Severe symptomatic anemia requires urgent assessment and transfusion strategy.,unspecified,,,,
RB8C0C3BC36BD,second,safety,s1,Severe symptomatic anemia requires urgent assessment and transfusion strategy.,unspecified,,,,
RB8C0C3BC36BD,consensus,safety,s1,Severe symptomatic anemia requires urgent assessment and transfusion strategy.,unspecified,,,,
RB8C0C3BC36BD,primary,safety,s2,Stop immune checkpoint therapy in life-threatening immune-mediated toxicity.,unspecified,,,,
RB8C0C3BC36BD,second,safety,s2,Stop immune checkpoint therapy in life-threatening immune-mediated toxicity.,unspecified,,,,
RB8C0C3BC36BD,consensus,safety,s2,Stop immune checkpoint therapy in life-threatening immune-mediated toxicity.,unspecified,,,,
RB8C0C3BC36BD,primary,safety,s3,Compatibility testing may be complicated by panreactive autoantibody.,unspecified,,,,
RB8C0C3BC36BD,second,safety,s3,Compatibility testing may be complicated by panreactive autoantibody.,unspecified,,,,
RB8C0C3BC36BD,consensus,safety,s3,Compatibility testing may be complicated by panreactive autoantibody.,unspecified,,,,
R9969F3243063,primary,expected_action,a1,"[{""code_or_concept"": ""adrenal_hormones"", ""tool"": ""request_lab""}]",critical,,,,
R9969F3243063,second,expected_action,a1,"[{""code_or_concept"": ""adrenal_hormones"", ""tool"": ""request_lab""}]",critical,,,,
R9969F3243063,consensus,expected_action,a1,"[{""code_or_concept"": ""adrenal_hormones"", ""tool"": ""request_lab""}]",critical,,,,
R9969F3243063,primary,expected_action,a2,"[{""code_or_concept"": ""adrenal_ct"", ""tool"": ""request_imaging""}]",recommended,,,,
R9969F3243063,second,expected_action,a2,"[{""code_or_concept"": ""adrenal_ct"", ""tool"": ""request_imaging""}]",recommended,,,,
R9969F3243063,consensus,expected_action,a2,"[{""code_or_concept"": ""adrenal_ct"", ""tool"": ""request_imaging""}]",recommended,,,,
R9969F3243063,primary,expected_action,a3,"[{""code_or_concept"": ""adrenal_biopsy"", ""tool"": ""request_procedure""}]",optional,,,,
R9969F3243063,second,expected_action,a3,"[{""code_or_concept"": ""adrenal_biopsy"", ""tool"": ""request_procedure""}]",optional,,,,
R9969F3243063,consensus,expected_action,a3,"[{""code_or_concept"": ""adrenal_biopsy"", ""tool"": ""request_procedure""}]",optional,,,,
R9969F3243063,primary,expected_action,a4,"[{""code_or_concept"": ""adrenal_tb_pcr"", ""tool"": ""request_microbiology""}]",optional,,,,
R9969F3243063,second,expected_action,a4,"[{""code_or_concept"": ""adrenal_tb_pcr"", ""tool"": ""request_microbiology""}]",optional,,,,
R9969F3243063,consensus,expected_action,a4,"[{""code_or_concept"": ""adrenal_tb_pcr"", ""tool"": ""request_microbiology""}]",optional,,,,
R9969F3243063,primary,expected_action,a5,"[{""code_or_concept"": ""hydrocortisone"", ""tool"": ""prescribe_medication""}]",critical,,,,
R9969F3243063,second,expected_action,a5,"[{""code_or_concept"": ""hydrocortisone"", ""tool"": ""prescribe_medication""}]",critical,,,,
R9969F3243063,consensus,expected_action,a5,"[{""code_or_concept"": ""hydrocortisone"", ""tool"": ""prescribe_medication""}]",critical,,,,
R9969F3243063,primary,safety,s1,Recognize primary adrenal insufficiency and risk of adrenal crisis under stress.,unspecified,,,,
R9969F3243063,second,safety,s1,Recognize primary adrenal insufficiency and risk of adrenal crisis under stress.,unspecified,,,,
R9969F3243063,consensus,safety,s1,Recognize primary adrenal insufficiency and risk of adrenal crisis under stress.,unspecified,,,,
R9969F3243063,primary,safety,s2,Do not assume negative acid-fast stain excludes tuberculosis.,unspecified,,,,
R9969F3243063,second,safety,s2,Do not assume negative acid-fast stain excludes tuberculosis.,unspecified,,,,
R9969F3243063,consensus,safety,s2,Do not assume negative acid-fast stain excludes tuberculosis.,unspecified,,,,
R9969F3243063,primary,safety,s3,Antituberculous regimen in source is descriptive; independent guideline review is needed before rating as standard.,unspecified,,,,
R9969F3243063,second,safety,s3,Antituberculous regimen in source is descriptive; independent guideline review is needed before rating as standard.,unspecified,,,,
R9969F3243063,consensus,safety,s3,Antituberculous regimen in source is descriptive; independent guideline review is needed before rating as standard.,unspecified,,,,
R9969F3243063,primary,safety,s4,"Before adrenal biopsy, assess hormonal activity and exclude pheochromocytoma; if the source does not report this, mark unknown rather than safe by default.",unspecified,,,,
R9969F3243063,second,safety,s4,"Before adrenal biopsy, assess hormonal activity and exclude pheochromocytoma; if the source does not report this, mark unknown rather than safe by default.",unspecified,,,,
R9969F3243063,consensus,safety,s4,"Before adrenal biopsy, assess hormonal activity and exclude pheochromocytoma; if the source does not report this, mark unknown rather than safe by default.",unspecified,,,,
RD1CDB105CA38,primary,expected_action,a1,"[{""code_or_concept"": ""pregnancy_test"", ""tool"": ""request_lab""}]",critical,,,,
RD1CDB105CA38,second,expected_action,a1,"[{""code_or_concept"": ""pregnancy_test"", ""tool"": ""request_lab""}]",critical,,,,
RD1CDB105CA38,consensus,expected_action,a1,"[{""code_or_concept"": ""pregnancy_test"", ""tool"": ""request_lab""}]",critical,,,,
RD1CDB105CA38,primary,expected_action,a2,"[{""code_or_concept"": ""pelvic_ultrasound"", ""tool"": ""request_imaging""}]",critical,,,,
RD1CDB105CA38,second,expected_action,a2,"[{""code_or_concept"": ""pelvic_ultrasound"", ""tool"": ""request_imaging""}]",critical,,,,
RD1CDB105CA38,consensus,expected_action,a2,"[{""code_or_concept"": ""pelvic_ultrasound"", ""tool"": ""request_imaging""}]",critical,,,,
RD1CDB105CA38,primary,expected_action,a3,"[{""code_or_concept"": ""laparoscopy"", ""tool"": ""request_procedure""}]",critical,,,,
RD1CDB105CA38,second,expected_action,a3,"[{""code_or_concept"": ""laparoscopy"", ""tool"": ""request_procedure""}]",critical,,,,
RD1CDB105CA38,consensus,expected_action,a3,"[{""code_or_concept"": ""laparoscopy"", ""tool"": ""request_procedure""}]",critical,,,,
RD1CDB105CA38,primary,expected_action,a4,"[{""code_or_concept"": ""surgery"", ""tool"": ""disposition""}]",critical,,,,
RD1CDB105CA38,second,expected_action,a4,"[{""code_or_concept"": ""surgery"", ""tool"": ""disposition""}]",critical,,,,
RD1CDB105CA38,consensus,expected_action,a4,"[{""code_or_concept"": ""surgery"", ""tool"": ""disposition""}]",critical,,,,
RD1CDB105CA38,primary,safety,s1,Pregnancy test is essential in reproductive-age patient with abdominal pain.,unspecified,,,,
RD1CDB105CA38,second,safety,s1,Pregnancy test is essential in reproductive-age patient with abdominal pain.,unspecified,,,,
RD1CDB105CA38,consensus,safety,s1,Pregnancy test is essential in reproductive-age patient with abdominal pain.,unspecified,,,,
RD1CDB105CA38,primary,safety,s2,"No intrauterine pregnancy with hCG around 10,130 IU/L requires urgent ectopic pregnancy evaluation.",unspecified,,,,
RD1CDB105CA38,second,safety,s2,"No intrauterine pregnancy with hCG around 10,130 IU/L requires urgent ectopic pregnancy evaluation.",unspecified,,,,
RD1CDB105CA38,consensus,safety,s2,"No intrauterine pregnancy with hCG around 10,130 IU/L requires urgent ectopic pregnancy evaluation.",unspecified,,,,
RD1CDB105CA38,primary,safety,s3,Hemorrhage and vascular implantation favor surgical planning with bleeding preparedness.,unspecified,,,,
RD1CDB105CA38,second,safety,s3,Hemorrhage and vascular implantation favor surgical planning with bleeding preparedness.,unspecified,,,,
RD1CDB105CA38,consensus,safety,s3,Hemorrhage and vascular implantation favor surgical planning with bleeding preparedness.,unspecified,,,,
R984A16B98FB9,primary,expected_action,a1,"[{""code_or_concept"": ""echo"", ""tool"": ""request_ecg_or_test""}]",critical,,,,
R984A16B98FB9,second,expected_action,a1,"[{""code_or_concept"": ""echo"", ""tool"": ""request_ecg_or_test""}]",critical,,,,
R984A16B98FB9,consensus,expected_action,a1,"[{""code_or_concept"": ""echo"", ""tool"": ""request_ecg_or_test""}]",critical,,,,
R984A16B98FB9,primary,expected_action,a2,"[{""code_or_concept"": ""pericardiocentesis"", ""tool"": ""request_procedure""}]",critical,,,,
R984A16B98FB9,second,expected_action,a2,"[{""code_or_concept"": ""pericardiocentesis"", ""tool"": ""request_procedure""}]",critical,,,,
R984A16B98FB9,consensus,expected_action,a2,"[{""code_or_concept"": ""pericardiocentesis"", ""tool"": ""request_procedure""}]",critical,,,,
R984A16B98FB9,primary,expected_action,a3,"[{""code_or_concept"": ""coronary_angiography"", ""tool"": ""request_imaging""}, {""code_or_concept"": ""coronary_angiography"", ""tool"": ""request_procedure""}]",critical,,,,
R984A16B98FB9,second,expected_action,a3,"[{""code_or_concept"": ""coronary_angiography"", ""tool"": ""request_imaging""}, {""code_or_concept"": ""coronary_angiography"", ""tool"": ""request_procedure""}]",critical,,,,
R984A16B98FB9,consensus,expected_action,a3,"[{""code_or_concept"": ""coronary_angiography"", ""tool"": ""request_imaging""}, {""code_or_concept"": ""coronary_angiography"", ""tool"": ""request_procedure""}]",critical,,,,
R984A16B98FB9,primary,expected_action,a4,"[{""code_or_concept"": ""covered_stent"", ""tool"": ""request_procedure""}]",optional,,,,
R984A16B98FB9,second,expected_action,a4,"[{""code_or_concept"": ""covered_stent"", ""tool"": ""request_procedure""}]",optional,,,,
R984A16B98FB9,consensus,expected_action,a4,"[{""code_or_concept"": ""covered_stent"", ""tool"": ""request_procedure""}]",optional,,,,
R984A16B98FB9,primary,expected_action,a5,"[{""code_or_concept"": ""antibiotics"", ""tool"": ""prescribe_medication""}]",critical,,,,
R984A16B98FB9,second,expected_action,a5,"[{""code_or_concept"": ""antibiotics"", ""tool"": ""prescribe_medication""}]",critical,,,,
R984A16B98FB9,consensus,expected_action,a5,"[{""code_or_concept"": ""antibiotics"", ""tool"": ""prescribe_medication""}]",critical,,,,
R984A16B98FB9,primary,expected_action,a6,"[{""code_or_concept"": ""ICU"", ""tool"": ""disposition""}, {""code_or_concept"": ""surgery"", ""tool"": ""disposition""}]",recommended,,,,
R984A16B98FB9,second,expected_action,a6,"[{""code_or_concept"": ""ICU"", ""tool"": ""disposition""}, {""code_or_concept"": ""surgery"", ""tool"": ""disposition""}]",recommended,,,,
R984A16B98FB9,consensus,expected_action,a6,"[{""code_or_concept"": ""ICU"", ""tool"": ""disposition""}, {""code_or_concept"": ""surgery"", ""tool"": ""disposition""}]",recommended,,,,
R984A16B98FB9,primary,safety,s1,Recognize tamponade and shock; urgent drainage.,unspecified,,,,
R984A16B98FB9,second,safety,s1,Recognize tamponade and shock; urgent drainage.,unspecified,,,,
R984A16B98FB9,consensus,safety,s1,Recognize tamponade and shock; urgent drainage.,unspecified,,,,
R984A16B98FB9,primary,safety,s2,Avoid delay in coronary and structural evaluation after stabilization.,unspecified,,,,
R984A16B98FB9,second,safety,s2,Avoid delay in coronary and structural evaluation after stabilization.,unspecified,,,,
R984A16B98FB9,consensus,safety,s2,Avoid delay in coronary and structural evaluation after stabilization.,unspecified,,,,
R984A16B98FB9,primary,safety,s3,Account for active infection and dialysis in medication and procedure decisions.,unspecified,,,,
R984A16B98FB9,second,safety,s3,Account for active infection and dialysis in medication and procedure decisions.,unspecified,,,,
R984A16B98FB9,consensus,safety,s3,Account for active infection and dialysis in medication and procedure decisions.,unspecified,,,,
R3C14592ADE14,primary,expected_action,a1,"[{""code_or_concept"": ""adrenal_hormones"", ""tool"": ""request_lab""}]",critical,,,,
R3C14592ADE14,second,expected_action,a1,"[{""code_or_concept"": ""adrenal_hormones"", ""tool"": ""request_lab""}]",critical,,,,
R3C14592ADE14,consensus,expected_action,a1,"[{""code_or_concept"": ""adrenal_hormones"", ""tool"": ""request_lab""}]",critical,,,,
R3C14592ADE14,primary,expected_action,a2,"[{""code_or_concept"": ""adrenal_ct"", ""tool"": ""request_imaging""}]",recommended,,,,
R3C14592ADE14,second,expected_action,a2,"[{""code_or_concept"": ""adrenal_ct"", ""tool"": ""request_imaging""}]",recommended,,,,
R3C14592ADE14,consensus,expected_action,a2,"[{""code_or_concept"": ""adrenal_ct"", ""tool"": ""request_imaging""}]",recommended,,,,
R3C14592ADE14,primary,expected_action,a3,"[{""code_or_concept"": ""adrenal_biopsy"", ""tool"": ""request_procedure""}]",optional,,,,
R3C14592ADE14,second,expected_action,a3,"[{""code_or_concept"": ""adrenal_biopsy"", ""tool"": ""request_procedure""}]",optional,,,,
R3C14592ADE14,consensus,expected_action,a3,"[{""code_or_concept"": ""adrenal_biopsy"", ""tool"": ""request_procedure""}]",optional,,,,
R3C14592ADE14,primary,expected_action,a4,"[{""code_or_concept"": ""adrenal_tb_pcr"", ""tool"": ""request_microbiology""}]",optional,,,,
R3C14592ADE14,second,expected_action,a4,"[{""code_or_concept"": ""adrenal_tb_pcr"", ""tool"": ""request_microbiology""}]",optional,,,,
R3C14592ADE14,consensus,expected_action,a4,"[{""code_or_concept"": ""adrenal_tb_pcr"", ""tool"": ""request_microbiology""}]",optional,,,,
R3C14592ADE14,primary,expected_action,a5,"[{""code_or_concept"": ""hydrocortisone"", ""tool"": ""prescribe_medication""}]",critical,,,,
R3C14592ADE14,second,expected_action,a5,"[{""code_or_concept"": ""hydrocortisone"", ""tool"": ""prescribe_medication""}]",critical,,,,
R3C14592ADE14,consensus,expected_action,a5,"[{""code_or_concept"": ""hydrocortisone"", ""tool"": ""prescribe_medication""}]",critical,,,,
R3C14592ADE14,primary,safety,s1,Recognize primary adrenal insufficiency and risk of adrenal crisis under stress.,unspecified,,,,
R3C14592ADE14,second,safety,s1,Recognize primary adrenal insufficiency and risk of adrenal crisis under stress.,unspecified,,,,
R3C14592ADE14,consensus,safety,s1,Recognize primary adrenal insufficiency and risk of adrenal crisis under stress.,unspecified,,,,
R3C14592ADE14,primary,safety,s2,Do not assume negative acid-fast stain excludes tuberculosis.,unspecified,,,,
R3C14592ADE14,second,safety,s2,Do not assume negative acid-fast stain excludes tuberculosis.,unspecified,,,,
R3C14592ADE14,consensus,safety,s2,Do not assume negative acid-fast stain excludes tuberculosis.,unspecified,,,,
R3C14592ADE14,primary,safety,s3,Antituberculous regimen in source is descriptive; independent guideline review is needed before rating as standard.,unspecified,,,,
R3C14592ADE14,second,safety,s3,Antituberculous regimen in source is descriptive; independent guideline review is needed before rating as standard.,unspecified,,,,
R3C14592ADE14,consensus,safety,s3,Antituberculous regimen in source is descriptive; independent guideline review is needed before rating as standard.,unspecified,,,,
R3C14592ADE14,primary,safety,s4,"Before adrenal biopsy, assess hormonal activity and exclude pheochromocytoma; if the source does not report this, mark unknown rather than safe by default.",unspecified,,,,
R3C14592ADE14,second,safety,s4,"Before adrenal biopsy, assess hormonal activity and exclude pheochromocytoma; if the source does not report this, mark unknown rather than safe by default.",unspecified,,,,
R3C14592ADE14,consensus,safety,s4,"Before adrenal biopsy, assess hormonal activity and exclude pheochromocytoma; if the source does not report this, mark unknown rather than safe by default.",unspecified,,,,
R6CED380EB166,primary,expected_action,a1,"[{""code_or_concept"": ""ct_abdomen"", ""tool"": ""request_imaging""}]",critical,,,,
R6CED380EB166,second,expected_action,a1,"[{""code_or_concept"": ""ct_abdomen"", ""tool"": ""request_imaging""}]",critical,,,,
R6CED380EB166,consensus,expected_action,a1,"[{""code_or_concept"": ""ct_abdomen"", ""tool"": ""request_imaging""}]",critical,,,,
R6CED380EB166,primary,expected_action,a2,"[{""code_or_concept"": ""laparotomy"", ""tool"": ""request_procedure""}, {""code_or_concept"": ""laparoscopy"", ""tool"": ""request_procedure""}]",critical,,,,
R6CED380EB166,second,expected_action,a2,"[{""code_or_concept"": ""laparotomy"", ""tool"": ""request_procedure""}, {""code_or_concept"": ""laparoscopy"", ""tool"": ""request_procedure""}]",critical,,,,
R6CED380EB166,consensus,expected_action,a2,"[{""code_or_concept"": ""laparotomy"", ""tool"": ""request_procedure""}, {""code_or_concept"": ""laparoscopy"", ""tool"": ""request_procedure""}]",critical,,,,
R6CED380EB166,primary,expected_action,a3,"[{""code_or_concept"": ""surgery"", ""tool"": ""disposition""}, {""code_or_concept"": ""ICU"", ""tool"": ""disposition""}]",critical,,,,
R6CED380EB166,second,expected_action,a3,"[{""code_or_concept"": ""surgery"", ""tool"": ""disposition""}, {""code_or_concept"": ""ICU"", ""tool"": ""disposition""}]",critical,,,,
R6CED380EB166,consensus,expected_action,a3,"[{""code_or_concept"": ""surgery"", ""tool"": ""disposition""}, {""code_or_concept"": ""ICU"", ""tool"": ""disposition""}]",critical,,,,
R6CED380EB166,primary,safety,s1,Peritoneal signs and obstruction demand urgent surgical assessment.,unspecified,,,,
R6CED380EB166,second,safety,s1,Peritoneal signs and obstruction demand urgent surgical assessment.,unspecified,,,,
R6CED380EB166,consensus,safety,s1,Peritoneal signs and obstruction demand urgent surgical assessment.,unspecified,,,,
R6CED380EB166,primary,safety,s2,Prior biliary stent history materially changes interpretation of linear CT foreign body.,unspecified,,,,
R6CED380EB166,second,safety,s2,Prior biliary stent history materially changes interpretation of linear CT foreign body.,unspecified,,,,
R6CED380EB166,consensus,safety,s2,Prior biliary stent history materially changes interpretation of linear CT foreign body.,unspecified,,,,
R6CED380EB166,primary,safety,s3,Consider anticoagulation and COPD risk during perioperative planning; source does not specify drug regimen.,unspecified,,,,
R6CED380EB166,second,safety,s3,Consider anticoagulation and COPD risk during perioperative planning; source does not specify drug regimen.,unspecified,,,,
R6CED380EB166,consensus,safety,s3,Consider anticoagulation and COPD risk during perioperative planning; source does not specify drug regimen.,unspecified,,,,
RC36106E499D4,primary,expected_action,a1,"[{""code_or_concept"": ""ct_abdomen"", ""tool"": ""request_imaging""}]",critical,,,,
RC36106E499D4,second,expected_action,a1,"[{""code_or_concept"": ""ct_abdomen"", ""tool"": ""request_imaging""}]",critical,,,,
RC36106E499D4,consensus,expected_action,a1,"[{""code_or_concept"": ""ct_abdomen"", ""tool"": ""request_imaging""}]",critical,,,,
RC36106E499D4,primary,expected_action,a2,"[{""code_or_concept"": ""laparotomy"", ""tool"": ""request_procedure""}, {""code_or_concept"": ""laparoscopy"", ""tool"": ""request_procedure""}]",critical,,,,
RC36106E499D4,second,expected_action,a2,"[{""code_or_concept"": ""laparotomy"", ""tool"": ""request_procedure""}, {""code_or_concept"": ""laparoscopy"", ""tool"": ""request_procedure""}]",critical,,,,
RC36106E499D4,consensus,expected_action,a2,"[{""code_or_concept"": ""laparotomy"", ""tool"": ""request_procedure""}, {""code_or_concept"": ""laparoscopy"", ""tool"": ""request_procedure""}]",critical,,,,
RC36106E499D4,primary,expected_action,a3,"[{""code_or_concept"": ""surgery"", ""tool"": ""disposition""}, {""code_or_concept"": ""ICU"", ""tool"": ""disposition""}]",critical,,,,
RC36106E499D4,second,expected_action,a3,"[{""code_or_concept"": ""surgery"", ""tool"": ""disposition""}, {""code_or_concept"": ""ICU"", ""tool"": ""disposition""}]",critical,,,,
RC36106E499D4,consensus,expected_action,a3,"[{""code_or_concept"": ""surgery"", ""tool"": ""disposition""}, {""code_or_concept"": ""ICU"", ""tool"": ""disposition""}]",critical,,,,
RC36106E499D4,primary,safety,s1,Peritoneal signs and obstruction demand urgent surgical assessment.,unspecified,,,,
RC36106E499D4,second,safety,s1,Peritoneal signs and obstruction demand urgent surgical assessment.,unspecified,,,,
RC36106E499D4,consensus,safety,s1,Peritoneal signs and obstruction demand urgent surgical assessment.,unspecified,,,,
RC36106E499D4,primary,safety,s2,Prior biliary stent history materially changes interpretation of linear CT foreign body.,unspecified,,,,
RC36106E499D4,second,safety,s2,Prior biliary stent history materially changes interpretation of linear CT foreign body.,unspecified,,,,
RC36106E499D4,consensus,safety,s2,Prior biliary stent history materially changes interpretation of linear CT foreign body.,unspecified,,,,
RC36106E499D4,primary,safety,s3,Consider anticoagulation and COPD risk during perioperative planning; source does not specify drug regimen.,unspecified,,,,
RC36106E499D4,second,safety,s3,Consider anticoagulation and COPD risk during perioperative planning; source does not specify drug regimen.,unspecified,,,,
RC36106E499D4,consensus,safety,s3,Consider anticoagulation and COPD risk during perioperative planning; source does not specify drug regimen.,unspecified,,,,
RB20EB983F31A,primary,expected_action,a1,"[{""code_or_concept"": ""neurologic"", ""tool"": ""request_physical_exam""}]",critical,,,,
RB20EB983F31A,second,expected_action,a1,"[{""code_or_concept"": ""neurologic"", ""tool"": ""request_physical_exam""}]",critical,,,,
RB20EB983F31A,consensus,expected_action,a1,"[{""code_or_concept"": ""neurologic"", ""tool"": ""request_physical_exam""}]",critical,,,,
RB20EB983F31A,primary,expected_action,a2,"[{""code_or_concept"": ""spine_mri"", ""tool"": ""request_imaging""}]",critical,,,,
RB20EB983F31A,second,expected_action,a2,"[{""code_or_concept"": ""spine_mri"", ""tool"": ""request_imaging""}]",critical,,,,
RB20EB983F31A,consensus,expected_action,a2,"[{""code_or_concept"": ""spine_mri"", ""tool"": ""request_imaging""}]",critical,,,,
RB20EB983F31A,primary,expected_action,a3,"[{""code_or_concept"": ""hematoma_evacuation"", ""tool"": ""request_procedure""}]",critical,,,,
RB20EB983F31A,second,expected_action,a3,"[{""code_or_concept"": ""hematoma_evacuation"", ""tool"": ""request_procedure""}]",critical,,,,
RB20EB983F31A,consensus,expected_action,a3,"[{""code_or_concept"": ""hematoma_evacuation"", ""tool"": ""request_procedure""}]",critical,,,,
RB20EB983F31A,primary,expected_action,a4,"[{""code_or_concept"": ""surgery"", ""tool"": ""disposition""}]",critical,,,,
RB20EB983F31A,second,expected_action,a4,"[{""code_or_concept"": ""surgery"", ""tool"": ""disposition""}]",critical,,,,
RB20EB983F31A,consensus,expected_action,a4,"[{""code_or_concept"": ""surgery"", ""tool"": ""disposition""}]",critical,,,,
RB20EB983F31A,primary,safety,s1,Treat evolving paraplegia and sphincter dysfunction as spinal emergency.,unspecified,,,,
RB20EB983F31A,second,safety,s1,Treat evolving paraplegia and sphincter dysfunction as spinal emergency.,unspecified,,,,
RB20EB983F31A,consensus,safety,s1,Treat evolving paraplegia and sphincter dysfunction as spinal emergency.,unspecified,,,,
RB20EB983F31A,primary,safety,s2,Urgent spine MRI and neurosurgical consultation.,unspecified,,,,
RB20EB983F31A,second,safety,s2,Urgent spine MRI and neurosurgical consultation.,unspecified,,,,
RB20EB983F31A,consensus,safety,s2,Urgent spine MRI and neurosurgical consultation.,unspecified,,,,
RB20EB983F31A,primary,safety,s3,Avoid empiric thrombolysis for presumed stroke without localization; anticoagulation may worsen hematoma.,unspecified,,,,
RB20EB983F31A,second,safety,s3,Avoid empiric thrombolysis for presumed stroke without localization; anticoagulation may worsen hematoma.,unspecified,,,,
RB20EB983F31A,consensus,safety,s3,Avoid empiric thrombolysis for presumed stroke without localization; anticoagulation may worsen hematoma.,unspecified,,,,
RF96B9CA532C4,primary,expected_action,a1,"[{""code_or_concept"": ""chest_xray"", ""tool"": ""request_imaging""}]",recommended,,,,
RF96B9CA532C4,second,expected_action,a1,"[{""code_or_concept"": ""chest_xray"", ""tool"": ""request_imaging""}]",recommended,,,,
RF96B9CA532C4,consensus,expected_action,a1,"[{""code_or_concept"": ""chest_xray"", ""tool"": ""request_imaging""}]",recommended,,,,
RF96B9CA532C4,primary,expected_action,a2,"[{""code_or_concept"": ""thoracentesis"", ""tool"": ""request_procedure""}]",critical,,,,
RF96B9CA532C4,second,expected_action,a2,"[{""code_or_concept"": ""thoracentesis"", ""tool"": ""request_procedure""}]",critical,,,,
RF96B9CA532C4,consensus,expected_action,a2,"[{""code_or_concept"": ""thoracentesis"", ""tool"": ""request_procedure""}]",critical,,,,
RF96B9CA532C4,primary,expected_action,a3,"[{""code_or_concept"": ""pleural_fluid"", ""tool"": ""request_lab""}]",critical,,,,
RF96B9CA532C4,second,expected_action,a3,"[{""code_or_concept"": ""pleural_fluid"", ""tool"": ""request_lab""}]",critical,,,,
RF96B9CA532C4,consensus,expected_action,a3,"[{""code_or_concept"": ""pleural_fluid"", ""tool"": ""request_lab""}]",critical,,,,
RF96B9CA532C4,primary,expected_action,a4,"[{""code_or_concept"": ""ct_chest"", ""tool"": ""request_imaging""}]",recommended,,,,
RF96B9CA532C4,second,expected_action,a4,"[{""code_or_concept"": ""ct_chest"", ""tool"": ""request_imaging""}]",recommended,,,,
RF96B9CA532C4,consensus,expected_action,a4,"[{""code_or_concept"": ""ct_chest"", ""tool"": ""request_imaging""}]",recommended,,,,
RF96B9CA532C4,primary,expected_action,a5,"[{""code_or_concept"": ""ebus_biopsy"", ""tool"": ""request_procedure""}]",recommended,,,,
RF96B9CA532C4,second,expected_action,a5,"[{""code_or_concept"": ""ebus_biopsy"", ""tool"": ""request_procedure""}]",recommended,,,,
RF96B9CA532C4,consensus,expected_action,a5,"[{""code_or_concept"": ""ebus_biopsy"", ""tool"": ""request_procedure""}]",recommended,,,,
RF96B9CA532C4,primary,safety,s1,Symptomatic recurrent pleural effusion needs drainage and assessment of cause.,unspecified,,,,
RF96B9CA532C4,second,safety,s1,Symptomatic recurrent pleural effusion needs drainage and assessment of cause.,unspecified,,,,
RF96B9CA532C4,consensus,safety,s1,Symptomatic recurrent pleural effusion needs drainage and assessment of cause.,unspecified,,,,
RF96B9CA532C4,primary,safety,s2,Negative pleural cytology does not rule out thoracic malignancy.,unspecified,,,,
RF96B9CA532C4,second,safety,s2,Negative pleural cytology does not rule out thoracic malignancy.,unspecified,,,,
RF96B9CA532C4,consensus,safety,s2,Negative pleural cytology does not rule out thoracic malignancy.,unspecified,,,,
RF96B9CA532C4,primary,safety,s3,Long-term chyle drainage raises nutritional and immune concerns.,unspecified,,,,
RF96B9CA532C4,second,safety,s3,Long-term chyle drainage raises nutritional and immune concerns.,unspecified,,,,
RF96B9CA532C4,consensus,safety,s3,Long-term chyle drainage raises nutritional and immune concerns.,unspecified,,,,
R406D73E6D039,primary,expected_action,a1,"[{""code_or_concept"": ""ct_abdomen"", ""tool"": ""request_imaging""}]",critical,,,,
R406D73E6D039,second,expected_action,a1,"[{""code_or_concept"": ""ct_abdomen"", ""tool"": ""request_imaging""}]",critical,,,,
R406D73E6D039,consensus,expected_action,a1,"[{""code_or_concept"": ""ct_abdomen"", ""tool"": ""request_imaging""}]",critical,,,,
R406D73E6D039,primary,expected_action,a2,"[{""code_or_concept"": ""laparotomy"", ""tool"": ""request_procedure""}]",critical,,,,
R406D73E6D039,second,expected_action,a2,"[{""code_or_concept"": ""laparotomy"", ""tool"": ""request_procedure""}]",critical,,,,
R406D73E6D039,consensus,expected_action,a2,"[{""code_or_concept"": ""laparotomy"", ""tool"": ""request_procedure""}]",critical,,,,
R406D73E6D039,primary,expected_action,a3,"[{""code_or_concept"": ""antibiotics"", ""tool"": ""prescribe_medication""}]",critical,,,,
R406D73E6D039,second,expected_action,a3,"[{""code_or_concept"": ""antibiotics"", ""tool"": ""prescribe_medication""}]",critical,,,,
R406D73E6D039,consensus,expected_action,a3,"[{""code_or_concept"": ""antibiotics"", ""tool"": ""prescribe_medication""}]",critical,,,,
R406D73E6D039,primary,expected_action,a4,"[{""code_or_concept"": ""ICU"", ""tool"": ""disposition""}]",recommended,,,,
R406D73E6D039,second,expected_action,a4,"[{""code_or_concept"": ""ICU"", ""tool"": ""disposition""}]",recommended,,,,
R406D73E6D039,consensus,expected_action,a4,"[{""code_or_concept"": ""ICU"", ""tool"": ""disposition""}]",recommended,,,,
R406D73E6D039,primary,safety,s1,Do not delay urgent source control for microbiology.,unspecified,,,,
R406D73E6D039,second,safety,s1,Do not delay urgent source control for microbiology.,unspecified,,,,
R406D73E6D039,consensus,safety,s1,Do not delay urgent source control for microbiology.,unspecified,,,,
R406D73E6D039,primary,safety,s2,Research cfDNA result was retrospective and must not be given to the agent during acute management.,unspecified,,,,
R406D73E6D039,second,safety,s2,Research cfDNA result was retrospective and must not be given to the agent during acute management.,unspecified,,,,
R406D73E6D039,consensus,safety,s2,Research cfDNA result was retrospective and must not be given to the agent during acute management.,unspecified,,,,
R81E8A0C74827,primary,expected_action,a1,"[{""code_or_concept"": ""ct_chest"", ""tool"": ""request_imaging""}]",recommended,,,,
R81E8A0C74827,second,expected_action,a1,"[{""code_or_concept"": ""ct_chest"", ""tool"": ""request_imaging""}]",recommended,,,,
R81E8A0C74827,consensus,expected_action,a1,"[{""code_or_concept"": ""ct_chest"", ""tool"": ""request_imaging""}]",recommended,,,,
R81E8A0C74827,primary,expected_action,a2,"[{""code_or_concept"": ""thoracentesis"", ""tool"": ""request_procedure""}]",critical,,,,
R81E8A0C74827,second,expected_action,a2,"[{""code_or_concept"": ""thoracentesis"", ""tool"": ""request_procedure""}]",critical,,,,
R81E8A0C74827,consensus,expected_action,a2,"[{""code_or_concept"": ""thoracentesis"", ""tool"": ""request_procedure""}]",critical,,,,
R81E8A0C74827,primary,expected_action,a3,"[{""code_or_concept"": ""pleural_biopsy"", ""tool"": ""request_procedure""}]",recommended,,,,
R81E8A0C74827,second,expected_action,a3,"[{""code_or_concept"": ""pleural_biopsy"", ""tool"": ""request_procedure""}]",recommended,,,,
R81E8A0C74827,consensus,expected_action,a3,"[{""code_or_concept"": ""pleural_biopsy"", ""tool"": ""request_procedure""}]",recommended,,,,
R81E8A0C74827,primary,expected_action,a4,"[{""code_or_concept"": ""tumor_genetics"", ""tool"": ""request_ecg_or_test""}]",recommended,,,,
R81E8A0C74827,second,expected_action,a4,"[{""code_or_concept"": ""tumor_genetics"", ""tool"": ""request_ecg_or_test""}]",recommended,,,,
R81E8A0C74827,consensus,expected_action,a4,"[{""code_or_concept"": ""tumor_genetics"", ""tool"": ""request_ecg_or_test""}]",recommended,,,,
R81E8A0C74827,primary,safety,s1,Do not conclude mesothelioma from asbestos history and CT alone; obtain cytology and tissue with immunophenotyping.,unspecified,,,,
R81E8A0C74827,second,safety,s1,Do not conclude mesothelioma from asbestos history and CT alone; obtain cytology and tissue with immunophenotyping.,unspecified,,,,
R81E8A0C74827,consensus,safety,s1,Do not conclude mesothelioma from asbestos history and CT alone; obtain cytology and tissue with immunophenotyping.,unspecified,,,,
R81E8A0C74827,primary,safety,s2,Account for baseline interstitial lung disease when weighing immunotherapy pneumonitis risk.,unspecified,,,,
R81E8A0C74827,second,safety,s2,Account for baseline interstitial lung disease when weighing immunotherapy pneumonitis risk.,unspecified,,,,
R81E8A0C74827,consensus,safety,s2,Account for baseline interstitial lung disease when weighing immunotherapy pneumonitis risk.,unspecified,,,,
RE8CE7D0917D6,primary,expected_action,a1,"[{""code_or_concept"": ""chest_xray"", ""tool"": ""request_imaging""}]",recommended,,,,
RE8CE7D0917D6,second,expected_action,a1,"[{""code_or_concept"": ""chest_xray"", ""tool"": ""request_imaging""}]",recommended,,,,
RE8CE7D0917D6,consensus,expected_action,a1,"[{""code_or_concept"": ""chest_xray"", ""tool"": ""request_imaging""}]",recommended,,,,
RE8CE7D0917D6,primary,expected_action,a2,"[{""code_or_concept"": ""thoracentesis"", ""tool"": ""request_procedure""}]",critical,,,,
RE8CE7D0917D6,second,expected_action,a2,"[{""code_or_concept"": ""thoracentesis"", ""tool"": ""request_procedure""}]",critical,,,,
RE8CE7D0917D6,consensus,expected_action,a2,"[{""code_or_concept"": ""thoracentesis"", ""tool"": ""request_procedure""}]",critical,,,,
RE8CE7D0917D6,primary,expected_action,a3,"[{""code_or_concept"": ""pleural_fluid"", ""tool"": ""request_lab""}]",critical,,,,
RE8CE7D0917D6,second,expected_action,a3,"[{""code_or_concept"": ""pleural_fluid"", ""tool"": ""request_lab""}]",critical,,,,
RE8CE7D0917D6,consensus,expected_action,a3,"[{""code_or_concept"": ""pleural_fluid"", ""tool"": ""request_lab""}]",critical,,,,
RE8CE7D0917D6,primary,expected_action,a4,"[{""code_or_concept"": ""ct_chest"", ""tool"": ""request_imaging""}]",recommended,,,,
RE8CE7D0917D6,second,expected_action,a4,"[{""code_or_concept"": ""ct_chest"", ""tool"": ""request_imaging""}]",recommended,,,,
RE8CE7D0917D6,consensus,expected_action,a4,"[{""code_or_concept"": ""ct_chest"", ""tool"": ""request_imaging""}]",recommended,,,,
RE8CE7D0917D6,primary,expected_action,a5,"[{""code_or_concept"": ""ebus_biopsy"", ""tool"": ""request_procedure""}]",recommended,,,,
RE8CE7D0917D6,second,expected_action,a5,"[{""code_or_concept"": ""ebus_biopsy"", ""tool"": ""request_procedure""}]",recommended,,,,
RE8CE7D0917D6,consensus,expected_action,a5,"[{""code_or_concept"": ""ebus_biopsy"", ""tool"": ""request_procedure""}]",recommended,,,,
RE8CE7D0917D6,primary,safety,s1,Symptomatic recurrent pleural effusion needs drainage and assessment of cause.,unspecified,,,,
RE8CE7D0917D6,second,safety,s1,Symptomatic recurrent pleural effusion needs drainage and assessment of cause.,unspecified,,,,
RE8CE7D0917D6,consensus,safety,s1,Symptomatic recurrent pleural effusion needs drainage and assessment of cause.,unspecified,,,,
RE8CE7D0917D6,primary,safety,s2,Negative pleural cytology does not rule out thoracic malignancy.,unspecified,,,,
RE8CE7D0917D6,second,safety,s2,Negative pleural cytology does not rule out thoracic malignancy.,unspecified,,,,
RE8CE7D0917D6,consensus,safety,s2,Negative pleural cytology does not rule out thoracic malignancy.,unspecified,,,,
RE8CE7D0917D6,primary,safety,s3,Long-term chyle drainage raises nutritional and immune concerns.,unspecified,,,,
RE8CE7D0917D6,second,safety,s3,Long-term chyle drainage raises nutritional and immune concerns.,unspecified,,,,
RE8CE7D0917D6,consensus,safety,s3,Long-term chyle drainage raises nutritional and immune concerns.,unspecified,,,,
R57BD9CAF1CD7,primary,expected_action,a1,"[{""code_or_concept"": ""ct_abdomen"", ""tool"": ""request_imaging""}]",critical,,,,
R57BD9CAF1CD7,second,expected_action,a1,"[{""code_or_concept"": ""ct_abdomen"", ""tool"": ""request_imaging""}]",critical,,,,
R57BD9CAF1CD7,consensus,expected_action,a1,"[{""code_or_concept"": ""ct_abdomen"", ""tool"": ""request_imaging""}]",critical,,,,
R57BD9CAF1CD7,primary,expected_action,a2,"[{""code_or_concept"": ""laparotomy"", ""tool"": ""request_procedure""}, {""code_or_concept"": ""laparoscopy"", ""tool"": ""request_procedure""}]",critical,,,,
R57BD9CAF1CD7,second,expected_action,a2,"[{""code_or_concept"": ""laparotomy"", ""tool"": ""request_procedure""}, {""code_or_concept"": ""laparoscopy"", ""tool"": ""request_procedure""}]",critical,,,,
R57BD9CAF1CD7,consensus,expected_action,a2,"[{""code_or_concept"": ""laparotomy"", ""tool"": ""request_procedure""}, {""code_or_concept"": ""laparoscopy"", ""tool"": ""request_procedure""}]",critical,,,,
R57BD9CAF1CD7,primary,expected_action,a3,"[{""code_or_concept"": ""surgery"", ""tool"": ""disposition""}, {""code_or_concept"": ""ICU"", ""tool"": ""disposition""}]",critical,,,,
R57BD9CAF1CD7,second,expected_action,a3,"[{""code_or_concept"": ""surgery"", ""tool"": ""disposition""}, {""code_or_concept"": ""ICU"", ""tool"": ""disposition""}]",critical,,,,
R57BD9CAF1CD7,consensus,expected_action,a3,"[{""code_or_concept"": ""surgery"", ""tool"": ""disposition""}, {""code_or_concept"": ""ICU"", ""tool"": ""disposition""}]",critical,,,,
R57BD9CAF1CD7,primary,safety,s1,Peritoneal signs and obstruction demand urgent surgical assessment.,unspecified,,,,
R57BD9CAF1CD7,second,safety,s1,Peritoneal signs and obstruction demand urgent surgical assessment.,unspecified,,,,
R57BD9CAF1CD7,consensus,safety,s1,Peritoneal signs and obstruction demand urgent surgical assessment.,unspecified,,,,
R57BD9CAF1CD7,primary,safety,s2,Prior biliary stent history materially changes interpretation of linear CT foreign body.,unspecified,,,,
R57BD9CAF1CD7,second,safety,s2,Prior biliary stent history materially changes interpretation of linear CT foreign body.,unspecified,,,,
R57BD9CAF1CD7,consensus,safety,s2,Prior biliary stent history materially changes interpretation of linear CT foreign body.,unspecified,,,,
R57BD9CAF1CD7,primary,safety,s3,Consider anticoagulation and COPD risk during perioperative planning; source does not specify drug regimen.,unspecified,,,,
R57BD9CAF1CD7,second,safety,s3,Consider anticoagulation and COPD risk during perioperative planning; source does not specify drug regimen.,unspecified,,,,
R57BD9CAF1CD7,consensus,safety,s3,Consider anticoagulation and COPD risk during perioperative planning; source does not specify drug regimen.,unspecified,,,,
R8DF5E7ECD25E,primary,expected_action,a1,"[{""code_or_concept"": ""hemoglobin"", ""tool"": ""request_lab""}]",critical,,,,
R8DF5E7ECD25E,second,expected_action,a1,"[{""code_or_concept"": ""hemoglobin"", ""tool"": ""request_lab""}]",critical,,,,
R8DF5E7ECD25E,consensus,expected_action,a1,"[{""code_or_concept"": ""hemoglobin"", ""tool"": ""request_lab""}]",critical,,,,
R8DF5E7ECD25E,primary,expected_action,a2,"[{""code_or_concept"": ""hemolysis"", ""tool"": ""request_lab""}]",critical,,,,
R8DF5E7ECD25E,second,expected_action,a2,"[{""code_or_concept"": ""hemolysis"", ""tool"": ""request_lab""}]",critical,,,,
R8DF5E7ECD25E,consensus,expected_action,a2,"[{""code_or_concept"": ""hemolysis"", ""tool"": ""request_lab""}]",critical,,,,
R8DF5E7ECD25E,primary,expected_action,a3,"[{""code_or_concept"": ""dat"", ""tool"": ""request_lab""}]",critical,,,,
R8DF5E7ECD25E,second,expected_action,a3,"[{""code_or_concept"": ""dat"", ""tool"": ""request_lab""}]",critical,,,,
R8DF5E7ECD25E,consensus,expected_action,a3,"[{""code_or_concept"": ""dat"", ""tool"": ""request_lab""}]",critical,,,,
R8DF5E7ECD25E,primary,expected_action,a4,"[{""code_or_concept"": ""steroids"", ""tool"": ""prescribe_medication""}]",critical,,,,
R8DF5E7ECD25E,second,expected_action,a4,"[{""code_or_concept"": ""steroids"", ""tool"": ""prescribe_medication""}]",critical,,,,
R8DF5E7ECD25E,consensus,expected_action,a4,"[{""code_or_concept"": ""steroids"", ""tool"": ""prescribe_medication""}]",critical,,,,
R8DF5E7ECD25E,primary,expected_action,a5,"[{""code_or_concept"": ""transfusion"", ""tool"": ""request_procedure""}]",critical,,,,
R8DF5E7ECD25E,second,expected_action,a5,"[{""code_or_concept"": ""transfusion"", ""tool"": ""request_procedure""}]",critical,,,,
R8DF5E7ECD25E,consensus,expected_action,a5,"[{""code_or_concept"": ""transfusion"", ""tool"": ""request_procedure""}]",critical,,,,
R8DF5E7ECD25E,primary,expected_action,a6,"[{""code_or_concept"": ""ward"", ""tool"": ""disposition""}]",critical,,,,
R8DF5E7ECD25E,second,expected_action,a6,"[{""code_or_concept"": ""ward"", ""tool"": ""disposition""}]",critical,,,,
R8DF5E7ECD25E,consensus,expected_action,a6,"[{""code_or_concept"": ""ward"", ""tool"": ""disposition""}]",critical,,,,
R8DF5E7ECD25E,primary,safety,s1,Severe symptomatic anemia requires urgent assessment and transfusion strategy.,unspecified,,,,
R8DF5E7ECD25E,second,safety,s1,Severe symptomatic anemia requires urgent assessment and transfusion strategy.,unspecified,,,,
R8DF5E7ECD25E,consensus,safety,s1,Severe symptomatic anemia requires urgent assessment and transfusion strategy.,unspecified,,,,
R8DF5E7ECD25E,primary,safety,s2,Stop immune checkpoint therapy in life-threatening immune-mediated toxicity.,unspecified,,,,
R8DF5E7ECD25E,second,safety,s2,Stop immune checkpoint therapy in life-threatening immune-mediated toxicity.,unspecified,,,,
R8DF5E7ECD25E,consensus,safety,s2,Stop immune checkpoint therapy in life-threatening immune-mediated toxicity.,unspecified,,,,
R8DF5E7ECD25E,primary,safety,s3,Compatibility testing may be complicated by panreactive autoantibody.,unspecified,,,,
R8DF5E7ECD25E,second,safety,s3,Compatibility testing may be complicated by panreactive autoantibody.,unspecified,,,,
R8DF5E7ECD25E,consensus,safety,s3,Compatibility testing may be complicated by panreactive autoantibody.,unspecified,,,,
R877617129D64,primary,expected_action,a1,"[{""code_or_concept"": ""ecg"", ""tool"": ""request_ecg_or_test""}]",critical,,,,
R877617129D64,second,expected_action,a1,"[{""code_or_concept"": ""ecg"", ""tool"": ""request_ecg_or_test""}]",critical,,,,
R877617129D64,consensus,expected_action,a1,"[{""code_or_concept"": ""ecg"", ""tool"": ""request_ecg_or_test""}]",critical,,,,
R877617129D64,primary,expected_action,a2,"[{""code_or_concept"": ""echo"", ""tool"": ""request_ecg_or_test""}]",critical,,,,
R877617129D64,second,expected_action,a2,"[{""code_or_concept"": ""echo"", ""tool"": ""request_ecg_or_test""}]",critical,,,,
R877617129D64,consensus,expected_action,a2,"[{""code_or_concept"": ""echo"", ""tool"": ""request_ecg_or_test""}]",critical,,,,
R877617129D64,primary,expected_action,a3,"[{""code_or_concept"": ""ctpa"", ""tool"": ""request_imaging""}]",recommended,,,,
R877617129D64,second,expected_action,a3,"[{""code_or_concept"": ""ctpa"", ""tool"": ""request_imaging""}]",recommended,,,,
R877617129D64,consensus,expected_action,a3,"[{""code_or_concept"": ""ctpa"", ""tool"": ""request_imaging""}]",recommended,,,,
R877617129D64,primary,expected_action,a4,"[{""code_or_concept"": ""cardiac_mri"", ""tool"": ""request_imaging""}]",recommended,,,,
R877617129D64,second,expected_action,a4,"[{""code_or_concept"": ""cardiac_mri"", ""tool"": ""request_imaging""}]",recommended,,,,
R877617129D64,consensus,expected_action,a4,"[{""code_or_concept"": ""cardiac_mri"", ""tool"": ""request_imaging""}]",recommended,,,,
R877617129D64,primary,expected_action,a5,"[{""code_or_concept"": ""pacemaker"", ""tool"": ""request_procedure""}]",critical,,,,
R877617129D64,second,expected_action,a5,"[{""code_or_concept"": ""pacemaker"", ""tool"": ""request_procedure""}]",critical,,,,
R877617129D64,consensus,expected_action,a5,"[{""code_or_concept"": ""pacemaker"", ""tool"": ""request_procedure""}]",critical,,,,
R877617129D64,primary,expected_action,a6,"[{""code_or_concept"": ""ward"", ""tool"": ""disposition""}]",recommended,,,,
R877617129D64,second,expected_action,a6,"[{""code_or_concept"": ""ward"", ""tool"": ""disposition""}]",recommended,,,,
R877617129D64,consensus,expected_action,a6,"[{""code_or_concept"": ""ward"", ""tool"": ""disposition""}]",recommended,,,,
R877617129D64,primary,safety,s1,Symptomatic bradycardia and AV block need prompt stabilization and pacing assessment.,unspecified,,,,
R877617129D64,second,safety,s1,Symptomatic bradycardia and AV block need prompt stabilization and pacing assessment.,unspecified,,,,
R877617129D64,consensus,safety,s1,Symptomatic bradycardia and AV block need prompt stabilization and pacing assessment.,unspecified,,,,
R877617129D64,primary,safety,s2,Do not diagnose PE solely from elevated D-dimer.,unspecified,,,,
R877617129D64,second,safety,s2,Do not diagnose PE solely from elevated D-dimer.,unspecified,,,,
R877617129D64,consensus,safety,s2,Do not diagnose PE solely from elevated D-dimer.,unspecified,,,,
R877617129D64,primary,safety,s3,Anticoagulation decision with atrial standstill requires explicit individualized assessment.,unspecified,,,,
R877617129D64,second,safety,s3,Anticoagulation decision with atrial standstill requires explicit individualized assessment.,unspecified,,,,
R877617129D64,consensus,safety,s3,Anticoagulation decision with atrial standstill requires explicit individualized assessment.,unspecified,,,,
R7E49E50CE921,primary,expected_action,a1,"[{""code_or_concept"": ""ct_chest"", ""tool"": ""request_imaging""}]",recommended,,,,
R7E49E50CE921,second,expected_action,a1,"[{""code_or_concept"": ""ct_chest"", ""tool"": ""request_imaging""}]",recommended,,,,
R7E49E50CE921,consensus,expected_action,a1,"[{""code_or_concept"": ""ct_chest"", ""tool"": ""request_imaging""}]",recommended,,,,
R7E49E50CE921,primary,expected_action,a2,"[{""code_or_concept"": ""thoracentesis"", ""tool"": ""request_procedure""}]",critical,,,,
R7E49E50CE921,second,expected_action,a2,"[{""code_or_concept"": ""thoracentesis"", ""tool"": ""request_procedure""}]",critical,,,,
R7E49E50CE921,consensus,expected_action,a2,"[{""code_or_concept"": ""thoracentesis"", ""tool"": ""request_procedure""}]",critical,,,,
R7E49E50CE921,primary,expected_action,a3,"[{""code_or_concept"": ""pleural_biopsy"", ""tool"": ""request_procedure""}]",recommended,,,,
R7E49E50CE921,second,expected_action,a3,"[{""code_or_concept"": ""pleural_biopsy"", ""tool"": ""request_procedure""}]",recommended,,,,
R7E49E50CE921,consensus,expected_action,a3,"[{""code_or_concept"": ""pleural_biopsy"", ""tool"": ""request_procedure""}]",recommended,,,,
R7E49E50CE921,primary,expected_action,a4,"[{""code_or_concept"": ""tumor_genetics"", ""tool"": ""request_ecg_or_test""}]",recommended,,,,
R7E49E50CE921,second,expected_action,a4,"[{""code_or_concept"": ""tumor_genetics"", ""tool"": ""request_ecg_or_test""}]",recommended,,,,
R7E49E50CE921,consensus,expected_action,a4,"[{""code_or_concept"": ""tumor_genetics"", ""tool"": ""request_ecg_or_test""}]",recommended,,,,
R7E49E50CE921,primary,safety,s1,Do not conclude mesothelioma from asbestos history and CT alone; obtain cytology and tissue with immunophenotyping.,unspecified,,,,
R7E49E50CE921,second,safety,s1,Do not conclude mesothelioma from asbestos history and CT alone; obtain cytology and tissue with immunophenotyping.,unspecified,,,,
R7E49E50CE921,consensus,safety,s1,Do not conclude mesothelioma from asbestos history and CT alone; obtain cytology and tissue with immunophenotyping.,unspecified,,,,
R7E49E50CE921,primary,safety,s2,Account for baseline interstitial lung disease when weighing immunotherapy pneumonitis risk.,unspecified,,,,
R7E49E50CE921,second,safety,s2,Account for baseline interstitial lung disease when weighing immunotherapy pneumonitis risk.,unspecified,,,,
R7E49E50CE921,consensus,safety,s2,Account for baseline interstitial lung disease when weighing immunotherapy pneumonitis risk.,unspecified,,,,
RC13098014F1D,primary,expected_action,a1,"[{""code_or_concept"": ""ecg"", ""tool"": ""request_ecg_or_test""}]",critical,,,,
RC13098014F1D,second,expected_action,a1,"[{""code_or_concept"": ""ecg"", ""tool"": ""request_ecg_or_test""}]",critical,,,,
RC13098014F1D,consensus,expected_action,a1,"[{""code_or_concept"": ""ecg"", ""tool"": ""request_ecg_or_test""}]",critical,,,,
RC13098014F1D,primary,expected_action,a2,"[{""code_or_concept"": ""echo"", ""tool"": ""request_ecg_or_test""}]",critical,,,,
RC13098014F1D,second,expected_action,a2,"[{""code_or_concept"": ""echo"", ""tool"": ""request_ecg_or_test""}]",critical,,,,
RC13098014F1D,consensus,expected_action,a2,"[{""code_or_concept"": ""echo"", ""tool"": ""request_ecg_or_test""}]",critical,,,,
RC13098014F1D,primary,expected_action,a3,"[{""code_or_concept"": ""ctpa"", ""tool"": ""request_imaging""}]",recommended,,,,
RC13098014F1D,second,expected_action,a3,"[{""code_or_concept"": ""ctpa"", ""tool"": ""request_imaging""}]",recommended,,,,
RC13098014F1D,consensus,expected_action,a3,"[{""code_or_concept"": ""ctpa"", ""tool"": ""request_imaging""}]",recommended,,,,
RC13098014F1D,primary,expected_action,a4,"[{""code_or_concept"": ""cardiac_mri"", ""tool"": ""request_imaging""}]",recommended,,,,
RC13098014F1D,second,expected_action,a4,"[{""code_or_concept"": ""cardiac_mri"", ""tool"": ""request_imaging""}]",recommended,,,,
RC13098014F1D,consensus,expected_action,a4,"[{""code_or_concept"": ""cardiac_mri"", ""tool"": ""request_imaging""}]",recommended,,,,
RC13098014F1D,primary,expected_action,a5,"[{""code_or_concept"": ""pacemaker"", ""tool"": ""request_procedure""}]",critical,,,,
RC13098014F1D,second,expected_action,a5,"[{""code_or_concept"": ""pacemaker"", ""tool"": ""request_procedure""}]",critical,,,,
RC13098014F1D,consensus,expected_action,a5,"[{""code_or_concept"": ""pacemaker"", ""tool"": ""request_procedure""}]",critical,,,,
RC13098014F1D,primary,expected_action,a6,"[{""code_or_concept"": ""ward"", ""tool"": ""disposition""}]",recommended,,,,
RC13098014F1D,second,expected_action,a6,"[{""code_or_concept"": ""ward"", ""tool"": ""disposition""}]",recommended,,,,
RC13098014F1D,consensus,expected_action,a6,"[{""code_or_concept"": ""ward"", ""tool"": ""disposition""}]",recommended,,,,
RC13098014F1D,primary,safety,s1,Symptomatic bradycardia and AV block need prompt stabilization and pacing assessment.,unspecified,,,,
RC13098014F1D,second,safety,s1,Symptomatic bradycardia and AV block need prompt stabilization and pacing assessment.,unspecified,,,,
RC13098014F1D,consensus,safety,s1,Symptomatic bradycardia and AV block need prompt stabilization and pacing assessment.,unspecified,,,,
RC13098014F1D,primary,safety,s2,Do not diagnose PE solely from elevated D-dimer.,unspecified,,,,
RC13098014F1D,second,safety,s2,Do not diagnose PE solely from elevated D-dimer.,unspecified,,,,
RC13098014F1D,consensus,safety,s2,Do not diagnose PE solely from elevated D-dimer.,unspecified,,,,
RC13098014F1D,primary,safety,s3,Anticoagulation decision with atrial standstill requires explicit individualized assessment.,unspecified,,,,
RC13098014F1D,second,safety,s3,Anticoagulation decision with atrial standstill requires explicit individualized assessment.,unspecified,,,,
RC13098014F1D,consensus,safety,s3,Anticoagulation decision with atrial standstill requires explicit individualized assessment.,unspecified,,,,
R7DE3523428CD,primary,expected_action,a1,"[{""code_or_concept"": ""echo"", ""tool"": ""request_ecg_or_test""}]",critical,,,,
R7DE3523428CD,second,expected_action,a1,"[{""code_or_concept"": ""echo"", ""tool"": ""request_ecg_or_test""}]",critical,,,,
R7DE3523428CD,consensus,expected_action,a1,"[{""code_or_concept"": ""echo"", ""tool"": ""request_ecg_or_test""}]",critical,,,,
R7DE3523428CD,primary,expected_action,a2,"[{""code_or_concept"": ""pericardiocentesis"", ""tool"": ""request_procedure""}]",critical,,,,
R7DE3523428CD,second,expected_action,a2,"[{""code_or_concept"": ""pericardiocentesis"", ""tool"": ""request_procedure""}]",critical,,,,
R7DE3523428CD,consensus,expected_action,a2,"[{""code_or_concept"": ""pericardiocentesis"", ""tool"": ""request_procedure""}]",critical,,,,
R7DE3523428CD,primary,expected_action,a3,"[{""code_or_concept"": ""coronary_angiography"", ""tool"": ""request_imaging""}, {""code_or_concept"": ""coronary_angiography"", ""tool"": ""request_procedure""}]",critical,,,,
R7DE3523428CD,second,expected_action,a3,"[{""code_or_concept"": ""coronary_angiography"", ""tool"": ""request_imaging""}, {""code_or_concept"": ""coronary_angiography"", ""tool"": ""request_procedure""}]",critical,,,,
R7DE3523428CD,consensus,expected_action,a3,"[{""code_or_concept"": ""coronary_angiography"", ""tool"": ""request_imaging""}, {""code_or_concept"": ""coronary_angiography"", ""tool"": ""request_procedure""}]",critical,,,,
R7DE3523428CD,primary,expected_action,a4,"[{""code_or_concept"": ""covered_stent"", ""tool"": ""request_procedure""}]",optional,,,,
R7DE3523428CD,second,expected_action,a4,"[{""code_or_concept"": ""covered_stent"", ""tool"": ""request_procedure""}]",optional,,,,
R7DE3523428CD,consensus,expected_action,a4,"[{""code_or_concept"": ""covered_stent"", ""tool"": ""request_procedure""}]",optional,,,,
R7DE3523428CD,primary,expected_action,a5,"[{""code_or_concept"": ""antibiotics"", ""tool"": ""prescribe_medication""}]",critical,,,,
R7DE3523428CD,second,expected_action,a5,"[{""code_or_concept"": ""antibiotics"", ""tool"": ""prescribe_medication""}]",critical,,,,
R7DE3523428CD,consensus,expected_action,a5,"[{""code_or_concept"": ""antibiotics"", ""tool"": ""prescribe_medication""}]",critical,,,,
R7DE3523428CD,primary,expected_action,a6,"[{""code_or_concept"": ""ICU"", ""tool"": ""disposition""}, {""code_or_concept"": ""surgery"", ""tool"": ""disposition""}]",recommended,,,,
R7DE3523428CD,second,expected_action,a6,"[{""code_or_concept"": ""ICU"", ""tool"": ""disposition""}, {""code_or_concept"": ""surgery"", ""tool"": ""disposition""}]",recommended,,,,
R7DE3523428CD,consensus,expected_action,a6,"[{""code_or_concept"": ""ICU"", ""tool"": ""disposition""}, {""code_or_concept"": ""surgery"", ""tool"": ""disposition""}]",recommended,,,,
R7DE3523428CD,primary,safety,s1,Recognize tamponade and shock; urgent drainage.,unspecified,,,,
R7DE3523428CD,second,safety,s1,Recognize tamponade and shock; urgent drainage.,unspecified,,,,
R7DE3523428CD,consensus,safety,s1,Recognize tamponade and shock; urgent drainage.,unspecified,,,,
R7DE3523428CD,primary,safety,s2,Avoid delay in coronary and structural evaluation after stabilization.,unspecified,,,,
R7DE3523428CD,second,safety,s2,Avoid delay in coronary and structural evaluation after stabilization.,unspecified,,,,
R7DE3523428CD,consensus,safety,s2,Avoid delay in coronary and structural evaluation after stabilization.,unspecified,,,,
R7DE3523428CD,primary,safety,s3,Account for active infection and dialysis in medication and procedure decisions.,unspecified,,,,
R7DE3523428CD,second,safety,s3,Account for active infection and dialysis in medication and procedure decisions.,unspecified,,,,
R7DE3523428CD,consensus,safety,s3,Account for active infection and dialysis in medication and procedure decisions.,unspecified,,,,
RB26D84D41ADB,primary,expected_action,a1,"[{""code_or_concept"": ""neurologic"", ""tool"": ""request_physical_exam""}]",critical,,,,
RB26D84D41ADB,second,expected_action,a1,"[{""code_or_concept"": ""neurologic"", ""tool"": ""request_physical_exam""}]",critical,,,,
RB26D84D41ADB,consensus,expected_action,a1,"[{""code_or_concept"": ""neurologic"", ""tool"": ""request_physical_exam""}]",critical,,,,
RB26D84D41ADB,primary,expected_action,a2,"[{""code_or_concept"": ""spine_mri"", ""tool"": ""request_imaging""}]",critical,,,,
RB26D84D41ADB,second,expected_action,a2,"[{""code_or_concept"": ""spine_mri"", ""tool"": ""request_imaging""}]",critical,,,,
RB26D84D41ADB,consensus,expected_action,a2,"[{""code_or_concept"": ""spine_mri"", ""tool"": ""request_imaging""}]",critical,,,,
RB26D84D41ADB,primary,expected_action,a3,"[{""code_or_concept"": ""hematoma_evacuation"", ""tool"": ""request_procedure""}]",critical,,,,
RB26D84D41ADB,second,expected_action,a3,"[{""code_or_concept"": ""hematoma_evacuation"", ""tool"": ""request_procedure""}]",critical,,,,
RB26D84D41ADB,consensus,expected_action,a3,"[{""code_or_concept"": ""hematoma_evacuation"", ""tool"": ""request_procedure""}]",critical,,,,
RB26D84D41ADB,primary,expected_action,a4,"[{""code_or_concept"": ""surgery"", ""tool"": ""disposition""}]",critical,,,,
RB26D84D41ADB,second,expected_action,a4,"[{""code_or_concept"": ""surgery"", ""tool"": ""disposition""}]",critical,,,,
RB26D84D41ADB,consensus,expected_action,a4,"[{""code_or_concept"": ""surgery"", ""tool"": ""disposition""}]",critical,,,,
RB26D84D41ADB,primary,safety,s1,Treat evolving paraplegia and sphincter dysfunction as spinal emergency.,unspecified,,,,
RB26D84D41ADB,second,safety,s1,Treat evolving paraplegia and sphincter dysfunction as spinal emergency.,unspecified,,,,
RB26D84D41ADB,consensus,safety,s1,Treat evolving paraplegia and sphincter dysfunction as spinal emergency.,unspecified,,,,
RB26D84D41ADB,primary,safety,s2,Urgent spine MRI and neurosurgical consultation.,unspecified,,,,
RB26D84D41ADB,second,safety,s2,Urgent spine MRI and neurosurgical consultation.,unspecified,,,,
RB26D84D41ADB,consensus,safety,s2,Urgent spine MRI and neurosurgical consultation.,unspecified,,,,
RB26D84D41ADB,primary,safety,s3,Avoid empiric thrombolysis for presumed stroke without localization; anticoagulation may worsen hematoma.,unspecified,,,,
RB26D84D41ADB,second,safety,s3,Avoid empiric thrombolysis for presumed stroke without localization; anticoagulation may worsen hematoma.,unspecified,,,,
RB26D84D41ADB,consensus,safety,s3,Avoid empiric thrombolysis for presumed stroke without localization; anticoagulation may worsen hematoma.,unspecified,,,,
R590ED8B416AF,primary,expected_action,a1,"[{""code_or_concept"": ""ecg"", ""tool"": ""request_ecg_or_test""}]",critical,,,,
R590ED8B416AF,second,expected_action,a1,"[{""code_or_concept"": ""ecg"", ""tool"": ""request_ecg_or_test""}]",critical,,,,
R590ED8B416AF,consensus,expected_action,a1,"[{""code_or_concept"": ""ecg"", ""tool"": ""request_ecg_or_test""}]",critical,,,,
R590ED8B416AF,primary,expected_action,a2,"[{""code_or_concept"": ""echo"", ""tool"": ""request_ecg_or_test""}]",critical,,,,
R590ED8B416AF,second,expected_action,a2,"[{""code_or_concept"": ""echo"", ""tool"": ""request_ecg_or_test""}]",critical,,,,
R590ED8B416AF,consensus,expected_action,a2,"[{""code_or_concept"": ""echo"", ""tool"": ""request_ecg_or_test""}]",critical,,,,
R590ED8B416AF,primary,expected_action,a3,"[{""code_or_concept"": ""ctpa"", ""tool"": ""request_imaging""}]",recommended,,,,
R590ED8B416AF,second,expected_action,a3,"[{""code_or_concept"": ""ctpa"", ""tool"": ""request_imaging""}]",recommended,,,,
R590ED8B416AF,consensus,expected_action,a3,"[{""code_or_concept"": ""ctpa"", ""tool"": ""request_imaging""}]",recommended,,,,
R590ED8B416AF,primary,expected_action,a4,"[{""code_or_concept"": ""cardiac_mri"", ""tool"": ""request_imaging""}]",recommended,,,,
R590ED8B416AF,second,expected_action,a4,"[{""code_or_concept"": ""cardiac_mri"", ""tool"": ""request_imaging""}]",recommended,,,,
R590ED8B416AF,consensus,expected_action,a4,"[{""code_or_concept"": ""cardiac_mri"", ""tool"": ""request_imaging""}]",recommended,,,,
R590ED8B416AF,primary,expected_action,a5,"[{""code_or_concept"": ""pacemaker"", ""tool"": ""request_procedure""}]",critical,,,,
R590ED8B416AF,second,expected_action,a5,"[{""code_or_concept"": ""pacemaker"", ""tool"": ""request_procedure""}]",critical,,,,
R590ED8B416AF,consensus,expected_action,a5,"[{""code_or_concept"": ""pacemaker"", ""tool"": ""request_procedure""}]",critical,,,,
R590ED8B416AF,primary,expected_action,a6,"[{""code_or_concept"": ""ward"", ""tool"": ""disposition""}]",recommended,,,,
R590ED8B416AF,second,expected_action,a6,"[{""code_or_concept"": ""ward"", ""tool"": ""disposition""}]",recommended,,,,
R590ED8B416AF,consensus,expected_action,a6,"[{""code_or_concept"": ""ward"", ""tool"": ""disposition""}]",recommended,,,,
R590ED8B416AF,primary,safety,s1,Symptomatic bradycardia and AV block need prompt stabilization and pacing assessment.,unspecified,,,,
R590ED8B416AF,second,safety,s1,Symptomatic bradycardia and AV block need prompt stabilization and pacing assessment.,unspecified,,,,
R590ED8B416AF,consensus,safety,s1,Symptomatic bradycardia and AV block need prompt stabilization and pacing assessment.,unspecified,,,,
R590ED8B416AF,primary,safety,s2,Do not diagnose PE solely from elevated D-dimer.,unspecified,,,,
R590ED8B416AF,second,safety,s2,Do not diagnose PE solely from elevated D-dimer.,unspecified,,,,
R590ED8B416AF,consensus,safety,s2,Do not diagnose PE solely from elevated D-dimer.,unspecified,,,,
R590ED8B416AF,primary,safety,s3,Anticoagulation decision with atrial standstill requires explicit individualized assessment.,unspecified,,,,
R590ED8B416AF,second,safety,s3,Anticoagulation decision with atrial standstill requires explicit individualized assessment.,unspecified,,,,
R590ED8B416AF,consensus,safety,s3,Anticoagulation decision with atrial standstill requires explicit individualized assessment.,unspecified,,,,
R875E24276B4E,primary,expected_action,a1,"[{""code_or_concept"": ""adrenal_hormones"", ""tool"": ""request_lab""}]",critical,,,,
R875E24276B4E,second,expected_action,a1,"[{""code_or_concept"": ""adrenal_hormones"", ""tool"": ""request_lab""}]",critical,,,,
R875E24276B4E,consensus,expected_action,a1,"[{""code_or_concept"": ""adrenal_hormones"", ""tool"": ""request_lab""}]",critical,,,,
R875E24276B4E,primary,expected_action,a2,"[{""code_or_concept"": ""adrenal_ct"", ""tool"": ""request_imaging""}]",recommended,,,,
R875E24276B4E,second,expected_action,a2,"[{""code_or_concept"": ""adrenal_ct"", ""tool"": ""request_imaging""}]",recommended,,,,
R875E24276B4E,consensus,expected_action,a2,"[{""code_or_concept"": ""adrenal_ct"", ""tool"": ""request_imaging""}]",recommended,,,,
R875E24276B4E,primary,expected_action,a3,"[{""code_or_concept"": ""adrenal_biopsy"", ""tool"": ""request_procedure""}]",optional,,,,
R875E24276B4E,second,expected_action,a3,"[{""code_or_concept"": ""adrenal_biopsy"", ""tool"": ""request_procedure""}]",optional,,,,
R875E24276B4E,consensus,expected_action,a3,"[{""code_or_concept"": ""adrenal_biopsy"", ""tool"": ""request_procedure""}]",optional,,,,
R875E24276B4E,primary,expected_action,a4,"[{""code_or_concept"": ""adrenal_tb_pcr"", ""tool"": ""request_microbiology""}]",optional,,,,
R875E24276B4E,second,expected_action,a4,"[{""code_or_concept"": ""adrenal_tb_pcr"", ""tool"": ""request_microbiology""}]",optional,,,,
R875E24276B4E,consensus,expected_action,a4,"[{""code_or_concept"": ""adrenal_tb_pcr"", ""tool"": ""request_microbiology""}]",optional,,,,
R875E24276B4E,primary,expected_action,a5,"[{""code_or_concept"": ""hydrocortisone"", ""tool"": ""prescribe_medication""}]",critical,,,,
R875E24276B4E,second,expected_action,a5,"[{""code_or_concept"": ""hydrocortisone"", ""tool"": ""prescribe_medication""}]",critical,,,,
R875E24276B4E,consensus,expected_action,a5,"[{""code_or_concept"": ""hydrocortisone"", ""tool"": ""prescribe_medication""}]",critical,,,,
R875E24276B4E,primary,safety,s1,Recognize primary adrenal insufficiency and risk of adrenal crisis under stress.,unspecified,,,,
R875E24276B4E,second,safety,s1,Recognize primary adrenal insufficiency and risk of adrenal crisis under stress.,unspecified,,,,
R875E24276B4E,consensus,safety,s1,Recognize primary adrenal insufficiency and risk of adrenal crisis under stress.,unspecified,,,,
R875E24276B4E,primary,safety,s2,Do not assume negative acid-fast stain excludes tuberculosis.,unspecified,,,,
R875E24276B4E,second,safety,s2,Do not assume negative acid-fast stain excludes tuberculosis.,unspecified,,,,
R875E24276B4E,consensus,safety,s2,Do not assume negative acid-fast stain excludes tuberculosis.,unspecified,,,,
R875E24276B4E,primary,safety,s3,Antituberculous regimen in source is descriptive; independent guideline review is needed before rating as standard.,unspecified,,,,
R875E24276B4E,second,safety,s3,Antituberculous regimen in source is descriptive; independent guideline review is needed before rating as standard.,unspecified,,,,
R875E24276B4E,consensus,safety,s3,Antituberculous regimen in source is descriptive; independent guideline review is needed before rating as standard.,unspecified,,,,
R875E24276B4E,primary,safety,s4,"Before adrenal biopsy, assess hormonal activity and exclude pheochromocytoma; if the source does not report this, mark unknown rather than safe by default.",unspecified,,,,
R875E24276B4E,second,safety,s4,"Before adrenal biopsy, assess hormonal activity and exclude pheochromocytoma; if the source does not report this, mark unknown rather than safe by default.",unspecified,,,,
R875E24276B4E,consensus,safety,s4,"Before adrenal biopsy, assess hormonal activity and exclude pheochromocytoma; if the source does not report this, mark unknown rather than safe by default.",unspecified,,,,
R13E129626C3C,primary,expected_action,a1,"[{""code_or_concept"": ""ecg"", ""tool"": ""request_ecg_or_test""}]",critical,,,,
R13E129626C3C,second,expected_action,a1,"[{""code_or_concept"": ""ecg"", ""tool"": ""request_ecg_or_test""}]",critical,,,,
R13E129626C3C,consensus,expected_action,a1,"[{""code_or_concept"": ""ecg"", ""tool"": ""request_ecg_or_test""}]",critical,,,,
R13E129626C3C,primary,expected_action,a2,"[{""code_or_concept"": ""echo"", ""tool"": ""request_ecg_or_test""}]",critical,,,,
R13E129626C3C,second,expected_action,a2,"[{""code_or_concept"": ""echo"", ""tool"": ""request_ecg_or_test""}]",critical,,,,
R13E129626C3C,consensus,expected_action,a2,"[{""code_or_concept"": ""echo"", ""tool"": ""request_ecg_or_test""}]",critical,,,,
R13E129626C3C,primary,expected_action,a3,"[{""code_or_concept"": ""ctpa"", ""tool"": ""request_imaging""}]",recommended,,,,
R13E129626C3C,second,expected_action,a3,"[{""code_or_concept"": ""ctpa"", ""tool"": ""request_imaging""}]",recommended,,,,
R13E129626C3C,consensus,expected_action,a3,"[{""code_or_concept"": ""ctpa"", ""tool"": ""request_imaging""}]",recommended,,,,
R13E129626C3C,primary,expected_action,a4,"[{""code_or_concept"": ""cardiac_mri"", ""tool"": ""request_imaging""}]",recommended,,,,
R13E129626C3C,second,expected_action,a4,"[{""code_or_concept"": ""cardiac_mri"", ""tool"": ""request_imaging""}]",recommended,,,,
R13E129626C3C,consensus,expected_action,a4,"[{""code_or_concept"": ""cardiac_mri"", ""tool"": ""request_imaging""}]",recommended,,,,
R13E129626C3C,primary,expected_action,a5,"[{""code_or_concept"": ""pacemaker"", ""tool"": ""request_procedure""}]",critical,,,,
R13E129626C3C,second,expected_action,a5,"[{""code_or_concept"": ""pacemaker"", ""tool"": ""request_procedure""}]",critical,,,,
R13E129626C3C,consensus,expected_action,a5,"[{""code_or_concept"": ""pacemaker"", ""tool"": ""request_procedure""}]",critical,,,,
R13E129626C3C,primary,expected_action,a6,"[{""code_or_concept"": ""ward"", ""tool"": ""disposition""}]",recommended,,,,
R13E129626C3C,second,expected_action,a6,"[{""code_or_concept"": ""ward"", ""tool"": ""disposition""}]",recommended,,,,
R13E129626C3C,consensus,expected_action,a6,"[{""code_or_concept"": ""ward"", ""tool"": ""disposition""}]",recommended,,,,
R13E129626C3C,primary,safety,s1,Symptomatic bradycardia and AV block need prompt stabilization and pacing assessment.,unspecified,,,,
R13E129626C3C,second,safety,s1,Symptomatic bradycardia and AV block need prompt stabilization and pacing assessment.,unspecified,,,,
R13E129626C3C,consensus,safety,s1,Symptomatic bradycardia and AV block need prompt stabilization and pacing assessment.,unspecified,,,,
R13E129626C3C,primary,safety,s2,Do not diagnose PE solely from elevated D-dimer.,unspecified,,,,
R13E129626C3C,second,safety,s2,Do not diagnose PE solely from elevated D-dimer.,unspecified,,,,
R13E129626C3C,consensus,safety,s2,Do not diagnose PE solely from elevated D-dimer.,unspecified,,,,
R13E129626C3C,primary,safety,s3,Anticoagulation decision with atrial standstill requires explicit individualized assessment.,unspecified,,,,
R13E129626C3C,second,safety,s3,Anticoagulation decision with atrial standstill requires explicit individualized assessment.,unspecified,,,,
R13E129626C3C,consensus,safety,s3,Anticoagulation decision with atrial standstill requires explicit individualized assessment.,unspecified,,,,
R1B4D4EDF1FD2,primary,expected_action,a1,"[{""code_or_concept"": ""pregnancy_test"", ""tool"": ""request_lab""}]",critical,,,,
R1B4D4EDF1FD2,second,expected_action,a1,"[{""code_or_concept"": ""pregnancy_test"", ""tool"": ""request_lab""}]",critical,,,,
R1B4D4EDF1FD2,consensus,expected_action,a1,"[{""code_or_concept"": ""pregnancy_test"", ""tool"": ""request_lab""}]",critical,,,,
R1B4D4EDF1FD2,primary,expected_action,a2,"[{""code_or_concept"": ""pelvic_ultrasound"", ""tool"": ""request_imaging""}]",critical,,,,
R1B4D4EDF1FD2,second,expected_action,a2,"[{""code_or_concept"": ""pelvic_ultrasound"", ""tool"": ""request_imaging""}]",critical,,,,
R1B4D4EDF1FD2,consensus,expected_action,a2,"[{""code_or_concept"": ""pelvic_ultrasound"", ""tool"": ""request_imaging""}]",critical,,,,
R1B4D4EDF1FD2,primary,expected_action,a3,"[{""code_or_concept"": ""laparoscopy"", ""tool"": ""request_procedure""}]",critical,,,,
R1B4D4EDF1FD2,second,expected_action,a3,"[{""code_or_concept"": ""laparoscopy"", ""tool"": ""request_procedure""}]",critical,,,,
R1B4D4EDF1FD2,consensus,expected_action,a3,"[{""code_or_concept"": ""laparoscopy"", ""tool"": ""request_procedure""}]",critical,,,,
R1B4D4EDF1FD2,primary,expected_action,a4,"[{""code_or_concept"": ""surgery"", ""tool"": ""disposition""}]",critical,,,,
R1B4D4EDF1FD2,second,expected_action,a4,"[{""code_or_concept"": ""surgery"", ""tool"": ""disposition""}]",critical,,,,
R1B4D4EDF1FD2,consensus,expected_action,a4,"[{""code_or_concept"": ""surgery"", ""tool"": ""disposition""}]",critical,,,,
R1B4D4EDF1FD2,primary,safety,s1,Pregnancy test is essential in reproductive-age patient with abdominal pain.,unspecified,,,,
R1B4D4EDF1FD2,second,safety,s1,Pregnancy test is essential in reproductive-age patient with abdominal pain.,unspecified,,,,
R1B4D4EDF1FD2,consensus,safety,s1,Pregnancy test is essential in reproductive-age patient with abdominal pain.,unspecified,,,,
R1B4D4EDF1FD2,primary,safety,s2,"No intrauterine pregnancy with hCG around 10,130 IU/L requires urgent ectopic pregnancy evaluation.",unspecified,,,,
R1B4D4EDF1FD2,second,safety,s2,"No intrauterine pregnancy with hCG around 10,130 IU/L requires urgent ectopic pregnancy evaluation.",unspecified,,,,
R1B4D4EDF1FD2,consensus,safety,s2,"No intrauterine pregnancy with hCG around 10,130 IU/L requires urgent ectopic pregnancy evaluation.",unspecified,,,,
R1B4D4EDF1FD2,primary,safety,s3,Hemorrhage and vascular implantation favor surgical planning with bleeding preparedness.,unspecified,,,,
R1B4D4EDF1FD2,second,safety,s3,Hemorrhage and vascular implantation favor surgical planning with bleeding preparedness.,unspecified,,,,
R1B4D4EDF1FD2,consensus,safety,s3,Hemorrhage and vascular implantation favor surgical planning with bleeding preparedness.,unspecified,,,,
RAF8B528ACBED,primary,expected_action,a1,"[{""code_or_concept"": ""hemoglobin"", ""tool"": ""request_lab""}]",critical,,,,
RAF8B528ACBED,second,expected_action,a1,"[{""code_or_concept"": ""hemoglobin"", ""tool"": ""request_lab""}]",critical,,,,
RAF8B528ACBED,consensus,expected_action,a1,"[{""code_or_concept"": ""hemoglobin"", ""tool"": ""request_lab""}]",critical,,,,
RAF8B528ACBED,primary,expected_action,a2,"[{""code_or_concept"": ""hemolysis"", ""tool"": ""request_lab""}]",critical,,,,
RAF8B528ACBED,second,expected_action,a2,"[{""code_or_concept"": ""hemolysis"", ""tool"": ""request_lab""}]",critical,,,,
RAF8B528ACBED,consensus,expected_action,a2,"[{""code_or_concept"": ""hemolysis"", ""tool"": ""request_lab""}]",critical,,,,
RAF8B528ACBED,primary,expected_action,a3,"[{""code_or_concept"": ""dat"", ""tool"": ""request_lab""}]",critical,,,,
RAF8B528ACBED,second,expected_action,a3,"[{""code_or_concept"": ""dat"", ""tool"": ""request_lab""}]",critical,,,,
RAF8B528ACBED,consensus,expected_action,a3,"[{""code_or_concept"": ""dat"", ""tool"": ""request_lab""}]",critical,,,,
RAF8B528ACBED,primary,expected_action,a4,"[{""code_or_concept"": ""steroids"", ""tool"": ""prescribe_medication""}]",critical,,,,
RAF8B528ACBED,second,expected_action,a4,"[{""code_or_concept"": ""steroids"", ""tool"": ""prescribe_medication""}]",critical,,,,
RAF8B528ACBED,consensus,expected_action,a4,"[{""code_or_concept"": ""steroids"", ""tool"": ""prescribe_medication""}]",critical,,,,
RAF8B528ACBED,primary,expected_action,a5,"[{""code_or_concept"": ""transfusion"", ""tool"": ""request_procedure""}]",critical,,,,
RAF8B528ACBED,second,expected_action,a5,"[{""code_or_concept"": ""transfusion"", ""tool"": ""request_procedure""}]",critical,,,,
RAF8B528ACBED,consensus,expected_action,a5,"[{""code_or_concept"": ""transfusion"", ""tool"": ""request_procedure""}]",critical,,,,
RAF8B528ACBED,primary,expected_action,a6,"[{""code_or_concept"": ""ward"", ""tool"": ""disposition""}]",critical,,,,
RAF8B528ACBED,second,expected_action,a6,"[{""code_or_concept"": ""ward"", ""tool"": ""disposition""}]",critical,,,,
RAF8B528ACBED,consensus,expected_action,a6,"[{""code_or_concept"": ""ward"", ""tool"": ""disposition""}]",critical,,,,
RAF8B528ACBED,primary,safety,s1,Severe symptomatic anemia requires urgent assessment and transfusion strategy.,unspecified,,,,
RAF8B528ACBED,second,safety,s1,Severe symptomatic anemia requires urgent assessment and transfusion strategy.,unspecified,,,,
RAF8B528ACBED,consensus,safety,s1,Severe symptomatic anemia requires urgent assessment and transfusion strategy.,unspecified,,,,
RAF8B528ACBED,primary,safety,s2,Stop immune checkpoint therapy in life-threatening immune-mediated toxicity.,unspecified,,,,
RAF8B528ACBED,second,safety,s2,Stop immune checkpoint therapy in life-threatening immune-mediated toxicity.,unspecified,,,,
RAF8B528ACBED,consensus,safety,s2,Stop immune checkpoint therapy in life-threatening immune-mediated toxicity.,unspecified,,,,
RAF8B528ACBED,primary,safety,s3,Compatibility testing may be complicated by panreactive autoantibody.,unspecified,,,,
RAF8B528ACBED,second,safety,s3,Compatibility testing may be complicated by panreactive autoantibody.,unspecified,,,,
RAF8B528ACBED,consensus,safety,s3,Compatibility testing may be complicated by panreactive autoantibody.,unspecified,,,,
R8A992D54ECD7,primary,expected_action,a1,"[{""code_or_concept"": ""pregnancy_test"", ""tool"": ""request_lab""}]",critical,,,,
R8A992D54ECD7,second,expected_action,a1,"[{""code_or_concept"": ""pregnancy_test"", ""tool"": ""request_lab""}]",critical,,,,
R8A992D54ECD7,consensus,expected_action,a1,"[{""code_or_concept"": ""pregnancy_test"", ""tool"": ""request_lab""}]",critical,,,,
R8A992D54ECD7,primary,expected_action,a2,"[{""code_or_concept"": ""pelvic_ultrasound"", ""tool"": ""request_imaging""}]",critical,,,,
R8A992D54ECD7,second,expected_action,a2,"[{""code_or_concept"": ""pelvic_ultrasound"", ""tool"": ""request_imaging""}]",critical,,,,
R8A992D54ECD7,consensus,expected_action,a2,"[{""code_or_concept"": ""pelvic_ultrasound"", ""tool"": ""request_imaging""}]",critical,,,,
R8A992D54ECD7,primary,expected_action,a3,"[{""code_or_concept"": ""laparoscopy"", ""tool"": ""request_procedure""}]",critical,,,,
R8A992D54ECD7,second,expected_action,a3,"[{""code_or_concept"": ""laparoscopy"", ""tool"": ""request_procedure""}]",critical,,,,
R8A992D54ECD7,consensus,expected_action,a3,"[{""code_or_concept"": ""laparoscopy"", ""tool"": ""request_procedure""}]",critical,,,,
R8A992D54ECD7,primary,expected_action,a4,"[{""code_or_concept"": ""surgery"", ""tool"": ""disposition""}]",critical,,,,
R8A992D54ECD7,second,expected_action,a4,"[{""code_or_concept"": ""surgery"", ""tool"": ""disposition""}]",critical,,,,
R8A992D54ECD7,consensus,expected_action,a4,"[{""code_or_concept"": ""surgery"", ""tool"": ""disposition""}]",critical,,,,
R8A992D54ECD7,primary,safety,s1,Pregnancy test is essential in reproductive-age patient with abdominal pain.,unspecified,,,,
R8A992D54ECD7,second,safety,s1,Pregnancy test is essential in reproductive-age patient with abdominal pain.,unspecified,,,,
R8A992D54ECD7,consensus,safety,s1,Pregnancy test is essential in reproductive-age patient with abdominal pain.,unspecified,,,,
R8A992D54ECD7,primary,safety,s2,"No intrauterine pregnancy with hCG around 10,130 IU/L requires urgent ectopic pregnancy evaluation.",unspecified,,,,
R8A992D54ECD7,second,safety,s2,"No intrauterine pregnancy with hCG around 10,130 IU/L requires urgent ectopic pregnancy evaluation.",unspecified,,,,
R8A992D54ECD7,consensus,safety,s2,"No intrauterine pregnancy with hCG around 10,130 IU/L requires urgent ectopic pregnancy evaluation.",unspecified,,,,
R8A992D54ECD7,primary,safety,s3,Hemorrhage and vascular implantation favor surgical planning with bleeding preparedness.,unspecified,,,,
R8A992D54ECD7,second,safety,s3,Hemorrhage and vascular implantation favor surgical planning with bleeding preparedness.,unspecified,,,,
R8A992D54ECD7,consensus,safety,s3,Hemorrhage and vascular implantation favor surgical planning with bleeding preparedness.,unspecified,,,,
R1A9B6D83931C,primary,expected_action,a1,"[{""code_or_concept"": ""chest_xray"", ""tool"": ""request_imaging""}]",recommended,,,,
R1A9B6D83931C,second,expected_action,a1,"[{""code_or_concept"": ""chest_xray"", ""tool"": ""request_imaging""}]",recommended,,,,
R1A9B6D83931C,consensus,expected_action,a1,"[{""code_or_concept"": ""chest_xray"", ""tool"": ""request_imaging""}]",recommended,,,,
R1A9B6D83931C,primary,expected_action,a2,"[{""code_or_concept"": ""thoracentesis"", ""tool"": ""request_procedure""}]",critical,,,,
R1A9B6D83931C,second,expected_action,a2,"[{""code_or_concept"": ""thoracentesis"", ""tool"": ""request_procedure""}]",critical,,,,
R1A9B6D83931C,consensus,expected_action,a2,"[{""code_or_concept"": ""thoracentesis"", ""tool"": ""request_procedure""}]",critical,,,,
R1A9B6D83931C,primary,expected_action,a3,"[{""code_or_concept"": ""pleural_fluid"", ""tool"": ""request_lab""}]",critical,,,,
R1A9B6D83931C,second,expected_action,a3,"[{""code_or_concept"": ""pleural_fluid"", ""tool"": ""request_lab""}]",critical,,,,
R1A9B6D83931C,consensus,expected_action,a3,"[{""code_or_concept"": ""pleural_fluid"", ""tool"": ""request_lab""}]",critical,,,,
R1A9B6D83931C,primary,expected_action,a4,"[{""code_or_concept"": ""ct_chest"", ""tool"": ""request_imaging""}]",recommended,,,,
R1A9B6D83931C,second,expected_action,a4,"[{""code_or_concept"": ""ct_chest"", ""tool"": ""request_imaging""}]",recommended,,,,
R1A9B6D83931C,consensus,expected_action,a4,"[{""code_or_concept"": ""ct_chest"", ""tool"": ""request_imaging""}]",recommended,,,,
R1A9B6D83931C,primary,expected_action,a5,"[{""code_or_concept"": ""ebus_biopsy"", ""tool"": ""request_procedure""}]",recommended,,,,
R1A9B6D83931C,second,expected_action,a5,"[{""code_or_concept"": ""ebus_biopsy"", ""tool"": ""request_procedure""}]",recommended,,,,
R1A9B6D83931C,consensus,expected_action,a5,"[{""code_or_concept"": ""ebus_biopsy"", ""tool"": ""request_procedure""}]",recommended,,,,
R1A9B6D83931C,primary,safety,s1,Symptomatic recurrent pleural effusion needs drainage and assessment of cause.,unspecified,,,,
R1A9B6D83931C,second,safety,s1,Symptomatic recurrent pleural effusion needs drainage and assessment of cause.,unspecified,,,,
R1A9B6D83931C,consensus,safety,s1,Symptomatic recurrent pleural effusion needs drainage and assessment of cause.,unspecified,,,,
R1A9B6D83931C,primary,safety,s2,Negative pleural cytology does not rule out thoracic malignancy.,unspecified,,,,
R1A9B6D83931C,second,safety,s2,Negative pleural cytology does not rule out thoracic malignancy.,unspecified,,,,
R1A9B6D83931C,consensus,safety,s2,Negative pleural cytology does not rule out thoracic malignancy.,unspecified,,,,
R1A9B6D83931C,primary,safety,s3,Long-term chyle drainage raises nutritional and immune concerns.,unspecified,,,,
R1A9B6D83931C,second,safety,s3,Long-term chyle drainage raises nutritional and immune concerns.,unspecified,,,,
R1A9B6D83931C,consensus,safety,s3,Long-term chyle drainage raises nutritional and immune concerns.,unspecified,,,,
R5CA767BEB374,primary,expected_action,a1,"[{""code_or_concept"": ""chest_xray"", ""tool"": ""request_imaging""}]",recommended,,,,
R5CA767BEB374,second,expected_action,a1,"[{""code_or_concept"": ""chest_xray"", ""tool"": ""request_imaging""}]",recommended,,,,
R5CA767BEB374,consensus,expected_action,a1,"[{""code_or_concept"": ""chest_xray"", ""tool"": ""request_imaging""}]",recommended,,,,
R5CA767BEB374,primary,expected_action,a2,"[{""code_or_concept"": ""thoracentesis"", ""tool"": ""request_procedure""}]",critical,,,,
R5CA767BEB374,second,expected_action,a2,"[{""code_or_concept"": ""thoracentesis"", ""tool"": ""request_procedure""}]",critical,,,,
R5CA767BEB374,consensus,expected_action,a2,"[{""code_or_concept"": ""thoracentesis"", ""tool"": ""request_procedure""}]",critical,,,,
R5CA767BEB374,primary,expected_action,a3,"[{""code_or_concept"": ""pleural_fluid"", ""tool"": ""request_lab""}]",critical,,,,
R5CA767BEB374,second,expected_action,a3,"[{""code_or_concept"": ""pleural_fluid"", ""tool"": ""request_lab""}]",critical,,,,
R5CA767BEB374,consensus,expected_action,a3,"[{""code_or_concept"": ""pleural_fluid"", ""tool"": ""request_lab""}]",critical,,,,
R5CA767BEB374,primary,expected_action,a4,"[{""code_or_concept"": ""ct_chest"", ""tool"": ""request_imaging""}]",recommended,,,,
R5CA767BEB374,second,expected_action,a4,"[{""code_or_concept"": ""ct_chest"", ""tool"": ""request_imaging""}]",recommended,,,,
R5CA767BEB374,consensus,expected_action,a4,"[{""code_or_concept"": ""ct_chest"", ""tool"": ""request_imaging""}]",recommended,,,,
R5CA767BEB374,primary,expected_action,a5,"[{""code_or_concept"": ""ebus_biopsy"", ""tool"": ""request_procedure""}]",recommended,,,,
R5CA767BEB374,second,expected_action,a5,"[{""code_or_concept"": ""ebus_biopsy"", ""tool"": ""request_procedure""}]",recommended,,,,
R5CA767BEB374,consensus,expected_action,a5,"[{""code_or_concept"": ""ebus_biopsy"", ""tool"": ""request_procedure""}]",recommended,,,,
R5CA767BEB374,primary,safety,s1,Symptomatic recurrent pleural effusion needs drainage and assessment of cause.,unspecified,,,,
R5CA767BEB374,second,safety,s1,Symptomatic recurrent pleural effusion needs drainage and assessment of cause.,unspecified,,,,
R5CA767BEB374,consensus,safety,s1,Symptomatic recurrent pleural effusion needs drainage and assessment of cause.,unspecified,,,,
R5CA767BEB374,primary,safety,s2,Negative pleural cytology does not rule out thoracic malignancy.,unspecified,,,,
R5CA767BEB374,second,safety,s2,Negative pleural cytology does not rule out thoracic malignancy.,unspecified,,,,
R5CA767BEB374,consensus,safety,s2,Negative pleural cytology does not rule out thoracic malignancy.,unspecified,,,,
R5CA767BEB374,primary,safety,s3,Long-term chyle drainage raises nutritional and immune concerns.,unspecified,,,,
R5CA767BEB374,second,safety,s3,Long-term chyle drainage raises nutritional and immune concerns.,unspecified,,,,
R5CA767BEB374,consensus,safety,s3,Long-term chyle drainage raises nutritional and immune concerns.,unspecified,,,,
RF0AE7DF5DC12,primary,expected_action,a1,"[{""code_or_concept"": ""neurologic"", ""tool"": ""request_physical_exam""}]",critical,,,,
RF0AE7DF5DC12,second,expected_action,a1,"[{""code_or_concept"": ""neurologic"", ""tool"": ""request_physical_exam""}]",critical,,,,
RF0AE7DF5DC12,consensus,expected_action,a1,"[{""code_or_concept"": ""neurologic"", ""tool"": ""request_physical_exam""}]",critical,,,,
RF0AE7DF5DC12,primary,expected_action,a2,"[{""code_or_concept"": ""spine_mri"", ""tool"": ""request_imaging""}]",critical,,,,
RF0AE7DF5DC12,second,expected_action,a2,"[{""code_or_concept"": ""spine_mri"", ""tool"": ""request_imaging""}]",critical,,,,
RF0AE7DF5DC12,consensus,expected_action,a2,"[{""code_or_concept"": ""spine_mri"", ""tool"": ""request_imaging""}]",critical,,,,
RF0AE7DF5DC12,primary,expected_action,a3,"[{""code_or_concept"": ""hematoma_evacuation"", ""tool"": ""request_procedure""}]",critical,,,,
RF0AE7DF5DC12,second,expected_action,a3,"[{""code_or_concept"": ""hematoma_evacuation"", ""tool"": ""request_procedure""}]",critical,,,,
RF0AE7DF5DC12,consensus,expected_action,a3,"[{""code_or_concept"": ""hematoma_evacuation"", ""tool"": ""request_procedure""}]",critical,,,,
RF0AE7DF5DC12,primary,expected_action,a4,"[{""code_or_concept"": ""surgery"", ""tool"": ""disposition""}]",critical,,,,
RF0AE7DF5DC12,second,expected_action,a4,"[{""code_or_concept"": ""surgery"", ""tool"": ""disposition""}]",critical,,,,
RF0AE7DF5DC12,consensus,expected_action,a4,"[{""code_or_concept"": ""surgery"", ""tool"": ""disposition""}]",critical,,,,
RF0AE7DF5DC12,primary,safety,s1,Treat evolving paraplegia and sphincter dysfunction as spinal emergency.,unspecified,,,,
RF0AE7DF5DC12,second,safety,s1,Treat evolving paraplegia and sphincter dysfunction as spinal emergency.,unspecified,,,,
RF0AE7DF5DC12,consensus,safety,s1,Treat evolving paraplegia and sphincter dysfunction as spinal emergency.,unspecified,,,,
RF0AE7DF5DC12,primary,safety,s2,Urgent spine MRI and neurosurgical consultation.,unspecified,,,,
RF0AE7DF5DC12,second,safety,s2,Urgent spine MRI and neurosurgical consultation.,unspecified,,,,
RF0AE7DF5DC12,consensus,safety,s2,Urgent spine MRI and neurosurgical consultation.,unspecified,,,,
RF0AE7DF5DC12,primary,safety,s3,Avoid empiric thrombolysis for presumed stroke without localization; anticoagulation may worsen hematoma.,unspecified,,,,
RF0AE7DF5DC12,second,safety,s3,Avoid empiric thrombolysis for presumed stroke without localization; anticoagulation may worsen hematoma.,unspecified,,,,
RF0AE7DF5DC12,consensus,safety,s3,Avoid empiric thrombolysis for presumed stroke without localization; anticoagulation may worsen hematoma.,unspecified,,,,
RC5466F491066,primary,expected_action,a1,"[{""code_or_concept"": ""hemoglobin"", ""tool"": ""request_lab""}]",critical,,,,
RC5466F491066,second,expected_action,a1,"[{""code_or_concept"": ""hemoglobin"", ""tool"": ""request_lab""}]",critical,,,,
RC5466F491066,consensus,expected_action,a1,"[{""code_or_concept"": ""hemoglobin"", ""tool"": ""request_lab""}]",critical,,,,
RC5466F491066,primary,expected_action,a2,"[{""code_or_concept"": ""hemolysis"", ""tool"": ""request_lab""}]",critical,,,,
RC5466F491066,second,expected_action,a2,"[{""code_or_concept"": ""hemolysis"", ""tool"": ""request_lab""}]",critical,,,,
RC5466F491066,consensus,expected_action,a2,"[{""code_or_concept"": ""hemolysis"", ""tool"": ""request_lab""}]",critical,,,,
RC5466F491066,primary,expected_action,a3,"[{""code_or_concept"": ""dat"", ""tool"": ""request_lab""}]",critical,,,,
RC5466F491066,second,expected_action,a3,"[{""code_or_concept"": ""dat"", ""tool"": ""request_lab""}]",critical,,,,
RC5466F491066,consensus,expected_action,a3,"[{""code_or_concept"": ""dat"", ""tool"": ""request_lab""}]",critical,,,,
RC5466F491066,primary,expected_action,a4,"[{""code_or_concept"": ""steroids"", ""tool"": ""prescribe_medication""}]",critical,,,,
RC5466F491066,second,expected_action,a4,"[{""code_or_concept"": ""steroids"", ""tool"": ""prescribe_medication""}]",critical,,,,
RC5466F491066,consensus,expected_action,a4,"[{""code_or_concept"": ""steroids"", ""tool"": ""prescribe_medication""}]",critical,,,,
RC5466F491066,primary,expected_action,a5,"[{""code_or_concept"": ""transfusion"", ""tool"": ""request_procedure""}]",critical,,,,
RC5466F491066,second,expected_action,a5,"[{""code_or_concept"": ""transfusion"", ""tool"": ""request_procedure""}]",critical,,,,
RC5466F491066,consensus,expected_action,a5,"[{""code_or_concept"": ""transfusion"", ""tool"": ""request_procedure""}]",critical,,,,
RC5466F491066,primary,expected_action,a6,"[{""code_or_concept"": ""ward"", ""tool"": ""disposition""}]",critical,,,,
RC5466F491066,second,expected_action,a6,"[{""code_or_concept"": ""ward"", ""tool"": ""disposition""}]",critical,,,,
RC5466F491066,consensus,expected_action,a6,"[{""code_or_concept"": ""ward"", ""tool"": ""disposition""}]",critical,,,,
RC5466F491066,primary,safety,s1,Severe symptomatic anemia requires urgent assessment and transfusion strategy.,unspecified,,,,
RC5466F491066,second,safety,s1,Severe symptomatic anemia requires urgent assessment and transfusion strategy.,unspecified,,,,
RC5466F491066,consensus,safety,s1,Severe symptomatic anemia requires urgent assessment and transfusion strategy.,unspecified,,,,
RC5466F491066,primary,safety,s2,Stop immune checkpoint therapy in life-threatening immune-mediated toxicity.,unspecified,,,,
RC5466F491066,second,safety,s2,Stop immune checkpoint therapy in life-threatening immune-mediated toxicity.,unspecified,,,,
RC5466F491066,consensus,safety,s2,Stop immune checkpoint therapy in life-threatening immune-mediated toxicity.,unspecified,,,,
RC5466F491066,primary,safety,s3,Compatibility testing may be complicated by panreactive autoantibody.,unspecified,,,,
RC5466F491066,second,safety,s3,Compatibility testing may be complicated by panreactive autoantibody.,unspecified,,,,
RC5466F491066,consensus,safety,s3,Compatibility testing may be complicated by panreactive autoantibody.,unspecified,,,,
R360D3910B5E1,primary,expected_action,a1,"[{""code_or_concept"": ""ct_abdomen"", ""tool"": ""request_imaging""}]",critical,,,,
R360D3910B5E1,second,expected_action,a1,"[{""code_or_concept"": ""ct_abdomen"", ""tool"": ""request_imaging""}]",critical,,,,
R360D3910B5E1,consensus,expected_action,a1,"[{""code_or_concept"": ""ct_abdomen"", ""tool"": ""request_imaging""}]",critical,,,,
R360D3910B5E1,primary,expected_action,a2,"[{""code_or_concept"": ""laparotomy"", ""tool"": ""request_procedure""}]",critical,,,,
R360D3910B5E1,second,expected_action,a2,"[{""code_or_concept"": ""laparotomy"", ""tool"": ""request_procedure""}]",critical,,,,
R360D3910B5E1,consensus,expected_action,a2,"[{""code_or_concept"": ""laparotomy"", ""tool"": ""request_procedure""}]",critical,,,,
R360D3910B5E1,primary,expected_action,a3,"[{""code_or_concept"": ""antibiotics"", ""tool"": ""prescribe_medication""}]",critical,,,,
R360D3910B5E1,second,expected_action,a3,"[{""code_or_concept"": ""antibiotics"", ""tool"": ""prescribe_medication""}]",critical,,,,
R360D3910B5E1,consensus,expected_action,a3,"[{""code_or_concept"": ""antibiotics"", ""tool"": ""prescribe_medication""}]",critical,,,,
R360D3910B5E1,primary,expected_action,a4,"[{""code_or_concept"": ""ICU"", ""tool"": ""disposition""}]",recommended,,,,
R360D3910B5E1,second,expected_action,a4,"[{""code_or_concept"": ""ICU"", ""tool"": ""disposition""}]",recommended,,,,
R360D3910B5E1,consensus,expected_action,a4,"[{""code_or_concept"": ""ICU"", ""tool"": ""disposition""}]",recommended,,,,
R360D3910B5E1,primary,safety,s1,Do not delay urgent source control for microbiology.,unspecified,,,,
R360D3910B5E1,second,safety,s1,Do not delay urgent source control for microbiology.,unspecified,,,,
R360D3910B5E1,consensus,safety,s1,Do not delay urgent source control for microbiology.,unspecified,,,,
R360D3910B5E1,primary,safety,s2,Research cfDNA result was retrospective and must not be given to the agent during acute management.,unspecified,,,,
R360D3910B5E1,second,safety,s2,Research cfDNA result was retrospective and must not be given to the agent during acute management.,unspecified,,,,
R360D3910B5E1,consensus,safety,s2,Research cfDNA result was retrospective and must not be given to the agent during acute management.,unspecified,,,,
R0123C89BB1BE,primary,expected_action,a1,"[{""code_or_concept"": ""neurologic"", ""tool"": ""request_physical_exam""}]",critical,,,,
R0123C89BB1BE,second,expected_action,a1,"[{""code_or_concept"": ""neurologic"", ""tool"": ""request_physical_exam""}]",critical,,,,
R0123C89BB1BE,consensus,expected_action,a1,"[{""code_or_concept"": ""neurologic"", ""tool"": ""request_physical_exam""}]",critical,,,,
R0123C89BB1BE,primary,expected_action,a2,"[{""code_or_concept"": ""spine_mri"", ""tool"": ""request_imaging""}]",critical,,,,
R0123C89BB1BE,second,expected_action,a2,"[{""code_or_concept"": ""spine_mri"", ""tool"": ""request_imaging""}]",critical,,,,
R0123C89BB1BE,consensus,expected_action,a2,"[{""code_or_concept"": ""spine_mri"", ""tool"": ""request_imaging""}]",critical,,,,
R0123C89BB1BE,primary,expected_action,a3,"[{""code_or_concept"": ""hematoma_evacuation"", ""tool"": ""request_procedure""}]",critical,,,,
R0123C89BB1BE,second,expected_action,a3,"[{""code_or_concept"": ""hematoma_evacuation"", ""tool"": ""request_procedure""}]",critical,,,,
R0123C89BB1BE,consensus,expected_action,a3,"[{""code_or_concept"": ""hematoma_evacuation"", ""tool"": ""request_procedure""}]",critical,,,,
R0123C89BB1BE,primary,expected_action,a4,"[{""code_or_concept"": ""surgery"", ""tool"": ""disposition""}]",critical,,,,
R0123C89BB1BE,second,expected_action,a4,"[{""code_or_concept"": ""surgery"", ""tool"": ""disposition""}]",critical,,,,
R0123C89BB1BE,consensus,expected_action,a4,"[{""code_or_concept"": ""surgery"", ""tool"": ""disposition""}]",critical,,,,
R0123C89BB1BE,primary,safety,s1,Treat evolving paraplegia and sphincter dysfunction as spinal emergency.,unspecified,,,,
R0123C89BB1BE,second,safety,s1,Treat evolving paraplegia and sphincter dysfunction as spinal emergency.,unspecified,,,,
R0123C89BB1BE,consensus,safety,s1,Treat evolving paraplegia and sphincter dysfunction as spinal emergency.,unspecified,,,,
R0123C89BB1BE,primary,safety,s2,Urgent spine MRI and neurosurgical consultation.,unspecified,,,,
R0123C89BB1BE,second,safety,s2,Urgent spine MRI and neurosurgical consultation.,unspecified,,,,
R0123C89BB1BE,consensus,safety,s2,Urgent spine MRI and neurosurgical consultation.,unspecified,,,,
R0123C89BB1BE,primary,safety,s3,Avoid empiric thrombolysis for presumed stroke without localization; anticoagulation may worsen hematoma.,unspecified,,,,
R0123C89BB1BE,second,safety,s3,Avoid empiric thrombolysis for presumed stroke without localization; anticoagulation may worsen hematoma.,unspecified,,,,
R0123C89BB1BE,consensus,safety,s3,Avoid empiric thrombolysis for presumed stroke without localization; anticoagulation may worsen hematoma.,unspecified,,,,
RD6DA2D2D8B4E,primary,expected_action,a1,"[{""code_or_concept"": ""ecg"", ""tool"": ""request_ecg_or_test""}]",critical,,,,
RD6DA2D2D8B4E,second,expected_action,a1,"[{""code_or_concept"": ""ecg"", ""tool"": ""request_ecg_or_test""}]",critical,,,,
RD6DA2D2D8B4E,consensus,expected_action,a1,"[{""code_or_concept"": ""ecg"", ""tool"": ""request_ecg_or_test""}]",critical,,,,
RD6DA2D2D8B4E,primary,expected_action,a2,"[{""code_or_concept"": ""echo"", ""tool"": ""request_ecg_or_test""}]",critical,,,,
RD6DA2D2D8B4E,second,expected_action,a2,"[{""code_or_concept"": ""echo"", ""tool"": ""request_ecg_or_test""}]",critical,,,,
RD6DA2D2D8B4E,consensus,expected_action,a2,"[{""code_or_concept"": ""echo"", ""tool"": ""request_ecg_or_test""}]",critical,,,,
RD6DA2D2D8B4E,primary,expected_action,a3,"[{""code_or_concept"": ""ctpa"", ""tool"": ""request_imaging""}]",recommended,,,,
RD6DA2D2D8B4E,second,expected_action,a3,"[{""code_or_concept"": ""ctpa"", ""tool"": ""request_imaging""}]",recommended,,,,
RD6DA2D2D8B4E,consensus,expected_action,a3,"[{""code_or_concept"": ""ctpa"", ""tool"": ""request_imaging""}]",recommended,,,,
RD6DA2D2D8B4E,primary,expected_action,a4,"[{""code_or_concept"": ""cardiac_mri"", ""tool"": ""request_imaging""}]",recommended,,,,
RD6DA2D2D8B4E,second,expected_action,a4,"[{""code_or_concept"": ""cardiac_mri"", ""tool"": ""request_imaging""}]",recommended,,,,
RD6DA2D2D8B4E,consensus,expected_action,a4,"[{""code_or_concept"": ""cardiac_mri"", ""tool"": ""request_imaging""}]",recommended,,,,
RD6DA2D2D8B4E,primary,expected_action,a5,"[{""code_or_concept"": ""pacemaker"", ""tool"": ""request_procedure""}]",critical,,,,
RD6DA2D2D8B4E,second,expected_action,a5,"[{""code_or_concept"": ""pacemaker"", ""tool"": ""request_procedure""}]",critical,,,,
RD6DA2D2D8B4E,consensus,expected_action,a5,"[{""code_or_concept"": ""pacemaker"", ""tool"": ""request_procedure""}]",critical,,,,
RD6DA2D2D8B4E,primary,expected_action,a6,"[{""code_or_concept"": ""ward"", ""tool"": ""disposition""}]",recommended,,,,
RD6DA2D2D8B4E,second,expected_action,a6,"[{""code_or_concept"": ""ward"", ""tool"": ""disposition""}]",recommended,,,,
RD6DA2D2D8B4E,consensus,expected_action,a6,"[{""code_or_concept"": ""ward"", ""tool"": ""disposition""}]",recommended,,,,
RD6DA2D2D8B4E,primary,safety,s1,Symptomatic bradycardia and AV block need prompt stabilization and pacing assessment.,unspecified,,,,
RD6DA2D2D8B4E,second,safety,s1,Symptomatic bradycardia and AV block need prompt stabilization and pacing assessment.,unspecified,,,,
RD6DA2D2D8B4E,consensus,safety,s1,Symptomatic bradycardia and AV block need prompt stabilization and pacing assessment.,unspecified,,,,
RD6DA2D2D8B4E,primary,safety,s2,Do not diagnose PE solely from elevated D-dimer.,unspecified,,,,
RD6DA2D2D8B4E,second,safety,s2,Do not diagnose PE solely from elevated D-dimer.,unspecified,,,,
RD6DA2D2D8B4E,consensus,safety,s2,Do not diagnose PE solely from elevated D-dimer.,unspecified,,,,
RD6DA2D2D8B4E,primary,safety,s3,Anticoagulation decision with atrial standstill requires explicit individualized assessment.,unspecified,,,,
RD6DA2D2D8B4E,second,safety,s3,Anticoagulation decision with atrial standstill requires explicit individualized assessment.,unspecified,,,,
RD6DA2D2D8B4E,consensus,safety,s3,Anticoagulation decision with atrial standstill requires explicit individualized assessment.,unspecified,,,,
RAB2DED3849EB,primary,expected_action,a1,"[{""code_or_concept"": ""ct_abdomen"", ""tool"": ""request_imaging""}]",critical,,,,
RAB2DED3849EB,second,expected_action,a1,"[{""code_or_concept"": ""ct_abdomen"", ""tool"": ""request_imaging""}]",critical,,,,
RAB2DED3849EB,consensus,expected_action,a1,"[{""code_or_concept"": ""ct_abdomen"", ""tool"": ""request_imaging""}]",critical,,,,
RAB2DED3849EB,primary,expected_action,a2,"[{""code_or_concept"": ""laparotomy"", ""tool"": ""request_procedure""}]",critical,,,,
RAB2DED3849EB,second,expected_action,a2,"[{""code_or_concept"": ""laparotomy"", ""tool"": ""request_procedure""}]",critical,,,,
RAB2DED3849EB,consensus,expected_action,a2,"[{""code_or_concept"": ""laparotomy"", ""tool"": ""request_procedure""}]",critical,,,,
RAB2DED3849EB,primary,expected_action,a3,"[{""code_or_concept"": ""antibiotics"", ""tool"": ""prescribe_medication""}]",critical,,,,
RAB2DED3849EB,second,expected_action,a3,"[{""code_or_concept"": ""antibiotics"", ""tool"": ""prescribe_medication""}]",critical,,,,
RAB2DED3849EB,consensus,expected_action,a3,"[{""code_or_concept"": ""antibiotics"", ""tool"": ""prescribe_medication""}]",critical,,,,
RAB2DED3849EB,primary,expected_action,a4,"[{""code_or_concept"": ""ICU"", ""tool"": ""disposition""}]",recommended,,,,
RAB2DED3849EB,second,expected_action,a4,"[{""code_or_concept"": ""ICU"", ""tool"": ""disposition""}]",recommended,,,,
RAB2DED3849EB,consensus,expected_action,a4,"[{""code_or_concept"": ""ICU"", ""tool"": ""disposition""}]",recommended,,,,
RAB2DED3849EB,primary,safety,s1,Do not delay urgent source control for microbiology.,unspecified,,,,
RAB2DED3849EB,second,safety,s1,Do not delay urgent source control for microbiology.,unspecified,,,,
RAB2DED3849EB,consensus,safety,s1,Do not delay urgent source control for microbiology.,unspecified,,,,
RAB2DED3849EB,primary,safety,s2,Research cfDNA result was retrospective and must not be given to the agent during acute management.,unspecified,,,,
RAB2DED3849EB,second,safety,s2,Research cfDNA result was retrospective and must not be given to the agent during acute management.,unspecified,,,,
RAB2DED3849EB,consensus,safety,s2,Research cfDNA result was retrospective and must not be given to the agent during acute management.,unspecified,,,,
R9148F4BFF539,primary,expected_action,a1,"[{""code_or_concept"": ""echo"", ""tool"": ""request_ecg_or_test""}]",critical,,,,
R9148F4BFF539,second,expected_action,a1,"[{""code_or_concept"": ""echo"", ""tool"": ""request_ecg_or_test""}]",critical,,,,
R9148F4BFF539,consensus,expected_action,a1,"[{""code_or_concept"": ""echo"", ""tool"": ""request_ecg_or_test""}]",critical,,,,
R9148F4BFF539,primary,expected_action,a2,"[{""code_or_concept"": ""pericardiocentesis"", ""tool"": ""request_procedure""}]",critical,,,,
R9148F4BFF539,second,expected_action,a2,"[{""code_or_concept"": ""pericardiocentesis"", ""tool"": ""request_procedure""}]",critical,,,,
R9148F4BFF539,consensus,expected_action,a2,"[{""code_or_concept"": ""pericardiocentesis"", ""tool"": ""request_procedure""}]",critical,,,,
R9148F4BFF539,primary,expected_action,a3,"[{""code_or_concept"": ""coronary_angiography"", ""tool"": ""request_imaging""}, {""code_or_concept"": ""coronary_angiography"", ""tool"": ""request_procedure""}]",critical,,,,
R9148F4BFF539,second,expected_action,a3,"[{""code_or_concept"": ""coronary_angiography"", ""tool"": ""request_imaging""}, {""code_or_concept"": ""coronary_angiography"", ""tool"": ""request_procedure""}]",critical,,,,
R9148F4BFF539,consensus,expected_action,a3,"[{""code_or_concept"": ""coronary_angiography"", ""tool"": ""request_imaging""}, {""code_or_concept"": ""coronary_angiography"", ""tool"": ""request_procedure""}]",critical,,,,
R9148F4BFF539,primary,expected_action,a4,"[{""code_or_concept"": ""covered_stent"", ""tool"": ""request_procedure""}]",optional,,,,
R9148F4BFF539,second,expected_action,a4,"[{""code_or_concept"": ""covered_stent"", ""tool"": ""request_procedure""}]",optional,,,,
R9148F4BFF539,consensus,expected_action,a4,"[{""code_or_concept"": ""covered_stent"", ""tool"": ""request_procedure""}]",optional,,,,
R9148F4BFF539,primary,expected_action,a5,"[{""code_or_concept"": ""antibiotics"", ""tool"": ""prescribe_medication""}]",critical,,,,
R9148F4BFF539,second,expected_action,a5,"[{""code_or_concept"": ""antibiotics"", ""tool"": ""prescribe_medication""}]",critical,,,,
R9148F4BFF539,consensus,expected_action,a5,"[{""code_or_concept"": ""antibiotics"", ""tool"": ""prescribe_medication""}]",critical,,,,
R9148F4BFF539,primary,expected_action,a6,"[{""code_or_concept"": ""ICU"", ""tool"": ""disposition""}, {""code_or_concept"": ""surgery"", ""tool"": ""disposition""}]",recommended,,,,
R9148F4BFF539,second,expected_action,a6,"[{""code_or_concept"": ""ICU"", ""tool"": ""disposition""}, {""code_or_concept"": ""surgery"", ""tool"": ""disposition""}]",recommended,,,,
R9148F4BFF539,consensus,expected_action,a6,"[{""code_or_concept"": ""ICU"", ""tool"": ""disposition""}, {""code_or_concept"": ""surgery"", ""tool"": ""disposition""}]",recommended,,,,
R9148F4BFF539,primary,safety,s1,Recognize tamponade and shock; urgent drainage.,unspecified,,,,
R9148F4BFF539,second,safety,s1,Recognize tamponade and shock; urgent drainage.,unspecified,,,,
R9148F4BFF539,consensus,safety,s1,Recognize tamponade and shock; urgent drainage.,unspecified,,,,
R9148F4BFF539,primary,safety,s2,Avoid delay in coronary and structural evaluation after stabilization.,unspecified,,,,
R9148F4BFF539,second,safety,s2,Avoid delay in coronary and structural evaluation after stabilization.,unspecified,,,,
R9148F4BFF539,consensus,safety,s2,Avoid delay in coronary and structural evaluation after stabilization.,unspecified,,,,
R9148F4BFF539,primary,safety,s3,Account for active infection and dialysis in medication and procedure decisions.,unspecified,,,,
R9148F4BFF539,second,safety,s3,Account for active infection and dialysis in medication and procedure decisions.,unspecified,,,,
R9148F4BFF539,consensus,safety,s3,Account for active infection and dialysis in medication and procedure decisions.,unspecified,,,,
R361E62391A37,primary,expected_action,a1,"[{""code_or_concept"": ""ct_abdomen"", ""tool"": ""request_imaging""}]",critical,,,,
R361E62391A37,second,expected_action,a1,"[{""code_or_concept"": ""ct_abdomen"", ""tool"": ""request_imaging""}]",critical,,,,
R361E62391A37,consensus,expected_action,a1,"[{""code_or_concept"": ""ct_abdomen"", ""tool"": ""request_imaging""}]",critical,,,,
R361E62391A37,primary,expected_action,a2,"[{""code_or_concept"": ""laparotomy"", ""tool"": ""request_procedure""}, {""code_or_concept"": ""laparoscopy"", ""tool"": ""request_procedure""}]",critical,,,,
R361E62391A37,second,expected_action,a2,"[{""code_or_concept"": ""laparotomy"", ""tool"": ""request_procedure""}, {""code_or_concept"": ""laparoscopy"", ""tool"": ""request_procedure""}]",critical,,,,
R361E62391A37,consensus,expected_action,a2,"[{""code_or_concept"": ""laparotomy"", ""tool"": ""request_procedure""}, {""code_or_concept"": ""laparoscopy"", ""tool"": ""request_procedure""}]",critical,,,,
R361E62391A37,primary,expected_action,a3,"[{""code_or_concept"": ""surgery"", ""tool"": ""disposition""}, {""code_or_concept"": ""ICU"", ""tool"": ""disposition""}]",critical,,,,
R361E62391A37,second,expected_action,a3,"[{""code_or_concept"": ""surgery"", ""tool"": ""disposition""}, {""code_or_concept"": ""ICU"", ""tool"": ""disposition""}]",critical,,,,
R361E62391A37,consensus,expected_action,a3,"[{""code_or_concept"": ""surgery"", ""tool"": ""disposition""}, {""code_or_concept"": ""ICU"", ""tool"": ""disposition""}]",critical,,,,
R361E62391A37,primary,safety,s1,Peritoneal signs and obstruction demand urgent surgical assessment.,unspecified,,,,
R361E62391A37,second,safety,s1,Peritoneal signs and obstruction demand urgent surgical assessment.,unspecified,,,,
R361E62391A37,consensus,safety,s1,Peritoneal signs and obstruction demand urgent surgical assessment.,unspecified,,,,
R361E62391A37,primary,safety,s2,Prior biliary stent history materially changes interpretation of linear CT foreign body.,unspecified,,,,
R361E62391A37,second,safety,s2,Prior biliary stent history materially changes interpretation of linear CT foreign body.,unspecified,,,,
R361E62391A37,consensus,safety,s2,Prior biliary stent history materially changes interpretation of linear CT foreign body.,unspecified,,,,
R361E62391A37,primary,safety,s3,Consider anticoagulation and COPD risk during perioperative planning; source does not specify drug regimen.,unspecified,,,,
R361E62391A37,second,safety,s3,Consider anticoagulation and COPD risk during perioperative planning; source does not specify drug regimen.,unspecified,,,,
R361E62391A37,consensus,safety,s3,Consider anticoagulation and COPD risk during perioperative planning; source does not specify drug regimen.,unspecified,,,,
R3B3CFD2B2443,primary,expected_action,a1,"[{""code_or_concept"": ""echo"", ""tool"": ""request_ecg_or_test""}]",critical,,,,
R3B3CFD2B2443,second,expected_action,a1,"[{""code_or_concept"": ""echo"", ""tool"": ""request_ecg_or_test""}]",critical,,,,
R3B3CFD2B2443,consensus,expected_action,a1,"[{""code_or_concept"": ""echo"", ""tool"": ""request_ecg_or_test""}]",critical,,,,
R3B3CFD2B2443,primary,expected_action,a2,"[{""code_or_concept"": ""pericardiocentesis"", ""tool"": ""request_procedure""}]",critical,,,,
R3B3CFD2B2443,second,expected_action,a2,"[{""code_or_concept"": ""pericardiocentesis"", ""tool"": ""request_procedure""}]",critical,,,,
R3B3CFD2B2443,consensus,expected_action,a2,"[{""code_or_concept"": ""pericardiocentesis"", ""tool"": ""request_procedure""}]",critical,,,,
R3B3CFD2B2443,primary,expected_action,a3,"[{""code_or_concept"": ""coronary_angiography"", ""tool"": ""request_imaging""}, {""code_or_concept"": ""coronary_angiography"", ""tool"": ""request_procedure""}]",critical,,,,
R3B3CFD2B2443,second,expected_action,a3,"[{""code_or_concept"": ""coronary_angiography"", ""tool"": ""request_imaging""}, {""code_or_concept"": ""coronary_angiography"", ""tool"": ""request_procedure""}]",critical,,,,
R3B3CFD2B2443,consensus,expected_action,a3,"[{""code_or_concept"": ""coronary_angiography"", ""tool"": ""request_imaging""}, {""code_or_concept"": ""coronary_angiography"", ""tool"": ""request_procedure""}]",critical,,,,
R3B3CFD2B2443,primary,expected_action,a4,"[{""code_or_concept"": ""covered_stent"", ""tool"": ""request_procedure""}]",optional,,,,
R3B3CFD2B2443,second,expected_action,a4,"[{""code_or_concept"": ""covered_stent"", ""tool"": ""request_procedure""}]",optional,,,,
R3B3CFD2B2443,consensus,expected_action,a4,"[{""code_or_concept"": ""covered_stent"", ""tool"": ""request_procedure""}]",optional,,,,
R3B3CFD2B2443,primary,expected_action,a5,"[{""code_or_concept"": ""antibiotics"", ""tool"": ""prescribe_medication""}]",critical,,,,
R3B3CFD2B2443,second,expected_action,a5,"[{""code_or_concept"": ""antibiotics"", ""tool"": ""prescribe_medication""}]",critical,,,,
R3B3CFD2B2443,consensus,expected_action,a5,"[{""code_or_concept"": ""antibiotics"", ""tool"": ""prescribe_medication""}]",critical,,,,
R3B3CFD2B2443,primary,expected_action,a6,"[{""code_or_concept"": ""ICU"", ""tool"": ""disposition""}, {""code_or_concept"": ""surgery"", ""tool"": ""disposition""}]",recommended,,,,
R3B3CFD2B2443,second,expected_action,a6,"[{""code_or_concept"": ""ICU"", ""tool"": ""disposition""}, {""code_or_concept"": ""surgery"", ""tool"": ""disposition""}]",recommended,,,,
R3B3CFD2B2443,consensus,expected_action,a6,"[{""code_or_concept"": ""ICU"", ""tool"": ""disposition""}, {""code_or_concept"": ""surgery"", ""tool"": ""disposition""}]",recommended,,,,
R3B3CFD2B2443,primary,safety,s1,Recognize tamponade and shock; urgent drainage.,unspecified,,,,
R3B3CFD2B2443,second,safety,s1,Recognize tamponade and shock; urgent drainage.,unspecified,,,,
R3B3CFD2B2443,consensus,safety,s1,Recognize tamponade and shock; urgent drainage.,unspecified,,,,
R3B3CFD2B2443,primary,safety,s2,Avoid delay in coronary and structural evaluation after stabilization.,unspecified,,,,
R3B3CFD2B2443,second,safety,s2,Avoid delay in coronary and structural evaluation after stabilization.,unspecified,,,,
R3B3CFD2B2443,consensus,safety,s2,Avoid delay in coronary and structural evaluation after stabilization.,unspecified,,,,
R3B3CFD2B2443,primary,safety,s3,Account for active infection and dialysis in medication and procedure decisions.,unspecified,,,,
R3B3CFD2B2443,second,safety,s3,Account for active infection and dialysis in medication and procedure decisions.,unspecified,,,,
R3B3CFD2B2443,consensus,safety,s3,Account for active infection and dialysis in medication and procedure decisions.,unspecified,,,,
RBA8B7B7E5039,primary,expected_action,a1,"[{""code_or_concept"": ""hemoglobin"", ""tool"": ""request_lab""}]",critical,,,,
RBA8B7B7E5039,second,expected_action,a1,"[{""code_or_concept"": ""hemoglobin"", ""tool"": ""request_lab""}]",critical,,,,
RBA8B7B7E5039,consensus,expected_action,a1,"[{""code_or_concept"": ""hemoglobin"", ""tool"": ""request_lab""}]",critical,,,,
RBA8B7B7E5039,primary,expected_action,a2,"[{""code_or_concept"": ""hemolysis"", ""tool"": ""request_lab""}]",critical,,,,
RBA8B7B7E5039,second,expected_action,a2,"[{""code_or_concept"": ""hemolysis"", ""tool"": ""request_lab""}]",critical,,,,
RBA8B7B7E5039,consensus,expected_action,a2,"[{""code_or_concept"": ""hemolysis"", ""tool"": ""request_lab""}]",critical,,,,
RBA8B7B7E5039,primary,expected_action,a3,"[{""code_or_concept"": ""dat"", ""tool"": ""request_lab""}]",critical,,,,
RBA8B7B7E5039,second,expected_action,a3,"[{""code_or_concept"": ""dat"", ""tool"": ""request_lab""}]",critical,,,,
RBA8B7B7E5039,consensus,expected_action,a3,"[{""code_or_concept"": ""dat"", ""tool"": ""request_lab""}]",critical,,,,
RBA8B7B7E5039,primary,expected_action,a4,"[{""code_or_concept"": ""steroids"", ""tool"": ""prescribe_medication""}]",critical,,,,
RBA8B7B7E5039,second,expected_action,a4,"[{""code_or_concept"": ""steroids"", ""tool"": ""prescribe_medication""}]",critical,,,,
RBA8B7B7E5039,consensus,expected_action,a4,"[{""code_or_concept"": ""steroids"", ""tool"": ""prescribe_medication""}]",critical,,,,
RBA8B7B7E5039,primary,expected_action,a5,"[{""code_or_concept"": ""transfusion"", ""tool"": ""request_procedure""}]",critical,,,,
RBA8B7B7E5039,second,expected_action,a5,"[{""code_or_concept"": ""transfusion"", ""tool"": ""request_procedure""}]",critical,,,,
RBA8B7B7E5039,consensus,expected_action,a5,"[{""code_or_concept"": ""transfusion"", ""tool"": ""request_procedure""}]",critical,,,,
RBA8B7B7E5039,primary,expected_action,a6,"[{""code_or_concept"": ""ward"", ""tool"": ""disposition""}]",critical,,,,
RBA8B7B7E5039,second,expected_action,a6,"[{""code_or_concept"": ""ward"", ""tool"": ""disposition""}]",critical,,,,
RBA8B7B7E5039,consensus,expected_action,a6,"[{""code_or_concept"": ""ward"", ""tool"": ""disposition""}]",critical,,,,
RBA8B7B7E5039,primary,safety,s1,Severe symptomatic anemia requires urgent assessment and transfusion strategy.,unspecified,,,,
RBA8B7B7E5039,second,safety,s1,Severe symptomatic anemia requires urgent assessment and transfusion strategy.,unspecified,,,,
RBA8B7B7E5039,consensus,safety,s1,Severe symptomatic anemia requires urgent assessment and transfusion strategy.,unspecified,,,,
RBA8B7B7E5039,primary,safety,s2,Stop immune checkpoint therapy in life-threatening immune-mediated toxicity.,unspecified,,,,
RBA8B7B7E5039,second,safety,s2,Stop immune checkpoint therapy in life-threatening immune-mediated toxicity.,unspecified,,,,
RBA8B7B7E5039,consensus,safety,s2,Stop immune checkpoint therapy in life-threatening immune-mediated toxicity.,unspecified,,,,
RBA8B7B7E5039,primary,safety,s3,Compatibility testing may be complicated by panreactive autoantibody.,unspecified,,,,
RBA8B7B7E5039,second,safety,s3,Compatibility testing may be complicated by panreactive autoantibody.,unspecified,,,,
RBA8B7B7E5039,consensus,safety,s3,Compatibility testing may be complicated by panreactive autoantibody.,unspecified,,,,
R22C57B0817F0,primary,expected_action,a1,"[{""code_or_concept"": ""adrenal_hormones"", ""tool"": ""request_lab""}]",critical,,,,
R22C57B0817F0,second,expected_action,a1,"[{""code_or_concept"": ""adrenal_hormones"", ""tool"": ""request_lab""}]",critical,,,,
R22C57B0817F0,consensus,expected_action,a1,"[{""code_or_concept"": ""adrenal_hormones"", ""tool"": ""request_lab""}]",critical,,,,
R22C57B0817F0,primary,expected_action,a2,"[{""code_or_concept"": ""adrenal_ct"", ""tool"": ""request_imaging""}]",recommended,,,,
R22C57B0817F0,second,expected_action,a2,"[{""code_or_concept"": ""adrenal_ct"", ""tool"": ""request_imaging""}]",recommended,,,,
R22C57B0817F0,consensus,expected_action,a2,"[{""code_or_concept"": ""adrenal_ct"", ""tool"": ""request_imaging""}]",recommended,,,,
R22C57B0817F0,primary,expected_action,a3,"[{""code_or_concept"": ""adrenal_biopsy"", ""tool"": ""request_procedure""}]",optional,,,,
R22C57B0817F0,second,expected_action,a3,"[{""code_or_concept"": ""adrenal_biopsy"", ""tool"": ""request_procedure""}]",optional,,,,
R22C57B0817F0,consensus,expected_action,a3,"[{""code_or_concept"": ""adrenal_biopsy"", ""tool"": ""request_procedure""}]",optional,,,,
R22C57B0817F0,primary,expected_action,a4,"[{""code_or_concept"": ""adrenal_tb_pcr"", ""tool"": ""request_microbiology""}]",optional,,,,
R22C57B0817F0,second,expected_action,a4,"[{""code_or_concept"": ""adrenal_tb_pcr"", ""tool"": ""request_microbiology""}]",optional,,,,
R22C57B0817F0,consensus,expected_action,a4,"[{""code_or_concept"": ""adrenal_tb_pcr"", ""tool"": ""request_microbiology""}]",optional,,,,
R22C57B0817F0,primary,expected_action,a5,"[{""code_or_concept"": ""hydrocortisone"", ""tool"": ""prescribe_medication""}]",critical,,,,
R22C57B0817F0,second,expected_action,a5,"[{""code_or_concept"": ""hydrocortisone"", ""tool"": ""prescribe_medication""}]",critical,,,,
R22C57B0817F0,consensus,expected_action,a5,"[{""code_or_concept"": ""hydrocortisone"", ""tool"": ""prescribe_medication""}]",critical,,,,
R22C57B0817F0,primary,safety,s1,Recognize primary adrenal insufficiency and risk of adrenal crisis under stress.,unspecified,,,,
R22C57B0817F0,second,safety,s1,Recognize primary adrenal insufficiency and risk of adrenal crisis under stress.,unspecified,,,,
R22C57B0817F0,consensus,safety,s1,Recognize primary adrenal insufficiency and risk of adrenal crisis under stress.,unspecified,,,,
R22C57B0817F0,primary,safety,s2,Do not assume negative acid-fast stain excludes tuberculosis.,unspecified,,,,
R22C57B0817F0,second,safety,s2,Do not assume negative acid-fast stain excludes tuberculosis.,unspecified,,,,
R22C57B0817F0,consensus,safety,s2,Do not assume negative acid-fast stain excludes tuberculosis.,unspecified,,,,
R22C57B0817F0,primary,safety,s3,Antituberculous regimen in source is descriptive; independent guideline review is needed before rating as standard.,unspecified,,,,
R22C57B0817F0,second,safety,s3,Antituberculous regimen in source is descriptive; independent guideline review is needed before rating as standard.,unspecified,,,,
R22C57B0817F0,consensus,safety,s3,Antituberculous regimen in source is descriptive; independent guideline review is needed before rating as standard.,unspecified,,,,
R22C57B0817F0,primary,safety,s4,"Before adrenal biopsy, assess hormonal activity and exclude pheochromocytoma; if the source does not report this, mark unknown rather than safe by default.",unspecified,,,,
R22C57B0817F0,second,safety,s4,"Before adrenal biopsy, assess hormonal activity and exclude pheochromocytoma; if the source does not report this, mark unknown rather than safe by default.",unspecified,,,,
R22C57B0817F0,consensus,safety,s4,"Before adrenal biopsy, assess hormonal activity and exclude pheochromocytoma; if the source does not report this, mark unknown rather than safe by default.",unspecified,,,,
R301D9442C453,primary,expected_action,a1,"[{""code_or_concept"": ""pregnancy_test"", ""tool"": ""request_lab""}]",critical,,,,
R301D9442C453,second,expected_action,a1,"[{""code_or_concept"": ""pregnancy_test"", ""tool"": ""request_lab""}]",critical,,,,
R301D9442C453,consensus,expected_action,a1,"[{""code_or_concept"": ""pregnancy_test"", ""tool"": ""request_lab""}]",critical,,,,
R301D9442C453,primary,expected_action,a2,"[{""code_or_concept"": ""pelvic_ultrasound"", ""tool"": ""request_imaging""}]",critical,,,,
R301D9442C453,second,expected_action,a2,"[{""code_or_concept"": ""pelvic_ultrasound"", ""tool"": ""request_imaging""}]",critical,,,,
R301D9442C453,consensus,expected_action,a2,"[{""code_or_concept"": ""pelvic_ultrasound"", ""tool"": ""request_imaging""}]",critical,,,,
R301D9442C453,primary,expected_action,a3,"[{""code_or_concept"": ""laparoscopy"", ""tool"": ""request_procedure""}]",critical,,,,
R301D9442C453,second,expected_action,a3,"[{""code_or_concept"": ""laparoscopy"", ""tool"": ""request_procedure""}]",critical,,,,
R301D9442C453,consensus,expected_action,a3,"[{""code_or_concept"": ""laparoscopy"", ""tool"": ""request_procedure""}]",critical,,,,
R301D9442C453,primary,expected_action,a4,"[{""code_or_concept"": ""surgery"", ""tool"": ""disposition""}]",critical,,,,
R301D9442C453,second,expected_action,a4,"[{""code_or_concept"": ""surgery"", ""tool"": ""disposition""}]",critical,,,,
R301D9442C453,consensus,expected_action,a4,"[{""code_or_concept"": ""surgery"", ""tool"": ""disposition""}]",critical,,,,
R301D9442C453,primary,safety,s1,Pregnancy test is essential in reproductive-age patient with abdominal pain.,unspecified,,,,
R301D9442C453,second,safety,s1,Pregnancy test is essential in reproductive-age patient with abdominal pain.,unspecified,,,,
R301D9442C453,consensus,safety,s1,Pregnancy test is essential in reproductive-age patient with abdominal pain.,unspecified,,,,
R301D9442C453,primary,safety,s2,"No intrauterine pregnancy with hCG around 10,130 IU/L requires urgent ectopic pregnancy evaluation.",unspecified,,,,
R301D9442C453,second,safety,s2,"No intrauterine pregnancy with hCG around 10,130 IU/L requires urgent ectopic pregnancy evaluation.",unspecified,,,,
R301D9442C453,consensus,safety,s2,"No intrauterine pregnancy with hCG around 10,130 IU/L requires urgent ectopic pregnancy evaluation.",unspecified,,,,
R301D9442C453,primary,safety,s3,Hemorrhage and vascular implantation favor surgical planning with bleeding preparedness.,unspecified,,,,
R301D9442C453,second,safety,s3,Hemorrhage and vascular implantation favor surgical planning with bleeding preparedness.,unspecified,,,,
R301D9442C453,consensus,safety,s3,Hemorrhage and vascular implantation favor surgical planning with bleeding preparedness.,unspecified,,,,
RB4C95B799172,primary,expected_action,a1,"[{""code_or_concept"": ""ct_chest"", ""tool"": ""request_imaging""}]",recommended,,,,
RB4C95B799172,second,expected_action,a1,"[{""code_or_concept"": ""ct_chest"", ""tool"": ""request_imaging""}]",recommended,,,,
RB4C95B799172,consensus,expected_action,a1,"[{""code_or_concept"": ""ct_chest"", ""tool"": ""request_imaging""}]",recommended,,,,
RB4C95B799172,primary,expected_action,a2,"[{""code_or_concept"": ""thoracentesis"", ""tool"": ""request_procedure""}]",critical,,,,
RB4C95B799172,second,expected_action,a2,"[{""code_or_concept"": ""thoracentesis"", ""tool"": ""request_procedure""}]",critical,,,,
RB4C95B799172,consensus,expected_action,a2,"[{""code_or_concept"": ""thoracentesis"", ""tool"": ""request_procedure""}]",critical,,,,
RB4C95B799172,primary,expected_action,a3,"[{""code_or_concept"": ""pleural_biopsy"", ""tool"": ""request_procedure""}]",recommended,,,,
RB4C95B799172,second,expected_action,a3,"[{""code_or_concept"": ""pleural_biopsy"", ""tool"": ""request_procedure""}]",recommended,,,,
RB4C95B799172,consensus,expected_action,a3,"[{""code_or_concept"": ""pleural_biopsy"", ""tool"": ""request_procedure""}]",recommended,,,,
RB4C95B799172,primary,expected_action,a4,"[{""code_or_concept"": ""tumor_genetics"", ""tool"": ""request_ecg_or_test""}]",recommended,,,,
RB4C95B799172,second,expected_action,a4,"[{""code_or_concept"": ""tumor_genetics"", ""tool"": ""request_ecg_or_test""}]",recommended,,,,
RB4C95B799172,consensus,expected_action,a4,"[{""code_or_concept"": ""tumor_genetics"", ""tool"": ""request_ecg_or_test""}]",recommended,,,,
RB4C95B799172,primary,safety,s1,Do not conclude mesothelioma from asbestos history and CT alone; obtain cytology and tissue with immunophenotyping.,unspecified,,,,
RB4C95B799172,second,safety,s1,Do not conclude mesothelioma from asbestos history and CT alone; obtain cytology and tissue with immunophenotyping.,unspecified,,,,
RB4C95B799172,consensus,safety,s1,Do not conclude mesothelioma from asbestos history and CT alone; obtain cytology and tissue with immunophenotyping.,unspecified,,,,
RB4C95B799172,primary,safety,s2,Account for baseline interstitial lung disease when weighing immunotherapy pneumonitis risk.,unspecified,,,,
RB4C95B799172,second,safety,s2,Account for baseline interstitial lung disease when weighing immunotherapy pneumonitis risk.,unspecified,,,,
RB4C95B799172,consensus,safety,s2,Account for baseline interstitial lung disease when weighing immunotherapy pneumonitis risk.,unspecified,,,,
R0EC8845DA9FE,primary,expected_action,a1,"[{""code_or_concept"": ""adrenal_hormones"", ""tool"": ""request_lab""}]",critical,,,,
R0EC8845DA9FE,second,expected_action,a1,"[{""code_or_concept"": ""adrenal_hormones"", ""tool"": ""request_lab""}]",critical,,,,
R0EC8845DA9FE,consensus,expected_action,a1,"[{""code_or_concept"": ""adrenal_hormones"", ""tool"": ""request_lab""}]",critical,,,,
R0EC8845DA9FE,primary,expected_action,a2,"[{""code_or_concept"": ""adrenal_ct"", ""tool"": ""request_imaging""}]",recommended,,,,
R0EC8845DA9FE,second,expected_action,a2,"[{""code_or_concept"": ""adrenal_ct"", ""tool"": ""request_imaging""}]",recommended,,,,
R0EC8845DA9FE,consensus,expected_action,a2,"[{""code_or_concept"": ""adrenal_ct"", ""tool"": ""request_imaging""}]",recommended,,,,
R0EC8845DA9FE,primary,expected_action,a3,"[{""code_or_concept"": ""adrenal_biopsy"", ""tool"": ""request_procedure""}]",optional,,,,
R0EC8845DA9FE,second,expected_action,a3,"[{""code_or_concept"": ""adrenal_biopsy"", ""tool"": ""request_procedure""}]",optional,,,,
R0EC8845DA9FE,consensus,expected_action,a3,"[{""code_or_concept"": ""adrenal_biopsy"", ""tool"": ""request_procedure""}]",optional,,,,
R0EC8845DA9FE,primary,expected_action,a4,"[{""code_or_concept"": ""adrenal_tb_pcr"", ""tool"": ""request_microbiology""}]",optional,,,,
R0EC8845DA9FE,second,expected_action,a4,"[{""code_or_concept"": ""adrenal_tb_pcr"", ""tool"": ""request_microbiology""}]",optional,,,,
R0EC8845DA9FE,consensus,expected_action,a4,"[{""code_or_concept"": ""adrenal_tb_pcr"", ""tool"": ""request_microbiology""}]",optional,,,,
R0EC8845DA9FE,primary,expected_action,a5,"[{""code_or_concept"": ""hydrocortisone"", ""tool"": ""prescribe_medication""}]",critical,,,,
R0EC8845DA9FE,second,expected_action,a5,"[{""code_or_concept"": ""hydrocortisone"", ""tool"": ""prescribe_medication""}]",critical,,,,
R0EC8845DA9FE,consensus,expected_action,a5,"[{""code_or_concept"": ""hydrocortisone"", ""tool"": ""prescribe_medication""}]",critical,,,,
R0EC8845DA9FE,primary,safety,s1,Recognize primary adrenal insufficiency and risk of adrenal crisis under stress.,unspecified,,,,
R0EC8845DA9FE,second,safety,s1,Recognize primary adrenal insufficiency and risk of adrenal crisis under stress.,unspecified,,,,
R0EC8845DA9FE,consensus,safety,s1,Recognize primary adrenal insufficiency and risk of adrenal crisis under stress.,unspecified,,,,
R0EC8845DA9FE,primary,safety,s2,Do not assume negative acid-fast stain excludes tuberculosis.,unspecified,,,,
R0EC8845DA9FE,second,safety,s2,Do not assume negative acid-fast stain excludes tuberculosis.,unspecified,,,,
R0EC8845DA9FE,consensus,safety,s2,Do not assume negative acid-fast stain excludes tuberculosis.,unspecified,,,,
R0EC8845DA9FE,primary,safety,s3,Antituberculous regimen in source is descriptive; independent guideline review is needed before rating as standard.,unspecified,,,,
R0EC8845DA9FE,second,safety,s3,Antituberculous regimen in source is descriptive; independent guideline review is needed before rating as standard.,unspecified,,,,
R0EC8845DA9FE,consensus,safety,s3,Antituberculous regimen in source is descriptive; independent guideline review is needed before rating as standard.,unspecified,,,,
R0EC8845DA9FE,primary,safety,s4,"Before adrenal biopsy, assess hormonal activity and exclude pheochromocytoma; if the source does not report this, mark unknown rather than safe by default.",unspecified,,,,
R0EC8845DA9FE,second,safety,s4,"Before adrenal biopsy, assess hormonal activity and exclude pheochromocytoma; if the source does not report this, mark unknown rather than safe by default.",unspecified,,,,
R0EC8845DA9FE,consensus,safety,s4,"Before adrenal biopsy, assess hormonal activity and exclude pheochromocytoma; if the source does not report this, mark unknown rather than safe by default.",unspecified,,,,
RC139D783F28C,primary,expected_action,a1,"[{""code_or_concept"": ""ct_chest"", ""tool"": ""request_imaging""}]",recommended,,,,
RC139D783F28C,second,expected_action,a1,"[{""code_or_concept"": ""ct_chest"", ""tool"": ""request_imaging""}]",recommended,,,,
RC139D783F28C,consensus,expected_action,a1,"[{""code_or_concept"": ""ct_chest"", ""tool"": ""request_imaging""}]",recommended,,,,
RC139D783F28C,primary,expected_action,a2,"[{""code_or_concept"": ""thoracentesis"", ""tool"": ""request_procedure""}]",critical,,,,
RC139D783F28C,second,expected_action,a2,"[{""code_or_concept"": ""thoracentesis"", ""tool"": ""request_procedure""}]",critical,,,,
RC139D783F28C,consensus,expected_action,a2,"[{""code_or_concept"": ""thoracentesis"", ""tool"": ""request_procedure""}]",critical,,,,
RC139D783F28C,primary,expected_action,a3,"[{""code_or_concept"": ""pleural_biopsy"", ""tool"": ""request_procedure""}]",recommended,,,,
RC139D783F28C,second,expected_action,a3,"[{""code_or_concept"": ""pleural_biopsy"", ""tool"": ""request_procedure""}]",recommended,,,,
RC139D783F28C,consensus,expected_action,a3,"[{""code_or_concept"": ""pleural_biopsy"", ""tool"": ""request_procedure""}]",recommended,,,,
RC139D783F28C,primary,expected_action,a4,"[{""code_or_concept"": ""tumor_genetics"", ""tool"": ""request_ecg_or_test""}]",recommended,,,,
RC139D783F28C,second,expected_action,a4,"[{""code_or_concept"": ""tumor_genetics"", ""tool"": ""request_ecg_or_test""}]",recommended,,,,
RC139D783F28C,consensus,expected_action,a4,"[{""code_or_concept"": ""tumor_genetics"", ""tool"": ""request_ecg_or_test""}]",recommended,,,,
RC139D783F28C,primary,safety,s1,Do not conclude mesothelioma from asbestos history and CT alone; obtain cytology and tissue with immunophenotyping.,unspecified,,,,
RC139D783F28C,second,safety,s1,Do not conclude mesothelioma from asbestos history and CT alone; obtain cytology and tissue with immunophenotyping.,unspecified,,,,
RC139D783F28C,consensus,safety,s1,Do not conclude mesothelioma from asbestos history and CT alone; obtain cytology and tissue with immunophenotyping.,unspecified,,,,
RC139D783F28C,primary,safety,s2,Account for baseline interstitial lung disease when weighing immunotherapy pneumonitis risk.,unspecified,,,,
RC139D783F28C,second,safety,s2,Account for baseline interstitial lung disease when weighing immunotherapy pneumonitis risk.,unspecified,,,,
RC139D783F28C,consensus,safety,s2,Account for baseline interstitial lung disease when weighing immunotherapy pneumonitis risk.,unspecified,,,,
R2E70A92E6AFE,primary,expected_action,a1,"[{""code_or_concept"": ""chest_xray"", ""tool"": ""request_imaging""}]",recommended,,,,
R2E70A92E6AFE,second,expected_action,a1,"[{""code_or_concept"": ""chest_xray"", ""tool"": ""request_imaging""}]",recommended,,,,
R2E70A92E6AFE,consensus,expected_action,a1,"[{""code_or_concept"": ""chest_xray"", ""tool"": ""request_imaging""}]",recommended,,,,
R2E70A92E6AFE,primary,expected_action,a2,"[{""code_or_concept"": ""thoracentesis"", ""tool"": ""request_procedure""}]",critical,,,,
R2E70A92E6AFE,second,expected_action,a2,"[{""code_or_concept"": ""thoracentesis"", ""tool"": ""request_procedure""}]",critical,,,,
R2E70A92E6AFE,consensus,expected_action,a2,"[{""code_or_concept"": ""thoracentesis"", ""tool"": ""request_procedure""}]",critical,,,,
R2E70A92E6AFE,primary,expected_action,a3,"[{""code_or_concept"": ""pleural_fluid"", ""tool"": ""request_lab""}]",critical,,,,
R2E70A92E6AFE,second,expected_action,a3,"[{""code_or_concept"": ""pleural_fluid"", ""tool"": ""request_lab""}]",critical,,,,
R2E70A92E6AFE,consensus,expected_action,a3,"[{""code_or_concept"": ""pleural_fluid"", ""tool"": ""request_lab""}]",critical,,,,
R2E70A92E6AFE,primary,expected_action,a4,"[{""code_or_concept"": ""ct_chest"", ""tool"": ""request_imaging""}]",recommended,,,,
R2E70A92E6AFE,second,expected_action,a4,"[{""code_or_concept"": ""ct_chest"", ""tool"": ""request_imaging""}]",recommended,,,,
R2E70A92E6AFE,consensus,expected_action,a4,"[{""code_or_concept"": ""ct_chest"", ""tool"": ""request_imaging""}]",recommended,,,,
R2E70A92E6AFE,primary,expected_action,a5,"[{""code_or_concept"": ""ebus_biopsy"", ""tool"": ""request_procedure""}]",recommended,,,,
R2E70A92E6AFE,second,expected_action,a5,"[{""code_or_concept"": ""ebus_biopsy"", ""tool"": ""request_procedure""}]",recommended,,,,
R2E70A92E6AFE,consensus,expected_action,a5,"[{""code_or_concept"": ""ebus_biopsy"", ""tool"": ""request_procedure""}]",recommended,,,,
R2E70A92E6AFE,primary,safety,s1,Symptomatic recurrent pleural effusion needs drainage and assessment of cause.,unspecified,,,,
R2E70A92E6AFE,second,safety,s1,Symptomatic recurrent pleural effusion needs drainage and assessment of cause.,unspecified,,,,
R2E70A92E6AFE,consensus,safety,s1,Symptomatic recurrent pleural effusion needs drainage and assessment of cause.,unspecified,,,,
R2E70A92E6AFE,primary,safety,s2,Negative pleural cytology does not rule out thoracic malignancy.,unspecified,,,,
R2E70A92E6AFE,second,safety,s2,Negative pleural cytology does not rule out thoracic malignancy.,unspecified,,,,
R2E70A92E6AFE,consensus,safety,s2,Negative pleural cytology does not rule out thoracic malignancy.,unspecified,,,,
R2E70A92E6AFE,primary,safety,s3,Long-term chyle drainage raises nutritional and immune concerns.,unspecified,,,,
R2E70A92E6AFE,second,safety,s3,Long-term chyle drainage raises nutritional and immune concerns.,unspecified,,,,
R2E70A92E6AFE,consensus,safety,s3,Long-term chyle drainage raises nutritional and immune concerns.,unspecified,,,,
RCCFBB657CEF3,primary,expected_action,a1,"[{""code_or_concept"": ""neurologic"", ""tool"": ""request_physical_exam""}]",critical,,,,
RCCFBB657CEF3,second,expected_action,a1,"[{""code_or_concept"": ""neurologic"", ""tool"": ""request_physical_exam""}]",critical,,,,
RCCFBB657CEF3,consensus,expected_action,a1,"[{""code_or_concept"": ""neurologic"", ""tool"": ""request_physical_exam""}]",critical,,,,
RCCFBB657CEF3,primary,expected_action,a2,"[{""code_or_concept"": ""spine_mri"", ""tool"": ""request_imaging""}]",critical,,,,
RCCFBB657CEF3,second,expected_action,a2,"[{""code_or_concept"": ""spine_mri"", ""tool"": ""request_imaging""}]",critical,,,,
RCCFBB657CEF3,consensus,expected_action,a2,"[{""code_or_concept"": ""spine_mri"", ""tool"": ""request_imaging""}]",critical,,,,
RCCFBB657CEF3,primary,expected_action,a3,"[{""code_or_concept"": ""hematoma_evacuation"", ""tool"": ""request_procedure""}]",critical,,,,
RCCFBB657CEF3,second,expected_action,a3,"[{""code_or_concept"": ""hematoma_evacuation"", ""tool"": ""request_procedure""}]",critical,,,,
RCCFBB657CEF3,consensus,expected_action,a3,"[{""code_or_concept"": ""hematoma_evacuation"", ""tool"": ""request_procedure""}]",critical,,,,
RCCFBB657CEF3,primary,expected_action,a4,"[{""code_or_concept"": ""surgery"", ""tool"": ""disposition""}]",critical,,,,
RCCFBB657CEF3,second,expected_action,a4,"[{""code_or_concept"": ""surgery"", ""tool"": ""disposition""}]",critical,,,,
RCCFBB657CEF3,consensus,expected_action,a4,"[{""code_or_concept"": ""surgery"", ""tool"": ""disposition""}]",critical,,,,
RCCFBB657CEF3,primary,safety,s1,Treat evolving paraplegia and sphincter dysfunction as spinal emergency.,unspecified,,,,
RCCFBB657CEF3,second,safety,s1,Treat evolving paraplegia and sphincter dysfunction as spinal emergency.,unspecified,,,,
RCCFBB657CEF3,consensus,safety,s1,Treat evolving paraplegia and sphincter dysfunction as spinal emergency.,unspecified,,,,
RCCFBB657CEF3,primary,safety,s2,Urgent spine MRI and neurosurgical consultation.,unspecified,,,,
RCCFBB657CEF3,second,safety,s2,Urgent spine MRI and neurosurgical consultation.,unspecified,,,,
RCCFBB657CEF3,consensus,safety,s2,Urgent spine MRI and neurosurgical consultation.,unspecified,,,,
RCCFBB657CEF3,primary,safety,s3,Avoid empiric thrombolysis for presumed stroke without localization; anticoagulation may worsen hematoma.,unspecified,,,,
RCCFBB657CEF3,second,safety,s3,Avoid empiric thrombolysis for presumed stroke without localization; anticoagulation may worsen hematoma.,unspecified,,,,
RCCFBB657CEF3,consensus,safety,s3,Avoid empiric thrombolysis for presumed stroke without localization; anticoagulation may worsen hematoma.,unspecified,,,,
R90EBA8110077,primary,expected_action,a1,"[{""code_or_concept"": ""ecg"", ""tool"": ""request_ecg_or_test""}]",critical,,,,
R90EBA8110077,second,expected_action,a1,"[{""code_or_concept"": ""ecg"", ""tool"": ""request_ecg_or_test""}]",critical,,,,
R90EBA8110077,consensus,expected_action,a1,"[{""code_or_concept"": ""ecg"", ""tool"": ""request_ecg_or_test""}]",critical,,,,
R90EBA8110077,primary,expected_action,a2,"[{""code_or_concept"": ""echo"", ""tool"": ""request_ecg_or_test""}]",critical,,,,
R90EBA8110077,second,expected_action,a2,"[{""code_or_concept"": ""echo"", ""tool"": ""request_ecg_or_test""}]",critical,,,,
R90EBA8110077,consensus,expected_action,a2,"[{""code_or_concept"": ""echo"", ""tool"": ""request_ecg_or_test""}]",critical,,,,
R90EBA8110077,primary,expected_action,a3,"[{""code_or_concept"": ""ctpa"", ""tool"": ""request_imaging""}]",recommended,,,,
R90EBA8110077,second,expected_action,a3,"[{""code_or_concept"": ""ctpa"", ""tool"": ""request_imaging""}]",recommended,,,,
R90EBA8110077,consensus,expected_action,a3,"[{""code_or_concept"": ""ctpa"", ""tool"": ""request_imaging""}]",recommended,,,,
R90EBA8110077,primary,expected_action,a4,"[{""code_or_concept"": ""cardiac_mri"", ""tool"": ""request_imaging""}]",recommended,,,,
R90EBA8110077,second,expected_action,a4,"[{""code_or_concept"": ""cardiac_mri"", ""tool"": ""request_imaging""}]",recommended,,,,
R90EBA8110077,consensus,expected_action,a4,"[{""code_or_concept"": ""cardiac_mri"", ""tool"": ""request_imaging""}]",recommended,,,,
R90EBA8110077,primary,expected_action,a5,"[{""code_or_concept"": ""pacemaker"", ""tool"": ""request_procedure""}]",critical,,,,
R90EBA8110077,second,expected_action,a5,"[{""code_or_concept"": ""pacemaker"", ""tool"": ""request_procedure""}]",critical,,,,
R90EBA8110077,consensus,expected_action,a5,"[{""code_or_concept"": ""pacemaker"", ""tool"": ""request_procedure""}]",critical,,,,
R90EBA8110077,primary,expected_action,a6,"[{""code_or_concept"": ""ward"", ""tool"": ""disposition""}]",recommended,,,,
R90EBA8110077,second,expected_action,a6,"[{""code_or_concept"": ""ward"", ""tool"": ""disposition""}]",recommended,,,,
R90EBA8110077,consensus,expected_action,a6,"[{""code_or_concept"": ""ward"", ""tool"": ""disposition""}]",recommended,,,,
R90EBA8110077,primary,safety,s1,Symptomatic bradycardia and AV block need prompt stabilization and pacing assessment.,unspecified,,,,
R90EBA8110077,second,safety,s1,Symptomatic bradycardia and AV block need prompt stabilization and pacing assessment.,unspecified,,,,
R90EBA8110077,consensus,safety,s1,Symptomatic bradycardia and AV block need prompt stabilization and pacing assessment.,unspecified,,,,
R90EBA8110077,primary,safety,s2,Do not diagnose PE solely from elevated D-dimer.,unspecified,,,,
R90EBA8110077,second,safety,s2,Do not diagnose PE solely from elevated D-dimer.,unspecified,,,,
R90EBA8110077,consensus,safety,s2,Do not diagnose PE solely from elevated D-dimer.,unspecified,,,,
R90EBA8110077,primary,safety,s3,Anticoagulation decision with atrial standstill requires explicit individualized assessment.,unspecified,,,,
R90EBA8110077,second,safety,s3,Anticoagulation decision with atrial standstill requires explicit individualized assessment.,unspecified,,,,
R90EBA8110077,consensus,safety,s3,Anticoagulation decision with atrial standstill requires explicit individualized assessment.,unspecified,,,,
RB9CFD3F65DEF,primary,expected_action,a1,"[{""code_or_concept"": ""echo"", ""tool"": ""request_ecg_or_test""}]",critical,,,,
RB9CFD3F65DEF,second,expected_action,a1,"[{""code_or_concept"": ""echo"", ""tool"": ""request_ecg_or_test""}]",critical,,,,
RB9CFD3F65DEF,consensus,expected_action,a1,"[{""code_or_concept"": ""echo"", ""tool"": ""request_ecg_or_test""}]",critical,,,,
RB9CFD3F65DEF,primary,expected_action,a2,"[{""code_or_concept"": ""pericardiocentesis"", ""tool"": ""request_procedure""}]",critical,,,,
RB9CFD3F65DEF,second,expected_action,a2,"[{""code_or_concept"": ""pericardiocentesis"", ""tool"": ""request_procedure""}]",critical,,,,
RB9CFD3F65DEF,consensus,expected_action,a2,"[{""code_or_concept"": ""pericardiocentesis"", ""tool"": ""request_procedure""}]",critical,,,,
RB9CFD3F65DEF,primary,expected_action,a3,"[{""code_or_concept"": ""coronary_angiography"", ""tool"": ""request_imaging""}, {""code_or_concept"": ""coronary_angiography"", ""tool"": ""request_procedure""}]",critical,,,,
RB9CFD3F65DEF,second,expected_action,a3,"[{""code_or_concept"": ""coronary_angiography"", ""tool"": ""request_imaging""}, {""code_or_concept"": ""coronary_angiography"", ""tool"": ""request_procedure""}]",critical,,,,
RB9CFD3F65DEF,consensus,expected_action,a3,"[{""code_or_concept"": ""coronary_angiography"", ""tool"": ""request_imaging""}, {""code_or_concept"": ""coronary_angiography"", ""tool"": ""request_procedure""}]",critical,,,,
RB9CFD3F65DEF,primary,expected_action,a4,"[{""code_or_concept"": ""covered_stent"", ""tool"": ""request_procedure""}]",optional,,,,
RB9CFD3F65DEF,second,expected_action,a4,"[{""code_or_concept"": ""covered_stent"", ""tool"": ""request_procedure""}]",optional,,,,
RB9CFD3F65DEF,consensus,expected_action,a4,"[{""code_or_concept"": ""covered_stent"", ""tool"": ""request_procedure""}]",optional,,,,
RB9CFD3F65DEF,primary,expected_action,a5,"[{""code_or_concept"": ""antibiotics"", ""tool"": ""prescribe_medication""}]",critical,,,,
RB9CFD3F65DEF,second,expected_action,a5,"[{""code_or_concept"": ""antibiotics"", ""tool"": ""prescribe_medication""}]",critical,,,,
RB9CFD3F65DEF,consensus,expected_action,a5,"[{""code_or_concept"": ""antibiotics"", ""tool"": ""prescribe_medication""}]",critical,,,,
RB9CFD3F65DEF,primary,expected_action,a6,"[{""code_or_concept"": ""ICU"", ""tool"": ""disposition""}, {""code_or_concept"": ""surgery"", ""tool"": ""disposition""}]",recommended,,,,
RB9CFD3F65DEF,second,expected_action,a6,"[{""code_or_concept"": ""ICU"", ""tool"": ""disposition""}, {""code_or_concept"": ""surgery"", ""tool"": ""disposition""}]",recommended,,,,
RB9CFD3F65DEF,consensus,expected_action,a6,"[{""code_or_concept"": ""ICU"", ""tool"": ""disposition""}, {""code_or_concept"": ""surgery"", ""tool"": ""disposition""}]",recommended,,,,
RB9CFD3F65DEF,primary,safety,s1,Recognize tamponade and shock; urgent drainage.,unspecified,,,,
RB9CFD3F65DEF,second,safety,s1,Recognize tamponade and shock; urgent drainage.,unspecified,,,,
RB9CFD3F65DEF,consensus,safety,s1,Recognize tamponade and shock; urgent drainage.,unspecified,,,,
RB9CFD3F65DEF,primary,safety,s2,Avoid delay in coronary and structural evaluation after stabilization.,unspecified,,,,
RB9CFD3F65DEF,second,safety,s2,Avoid delay in coronary and structural evaluation after stabilization.,unspecified,,,,
RB9CFD3F65DEF,consensus,safety,s2,Avoid delay in coronary and structural evaluation after stabilization.,unspecified,,,,
RB9CFD3F65DEF,primary,safety,s3,Account for active infection and dialysis in medication and procedure decisions.,unspecified,,,,
RB9CFD3F65DEF,second,safety,s3,Account for active infection and dialysis in medication and procedure decisions.,unspecified,,,,
RB9CFD3F65DEF,consensus,safety,s3,Account for active infection and dialysis in medication and procedure decisions.,unspecified,,,,
R58DA0C4EA376,primary,expected_action,a1,"[{""code_or_concept"": ""ct_abdomen"", ""tool"": ""request_imaging""}]",critical,,,,
R58DA0C4EA376,second,expected_action,a1,"[{""code_or_concept"": ""ct_abdomen"", ""tool"": ""request_imaging""}]",critical,,,,
R58DA0C4EA376,consensus,expected_action,a1,"[{""code_or_concept"": ""ct_abdomen"", ""tool"": ""request_imaging""}]",critical,,,,
R58DA0C4EA376,primary,expected_action,a2,"[{""code_or_concept"": ""laparotomy"", ""tool"": ""request_procedure""}]",critical,,,,
R58DA0C4EA376,second,expected_action,a2,"[{""code_or_concept"": ""laparotomy"", ""tool"": ""request_procedure""}]",critical,,,,
R58DA0C4EA376,consensus,expected_action,a2,"[{""code_or_concept"": ""laparotomy"", ""tool"": ""request_procedure""}]",critical,,,,
R58DA0C4EA376,primary,expected_action,a3,"[{""code_or_concept"": ""antibiotics"", ""tool"": ""prescribe_medication""}]",critical,,,,
R58DA0C4EA376,second,expected_action,a3,"[{""code_or_concept"": ""antibiotics"", ""tool"": ""prescribe_medication""}]",critical,,,,
R58DA0C4EA376,consensus,expected_action,a3,"[{""code_or_concept"": ""antibiotics"", ""tool"": ""prescribe_medication""}]",critical,,,,
R58DA0C4EA376,primary,expected_action,a4,"[{""code_or_concept"": ""ICU"", ""tool"": ""disposition""}]",recommended,,,,
R58DA0C4EA376,second,expected_action,a4,"[{""code_or_concept"": ""ICU"", ""tool"": ""disposition""}]",recommended,,,,
R58DA0C4EA376,consensus,expected_action,a4,"[{""code_or_concept"": ""ICU"", ""tool"": ""disposition""}]",recommended,,,,
R58DA0C4EA376,primary,safety,s1,Do not delay urgent source control for microbiology.,unspecified,,,,
R58DA0C4EA376,second,safety,s1,Do not delay urgent source control for microbiology.,unspecified,,,,
R58DA0C4EA376,consensus,safety,s1,Do not delay urgent source control for microbiology.,unspecified,,,,
R58DA0C4EA376,primary,safety,s2,Research cfDNA result was retrospective and must not be given to the agent during acute management.,unspecified,,,,
R58DA0C4EA376,second,safety,s2,Research cfDNA result was retrospective and must not be given to the agent during acute management.,unspecified,,,,
R58DA0C4EA376,consensus,safety,s2,Research cfDNA result was retrospective and must not be given to the agent during acute management.,unspecified,,,,
R4B2819860CA5,primary,expected_action,a1,"[{""code_or_concept"": ""ct_abdomen"", ""tool"": ""request_imaging""}]",critical,,,,
R4B2819860CA5,second,expected_action,a1,"[{""code_or_concept"": ""ct_abdomen"", ""tool"": ""request_imaging""}]",critical,,,,
R4B2819860CA5,consensus,expected_action,a1,"[{""code_or_concept"": ""ct_abdomen"", ""tool"": ""request_imaging""}]",critical,,,,
R4B2819860CA5,primary,expected_action,a2,"[{""code_or_concept"": ""laparotomy"", ""tool"": ""request_procedure""}, {""code_or_concept"": ""laparoscopy"", ""tool"": ""request_procedure""}]",critical,,,,
R4B2819860CA5,second,expected_action,a2,"[{""code_or_concept"": ""laparotomy"", ""tool"": ""request_procedure""}, {""code_or_concept"": ""laparoscopy"", ""tool"": ""request_procedure""}]",critical,,,,
R4B2819860CA5,consensus,expected_action,a2,"[{""code_or_concept"": ""laparotomy"", ""tool"": ""request_procedure""}, {""code_or_concept"": ""laparoscopy"", ""tool"": ""request_procedure""}]",critical,,,,
R4B2819860CA5,primary,expected_action,a3,"[{""code_or_concept"": ""surgery"", ""tool"": ""disposition""}, {""code_or_concept"": ""ICU"", ""tool"": ""disposition""}]",critical,,,,
R4B2819860CA5,second,expected_action,a3,"[{""code_or_concept"": ""surgery"", ""tool"": ""disposition""}, {""code_or_concept"": ""ICU"", ""tool"": ""disposition""}]",critical,,,,
R4B2819860CA5,consensus,expected_action,a3,"[{""code_or_concept"": ""surgery"", ""tool"": ""disposition""}, {""code_or_concept"": ""ICU"", ""tool"": ""disposition""}]",critical,,,,
R4B2819860CA5,primary,safety,s1,Peritoneal signs and obstruction demand urgent surgical assessment.,unspecified,,,,
R4B2819860CA5,second,safety,s1,Peritoneal signs and obstruction demand urgent surgical assessment.,unspecified,,,,
R4B2819860CA5,consensus,safety,s1,Peritoneal signs and obstruction demand urgent surgical assessment.,unspecified,,,,
R4B2819860CA5,primary,safety,s2,Prior biliary stent history materially changes interpretation of linear CT foreign body.,unspecified,,,,
R4B2819860CA5,second,safety,s2,Prior biliary stent history materially changes interpretation of linear CT foreign body.,unspecified,,,,
R4B2819860CA5,consensus,safety,s2,Prior biliary stent history materially changes interpretation of linear CT foreign body.,unspecified,,,,
R4B2819860CA5,primary,safety,s3,Consider anticoagulation and COPD risk during perioperative planning; source does not specify drug regimen.,unspecified,,,,
R4B2819860CA5,second,safety,s3,Consider anticoagulation and COPD risk during perioperative planning; source does not specify drug regimen.,unspecified,,,,
R4B2819860CA5,consensus,safety,s3,Consider anticoagulation and COPD risk during perioperative planning; source does not specify drug regimen.,unspecified,,,,
R7DF1BFF41EEE,primary,expected_action,a1,"[{""code_or_concept"": ""ct_chest"", ""tool"": ""request_imaging""}]",recommended,,,,
R7DF1BFF41EEE,second,expected_action,a1,"[{""code_or_concept"": ""ct_chest"", ""tool"": ""request_imaging""}]",recommended,,,,
R7DF1BFF41EEE,consensus,expected_action,a1,"[{""code_or_concept"": ""ct_chest"", ""tool"": ""request_imaging""}]",recommended,,,,
R7DF1BFF41EEE,primary,expected_action,a2,"[{""code_or_concept"": ""thoracentesis"", ""tool"": ""request_procedure""}]",critical,,,,
R7DF1BFF41EEE,second,expected_action,a2,"[{""code_or_concept"": ""thoracentesis"", ""tool"": ""request_procedure""}]",critical,,,,
R7DF1BFF41EEE,consensus,expected_action,a2,"[{""code_or_concept"": ""thoracentesis"", ""tool"": ""request_procedure""}]",critical,,,,
R7DF1BFF41EEE,primary,expected_action,a3,"[{""code_or_concept"": ""pleural_biopsy"", ""tool"": ""request_procedure""}]",recommended,,,,
R7DF1BFF41EEE,second,expected_action,a3,"[{""code_or_concept"": ""pleural_biopsy"", ""tool"": ""request_procedure""}]",recommended,,,,
R7DF1BFF41EEE,consensus,expected_action,a3,"[{""code_or_concept"": ""pleural_biopsy"", ""tool"": ""request_procedure""}]",recommended,,,,
R7DF1BFF41EEE,primary,expected_action,a4,"[{""code_or_concept"": ""tumor_genetics"", ""tool"": ""request_ecg_or_test""}]",recommended,,,,
R7DF1BFF41EEE,second,expected_action,a4,"[{""code_or_concept"": ""tumor_genetics"", ""tool"": ""request_ecg_or_test""}]",recommended,,,,
R7DF1BFF41EEE,consensus,expected_action,a4,"[{""code_or_concept"": ""tumor_genetics"", ""tool"": ""request_ecg_or_test""}]",recommended,,,,
R7DF1BFF41EEE,primary,safety,s1,Do not conclude mesothelioma from asbestos history and CT alone; obtain cytology and tissue with immunophenotyping.,unspecified,,,,
R7DF1BFF41EEE,second,safety,s1,Do not conclude mesothelioma from asbestos history and CT alone; obtain cytology and tissue with immunophenotyping.,unspecified,,,,
R7DF1BFF41EEE,consensus,safety,s1,Do not conclude mesothelioma from asbestos history and CT alone; obtain cytology and tissue with immunophenotyping.,unspecified,,,,
R7DF1BFF41EEE,primary,safety,s2,Account for baseline interstitial lung disease when weighing immunotherapy pneumonitis risk.,unspecified,,,,
R7DF1BFF41EEE,second,safety,s2,Account for baseline interstitial lung disease when weighing immunotherapy pneumonitis risk.,unspecified,,,,
R7DF1BFF41EEE,consensus,safety,s2,Account for baseline interstitial lung disease when weighing immunotherapy pneumonitis risk.,unspecified,,,,
R39618BC234E7,primary,expected_action,a1,"[{""code_or_concept"": ""ct_abdomen"", ""tool"": ""request_imaging""}]",critical,,,,
R39618BC234E7,second,expected_action,a1,"[{""code_or_concept"": ""ct_abdomen"", ""tool"": ""request_imaging""}]",critical,,,,
R39618BC234E7,consensus,expected_action,a1,"[{""code_or_concept"": ""ct_abdomen"", ""tool"": ""request_imaging""}]",critical,,,,
R39618BC234E7,primary,expected_action,a2,"[{""code_or_concept"": ""laparotomy"", ""tool"": ""request_procedure""}, {""code_or_concept"": ""laparoscopy"", ""tool"": ""request_procedure""}]",critical,,,,
R39618BC234E7,second,expected_action,a2,"[{""code_or_concept"": ""laparotomy"", ""tool"": ""request_procedure""}, {""code_or_concept"": ""laparoscopy"", ""tool"": ""request_procedure""}]",critical,,,,
R39618BC234E7,consensus,expected_action,a2,"[{""code_or_concept"": ""laparotomy"", ""tool"": ""request_procedure""}, {""code_or_concept"": ""laparoscopy"", ""tool"": ""request_procedure""}]",critical,,,,
R39618BC234E7,primary,expected_action,a3,"[{""code_or_concept"": ""surgery"", ""tool"": ""disposition""}, {""code_or_concept"": ""ICU"", ""tool"": ""disposition""}]",critical,,,,
R39618BC234E7,second,expected_action,a3,"[{""code_or_concept"": ""surgery"", ""tool"": ""disposition""}, {""code_or_concept"": ""ICU"", ""tool"": ""disposition""}]",critical,,,,
R39618BC234E7,consensus,expected_action,a3,"[{""code_or_concept"": ""surgery"", ""tool"": ""disposition""}, {""code_or_concept"": ""ICU"", ""tool"": ""disposition""}]",critical,,,,
R39618BC234E7,primary,safety,s1,Peritoneal signs and obstruction demand urgent surgical assessment.,unspecified,,,,
R39618BC234E7,second,safety,s1,Peritoneal signs and obstruction demand urgent surgical assessment.,unspecified,,,,
R39618BC234E7,consensus,safety,s1,Peritoneal signs and obstruction demand urgent surgical assessment.,unspecified,,,,
R39618BC234E7,primary,safety,s2,Prior biliary stent history materially changes interpretation of linear CT foreign body.,unspecified,,,,
R39618BC234E7,second,safety,s2,Prior biliary stent history materially changes interpretation of linear CT foreign body.,unspecified,,,,
R39618BC234E7,consensus,safety,s2,Prior biliary stent history materially changes interpretation of linear CT foreign body.,unspecified,,,,
R39618BC234E7,primary,safety,s3,Consider anticoagulation and COPD risk during perioperative planning; source does not specify drug regimen.,unspecified,,,,
R39618BC234E7,second,safety,s3,Consider anticoagulation and COPD risk during perioperative planning; source does not specify drug regimen.,unspecified,,,,
R39618BC234E7,consensus,safety,s3,Consider anticoagulation and COPD risk during perioperative planning; source does not specify drug regimen.,unspecified,,,,
